Country;Semester;Year;Semester_Number;Electricity Price;Gas_Price;Gas_Price_Change;Gas_Price_Pct_Change;Gas_Trend;Ukraine_War;Energy_Crisis;Middle_East_Conflict;time_frequency;energy_product;energy_consumption;unit_of_measure;tax_type;currency;consumption_description;consumption_band;Gas_Price_Median;Gas_Price_Max;Gas_Price_Min;Gas_Price_Std;Gas_Price_Range;Gas_Price_CV
Albania;2021-S1;2021;1;0.0771;0.021884866666666666;;;0;0;0;0;Half-yearly, semesterly;Electricity;Consumption from 2 500 kWh to 4 999 kWh - band DC;Kilowatt-hour;Excluding taxes and levies;Euro;Consumption from 2 500 kWh to 4 999 kWh - band DC;DC;0.021085;0.035;0.01492;0.00482668126102457;0.020079999999999997;0.0002205488082034421
Albania;2021-S1;2021;1;0.0771;0.021884866666666666;;;0;0;0;0;Half-yearly, semesterly;Electricity;Consumption from 2 500 kWh to 4 999 kWh - band DC;Kilowatt-hour;Excluding VAT and other recoverable taxes and levies;Euro;Consumption from 2 500 kWh to 4 999 kWh - band DC;DC;0.021085;0.035;0.01492;0.00482668126102457;0.020079999999999997;0.0002205488082034421
Albania;2021-S1;2021;1;0.0925;0.021884866666666666;;;0;0;0;0;Half-yearly, semesterly;Electricity;Consumption from 2 500 kWh to 4 999 kWh - band DC;Kilowatt-hour;All taxes and levies included;Euro;Consumption from 2 500 kWh to 4 999 kWh - band DC;DC;0.021085;0.035;0.01492;0.00482668126102457;0.020079999999999997;0.0002205488082034421
Albania;2021-S2;2021;2;0.0781;0.07139254054054055;0.04950767387387388;2.2621875941917495;1;0;0;0;Half-yearly, semesterly;Electricity;Consumption from 2 500 kWh to 4 999 kWh - band DC;Kilowatt-hour;Excluding taxes and levies;Euro;Consumption from 2 500 kWh to 4 999 kWh - band DC;DC;0.07078;0.183;0.0338;0.029414433726409856;0.1492;0.00041200990332745994
Albania;2021-S2;2021;2;0.0781;0.07139254054054055;0.04950767387387388;2.2621875941917495;1;0;0;0;Half-yearly, semesterly;Electricity;Consumption from 2 500 kWh to 4 999 kWh - band DC;Kilowatt-hour;Excluding VAT and other recoverable taxes and levies;Euro;Consumption from 2 500 kWh to 4 999 kWh - band DC;DC;0.07078;0.183;0.0338;0.029414433726409856;0.1492;0.00041200990332745994
Albania;2021-S2;2021;2;0.0937;0.07139254054054055;0.04950767387387388;2.2621875941917495;1;0;0;0;Half-yearly, semesterly;Electricity;Consumption from 2 500 kWh to 4 999 kWh - band DC;Kilowatt-hour;All taxes and levies included;Euro;Consumption from 2 500 kWh to 4 999 kWh - band DC;DC;0.07078;0.183;0.0338;0.029414433726409856;0.1492;0.00041200990332745994
Albania;2022-S1;2022;1;0.0784;0.09201900552486186;0.020626464984321316;0.28891624850650177;1;1;1;0;Half-yearly, semesterly;Electricity;Consumption from 2 500 kWh to 4 999 kWh - band DC;Kilowatt-hour;Excluding taxes and levies;Euro;Consumption from 2 500 kWh to 4 999 kWh - band DC;DC;0.08356;0.21436000000000002;0.04856;0.024964136723284833;0.1658;0.0002712932679601712
Albania;2022-S1;2022;1;0.0784;0.09201900552486186;0.020626464984321316;0.28891624850650177;1;1;1;0;Half-yearly, semesterly;Electricity;Consumption from 2 500 kWh to 4 999 kWh - band DC;Kilowatt-hour;Excluding VAT and other recoverable taxes and levies;Euro;Consumption from 2 500 kWh to 4 999 kWh - band DC;DC;0.08356;0.21436000000000002;0.04856;0.024964136723284833;0.1658;0.0002712932679601712
Albania;2022-S1;2022;1;0.0941;0.09201900552486186;0.020626464984321316;0.28891624850650177;1;1;1;0;Half-yearly, semesterly;Electricity;Consumption from 2 500 kWh to 4 999 kWh - band DC;Kilowatt-hour;All taxes and levies included;Euro;Consumption from 2 500 kWh to 4 999 kWh - band DC;DC;0.08356;0.21436000000000002;0.04856;0.024964136723284833;0.1658;0.0002712932679601712
Albania;2022-S2;2022;2;0.0813;0.10594205405405406;0.013923048529192197;0.15130622690146822;1;1;1;0;Half-yearly, semesterly;Electricity;Consumption from 2 500 kWh to 4 999 kWh - band DC;Kilowatt-hour;Excluding taxes and levies;Euro;Consumption from 2 500 kWh to 4 999 kWh - band DC;DC;0.1072;0.24;0.027780000000000003;0.043706998868668134;0.21222;0.000412555705653657
Albania;2022-S2;2022;2;0.0813;0.10594205405405406;0.013923048529192197;0.15130622690146822;1;1;1;0;Half-yearly, semesterly;Electricity;Consumption from 2 500 kWh to 4 999 kWh - band DC;Kilowatt-hour;Excluding VAT and other recoverable taxes and levies;Euro;Consumption from 2 500 kWh to 4 999 kWh - band DC;DC;0.1072;0.24;0.027780000000000003;0.043706998868668134;0.21222;0.000412555705653657
Albania;2022-S2;2022;2;0.0976;0.10594205405405406;0.013923048529192197;0.15130622690146822;1;1;1;0;Half-yearly, semesterly;Electricity;Consumption from 2 500 kWh to 4 999 kWh - band DC;Kilowatt-hour;All taxes and levies included;Euro;Consumption from 2 500 kWh to 4 999 kWh - band DC;DC;0.1072;0.24;0.027780000000000003;0.043706998868668134;0.21222;0.000412555705653657
Albania;2023-S1;2023;1;0.0842;0.042229723756906076;-0.06371233029714798;-0.6013884747282745;-1;1;1;0;Half-yearly, semesterly;Electricity;Consumption from 2 500 kWh to 4 999 kWh - band DC;Kilowatt-hour;Excluding taxes and levies;Euro;Consumption from 2 500 kWh to 4 999 kWh - band DC;DC;0.04009;0.07149;0.023780000000000003;0.01198758067663452;0.047709999999999995;0.00028386595057170176
Albania;2023-S1;2023;1;0.0842;0.042229723756906076;-0.06371233029714798;-0.6013884747282745;-1;1;1;0;Half-yearly, semesterly;Electricity;Consumption from 2 500 kWh to 4 999 kWh - band DC;Kilowatt-hour;Excluding VAT and other recoverable taxes and levies;Euro;Consumption from 2 500 kWh to 4 999 kWh - band DC;DC;0.04009;0.07149;0.023780000000000003;0.01198758067663452;0.047709999999999995;0.00028386595057170176
Albania;2023-S1;2023;1;0.101;0.042229723756906076;-0.06371233029714798;-0.6013884747282745;-1;1;1;0;Half-yearly, semesterly;Electricity;Consumption from 2 500 kWh to 4 999 kWh - band DC;Kilowatt-hour;All taxes and levies included;Euro;Consumption from 2 500 kWh to 4 999 kWh - band DC;DC;0.04009;0.07149;0.023780000000000003;0.01198758067663452;0.047709999999999995;0.00028386595057170176
Albania;2023-S2;2023;2;0.0907;0.03612461956521739;-0.006105104191688686;-0.14456888770650034;-1;1;1;0;Half-yearly, semesterly;Electricity;Consumption from 2 500 kWh to 4 999 kWh - band DC;Kilowatt-hour;Excluding taxes and levies;Euro;Consumption from 2 500 kWh to 4 999 kWh - band DC;DC;0.035894999999999996;0.05256;0.024030000000000003;0.005577214658926646;0.02853;0.00015438819082531373
Albania;2023-S2;2023;2;0.0907;0.03612461956521739;-0.006105104191688686;-0.14456888770650034;-1;1;1;0;Half-yearly, semesterly;Electricity;Consumption from 2 500 kWh to 4 999 kWh - band DC;Kilowatt-hour;Excluding VAT and other recoverable taxes and levies;Euro;Consumption from 2 500 kWh to 4 999 kWh - band DC;DC;0.035894999999999996;0.05256;0.024030000000000003;0.005577214658926646;0.02853;0.00015438819082531373
Albania;2023-S2;2023;2;0.1089;0.03612461956521739;-0.006105104191688686;-0.14456888770650034;-1;1;1;0;Half-yearly, semesterly;Electricity;Consumption from 2 500 kWh to 4 999 kWh - band DC;Kilowatt-hour;All taxes and levies included;Euro;Consumption from 2 500 kWh to 4 999 kWh - band DC;DC;0.035894999999999996;0.05256;0.024030000000000003;0.005577214658926646;0.02853;0.00015438819082531373
Albania;2024-S1;2024;1;0.0929;0.02965928571428571;-0.0064653338509316795;-0.17897306404181013;-1;1;0;1;Half-yearly, semesterly;Electricity;Consumption from 2 500 kWh to 4 999 kWh - band DC;Kilowatt-hour;Excluding taxes and levies;Euro;Consumption from 2 500 kWh to 4 999 kWh - band DC;DC;0.02939;0.03767;0.022719999999999997;0.003562587835220648;0.014950000000000003;0.00012011711507619673
Albania;2024-S1;2024;1;0.0929;0.02965928571428571;-0.0064653338509316795;-0.17897306404181013;-1;1;0;1;Half-yearly, semesterly;Electricity;Consumption from 2 500 kWh to 4 999 kWh - band DC;Kilowatt-hour;Excluding VAT and other recoverable taxes and levies;Euro;Consumption from 2 500 kWh to 4 999 kWh - band DC;DC;0.02939;0.03767;0.022719999999999997;0.003562587835220648;0.014950000000000003;0.00012011711507619673
Albania;2024-S1;2024;1;0.1114;0.02965928571428571;-0.0064653338509316795;-0.17897306404181013;-1;1;0;1;Half-yearly, semesterly;Electricity;Consumption from 2 500 kWh to 4 999 kWh - band DC;Kilowatt-hour;All taxes and levies included;Euro;Consumption from 2 500 kWh to 4 999 kWh - band DC;DC;0.02939;0.03767;0.022719999999999997;0.003562587835220648;0.014950000000000003;0.00012011711507619673
Albania;2024-S2;2024;2;0.0958;0.03988162162162163;0.010222335907335917;0.3446588702711819;1;1;0;0;Half-yearly, semesterly;Electricity;Consumption from 2 500 kWh to 4 999 kWh - band DC;Kilowatt-hour;Excluding taxes and levies;Euro;Consumption from 2 500 kWh to 4 999 kWh - band DC;DC;0.03939;0.0528;0.030379999999999997;0.0052140688200674355;0.02242;0.00013073863619529112
Albania;2024-S2;2024;2;0.0958;0.03988162162162163;0.010222335907335917;0.3446588702711819;1;1;0;0;Half-yearly, semesterly;Electricity;Consumption from 2 500 kWh to 4 999 kWh - band DC;Kilowatt-hour;Excluding VAT and other recoverable taxes and levies;Euro;Consumption from 2 500 kWh to 4 999 kWh - band DC;DC;0.03939;0.0528;0.030379999999999997;0.0052140688200674355;0.02242;0.00013073863619529112
Albania;2024-S2;2024;2;0.115;0.03988162162162163;0.010222335907335917;0.3446588702711819;1;1;0;0;Half-yearly, semesterly;Electricity;Consumption from 2 500 kWh to 4 999 kWh - band DC;Kilowatt-hour;All taxes and levies included;Euro;Consumption from 2 500 kWh to 4 999 kWh - band DC;DC;0.03939;0.0528;0.030379999999999997;0.0052140688200674355;0.02242;0.00013073863619529112
Albania;2025-S1;2025;1;0.0963;0.0405843093922652;0.0007026877706435702;0.01761933798255111;1;1;0;1;Half-yearly, semesterly;Electricity;Consumption from 2 500 kWh to 4 999 kWh - band DC;Kilowatt-hour;Excluding taxes and levies;Euro;Consumption from 2 500 kWh to 4 999 kWh - band DC;DC;0.03953;0.05722;0.03009;0.0070851230831753854;0.027129999999999998;0.00017457788956551042
Albania;2025-S1;2025;1;0.0963;0.0405843093922652;0.0007026877706435702;0.01761933798255111;1;1;0;1;Half-yearly, semesterly;Electricity;Consumption from 2 500 kWh to 4 999 kWh - band DC;Kilowatt-hour;Excluding VAT and other recoverable taxes and levies;Euro;Consumption from 2 500 kWh to 4 999 kWh - band DC;DC;0.03953;0.05722;0.03009;0.0070851230831753854;0.027129999999999998;0.00017457788956551042
Albania;2025-S1;2025;1;0.1156;0.0405843093922652;0.0007026877706435702;0.01761933798255111;1;1;0;1;Half-yearly, semesterly;Electricity;Consumption from 2 500 kWh to 4 999 kWh - band DC;Kilowatt-hour;All taxes and levies included;Euro;Consumption from 2 500 kWh to 4 999 kWh - band DC;DC;0.03953;0.05722;0.03009;0.0070851230831753854;0.027129999999999998;0.00017457788956551042
Austria;2021-S1;2021;1;0.1394;0.021884866666666666;;;0;0;0;0;Half-yearly, semesterly;Electricity;Consumption from 2 500 kWh to 4 999 kWh - band DC;Kilowatt-hour;Excluding taxes and levies;Euro;Consumption from 2 500 kWh to 4 999 kWh - band DC;DC;0.021085;0.035;0.01492;0.00482668126102457;0.020079999999999997;0.0002205488082034421
Austria;2021-S1;2021;1;0.1846;0.021884866666666666;;;0;0;0;0;Half-yearly, semesterly;Electricity;Consumption from 2 500 kWh to 4 999 kWh - band DC;Kilowatt-hour;Excluding VAT and other recoverable taxes and levies;Euro;Consumption from 2 500 kWh to 4 999 kWh - band DC;DC;0.021085;0.035;0.01492;0.00482668126102457;0.020079999999999997;0.0002205488082034421
Austria;2021-S1;2021;1;0.2216;0.021884866666666666;;;0;0;0;0;Half-yearly, semesterly;Electricity;Consumption from 2 500 kWh to 4 999 kWh - band DC;Kilowatt-hour;All taxes and levies included;Euro;Consumption from 2 500 kWh to 4 999 kWh - band DC;DC;0.021085;0.035;0.01492;0.00482668126102457;0.020079999999999997;0.0002205488082034421
Austria;2021-S2;2021;2;0.1448;0.07139254054054055;0.04950767387387388;2.2621875941917495;1;0;0;0;Half-yearly, semesterly;Electricity;Consumption from 2 500 kWh to 4 999 kWh - band DC;Kilowatt-hour;Excluding taxes and levies;Euro;Consumption from 2 500 kWh to 4 999 kWh - band DC;DC;0.07078;0.183;0.0338;0.029414433726409856;0.1492;0.00041200990332745994
Austria;2021-S2;2021;2;0.1904;0.07139254054054055;0.04950767387387388;2.2621875941917495;1;0;0;0;Half-yearly, semesterly;Electricity;Consumption from 2 500 kWh to 4 999 kWh - band DC;Kilowatt-hour;Excluding VAT and other recoverable taxes and levies;Euro;Consumption from 2 500 kWh to 4 999 kWh - band DC;DC;0.07078;0.183;0.0338;0.029414433726409856;0.1492;0.00041200990332745994
Austria;2021-S2;2021;2;0.2285;0.07139254054054055;0.04950767387387388;2.2621875941917495;1;0;0;0;Half-yearly, semesterly;Electricity;Consumption from 2 500 kWh to 4 999 kWh - band DC;Kilowatt-hour;All taxes and levies included;Euro;Consumption from 2 500 kWh to 4 999 kWh - band DC;DC;0.07078;0.183;0.0338;0.029414433726409856;0.1492;0.00041200990332745994
Austria;2022-S1;2022;1;0.1579;0.09201900552486186;0.020626464984321316;0.28891624850650177;1;1;1;0;Half-yearly, semesterly;Electricity;Consumption from 2 500 kWh to 4 999 kWh - band DC;Kilowatt-hour;Excluding taxes and levies;Euro;Consumption from 2 500 kWh to 4 999 kWh - band DC;DC;0.08356;0.21436000000000002;0.04856;0.024964136723284833;0.1658;0.0002712932679601712
Austria;2022-S1;2022;1;0.1874;0.09201900552486186;0.020626464984321316;0.28891624850650177;1;1;1;0;Half-yearly, semesterly;Electricity;Consumption from 2 500 kWh to 4 999 kWh - band DC;Kilowatt-hour;Excluding VAT and other recoverable taxes and levies;Euro;Consumption from 2 500 kWh to 4 999 kWh - band DC;DC;0.08356;0.21436000000000002;0.04856;0.024964136723284833;0.1658;0.0002712932679601712
Austria;2022-S1;2022;1;0.2249;0.09201900552486186;0.020626464984321316;0.28891624850650177;1;1;1;0;Half-yearly, semesterly;Electricity;Consumption from 2 500 kWh to 4 999 kWh - band DC;Kilowatt-hour;All taxes and levies included;Euro;Consumption from 2 500 kWh to 4 999 kWh - band DC;DC;0.08356;0.21436000000000002;0.04856;0.024964136723284833;0.1658;0.0002712932679601712
Austria;2022-S2;2022;2;0.209;0.10594205405405406;0.013923048529192197;0.15130622690146822;1;1;1;0;Half-yearly, semesterly;Electricity;Consumption from 2 500 kWh to 4 999 kWh - band DC;Kilowatt-hour;Excluding taxes and levies;Euro;Consumption from 2 500 kWh to 4 999 kWh - band DC;DC;0.1072;0.24;0.027780000000000003;0.043706998868668134;0.21222;0.000412555705653657
Austria;2022-S2;2022;2;0.1975;0.10594205405405406;0.013923048529192197;0.15130622690146822;1;1;1;0;Half-yearly, semesterly;Electricity;Consumption from 2 500 kWh to 4 999 kWh - band DC;Kilowatt-hour;Excluding VAT and other recoverable taxes and levies;Euro;Consumption from 2 500 kWh to 4 999 kWh - band DC;DC;0.1072;0.24;0.027780000000000003;0.043706998868668134;0.21222;0.000412555705653657
Austria;2022-S2;2022;2;0.237;0.10594205405405406;0.013923048529192197;0.15130622690146822;1;1;1;0;Half-yearly, semesterly;Electricity;Consumption from 2 500 kWh to 4 999 kWh - band DC;Kilowatt-hour;All taxes and levies included;Euro;Consumption from 2 500 kWh to 4 999 kWh - band DC;DC;0.1072;0.24;0.027780000000000003;0.043706998868668134;0.21222;0.000412555705653657
Austria;2023-S1;2023;1;0.2691;0.042229723756906076;-0.06371233029714798;-0.6013884747282745;-1;1;1;0;Half-yearly, semesterly;Electricity;Consumption from 2 500 kWh to 4 999 kWh - band DC;Kilowatt-hour;Excluding taxes and levies;Euro;Consumption from 2 500 kWh to 4 999 kWh - band DC;DC;0.04009;0.07149;0.023780000000000003;0.01198758067663452;0.047709999999999995;0.00028386595057170176
Austria;2023-S1;2023;1;0.2211;0.042229723756906076;-0.06371233029714798;-0.6013884747282745;-1;1;1;0;Half-yearly, semesterly;Electricity;Consumption from 2 500 kWh to 4 999 kWh - band DC;Kilowatt-hour;Excluding VAT and other recoverable taxes and levies;Euro;Consumption from 2 500 kWh to 4 999 kWh - band DC;DC;0.04009;0.07149;0.023780000000000003;0.01198758067663452;0.047709999999999995;0.00028386595057170176
Austria;2023-S1;2023;1;0.2653;0.042229723756906076;-0.06371233029714798;-0.6013884747282745;-1;1;1;0;Half-yearly, semesterly;Electricity;Consumption from 2 500 kWh to 4 999 kWh - band DC;Kilowatt-hour;All taxes and levies included;Euro;Consumption from 2 500 kWh to 4 999 kWh - band DC;DC;0.04009;0.07149;0.023780000000000003;0.01198758067663452;0.047709999999999995;0.00028386595057170176
Austria;2023-S2;2023;2;0.299;0.03612461956521739;-0.006105104191688686;-0.14456888770650034;-1;1;1;0;Half-yearly, semesterly;Electricity;Consumption from 2 500 kWh to 4 999 kWh - band DC;Kilowatt-hour;Excluding taxes and levies;Euro;Consumption from 2 500 kWh to 4 999 kWh - band DC;DC;0.035894999999999996;0.05256;0.024030000000000003;0.005577214658926646;0.02853;0.00015438819082531373
Austria;2023-S2;2023;2;0.229;0.03612461956521739;-0.006105104191688686;-0.14456888770650034;-1;1;1;0;Half-yearly, semesterly;Electricity;Consumption from 2 500 kWh to 4 999 kWh - band DC;Kilowatt-hour;Excluding VAT and other recoverable taxes and levies;Euro;Consumption from 2 500 kWh to 4 999 kWh - band DC;DC;0.035894999999999996;0.05256;0.024030000000000003;0.005577214658926646;0.02853;0.00015438819082531373
Austria;2023-S2;2023;2;0.2748;0.03612461956521739;-0.006105104191688686;-0.14456888770650034;-1;1;1;0;Half-yearly, semesterly;Electricity;Consumption from 2 500 kWh to 4 999 kWh - band DC;Kilowatt-hour;All taxes and levies included;Euro;Consumption from 2 500 kWh to 4 999 kWh - band DC;DC;0.035894999999999996;0.05256;0.024030000000000003;0.005577214658926646;0.02853;0.00015438819082531373
Austria;2024-S1;2024;1;0.2946;0.02965928571428571;-0.0064653338509316795;-0.17897306404181013;-1;1;0;1;Half-yearly, semesterly;Electricity;Consumption from 2 500 kWh to 4 999 kWh - band DC;Kilowatt-hour;Excluding taxes and levies;Euro;Consumption from 2 500 kWh to 4 999 kWh - band DC;DC;0.02939;0.03767;0.022719999999999997;0.003562587835220648;0.014950000000000003;0.00012011711507619673
Austria;2024-S1;2024;1;0.2276;0.02965928571428571;-0.0064653338509316795;-0.17897306404181013;-1;1;0;1;Half-yearly, semesterly;Electricity;Consumption from 2 500 kWh to 4 999 kWh - band DC;Kilowatt-hour;Excluding VAT and other recoverable taxes and levies;Euro;Consumption from 2 500 kWh to 4 999 kWh - band DC;DC;0.02939;0.03767;0.022719999999999997;0.003562587835220648;0.014950000000000003;0.00012011711507619673
Austria;2024-S1;2024;1;0.2731;0.02965928571428571;-0.0064653338509316795;-0.17897306404181013;-1;1;0;1;Half-yearly, semesterly;Electricity;Consumption from 2 500 kWh to 4 999 kWh - band DC;Kilowatt-hour;All taxes and levies included;Euro;Consumption from 2 500 kWh to 4 999 kWh - band DC;DC;0.02939;0.03767;0.022719999999999997;0.003562587835220648;0.014950000000000003;0.00012011711507619673
Austria;2024-S2;2024;2;0.2678;0.03988162162162163;0.010222335907335917;0.3446588702711819;1;1;0;0;Half-yearly, semesterly;Electricity;Consumption from 2 500 kWh to 4 999 kWh - band DC;Kilowatt-hour;Excluding taxes and levies;Euro;Consumption from 2 500 kWh to 4 999 kWh - band DC;DC;0.03939;0.0528;0.030379999999999997;0.0052140688200674355;0.02242;0.00013073863619529112
Austria;2024-S2;2024;2;0.2031;0.03988162162162163;0.010222335907335917;0.3446588702711819;1;1;0;0;Half-yearly, semesterly;Electricity;Consumption from 2 500 kWh to 4 999 kWh - band DC;Kilowatt-hour;Excluding VAT and other recoverable taxes and levies;Euro;Consumption from 2 500 kWh to 4 999 kWh - band DC;DC;0.03939;0.0528;0.030379999999999997;0.0052140688200674355;0.02242;0.00013073863619529112
Austria;2024-S2;2024;2;0.2437;0.03988162162162163;0.010222335907335917;0.3446588702711819;1;1;0;0;Half-yearly, semesterly;Electricity;Consumption from 2 500 kWh to 4 999 kWh - band DC;Kilowatt-hour;All taxes and levies included;Euro;Consumption from 2 500 kWh to 4 999 kWh - band DC;DC;0.03939;0.0528;0.030379999999999997;0.0052140688200674355;0.02242;0.00013073863619529112
Austria;2025-S1;2025;1;0.2578;0.0405843093922652;0.0007026877706435702;0.01761933798255111;1;1;0;1;Half-yearly, semesterly;Electricity;Consumption from 2 500 kWh to 4 999 kWh - band DC;Kilowatt-hour;Excluding taxes and levies;Euro;Consumption from 2 500 kWh to 4 999 kWh - band DC;DC;0.03953;0.05722;0.03009;0.0070851230831753854;0.027129999999999998;0.00017457788956551042
Austria;2025-S1;2025;1;0.2421;0.0405843093922652;0.0007026877706435702;0.01761933798255111;1;1;0;1;Half-yearly, semesterly;Electricity;Consumption from 2 500 kWh to 4 999 kWh - band DC;Kilowatt-hour;Excluding VAT and other recoverable taxes and levies;Euro;Consumption from 2 500 kWh to 4 999 kWh - band DC;DC;0.03953;0.05722;0.03009;0.0070851230831753854;0.027129999999999998;0.00017457788956551042
Austria;2025-S1;2025;1;0.2905;0.0405843093922652;0.0007026877706435702;0.01761933798255111;1;1;0;1;Half-yearly, semesterly;Electricity;Consumption from 2 500 kWh to 4 999 kWh - band DC;Kilowatt-hour;All taxes and levies included;Euro;Consumption from 2 500 kWh to 4 999 kWh - band DC;DC;0.03953;0.05722;0.03009;0.0070851230831753854;0.027129999999999998;0.00017457788956551042
Austria;2025-S2;2025;2;0.2539;0.03125204918032787;-0.00933226021193733;-0.22994749329690278;-1;1;0;1;Half-yearly, semesterly;Electricity;Consumption from 2 500 kWh to 4 999 kWh - band DC;Kilowatt-hour;Excluding taxes and levies;Euro;Consumption from 2 500 kWh to 4 999 kWh - band DC;DC;0.03138;0.037020000000000004;0.026539999999999998;0.00208229441624638;0.010480000000000003;6.662905220170685e-05
Austria;2025-S2;2025;2;0.2726;0.03125204918032787;-0.00933226021193733;-0.22994749329690278;-1;1;0;1;Half-yearly, semesterly;Electricity;Consumption from 2 500 kWh to 4 999 kWh - band DC;Kilowatt-hour;Excluding VAT and other recoverable taxes and levies;Euro;Consumption from 2 500 kWh to 4 999 kWh - band DC;DC;0.03138;0.037020000000000004;0.026539999999999998;0.00208229441624638;0.010480000000000003;6.662905220170685e-05
Austria;2025-S2;2025;2;0.3272;0.03125204918032787;-0.00933226021193733;-0.22994749329690278;-1;1;0;1;Half-yearly, semesterly;Electricity;Consumption from 2 500 kWh to 4 999 kWh - band DC;Kilowatt-hour;All taxes and levies included;Euro;Consumption from 2 500 kWh to 4 999 kWh - band DC;DC;0.03138;0.037020000000000004;0.026539999999999998;0.00208229441624638;0.010480000000000003;6.662905220170685e-05
Belgium;2021-S1;2021;1;0.1767;0.021884866666666666;;;0;0;0;0;Half-yearly, semesterly;Electricity;Consumption from 2 500 kWh to 4 999 kWh - band DC;Kilowatt-hour;Excluding taxes and levies;Euro;Consumption from 2 500 kWh to 4 999 kWh - band DC;DC;0.021085;0.035;0.01492;0.00482668126102457;0.020079999999999997;0.0002205488082034421
Belgium;2021-S1;2021;1;0.2243;0.021884866666666666;;;0;0;0;0;Half-yearly, semesterly;Electricity;Consumption from 2 500 kWh to 4 999 kWh - band DC;Kilowatt-hour;Excluding VAT and other recoverable taxes and levies;Euro;Consumption from 2 500 kWh to 4 999 kWh - band DC;DC;0.021085;0.035;0.01492;0.00482668126102457;0.020079999999999997;0.0002205488082034421
Belgium;2021-S1;2021;1;0.2702;0.021884866666666666;;;0;0;0;0;Half-yearly, semesterly;Electricity;Consumption from 2 500 kWh to 4 999 kWh - band DC;Kilowatt-hour;All taxes and levies included;Euro;Consumption from 2 500 kWh to 4 999 kWh - band DC;DC;0.021085;0.035;0.01492;0.00482668126102457;0.020079999999999997;0.0002205488082034421
Belgium;2021-S2;2021;2;0.2015;0.07139254054054055;0.04950767387387388;2.2621875941917495;1;0;0;0;Half-yearly, semesterly;Electricity;Consumption from 2 500 kWh to 4 999 kWh - band DC;Kilowatt-hour;Excluding taxes and levies;Euro;Consumption from 2 500 kWh to 4 999 kWh - band DC;DC;0.07078;0.183;0.0338;0.029414433726409856;0.1492;0.00041200990332745994
Belgium;2021-S2;2021;2;0.2484;0.07139254054054055;0.04950767387387388;2.2621875941917495;1;0;0;0;Half-yearly, semesterly;Electricity;Consumption from 2 500 kWh to 4 999 kWh - band DC;Kilowatt-hour;Excluding VAT and other recoverable taxes and levies;Euro;Consumption from 2 500 kWh to 4 999 kWh - band DC;DC;0.07078;0.183;0.0338;0.029414433726409856;0.1492;0.00041200990332745994
Belgium;2021-S2;2021;2;0.2994;0.07139254054054055;0.04950767387387388;2.2621875941917495;1;0;0;0;Half-yearly, semesterly;Electricity;Consumption from 2 500 kWh to 4 999 kWh - band DC;Kilowatt-hour;All taxes and levies included;Euro;Consumption from 2 500 kWh to 4 999 kWh - band DC;DC;0.07078;0.183;0.0338;0.029414433726409856;0.1492;0.00041200990332745994
Belgium;2022-S1;2022;1;0.2622;0.09201900552486186;0.020626464984321316;0.28891624850650177;1;1;1;0;Half-yearly, semesterly;Electricity;Consumption from 2 500 kWh to 4 999 kWh - band DC;Kilowatt-hour;Excluding taxes and levies;Euro;Consumption from 2 500 kWh to 4 999 kWh - band DC;DC;0.08356;0.21436000000000002;0.04856;0.024964136723284833;0.1658;0.0002712932679601712
Belgium;2022-S1;2022;1;0.3067;0.09201900552486186;0.020626464984321316;0.28891624850650177;1;1;1;0;Half-yearly, semesterly;Electricity;Consumption from 2 500 kWh to 4 999 kWh - band DC;Kilowatt-hour;Excluding VAT and other recoverable taxes and levies;Euro;Consumption from 2 500 kWh to 4 999 kWh - band DC;DC;0.08356;0.21436000000000002;0.04856;0.024964136723284833;0.1658;0.0002712932679601712
Belgium;2022-S1;2022;1;0.3437;0.09201900552486186;0.020626464984321316;0.28891624850650177;1;1;1;0;Half-yearly, semesterly;Electricity;Consumption from 2 500 kWh to 4 999 kWh - band DC;Kilowatt-hour;All taxes and levies included;Euro;Consumption from 2 500 kWh to 4 999 kWh - band DC;DC;0.08356;0.21436000000000002;0.04856;0.024964136723284833;0.1658;0.0002712932679601712
Belgium;2022-S2;2022;2;0.3791;0.10594205405405406;0.013923048529192197;0.15130622690146822;1;1;1;0;Half-yearly, semesterly;Electricity;Consumption from 2 500 kWh to 4 999 kWh - band DC;Kilowatt-hour;Excluding taxes and levies;Euro;Consumption from 2 500 kWh to 4 999 kWh - band DC;DC;0.1072;0.24;0.027780000000000003;0.043706998868668134;0.21222;0.000412555705653657
Belgium;2022-S2;2022;2;0.4235;0.10594205405405406;0.013923048529192197;0.15130622690146822;1;1;1;0;Half-yearly, semesterly;Electricity;Consumption from 2 500 kWh to 4 999 kWh - band DC;Kilowatt-hour;Excluding VAT and other recoverable taxes and levies;Euro;Consumption from 2 500 kWh to 4 999 kWh - band DC;DC;0.1072;0.24;0.027780000000000003;0.043706998868668134;0.21222;0.000412555705653657
Belgium;2022-S2;2022;2;0.4489;0.10594205405405406;0.013923048529192197;0.15130622690146822;1;1;1;0;Half-yearly, semesterly;Electricity;Consumption from 2 500 kWh to 4 999 kWh - band DC;Kilowatt-hour;All taxes and levies included;Euro;Consumption from 2 500 kWh to 4 999 kWh - band DC;DC;0.1072;0.24;0.027780000000000003;0.043706998868668134;0.21222;0.000412555705653657
Belgium;2023-S1;2023;1;0.3592;0.042229723756906076;-0.06371233029714798;-0.6013884747282745;-1;1;1;0;Half-yearly, semesterly;Electricity;Consumption from 2 500 kWh to 4 999 kWh - band DC;Kilowatt-hour;Excluding taxes and levies;Euro;Consumption from 2 500 kWh to 4 999 kWh - band DC;DC;0.04009;0.07149;0.023780000000000003;0.01198758067663452;0.047709999999999995;0.00028386595057170176
Belgium;2023-S1;2023;1;0.4105;0.042229723756906076;-0.06371233029714798;-0.6013884747282745;-1;1;1;0;Half-yearly, semesterly;Electricity;Consumption from 2 500 kWh to 4 999 kWh - band DC;Kilowatt-hour;Excluding VAT and other recoverable taxes and levies;Euro;Consumption from 2 500 kWh to 4 999 kWh - band DC;DC;0.04009;0.07149;0.023780000000000003;0.01198758067663452;0.047709999999999995;0.00028386595057170176
Belgium;2023-S1;2023;1;0.435;0.042229723756906076;-0.06371233029714798;-0.6013884747282745;-1;1;1;0;Half-yearly, semesterly;Electricity;Consumption from 2 500 kWh to 4 999 kWh - band DC;Kilowatt-hour;All taxes and levies included;Euro;Consumption from 2 500 kWh to 4 999 kWh - band DC;DC;0.04009;0.07149;0.023780000000000003;0.01198758067663452;0.047709999999999995;0.00028386595057170176
Belgium;2023-S2;2023;2;0.2793;0.03612461956521739;-0.006105104191688686;-0.14456888770650034;-1;1;1;0;Half-yearly, semesterly;Electricity;Consumption from 2 500 kWh to 4 999 kWh - band DC;Kilowatt-hour;Excluding taxes and levies;Euro;Consumption from 2 500 kWh to 4 999 kWh - band DC;DC;0.035894999999999996;0.05256;0.024030000000000003;0.005577214658926646;0.02853;0.00015438819082531373
Belgium;2023-S2;2023;2;0.3567;0.03612461956521739;-0.006105104191688686;-0.14456888770650034;-1;1;1;0;Half-yearly, semesterly;Electricity;Consumption from 2 500 kWh to 4 999 kWh - band DC;Kilowatt-hour;Excluding VAT and other recoverable taxes and levies;Euro;Consumption from 2 500 kWh to 4 999 kWh - band DC;DC;0.035894999999999996;0.05256;0.024030000000000003;0.005577214658926646;0.02853;0.00015438819082531373
Belgium;2023-S2;2023;2;0.3778;0.03612461956521739;-0.006105104191688686;-0.14456888770650034;-1;1;1;0;Half-yearly, semesterly;Electricity;Consumption from 2 500 kWh to 4 999 kWh - band DC;Kilowatt-hour;All taxes and levies included;Euro;Consumption from 2 500 kWh to 4 999 kWh - band DC;DC;0.035894999999999996;0.05256;0.024030000000000003;0.005577214658926646;0.02853;0.00015438819082531373
Belgium;2024-S1;2024;1;0.2405;0.02965928571428571;-0.0064653338509316795;-0.17897306404181013;-1;1;0;1;Half-yearly, semesterly;Electricity;Consumption from 2 500 kWh to 4 999 kWh - band DC;Kilowatt-hour;Excluding taxes and levies;Euro;Consumption from 2 500 kWh to 4 999 kWh - band DC;DC;0.02939;0.03767;0.022719999999999997;0.003562587835220648;0.014950000000000003;0.00012011711507619673
Belgium;2024-S1;2024;1;0.3166;0.02965928571428571;-0.0064653338509316795;-0.17897306404181013;-1;1;0;1;Half-yearly, semesterly;Electricity;Consumption from 2 500 kWh to 4 999 kWh - band DC;Kilowatt-hour;Excluding VAT and other recoverable taxes and levies;Euro;Consumption from 2 500 kWh to 4 999 kWh - band DC;DC;0.02939;0.03767;0.022719999999999997;0.003562587835220648;0.014950000000000003;0.00012011711507619673
Belgium;2024-S1;2024;1;0.3354;0.02965928571428571;-0.0064653338509316795;-0.17897306404181013;-1;1;0;1;Half-yearly, semesterly;Electricity;Consumption from 2 500 kWh to 4 999 kWh - band DC;Kilowatt-hour;All taxes and levies included;Euro;Consumption from 2 500 kWh to 4 999 kWh - band DC;DC;0.02939;0.03767;0.022719999999999997;0.003562587835220648;0.014950000000000003;0.00012011711507619673
Belgium;2024-S2;2024;2;0.2465;0.03988162162162163;0.010222335907335917;0.3446588702711819;1;1;0;0;Half-yearly, semesterly;Electricity;Consumption from 2 500 kWh to 4 999 kWh - band DC;Kilowatt-hour;Excluding taxes and levies;Euro;Consumption from 2 500 kWh to 4 999 kWh - band DC;DC;0.03939;0.0528;0.030379999999999997;0.0052140688200674355;0.02242;0.00013073863619529112
Belgium;2024-S2;2024;2;0.3126;0.03988162162162163;0.010222335907335917;0.3446588702711819;1;1;0;0;Half-yearly, semesterly;Electricity;Consumption from 2 500 kWh to 4 999 kWh - band DC;Kilowatt-hour;Excluding VAT and other recoverable taxes and levies;Euro;Consumption from 2 500 kWh to 4 999 kWh - band DC;DC;0.03939;0.0528;0.030379999999999997;0.0052140688200674355;0.02242;0.00013073863619529112
Belgium;2024-S2;2024;2;0.3313;0.03988162162162163;0.010222335907335917;0.3446588702711819;1;1;0;0;Half-yearly, semesterly;Electricity;Consumption from 2 500 kWh to 4 999 kWh - band DC;Kilowatt-hour;All taxes and levies included;Euro;Consumption from 2 500 kWh to 4 999 kWh - band DC;DC;0.03939;0.0528;0.030379999999999997;0.0052140688200674355;0.02242;0.00013073863619529112
Belgium;2025-S1;2025;1;0.2758;0.0405843093922652;0.0007026877706435702;0.01761933798255111;1;1;0;1;Half-yearly, semesterly;Electricity;Consumption from 2 500 kWh to 4 999 kWh - band DC;Kilowatt-hour;Excluding taxes and levies;Euro;Consumption from 2 500 kWh to 4 999 kWh - band DC;DC;0.03953;0.05722;0.03009;0.0070851230831753854;0.027129999999999998;0.00017457788956551042
Belgium;2025-S1;2025;1;0.3368;0.0405843093922652;0.0007026877706435702;0.01761933798255111;1;1;0;1;Half-yearly, semesterly;Electricity;Consumption from 2 500 kWh to 4 999 kWh - band DC;Kilowatt-hour;Excluding VAT and other recoverable taxes and levies;Euro;Consumption from 2 500 kWh to 4 999 kWh - band DC;DC;0.03953;0.05722;0.03009;0.0070851230831753854;0.027129999999999998;0.00017457788956551042
Belgium;2025-S1;2025;1;0.3571;0.0405843093922652;0.0007026877706435702;0.01761933798255111;1;1;0;1;Half-yearly, semesterly;Electricity;Consumption from 2 500 kWh to 4 999 kWh - band DC;Kilowatt-hour;All taxes and levies included;Euro;Consumption from 2 500 kWh to 4 999 kWh - band DC;DC;0.03953;0.05722;0.03009;0.0070851230831753854;0.027129999999999998;0.00017457788956551042
Belgium;2025-S2;2025;2;0.2714;0.03125204918032787;-0.00933226021193733;-0.22994749329690278;-1;1;0;1;Half-yearly, semesterly;Electricity;Consumption from 2 500 kWh to 4 999 kWh - band DC;Kilowatt-hour;Excluding taxes and levies;Euro;Consumption from 2 500 kWh to 4 999 kWh - band DC;DC;0.03138;0.037020000000000004;0.026539999999999998;0.00208229441624638;0.010480000000000003;6.662905220170685e-05
Belgium;2025-S2;2025;2;0.3301;0.03125204918032787;-0.00933226021193733;-0.22994749329690278;-1;1;0;1;Half-yearly, semesterly;Electricity;Consumption from 2 500 kWh to 4 999 kWh - band DC;Kilowatt-hour;Excluding VAT and other recoverable taxes and levies;Euro;Consumption from 2 500 kWh to 4 999 kWh - band DC;DC;0.03138;0.037020000000000004;0.026539999999999998;0.00208229441624638;0.010480000000000003;6.662905220170685e-05
Belgium;2025-S2;2025;2;0.3499;0.03125204918032787;-0.00933226021193733;-0.22994749329690278;-1;1;0;1;Half-yearly, semesterly;Electricity;Consumption from 2 500 kWh to 4 999 kWh - band DC;Kilowatt-hour;All taxes and levies included;Euro;Consumption from 2 500 kWh to 4 999 kWh - band DC;DC;0.03138;0.037020000000000004;0.026539999999999998;0.00208229441624638;0.010480000000000003;6.662905220170685e-05
Bosnia and Herzegovina;2021-S1;2021;1;0.0721;0.021884866666666666;;;0;0;0;0;Half-yearly, semesterly;Electricity;Consumption from 2 500 kWh to 4 999 kWh - band DC;Kilowatt-hour;Excluding taxes and levies;Euro;Consumption from 2 500 kWh to 4 999 kWh - band DC;DC;0.021085;0.035;0.01492;0.00482668126102457;0.020079999999999997;0.0002205488082034421
Bosnia and Herzegovina;2021-S1;2021;1;0.0748;0.021884866666666666;;;0;0;0;0;Half-yearly, semesterly;Electricity;Consumption from 2 500 kWh to 4 999 kWh - band DC;Kilowatt-hour;Excluding VAT and other recoverable taxes and levies;Euro;Consumption from 2 500 kWh to 4 999 kWh - band DC;DC;0.021085;0.035;0.01492;0.00482668126102457;0.020079999999999997;0.0002205488082034421
Bosnia and Herzegovina;2021-S1;2021;1;0.0875;0.021884866666666666;;;0;0;0;0;Half-yearly, semesterly;Electricity;Consumption from 2 500 kWh to 4 999 kWh - band DC;Kilowatt-hour;All taxes and levies included;Euro;Consumption from 2 500 kWh to 4 999 kWh - band DC;DC;0.021085;0.035;0.01492;0.00482668126102457;0.020079999999999997;0.0002205488082034421
Bosnia and Herzegovina;2021-S2;2021;2;0.0714;0.07139254054054055;0.04950767387387388;2.2621875941917495;1;0;0;0;Half-yearly, semesterly;Electricity;Consumption from 2 500 kWh to 4 999 kWh - band DC;Kilowatt-hour;Excluding taxes and levies;Euro;Consumption from 2 500 kWh to 4 999 kWh - band DC;DC;0.07078;0.183;0.0338;0.029414433726409856;0.1492;0.00041200990332745994
Bosnia and Herzegovina;2021-S2;2021;2;0.0742;0.07139254054054055;0.04950767387387388;2.2621875941917495;1;0;0;0;Half-yearly, semesterly;Electricity;Consumption from 2 500 kWh to 4 999 kWh - band DC;Kilowatt-hour;Excluding VAT and other recoverable taxes and levies;Euro;Consumption from 2 500 kWh to 4 999 kWh - band DC;DC;0.07078;0.183;0.0338;0.029414433726409856;0.1492;0.00041200990332745994
Bosnia and Herzegovina;2021-S2;2021;2;0.0868;0.07139254054054055;0.04950767387387388;2.2621875941917495;1;0;0;0;Half-yearly, semesterly;Electricity;Consumption from 2 500 kWh to 4 999 kWh - band DC;Kilowatt-hour;All taxes and levies included;Euro;Consumption from 2 500 kWh to 4 999 kWh - band DC;DC;0.07078;0.183;0.0338;0.029414433726409856;0.1492;0.00041200990332745994
Bosnia and Herzegovina;2022-S1;2022;1;0.0733;0.09201900552486186;0.020626464984321316;0.28891624850650177;1;1;1;0;Half-yearly, semesterly;Electricity;Consumption from 2 500 kWh to 4 999 kWh - band DC;Kilowatt-hour;Excluding taxes and levies;Euro;Consumption from 2 500 kWh to 4 999 kWh - band DC;DC;0.08356;0.21436000000000002;0.04856;0.024964136723284833;0.1658;0.0002712932679601712
Bosnia and Herzegovina;2022-S1;2022;1;0.0758;0.09201900552486186;0.020626464984321316;0.28891624850650177;1;1;1;0;Half-yearly, semesterly;Electricity;Consumption from 2 500 kWh to 4 999 kWh - band DC;Kilowatt-hour;Excluding VAT and other recoverable taxes and levies;Euro;Consumption from 2 500 kWh to 4 999 kWh - band DC;DC;0.08356;0.21436000000000002;0.04856;0.024964136723284833;0.1658;0.0002712932679601712
Bosnia and Herzegovina;2022-S1;2022;1;0.0887;0.09201900552486186;0.020626464984321316;0.28891624850650177;1;1;1;0;Half-yearly, semesterly;Electricity;Consumption from 2 500 kWh to 4 999 kWh - band DC;Kilowatt-hour;All taxes and levies included;Euro;Consumption from 2 500 kWh to 4 999 kWh - band DC;DC;0.08356;0.21436000000000002;0.04856;0.024964136723284833;0.1658;0.0002712932679601712
Bosnia and Herzegovina;2022-S2;2022;2;0.0738;0.10594205405405406;0.013923048529192197;0.15130622690146822;1;1;1;0;Half-yearly, semesterly;Electricity;Consumption from 2 500 kWh to 4 999 kWh - band DC;Kilowatt-hour;Excluding taxes and levies;Euro;Consumption from 2 500 kWh to 4 999 kWh - band DC;DC;0.1072;0.24;0.027780000000000003;0.043706998868668134;0.21222;0.000412555705653657
Bosnia and Herzegovina;2022-S2;2022;2;0.0763;0.10594205405405406;0.013923048529192197;0.15130622690146822;1;1;1;0;Half-yearly, semesterly;Electricity;Consumption from 2 500 kWh to 4 999 kWh - band DC;Kilowatt-hour;Excluding VAT and other recoverable taxes and levies;Euro;Consumption from 2 500 kWh to 4 999 kWh - band DC;DC;0.1072;0.24;0.027780000000000003;0.043706998868668134;0.21222;0.000412555705653657
Bosnia and Herzegovina;2022-S2;2022;2;0.0893;0.10594205405405406;0.013923048529192197;0.15130622690146822;1;1;1;0;Half-yearly, semesterly;Electricity;Consumption from 2 500 kWh to 4 999 kWh - band DC;Kilowatt-hour;All taxes and levies included;Euro;Consumption from 2 500 kWh to 4 999 kWh - band DC;DC;0.1072;0.24;0.027780000000000003;0.043706998868668134;0.21222;0.000412555705653657
Bosnia and Herzegovina;2023-S1;2023;1;0.0742;0.042229723756906076;-0.06371233029714798;-0.6013884747282745;-1;1;1;0;Half-yearly, semesterly;Electricity;Consumption from 2 500 kWh to 4 999 kWh - band DC;Kilowatt-hour;Excluding taxes and levies;Euro;Consumption from 2 500 kWh to 4 999 kWh - band DC;DC;0.04009;0.07149;0.023780000000000003;0.01198758067663452;0.047709999999999995;0.00028386595057170176
Bosnia and Herzegovina;2023-S1;2023;1;0.0747;0.042229723756906076;-0.06371233029714798;-0.6013884747282745;-1;1;1;0;Half-yearly, semesterly;Electricity;Consumption from 2 500 kWh to 4 999 kWh - band DC;Kilowatt-hour;Excluding VAT and other recoverable taxes and levies;Euro;Consumption from 2 500 kWh to 4 999 kWh - band DC;DC;0.04009;0.07149;0.023780000000000003;0.01198758067663452;0.047709999999999995;0.00028386595057170176
Bosnia and Herzegovina;2023-S1;2023;1;0.0874;0.042229723756906076;-0.06371233029714798;-0.6013884747282745;-1;1;1;0;Half-yearly, semesterly;Electricity;Consumption from 2 500 kWh to 4 999 kWh - band DC;Kilowatt-hour;All taxes and levies included;Euro;Consumption from 2 500 kWh to 4 999 kWh - band DC;DC;0.04009;0.07149;0.023780000000000003;0.01198758067663452;0.047709999999999995;0.00028386595057170176
Bosnia and Herzegovina;2023-S2;2023;2;0.0717;0.03612461956521739;-0.006105104191688686;-0.14456888770650034;-1;1;1;0;Half-yearly, semesterly;Electricity;Consumption from 2 500 kWh to 4 999 kWh - band DC;Kilowatt-hour;Excluding taxes and levies;Euro;Consumption from 2 500 kWh to 4 999 kWh - band DC;DC;0.035894999999999996;0.05256;0.024030000000000003;0.005577214658926646;0.02853;0.00015438819082531373
Bosnia and Herzegovina;2023-S2;2023;2;0.0722;0.03612461956521739;-0.006105104191688686;-0.14456888770650034;-1;1;1;0;Half-yearly, semesterly;Electricity;Consumption from 2 500 kWh to 4 999 kWh - band DC;Kilowatt-hour;Excluding VAT and other recoverable taxes and levies;Euro;Consumption from 2 500 kWh to 4 999 kWh - band DC;DC;0.035894999999999996;0.05256;0.024030000000000003;0.005577214658926646;0.02853;0.00015438819082531373
Bosnia and Herzegovina;2023-S2;2023;2;0.0845;0.03612461956521739;-0.006105104191688686;-0.14456888770650034;-1;1;1;0;Half-yearly, semesterly;Electricity;Consumption from 2 500 kWh to 4 999 kWh - band DC;Kilowatt-hour;All taxes and levies included;Euro;Consumption from 2 500 kWh to 4 999 kWh - band DC;DC;0.035894999999999996;0.05256;0.024030000000000003;0.005577214658926646;0.02853;0.00015438819082531373
Bosnia and Herzegovina;2024-S1;2024;1;0.0724;0.02965928571428571;-0.0064653338509316795;-0.17897306404181013;-1;1;0;1;Half-yearly, semesterly;Electricity;Consumption from 2 500 kWh to 4 999 kWh - band DC;Kilowatt-hour;Excluding taxes and levies;Euro;Consumption from 2 500 kWh to 4 999 kWh - band DC;DC;0.02939;0.03767;0.022719999999999997;0.003562587835220648;0.014950000000000003;0.00012011711507619673
Bosnia and Herzegovina;2024-S1;2024;1;0.0729;0.02965928571428571;-0.0064653338509316795;-0.17897306404181013;-1;1;0;1;Half-yearly, semesterly;Electricity;Consumption from 2 500 kWh to 4 999 kWh - band DC;Kilowatt-hour;Excluding VAT and other recoverable taxes and levies;Euro;Consumption from 2 500 kWh to 4 999 kWh - band DC;DC;0.02939;0.03767;0.022719999999999997;0.003562587835220648;0.014950000000000003;0.00012011711507619673
Bosnia and Herzegovina;2024-S1;2024;1;0.0853;0.02965928571428571;-0.0064653338509316795;-0.17897306404181013;-1;1;0;1;Half-yearly, semesterly;Electricity;Consumption from 2 500 kWh to 4 999 kWh - band DC;Kilowatt-hour;All taxes and levies included;Euro;Consumption from 2 500 kWh to 4 999 kWh - band DC;DC;0.02939;0.03767;0.022719999999999997;0.003562587835220648;0.014950000000000003;0.00012011711507619673
Bosnia and Herzegovina;2024-S2;2024;2;0.0768;0.03988162162162163;0.010222335907335917;0.3446588702711819;1;1;0;0;Half-yearly, semesterly;Electricity;Consumption from 2 500 kWh to 4 999 kWh - band DC;Kilowatt-hour;Excluding taxes and levies;Euro;Consumption from 2 500 kWh to 4 999 kWh - band DC;DC;0.03939;0.0528;0.030379999999999997;0.0052140688200674355;0.02242;0.00013073863619529112
Bosnia and Herzegovina;2024-S2;2024;2;0.0773;0.03988162162162163;0.010222335907335917;0.3446588702711819;1;1;0;0;Half-yearly, semesterly;Electricity;Consumption from 2 500 kWh to 4 999 kWh - band DC;Kilowatt-hour;Excluding VAT and other recoverable taxes and levies;Euro;Consumption from 2 500 kWh to 4 999 kWh - band DC;DC;0.03939;0.0528;0.030379999999999997;0.0052140688200674355;0.02242;0.00013073863619529112
Bosnia and Herzegovina;2024-S2;2024;2;0.0905;0.03988162162162163;0.010222335907335917;0.3446588702711819;1;1;0;0;Half-yearly, semesterly;Electricity;Consumption from 2 500 kWh to 4 999 kWh - band DC;Kilowatt-hour;All taxes and levies included;Euro;Consumption from 2 500 kWh to 4 999 kWh - band DC;DC;0.03939;0.0528;0.030379999999999997;0.0052140688200674355;0.02242;0.00013073863619529112
Bosnia and Herzegovina;2025-S1;2025;1;0.0793;0.0405843093922652;0.0007026877706435702;0.01761933798255111;1;1;0;1;Half-yearly, semesterly;Electricity;Consumption from 2 500 kWh to 4 999 kWh - band DC;Kilowatt-hour;Excluding taxes and levies;Euro;Consumption from 2 500 kWh to 4 999 kWh - band DC;DC;0.03953;0.05722;0.03009;0.0070851230831753854;0.027129999999999998;0.00017457788956551042
Bosnia and Herzegovina;2025-S1;2025;1;0.0798;0.0405843093922652;0.0007026877706435702;0.01761933798255111;1;1;0;1;Half-yearly, semesterly;Electricity;Consumption from 2 500 kWh to 4 999 kWh - band DC;Kilowatt-hour;Excluding VAT and other recoverable taxes and levies;Euro;Consumption from 2 500 kWh to 4 999 kWh - band DC;DC;0.03953;0.05722;0.03009;0.0070851230831753854;0.027129999999999998;0.00017457788956551042
Bosnia and Herzegovina;2025-S1;2025;1;0.0934;0.0405843093922652;0.0007026877706435702;0.01761933798255111;1;1;0;1;Half-yearly, semesterly;Electricity;Consumption from 2 500 kWh to 4 999 kWh - band DC;Kilowatt-hour;All taxes and levies included;Euro;Consumption from 2 500 kWh to 4 999 kWh - band DC;DC;0.03953;0.05722;0.03009;0.0070851230831753854;0.027129999999999998;0.00017457788956551042
Bosnia and Herzegovina;2025-S2;2025;2;0.0815;0.03125204918032787;-0.00933226021193733;-0.22994749329690278;-1;1;0;1;Half-yearly, semesterly;Electricity;Consumption from 2 500 kWh to 4 999 kWh - band DC;Kilowatt-hour;Excluding taxes and levies;Euro;Consumption from 2 500 kWh to 4 999 kWh - band DC;DC;0.03138;0.037020000000000004;0.026539999999999998;0.00208229441624638;0.010480000000000003;6.662905220170685e-05
Bosnia and Herzegovina;2025-S2;2025;2;0.0826;0.03125204918032787;-0.00933226021193733;-0.22994749329690278;-1;1;0;1;Half-yearly, semesterly;Electricity;Consumption from 2 500 kWh to 4 999 kWh - band DC;Kilowatt-hour;Excluding VAT and other recoverable taxes and levies;Euro;Consumption from 2 500 kWh to 4 999 kWh - band DC;DC;0.03138;0.037020000000000004;0.026539999999999998;0.00208229441624638;0.010480000000000003;6.662905220170685e-05
Bosnia and Herzegovina;2025-S2;2025;2;0.0966;0.03125204918032787;-0.00933226021193733;-0.22994749329690278;-1;1;0;1;Half-yearly, semesterly;Electricity;Consumption from 2 500 kWh to 4 999 kWh - band DC;Kilowatt-hour;All taxes and levies included;Euro;Consumption from 2 500 kWh to 4 999 kWh - band DC;DC;0.03138;0.037020000000000004;0.026539999999999998;0.00208229441624638;0.010480000000000003;6.662905220170685e-05
Bulgaria;2021-S1;2021;1;0.0853;0.021884866666666666;;;0;0;0;0;Half-yearly, semesterly;Electricity;Consumption from 2 500 kWh to 4 999 kWh - band DC;Kilowatt-hour;Excluding taxes and levies;Euro;Consumption from 2 500 kWh to 4 999 kWh - band DC;DC;0.021085;0.035;0.01492;0.00482668126102457;0.020079999999999997;0.0002205488082034421
Bulgaria;2021-S1;2021;1;0.0853;0.021884866666666666;;;0;0;0;0;Half-yearly, semesterly;Electricity;Consumption from 2 500 kWh to 4 999 kWh - band DC;Kilowatt-hour;Excluding VAT and other recoverable taxes and levies;Euro;Consumption from 2 500 kWh to 4 999 kWh - band DC;DC;0.021085;0.035;0.01492;0.00482668126102457;0.020079999999999997;0.0002205488082034421
Bulgaria;2021-S1;2021;1;0.1024;0.021884866666666666;;;0;0;0;0;Half-yearly, semesterly;Electricity;Consumption from 2 500 kWh to 4 999 kWh - band DC;Kilowatt-hour;All taxes and levies included;Euro;Consumption from 2 500 kWh to 4 999 kWh - band DC;DC;0.021085;0.035;0.01492;0.00482668126102457;0.020079999999999997;0.0002205488082034421
Bulgaria;2021-S2;2021;2;0.0909;0.07139254054054055;0.04950767387387388;2.2621875941917495;1;0;0;0;Half-yearly, semesterly;Electricity;Consumption from 2 500 kWh to 4 999 kWh - band DC;Kilowatt-hour;Excluding taxes and levies;Euro;Consumption from 2 500 kWh to 4 999 kWh - band DC;DC;0.07078;0.183;0.0338;0.029414433726409856;0.1492;0.00041200990332745994
Bulgaria;2021-S2;2021;2;0.0909;0.07139254054054055;0.04950767387387388;2.2621875941917495;1;0;0;0;Half-yearly, semesterly;Electricity;Consumption from 2 500 kWh to 4 999 kWh - band DC;Kilowatt-hour;Excluding VAT and other recoverable taxes and levies;Euro;Consumption from 2 500 kWh to 4 999 kWh - band DC;DC;0.07078;0.183;0.0338;0.029414433726409856;0.1492;0.00041200990332745994
Bulgaria;2021-S2;2021;2;0.1091;0.07139254054054055;0.04950767387387388;2.2621875941917495;1;0;0;0;Half-yearly, semesterly;Electricity;Consumption from 2 500 kWh to 4 999 kWh - band DC;Kilowatt-hour;All taxes and levies included;Euro;Consumption from 2 500 kWh to 4 999 kWh - band DC;DC;0.07078;0.183;0.0338;0.029414433726409856;0.1492;0.00041200990332745994
Bulgaria;2022-S1;2022;1;0.0911;0.09201900552486186;0.020626464984321316;0.28891624850650177;1;1;1;0;Half-yearly, semesterly;Electricity;Consumption from 2 500 kWh to 4 999 kWh - band DC;Kilowatt-hour;Excluding taxes and levies;Euro;Consumption from 2 500 kWh to 4 999 kWh - band DC;DC;0.08356;0.21436000000000002;0.04856;0.024964136723284833;0.1658;0.0002712932679601712
Bulgaria;2022-S1;2022;1;0.0911;0.09201900552486186;0.020626464984321316;0.28891624850650177;1;1;1;0;Half-yearly, semesterly;Electricity;Consumption from 2 500 kWh to 4 999 kWh - band DC;Kilowatt-hour;Excluding VAT and other recoverable taxes and levies;Euro;Consumption from 2 500 kWh to 4 999 kWh - band DC;DC;0.08356;0.21436000000000002;0.04856;0.024964136723284833;0.1658;0.0002712932679601712
Bulgaria;2022-S1;2022;1;0.1093;0.09201900552486186;0.020626464984321316;0.28891624850650177;1;1;1;0;Half-yearly, semesterly;Electricity;Consumption from 2 500 kWh to 4 999 kWh - band DC;Kilowatt-hour;All taxes and levies included;Euro;Consumption from 2 500 kWh to 4 999 kWh - band DC;DC;0.08356;0.21436000000000002;0.04856;0.024964136723284833;0.1658;0.0002712932679601712
Bulgaria;2022-S2;2022;2;0.0956;0.10594205405405406;0.013923048529192197;0.15130622690146822;1;1;1;0;Half-yearly, semesterly;Electricity;Consumption from 2 500 kWh to 4 999 kWh - band DC;Kilowatt-hour;Excluding taxes and levies;Euro;Consumption from 2 500 kWh to 4 999 kWh - band DC;DC;0.1072;0.24;0.027780000000000003;0.043706998868668134;0.21222;0.000412555705653657
Bulgaria;2022-S2;2022;2;0.0956;0.10594205405405406;0.013923048529192197;0.15130622690146822;1;1;1;0;Half-yearly, semesterly;Electricity;Consumption from 2 500 kWh to 4 999 kWh - band DC;Kilowatt-hour;Excluding VAT and other recoverable taxes and levies;Euro;Consumption from 2 500 kWh to 4 999 kWh - band DC;DC;0.1072;0.24;0.027780000000000003;0.043706998868668134;0.21222;0.000412555705653657
Bulgaria;2022-S2;2022;2;0.1147;0.10594205405405406;0.013923048529192197;0.15130622690146822;1;1;1;0;Half-yearly, semesterly;Electricity;Consumption from 2 500 kWh to 4 999 kWh - band DC;Kilowatt-hour;All taxes and levies included;Euro;Consumption from 2 500 kWh to 4 999 kWh - band DC;DC;0.1072;0.24;0.027780000000000003;0.043706998868668134;0.21222;0.000412555705653657
Bulgaria;2023-S1;2023;1;0.0948;0.042229723756906076;-0.06371233029714798;-0.6013884747282745;-1;1;1;0;Half-yearly, semesterly;Electricity;Consumption from 2 500 kWh to 4 999 kWh - band DC;Kilowatt-hour;Excluding taxes and levies;Euro;Consumption from 2 500 kWh to 4 999 kWh - band DC;DC;0.04009;0.07149;0.023780000000000003;0.01198758067663452;0.047709999999999995;0.00028386595057170176
Bulgaria;2023-S1;2023;1;0.0948;0.042229723756906076;-0.06371233029714798;-0.6013884747282745;-1;1;1;0;Half-yearly, semesterly;Electricity;Consumption from 2 500 kWh to 4 999 kWh - band DC;Kilowatt-hour;Excluding VAT and other recoverable taxes and levies;Euro;Consumption from 2 500 kWh to 4 999 kWh - band DC;DC;0.04009;0.07149;0.023780000000000003;0.01198758067663452;0.047709999999999995;0.00028386595057170176
Bulgaria;2023-S1;2023;1;0.1138;0.042229723756906076;-0.06371233029714798;-0.6013884747282745;-1;1;1;0;Half-yearly, semesterly;Electricity;Consumption from 2 500 kWh to 4 999 kWh - band DC;Kilowatt-hour;All taxes and levies included;Euro;Consumption from 2 500 kWh to 4 999 kWh - band DC;DC;0.04009;0.07149;0.023780000000000003;0.01198758067663452;0.047709999999999995;0.00028386595057170176
Bulgaria;2023-S2;2023;2;0.0993;0.03612461956521739;-0.006105104191688686;-0.14456888770650034;-1;1;1;0;Half-yearly, semesterly;Electricity;Consumption from 2 500 kWh to 4 999 kWh - band DC;Kilowatt-hour;Excluding taxes and levies;Euro;Consumption from 2 500 kWh to 4 999 kWh - band DC;DC;0.035894999999999996;0.05256;0.024030000000000003;0.005577214658926646;0.02853;0.00015438819082531373
Bulgaria;2023-S2;2023;2;0.0993;0.03612461956521739;-0.006105104191688686;-0.14456888770650034;-1;1;1;0;Half-yearly, semesterly;Electricity;Consumption from 2 500 kWh to 4 999 kWh - band DC;Kilowatt-hour;Excluding VAT and other recoverable taxes and levies;Euro;Consumption from 2 500 kWh to 4 999 kWh - band DC;DC;0.035894999999999996;0.05256;0.024030000000000003;0.005577214658926646;0.02853;0.00015438819082531373
Bulgaria;2023-S2;2023;2;0.1192;0.03612461956521739;-0.006105104191688686;-0.14456888770650034;-1;1;1;0;Half-yearly, semesterly;Electricity;Consumption from 2 500 kWh to 4 999 kWh - band DC;Kilowatt-hour;All taxes and levies included;Euro;Consumption from 2 500 kWh to 4 999 kWh - band DC;DC;0.035894999999999996;0.05256;0.024030000000000003;0.005577214658926646;0.02853;0.00015438819082531373
Bulgaria;2024-S1;2024;1;0.0989;0.02965928571428571;-0.0064653338509316795;-0.17897306404181013;-1;1;0;1;Half-yearly, semesterly;Electricity;Consumption from 2 500 kWh to 4 999 kWh - band DC;Kilowatt-hour;Excluding taxes and levies;Euro;Consumption from 2 500 kWh to 4 999 kWh - band DC;DC;0.02939;0.03767;0.022719999999999997;0.003562587835220648;0.014950000000000003;0.00012011711507619673
Bulgaria;2024-S1;2024;1;0.0989;0.02965928571428571;-0.0064653338509316795;-0.17897306404181013;-1;1;0;1;Half-yearly, semesterly;Electricity;Consumption from 2 500 kWh to 4 999 kWh - band DC;Kilowatt-hour;Excluding VAT and other recoverable taxes and levies;Euro;Consumption from 2 500 kWh to 4 999 kWh - band DC;DC;0.02939;0.03767;0.022719999999999997;0.003562587835220648;0.014950000000000003;0.00012011711507619673
Bulgaria;2024-S1;2024;1;0.1187;0.02965928571428571;-0.0064653338509316795;-0.17897306404181013;-1;1;0;1;Half-yearly, semesterly;Electricity;Consumption from 2 500 kWh to 4 999 kWh - band DC;Kilowatt-hour;All taxes and levies included;Euro;Consumption from 2 500 kWh to 4 999 kWh - band DC;DC;0.02939;0.03767;0.022719999999999997;0.003562587835220648;0.014950000000000003;0.00012011711507619673
Bulgaria;2024-S2;2024;2;0.1014;0.03988162162162163;0.010222335907335917;0.3446588702711819;1;1;0;0;Half-yearly, semesterly;Electricity;Consumption from 2 500 kWh to 4 999 kWh - band DC;Kilowatt-hour;Excluding taxes and levies;Euro;Consumption from 2 500 kWh to 4 999 kWh - band DC;DC;0.03939;0.0528;0.030379999999999997;0.0052140688200674355;0.02242;0.00013073863619529112
Bulgaria;2024-S2;2024;2;0.1014;0.03988162162162163;0.010222335907335917;0.3446588702711819;1;1;0;0;Half-yearly, semesterly;Electricity;Consumption from 2 500 kWh to 4 999 kWh - band DC;Kilowatt-hour;Excluding VAT and other recoverable taxes and levies;Euro;Consumption from 2 500 kWh to 4 999 kWh - band DC;DC;0.03939;0.0528;0.030379999999999997;0.0052140688200674355;0.02242;0.00013073863619529112
Bulgaria;2024-S2;2024;2;0.1217;0.03988162162162163;0.010222335907335917;0.3446588702711819;1;1;0;0;Half-yearly, semesterly;Electricity;Consumption from 2 500 kWh to 4 999 kWh - band DC;Kilowatt-hour;All taxes and levies included;Euro;Consumption from 2 500 kWh to 4 999 kWh - band DC;DC;0.03939;0.0528;0.030379999999999997;0.0052140688200674355;0.02242;0.00013073863619529112
Bulgaria;2025-S1;2025;1;0.1083;0.0405843093922652;0.0007026877706435702;0.01761933798255111;1;1;0;1;Half-yearly, semesterly;Electricity;Consumption from 2 500 kWh to 4 999 kWh - band DC;Kilowatt-hour;Excluding taxes and levies;Euro;Consumption from 2 500 kWh to 4 999 kWh - band DC;DC;0.03953;0.05722;0.03009;0.0070851230831753854;0.027129999999999998;0.00017457788956551042
Bulgaria;2025-S1;2025;1;0.1083;0.0405843093922652;0.0007026877706435702;0.01761933798255111;1;1;0;1;Half-yearly, semesterly;Electricity;Consumption from 2 500 kWh to 4 999 kWh - band DC;Kilowatt-hour;Excluding VAT and other recoverable taxes and levies;Euro;Consumption from 2 500 kWh to 4 999 kWh - band DC;DC;0.03953;0.05722;0.03009;0.0070851230831753854;0.027129999999999998;0.00017457788956551042
Bulgaria;2025-S1;2025;1;0.13;0.0405843093922652;0.0007026877706435702;0.01761933798255111;1;1;0;1;Half-yearly, semesterly;Electricity;Consumption from 2 500 kWh to 4 999 kWh - band DC;Kilowatt-hour;All taxes and levies included;Euro;Consumption from 2 500 kWh to 4 999 kWh - band DC;DC;0.03953;0.05722;0.03009;0.0070851230831753854;0.027129999999999998;0.00017457788956551042
Bulgaria;2025-S2;2025;2;0.1129;0.03125204918032787;-0.00933226021193733;-0.22994749329690278;-1;1;0;1;Half-yearly, semesterly;Electricity;Consumption from 2 500 kWh to 4 999 kWh - band DC;Kilowatt-hour;Excluding taxes and levies;Euro;Consumption from 2 500 kWh to 4 999 kWh - band DC;DC;0.03138;0.037020000000000004;0.026539999999999998;0.00208229441624638;0.010480000000000003;6.662905220170685e-05
Bulgaria;2025-S2;2025;2;0.1129;0.03125204918032787;-0.00933226021193733;-0.22994749329690278;-1;1;0;1;Half-yearly, semesterly;Electricity;Consumption from 2 500 kWh to 4 999 kWh - band DC;Kilowatt-hour;Excluding VAT and other recoverable taxes and levies;Euro;Consumption from 2 500 kWh to 4 999 kWh - band DC;DC;0.03138;0.037020000000000004;0.026539999999999998;0.00208229441624638;0.010480000000000003;6.662905220170685e-05
Bulgaria;2025-S2;2025;2;0.1355;0.03125204918032787;-0.00933226021193733;-0.22994749329690278;-1;1;0;1;Half-yearly, semesterly;Electricity;Consumption from 2 500 kWh to 4 999 kWh - band DC;Kilowatt-hour;All taxes and levies included;Euro;Consumption from 2 500 kWh to 4 999 kWh - band DC;DC;0.03138;0.037020000000000004;0.026539999999999998;0.00208229441624638;0.010480000000000003;6.662905220170685e-05
Croatia;2021-S1;2021;1;0.1003;0.021884866666666666;;;0;0;0;0;Half-yearly, semesterly;Electricity;Consumption from 2 500 kWh to 4 999 kWh - band DC;Kilowatt-hour;Excluding taxes and levies;Euro;Consumption from 2 500 kWh to 4 999 kWh - band DC;DC;0.021085;0.035;0.01492;0.00482668126102457;0.020079999999999997;0.0002205488082034421
Croatia;2021-S1;2021;1;0.1142;0.021884866666666666;;;0;0;0;0;Half-yearly, semesterly;Electricity;Consumption from 2 500 kWh to 4 999 kWh - band DC;Kilowatt-hour;Excluding VAT and other recoverable taxes and levies;Euro;Consumption from 2 500 kWh to 4 999 kWh - band DC;DC;0.021085;0.035;0.01492;0.00482668126102457;0.020079999999999997;0.0002205488082034421
Croatia;2021-S1;2021;1;0.1291;0.021884866666666666;;;0;0;0;0;Half-yearly, semesterly;Electricity;Consumption from 2 500 kWh to 4 999 kWh - band DC;Kilowatt-hour;All taxes and levies included;Euro;Consumption from 2 500 kWh to 4 999 kWh - band DC;DC;0.021085;0.035;0.01492;0.00482668126102457;0.020079999999999997;0.0002205488082034421
Croatia;2021-S2;2021;2;0.1022;0.07139254054054055;0.04950767387387388;2.2621875941917495;1;0;0;0;Half-yearly, semesterly;Electricity;Consumption from 2 500 kWh to 4 999 kWh - band DC;Kilowatt-hour;Excluding taxes and levies;Euro;Consumption from 2 500 kWh to 4 999 kWh - band DC;DC;0.07078;0.183;0.0338;0.029414433726409856;0.1492;0.00041200990332745994
Croatia;2021-S2;2021;2;0.1162;0.07139254054054055;0.04950767387387388;2.2621875941917495;1;0;0;0;Half-yearly, semesterly;Electricity;Consumption from 2 500 kWh to 4 999 kWh - band DC;Kilowatt-hour;Excluding VAT and other recoverable taxes and levies;Euro;Consumption from 2 500 kWh to 4 999 kWh - band DC;DC;0.07078;0.183;0.0338;0.029414433726409856;0.1492;0.00041200990332745994
Croatia;2021-S2;2021;2;0.1313;0.07139254054054055;0.04950767387387388;2.2621875941917495;1;0;0;0;Half-yearly, semesterly;Electricity;Consumption from 2 500 kWh to 4 999 kWh - band DC;Kilowatt-hour;All taxes and levies included;Euro;Consumption from 2 500 kWh to 4 999 kWh - band DC;DC;0.07078;0.183;0.0338;0.029414433726409856;0.1492;0.00041200990332745994
Croatia;2022-S1;2022;1;0.106;0.09201900552486186;0.020626464984321316;0.28891624850650177;1;1;1;0;Half-yearly, semesterly;Electricity;Consumption from 2 500 kWh to 4 999 kWh - band DC;Kilowatt-hour;Excluding taxes and levies;Euro;Consumption from 2 500 kWh to 4 999 kWh - band DC;DC;0.08356;0.21436000000000002;0.04856;0.024964136723284833;0.1658;0.0002712932679601712
Croatia;2022-S1;2022;1;0.12;0.09201900552486186;0.020626464984321316;0.28891624850650177;1;1;1;0;Half-yearly, semesterly;Electricity;Consumption from 2 500 kWh to 4 999 kWh - band DC;Kilowatt-hour;Excluding VAT and other recoverable taxes and levies;Euro;Consumption from 2 500 kWh to 4 999 kWh - band DC;DC;0.08356;0.21436000000000002;0.04856;0.024964136723284833;0.1658;0.0002712932679601712
Croatia;2022-S1;2022;1;0.1354;0.09201900552486186;0.020626464984321316;0.28891624850650177;1;1;1;0;Half-yearly, semesterly;Electricity;Consumption from 2 500 kWh to 4 999 kWh - band DC;Kilowatt-hour;All taxes and levies included;Euro;Consumption from 2 500 kWh to 4 999 kWh - band DC;DC;0.08356;0.21436000000000002;0.04856;0.024964136723284833;0.1658;0.0002712932679601712
Croatia;2022-S2;2022;2;0.117;0.10594205405405406;0.013923048529192197;0.15130622690146822;1;1;1;0;Half-yearly, semesterly;Electricity;Consumption from 2 500 kWh to 4 999 kWh - band DC;Kilowatt-hour;Excluding taxes and levies;Euro;Consumption from 2 500 kWh to 4 999 kWh - band DC;DC;0.1072;0.24;0.027780000000000003;0.043706998868668134;0.21222;0.000412555705653657
Croatia;2022-S2;2022;2;0.1309;0.10594205405405406;0.013923048529192197;0.15130622690146822;1;1;1;0;Half-yearly, semesterly;Electricity;Consumption from 2 500 kWh to 4 999 kWh - band DC;Kilowatt-hour;Excluding VAT and other recoverable taxes and levies;Euro;Consumption from 2 500 kWh to 4 999 kWh - band DC;DC;0.1072;0.24;0.027780000000000003;0.043706998868668134;0.21222;0.000412555705653657
Croatia;2022-S2;2022;2;0.1479;0.10594205405405406;0.013923048529192197;0.15130622690146822;1;1;1;0;Half-yearly, semesterly;Electricity;Consumption from 2 500 kWh to 4 999 kWh - band DC;Kilowatt-hour;All taxes and levies included;Euro;Consumption from 2 500 kWh to 4 999 kWh - band DC;DC;0.1072;0.24;0.027780000000000003;0.043706998868668134;0.21222;0.000412555705653657
Croatia;2023-S1;2023;1;0.117;0.042229723756906076;-0.06371233029714798;-0.6013884747282745;-1;1;1;0;Half-yearly, semesterly;Electricity;Consumption from 2 500 kWh to 4 999 kWh - band DC;Kilowatt-hour;Excluding taxes and levies;Euro;Consumption from 2 500 kWh to 4 999 kWh - band DC;DC;0.04009;0.07149;0.023780000000000003;0.01198758067663452;0.047709999999999995;0.00028386595057170176
Croatia;2023-S1;2023;1;0.131;0.042229723756906076;-0.06371233029714798;-0.6013884747282745;-1;1;1;0;Half-yearly, semesterly;Electricity;Consumption from 2 500 kWh to 4 999 kWh - band DC;Kilowatt-hour;Excluding VAT and other recoverable taxes and levies;Euro;Consumption from 2 500 kWh to 4 999 kWh - band DC;DC;0.04009;0.07149;0.023780000000000003;0.01198758067663452;0.047709999999999995;0.00028386595057170176
Croatia;2023-S1;2023;1;0.148;0.042229723756906076;-0.06371233029714798;-0.6013884747282745;-1;1;1;0;Half-yearly, semesterly;Electricity;Consumption from 2 500 kWh to 4 999 kWh - band DC;Kilowatt-hour;All taxes and levies included;Euro;Consumption from 2 500 kWh to 4 999 kWh - band DC;DC;0.04009;0.07149;0.023780000000000003;0.01198758067663452;0.047709999999999995;0.00028386595057170176
Croatia;2023-S2;2023;2;0.1171;0.03612461956521739;-0.006105104191688686;-0.14456888770650034;-1;1;1;0;Half-yearly, semesterly;Electricity;Consumption from 2 500 kWh to 4 999 kWh - band DC;Kilowatt-hour;Excluding taxes and levies;Euro;Consumption from 2 500 kWh to 4 999 kWh - band DC;DC;0.035894999999999996;0.05256;0.024030000000000003;0.005577214658926646;0.02853;0.00015438819082531373
Croatia;2023-S2;2023;2;0.131;0.03612461956521739;-0.006105104191688686;-0.14456888770650034;-1;1;1;0;Half-yearly, semesterly;Electricity;Consumption from 2 500 kWh to 4 999 kWh - band DC;Kilowatt-hour;Excluding VAT and other recoverable taxes and levies;Euro;Consumption from 2 500 kWh to 4 999 kWh - band DC;DC;0.035894999999999996;0.05256;0.024030000000000003;0.005577214658926646;0.02853;0.00015438819082531373
Croatia;2023-S2;2023;2;0.148;0.03612461956521739;-0.006105104191688686;-0.14456888770650034;-1;1;1;0;Half-yearly, semesterly;Electricity;Consumption from 2 500 kWh to 4 999 kWh - band DC;Kilowatt-hour;All taxes and levies included;Euro;Consumption from 2 500 kWh to 4 999 kWh - band DC;DC;0.035894999999999996;0.05256;0.024030000000000003;0.005577214658926646;0.02853;0.00015438819082531373
Croatia;2024-S1;2024;1;0.1167;0.02965928571428571;-0.0064653338509316795;-0.17897306404181013;-1;1;0;1;Half-yearly, semesterly;Electricity;Consumption from 2 500 kWh to 4 999 kWh - band DC;Kilowatt-hour;Excluding taxes and levies;Euro;Consumption from 2 500 kWh to 4 999 kWh - band DC;DC;0.02939;0.03767;0.022719999999999997;0.003562587835220648;0.014950000000000003;0.00012011711507619673
Croatia;2024-S1;2024;1;0.1303;0.02965928571428571;-0.0064653338509316795;-0.17897306404181013;-1;1;0;1;Half-yearly, semesterly;Electricity;Consumption from 2 500 kWh to 4 999 kWh - band DC;Kilowatt-hour;Excluding VAT and other recoverable taxes and levies;Euro;Consumption from 2 500 kWh to 4 999 kWh - band DC;DC;0.02939;0.03767;0.022719999999999997;0.003562587835220648;0.014950000000000003;0.00012011711507619673
Croatia;2024-S1;2024;1;0.1472;0.02965928571428571;-0.0064653338509316795;-0.17897306404181013;-1;1;0;1;Half-yearly, semesterly;Electricity;Consumption from 2 500 kWh to 4 999 kWh - band DC;Kilowatt-hour;All taxes and levies included;Euro;Consumption from 2 500 kWh to 4 999 kWh - band DC;DC;0.02939;0.03767;0.022719999999999997;0.003562587835220648;0.014950000000000003;0.00012011711507619673
Croatia;2024-S2;2024;2;0.118;0.03988162162162163;0.010222335907335917;0.3446588702711819;1;1;0;0;Half-yearly, semesterly;Electricity;Consumption from 2 500 kWh to 4 999 kWh - band DC;Kilowatt-hour;Excluding taxes and levies;Euro;Consumption from 2 500 kWh to 4 999 kWh - band DC;DC;0.03939;0.0528;0.030379999999999997;0.0052140688200674355;0.02242;0.00013073863619529112
Croatia;2024-S2;2024;2;0.1312;0.03988162162162163;0.010222335907335917;0.3446588702711819;1;1;0;0;Half-yearly, semesterly;Electricity;Consumption from 2 500 kWh to 4 999 kWh - band DC;Kilowatt-hour;Excluding VAT and other recoverable taxes and levies;Euro;Consumption from 2 500 kWh to 4 999 kWh - band DC;DC;0.03939;0.0528;0.030379999999999997;0.0052140688200674355;0.02242;0.00013073863619529112
Croatia;2024-S2;2024;2;0.1483;0.03988162162162163;0.010222335907335917;0.3446588702711819;1;1;0;0;Half-yearly, semesterly;Electricity;Consumption from 2 500 kWh to 4 999 kWh - band DC;Kilowatt-hour;All taxes and levies included;Euro;Consumption from 2 500 kWh to 4 999 kWh - band DC;DC;0.03939;0.0528;0.030379999999999997;0.0052140688200674355;0.02242;0.00013073863619529112
Croatia;2025-S1;2025;1;0.1299;0.0405843093922652;0.0007026877706435702;0.01761933798255111;1;1;0;1;Half-yearly, semesterly;Electricity;Consumption from 2 500 kWh to 4 999 kWh - band DC;Kilowatt-hour;Excluding taxes and levies;Euro;Consumption from 2 500 kWh to 4 999 kWh - band DC;DC;0.03953;0.05722;0.03009;0.0070851230831753854;0.027129999999999998;0.00017457788956551042
Croatia;2025-S1;2025;1;0.1432;0.0405843093922652;0.0007026877706435702;0.01761933798255111;1;1;0;1;Half-yearly, semesterly;Electricity;Consumption from 2 500 kWh to 4 999 kWh - band DC;Kilowatt-hour;Excluding VAT and other recoverable taxes and levies;Euro;Consumption from 2 500 kWh to 4 999 kWh - band DC;DC;0.03953;0.05722;0.03009;0.0070851230831753854;0.027129999999999998;0.00017457788956551042
Croatia;2025-S1;2025;1;0.1618;0.0405843093922652;0.0007026877706435702;0.01761933798255111;1;1;0;1;Half-yearly, semesterly;Electricity;Consumption from 2 500 kWh to 4 999 kWh - band DC;Kilowatt-hour;All taxes and levies included;Euro;Consumption from 2 500 kWh to 4 999 kWh - band DC;DC;0.03953;0.05722;0.03009;0.0070851230831753854;0.027129999999999998;0.00017457788956551042
Croatia;2025-S2;2025;2;0.1335;0.03125204918032787;-0.00933226021193733;-0.22994749329690278;-1;1;0;1;Half-yearly, semesterly;Electricity;Consumption from 2 500 kWh to 4 999 kWh - band DC;Kilowatt-hour;Excluding taxes and levies;Euro;Consumption from 2 500 kWh to 4 999 kWh - band DC;DC;0.03138;0.037020000000000004;0.026539999999999998;0.00208229441624638;0.010480000000000003;6.662905220170685e-05
Croatia;2025-S2;2025;2;0.1467;0.03125204918032787;-0.00933226021193733;-0.22994749329690278;-1;1;0;1;Half-yearly, semesterly;Electricity;Consumption from 2 500 kWh to 4 999 kWh - band DC;Kilowatt-hour;Excluding VAT and other recoverable taxes and levies;Euro;Consumption from 2 500 kWh to 4 999 kWh - band DC;DC;0.03138;0.037020000000000004;0.026539999999999998;0.00208229441624638;0.010480000000000003;6.662905220170685e-05
Croatia;2025-S2;2025;2;0.1658;0.03125204918032787;-0.00933226021193733;-0.22994749329690278;-1;1;0;1;Half-yearly, semesterly;Electricity;Consumption from 2 500 kWh to 4 999 kWh - band DC;Kilowatt-hour;All taxes and levies included;Euro;Consumption from 2 500 kWh to 4 999 kWh - band DC;DC;0.03138;0.037020000000000004;0.026539999999999998;0.00208229441624638;0.010480000000000003;6.662905220170685e-05
Cyprus;2021-S1;2021;1;0.1276;0.021884866666666666;;;0;0;0;0;Half-yearly, semesterly;Electricity;Consumption from 2 500 kWh to 4 999 kWh - band DC;Kilowatt-hour;Excluding taxes and levies;Euro;Consumption from 2 500 kWh to 4 999 kWh - band DC;DC;0.021085;0.035;0.01492;0.00482668126102457;0.020079999999999997;0.0002205488082034421
Cyprus;2021-S1;2021;1;0.1668;0.021884866666666666;;;0;0;0;0;Half-yearly, semesterly;Electricity;Consumption from 2 500 kWh to 4 999 kWh - band DC;Kilowatt-hour;Excluding VAT and other recoverable taxes and levies;Euro;Consumption from 2 500 kWh to 4 999 kWh - band DC;DC;0.021085;0.035;0.01492;0.00482668126102457;0.020079999999999997;0.0002205488082034421
Cyprus;2021-S1;2021;1;0.1976;0.021884866666666666;;;0;0;0;0;Half-yearly, semesterly;Electricity;Consumption from 2 500 kWh to 4 999 kWh - band DC;Kilowatt-hour;All taxes and levies included;Euro;Consumption from 2 500 kWh to 4 999 kWh - band DC;DC;0.021085;0.035;0.01492;0.00482668126102457;0.020079999999999997;0.0002205488082034421
Cyprus;2021-S2;2021;2;0.1451;0.07139254054054055;0.04950767387387388;2.2621875941917495;1;0;0;0;Half-yearly, semesterly;Electricity;Consumption from 2 500 kWh to 4 999 kWh - band DC;Kilowatt-hour;Excluding taxes and levies;Euro;Consumption from 2 500 kWh to 4 999 kWh - band DC;DC;0.07078;0.183;0.0338;0.029414433726409856;0.1492;0.00041200990332745994
Cyprus;2021-S2;2021;2;0.1944;0.07139254054054055;0.04950767387387388;2.2621875941917495;1;0;0;0;Half-yearly, semesterly;Electricity;Consumption from 2 500 kWh to 4 999 kWh - band DC;Kilowatt-hour;Excluding VAT and other recoverable taxes and levies;Euro;Consumption from 2 500 kWh to 4 999 kWh - band DC;DC;0.07078;0.183;0.0338;0.029414433726409856;0.1492;0.00041200990332745994
Cyprus;2021-S2;2021;2;0.2304;0.07139254054054055;0.04950767387387388;2.2621875941917495;1;0;0;0;Half-yearly, semesterly;Electricity;Consumption from 2 500 kWh to 4 999 kWh - band DC;Kilowatt-hour;All taxes and levies included;Euro;Consumption from 2 500 kWh to 4 999 kWh - band DC;DC;0.07078;0.183;0.0338;0.029414433726409856;0.1492;0.00041200990332745994
Cyprus;2022-S1;2022;1;0.1693;0.09201900552486186;0.020626464984321316;0.28891624850650177;1;1;1;0;Half-yearly, semesterly;Electricity;Consumption from 2 500 kWh to 4 999 kWh - band DC;Kilowatt-hour;Excluding taxes and levies;Euro;Consumption from 2 500 kWh to 4 999 kWh - band DC;DC;0.08356;0.21436000000000002;0.04856;0.024964136723284833;0.1658;0.0002712932679601712
Cyprus;2022-S1;2022;1;0.2363;0.09201900552486186;0.020626464984321316;0.28891624850650177;1;1;1;0;Half-yearly, semesterly;Electricity;Consumption from 2 500 kWh to 4 999 kWh - band DC;Kilowatt-hour;Excluding VAT and other recoverable taxes and levies;Euro;Consumption from 2 500 kWh to 4 999 kWh - band DC;DC;0.08356;0.21436000000000002;0.04856;0.024964136723284833;0.1658;0.0002712932679601712
Cyprus;2022-S1;2022;1;0.2607;0.09201900552486186;0.020626464984321316;0.28891624850650177;1;1;1;0;Half-yearly, semesterly;Electricity;Consumption from 2 500 kWh to 4 999 kWh - band DC;Kilowatt-hour;All taxes and levies included;Euro;Consumption from 2 500 kWh to 4 999 kWh - band DC;DC;0.08356;0.21436000000000002;0.04856;0.024964136723284833;0.1658;0.0002712932679601712
Cyprus;2022-S2;2022;2;0.2551;0.10594205405405406;0.013923048529192197;0.15130622690146822;1;1;1;0;Half-yearly, semesterly;Electricity;Consumption from 2 500 kWh to 4 999 kWh - band DC;Kilowatt-hour;Excluding taxes and levies;Euro;Consumption from 2 500 kWh to 4 999 kWh - band DC;DC;0.1072;0.24;0.027780000000000003;0.043706998868668134;0.21222;0.000412555705653657
Cyprus;2022-S2;2022;2;0.2762;0.10594205405405406;0.013923048529192197;0.15130622690146822;1;1;1;0;Half-yearly, semesterly;Electricity;Consumption from 2 500 kWh to 4 999 kWh - band DC;Kilowatt-hour;Excluding VAT and other recoverable taxes and levies;Euro;Consumption from 2 500 kWh to 4 999 kWh - band DC;DC;0.1072;0.24;0.027780000000000003;0.043706998868668134;0.21222;0.000412555705653657
Cyprus;2022-S2;2022;2;0.3261;0.10594205405405406;0.013923048529192197;0.15130622690146822;1;1;1;0;Half-yearly, semesterly;Electricity;Consumption from 2 500 kWh to 4 999 kWh - band DC;Kilowatt-hour;All taxes and levies included;Euro;Consumption from 2 500 kWh to 4 999 kWh - band DC;DC;0.1072;0.24;0.027780000000000003;0.043706998868668134;0.21222;0.000412555705653657
Cyprus;2023-S1;2023;1;0.2312;0.042229723756906076;-0.06371233029714798;-0.6013884747282745;-1;1;1;0;Half-yearly, semesterly;Electricity;Consumption from 2 500 kWh to 4 999 kWh - band DC;Kilowatt-hour;Excluding taxes and levies;Euro;Consumption from 2 500 kWh to 4 999 kWh - band DC;DC;0.04009;0.07149;0.023780000000000003;0.01198758067663452;0.047709999999999995;0.00028386595057170176
Cyprus;2023-S1;2023;1;0.315;0.042229723756906076;-0.06371233029714798;-0.6013884747282745;-1;1;1;0;Half-yearly, semesterly;Electricity;Consumption from 2 500 kWh to 4 999 kWh - band DC;Kilowatt-hour;Excluding VAT and other recoverable taxes and levies;Euro;Consumption from 2 500 kWh to 4 999 kWh - band DC;DC;0.04009;0.07149;0.023780000000000003;0.01198758067663452;0.047709999999999995;0.00028386595057170176
Cyprus;2023-S1;2023;1;0.3739;0.042229723756906076;-0.06371233029714798;-0.6013884747282745;-1;1;1;0;Half-yearly, semesterly;Electricity;Consumption from 2 500 kWh to 4 999 kWh - band DC;Kilowatt-hour;All taxes and levies included;Euro;Consumption from 2 500 kWh to 4 999 kWh - band DC;DC;0.04009;0.07149;0.023780000000000003;0.01198758067663452;0.047709999999999995;0.00028386595057170176
Cyprus;2023-S2;2023;2;0.2099;0.03612461956521739;-0.006105104191688686;-0.14456888770650034;-1;1;1;0;Half-yearly, semesterly;Electricity;Consumption from 2 500 kWh to 4 999 kWh - band DC;Kilowatt-hour;Excluding taxes and levies;Euro;Consumption from 2 500 kWh to 4 999 kWh - band DC;DC;0.035894999999999996;0.05256;0.024030000000000003;0.005577214658926646;0.02853;0.00015438819082531373
Cyprus;2023-S2;2023;2;0.2909;0.03612461956521739;-0.006105104191688686;-0.14456888770650034;-1;1;1;0;Half-yearly, semesterly;Electricity;Consumption from 2 500 kWh to 4 999 kWh - band DC;Kilowatt-hour;Excluding VAT and other recoverable taxes and levies;Euro;Consumption from 2 500 kWh to 4 999 kWh - band DC;DC;0.035894999999999996;0.05256;0.024030000000000003;0.005577214658926646;0.02853;0.00015438819082531373
Cyprus;2023-S2;2023;2;0.3452;0.03612461956521739;-0.006105104191688686;-0.14456888770650034;-1;1;1;0;Half-yearly, semesterly;Electricity;Consumption from 2 500 kWh to 4 999 kWh - band DC;Kilowatt-hour;All taxes and levies included;Euro;Consumption from 2 500 kWh to 4 999 kWh - band DC;DC;0.035894999999999996;0.05256;0.024030000000000003;0.005577214658926646;0.02853;0.00015438819082531373
Cyprus;2024-S1;2024;1;0.2106;0.02965928571428571;-0.0064653338509316795;-0.17897306404181013;-1;1;0;1;Half-yearly, semesterly;Electricity;Consumption from 2 500 kWh to 4 999 kWh - band DC;Kilowatt-hour;Excluding taxes and levies;Euro;Consumption from 2 500 kWh to 4 999 kWh - band DC;DC;0.02939;0.03767;0.022719999999999997;0.003562587835220648;0.014950000000000003;0.00012011711507619673
Cyprus;2024-S1;2024;1;0.2731;0.02965928571428571;-0.0064653338509316795;-0.17897306404181013;-1;1;0;1;Half-yearly, semesterly;Electricity;Consumption from 2 500 kWh to 4 999 kWh - band DC;Kilowatt-hour;Excluding VAT and other recoverable taxes and levies;Euro;Consumption from 2 500 kWh to 4 999 kWh - band DC;DC;0.02939;0.03767;0.022719999999999997;0.003562587835220648;0.014950000000000003;0.00012011711507619673
Cyprus;2024-S1;2024;1;0.3241;0.02965928571428571;-0.0064653338509316795;-0.17897306404181013;-1;1;0;1;Half-yearly, semesterly;Electricity;Consumption from 2 500 kWh to 4 999 kWh - band DC;Kilowatt-hour;All taxes and levies included;Euro;Consumption from 2 500 kWh to 4 999 kWh - band DC;DC;0.02939;0.03767;0.022719999999999997;0.003562587835220648;0.014950000000000003;0.00012011711507619673
Cyprus;2024-S2;2024;2;0.2084;0.03988162162162163;0.010222335907335917;0.3446588702711819;1;1;0;0;Half-yearly, semesterly;Electricity;Consumption from 2 500 kWh to 4 999 kWh - band DC;Kilowatt-hour;Excluding taxes and levies;Euro;Consumption from 2 500 kWh to 4 999 kWh - band DC;DC;0.03939;0.0528;0.030379999999999997;0.0052140688200674355;0.02242;0.00013073863619529112
Cyprus;2024-S2;2024;2;0.274;0.03988162162162163;0.010222335907335917;0.3446588702711819;1;1;0;0;Half-yearly, semesterly;Electricity;Consumption from 2 500 kWh to 4 999 kWh - band DC;Kilowatt-hour;Excluding VAT and other recoverable taxes and levies;Euro;Consumption from 2 500 kWh to 4 999 kWh - band DC;DC;0.03939;0.0528;0.030379999999999997;0.0052140688200674355;0.02242;0.00013073863619529112
Cyprus;2024-S2;2024;2;0.3251;0.03988162162162163;0.010222335907335917;0.3446588702711819;1;1;0;0;Half-yearly, semesterly;Electricity;Consumption from 2 500 kWh to 4 999 kWh - band DC;Kilowatt-hour;All taxes and levies included;Euro;Consumption from 2 500 kWh to 4 999 kWh - band DC;DC;0.03939;0.0528;0.030379999999999997;0.0052140688200674355;0.02242;0.00013073863619529112
Cyprus;2025-S1;2025;1;0.1937;0.0405843093922652;0.0007026877706435702;0.01761933798255111;1;1;0;1;Half-yearly, semesterly;Electricity;Consumption from 2 500 kWh to 4 999 kWh - band DC;Kilowatt-hour;Excluding taxes and levies;Euro;Consumption from 2 500 kWh to 4 999 kWh - band DC;DC;0.03953;0.05722;0.03009;0.0070851230831753854;0.027129999999999998;0.00017457788956551042
Cyprus;2025-S1;2025;1;0.2543;0.0405843093922652;0.0007026877706435702;0.01761933798255111;1;1;0;1;Half-yearly, semesterly;Electricity;Consumption from 2 500 kWh to 4 999 kWh - band DC;Kilowatt-hour;Excluding VAT and other recoverable taxes and levies;Euro;Consumption from 2 500 kWh to 4 999 kWh - band DC;DC;0.03953;0.05722;0.03009;0.0070851230831753854;0.027129999999999998;0.00017457788956551042
Cyprus;2025-S1;2025;1;0.2932;0.0405843093922652;0.0007026877706435702;0.01761933798255111;1;1;0;1;Half-yearly, semesterly;Electricity;Consumption from 2 500 kWh to 4 999 kWh - band DC;Kilowatt-hour;All taxes and levies included;Euro;Consumption from 2 500 kWh to 4 999 kWh - band DC;DC;0.03953;0.05722;0.03009;0.0070851230831753854;0.027129999999999998;0.00017457788956551042
Cyprus;2025-S2;2025;2;0.1885;0.03125204918032787;-0.00933226021193733;-0.22994749329690278;-1;1;0;1;Half-yearly, semesterly;Electricity;Consumption from 2 500 kWh to 4 999 kWh - band DC;Kilowatt-hour;Excluding taxes and levies;Euro;Consumption from 2 500 kWh to 4 999 kWh - band DC;DC;0.03138;0.037020000000000004;0.026539999999999998;0.00208229441624638;0.010480000000000003;6.662905220170685e-05
Cyprus;2025-S2;2025;2;0.2543;0.03125204918032787;-0.00933226021193733;-0.22994749329690278;-1;1;0;1;Half-yearly, semesterly;Electricity;Consumption from 2 500 kWh to 4 999 kWh - band DC;Kilowatt-hour;Excluding VAT and other recoverable taxes and levies;Euro;Consumption from 2 500 kWh to 4 999 kWh - band DC;DC;0.03138;0.037020000000000004;0.026539999999999998;0.00208229441624638;0.010480000000000003;6.662905220170685e-05
Cyprus;2025-S2;2025;2;0.2774;0.03125204918032787;-0.00933226021193733;-0.22994749329690278;-1;1;0;1;Half-yearly, semesterly;Electricity;Consumption from 2 500 kWh to 4 999 kWh - band DC;Kilowatt-hour;All taxes and levies included;Euro;Consumption from 2 500 kWh to 4 999 kWh - band DC;DC;0.03138;0.037020000000000004;0.026539999999999998;0.00208229441624638;0.010480000000000003;6.662905220170685e-05
Czechia;2021-S1;2021;1;0.1284;0.021884866666666666;;;0;0;0;0;Half-yearly, semesterly;Electricity;Consumption from 2 500 kWh to 4 999 kWh - band DC;Kilowatt-hour;Excluding taxes and levies;Euro;Consumption from 2 500 kWh to 4 999 kWh - band DC;DC;0.021085;0.035;0.01492;0.00482668126102457;0.020079999999999997;0.0002205488082034421
Czechia;2021-S1;2021;1;0.1489;0.021884866666666666;;;0;0;0;0;Half-yearly, semesterly;Electricity;Consumption from 2 500 kWh to 4 999 kWh - band DC;Kilowatt-hour;Excluding VAT and other recoverable taxes and levies;Euro;Consumption from 2 500 kWh to 4 999 kWh - band DC;DC;0.021085;0.035;0.01492;0.00482668126102457;0.020079999999999997;0.0002205488082034421
Czechia;2021-S1;2021;1;0.1802;0.021884866666666666;;;0;0;0;0;Half-yearly, semesterly;Electricity;Consumption from 2 500 kWh to 4 999 kWh - band DC;Kilowatt-hour;All taxes and levies included;Euro;Consumption from 2 500 kWh to 4 999 kWh - band DC;DC;0.021085;0.035;0.01492;0.00482668126102457;0.020079999999999997;0.0002205488082034421
Czechia;2021-S2;2021;2;0.1498;0.07139254054054055;0.04950767387387388;2.2621875941917495;1;0;0;0;Half-yearly, semesterly;Electricity;Consumption from 2 500 kWh to 4 999 kWh - band DC;Kilowatt-hour;Excluding taxes and levies;Euro;Consumption from 2 500 kWh to 4 999 kWh - band DC;DC;0.07078;0.183;0.0338;0.029414433726409856;0.1492;0.00041200990332745994
Czechia;2021-S2;2021;2;0.1651;0.07139254054054055;0.04950767387387388;2.2621875941917495;1;0;0;0;Half-yearly, semesterly;Electricity;Consumption from 2 500 kWh to 4 999 kWh - band DC;Kilowatt-hour;Excluding VAT and other recoverable taxes and levies;Euro;Consumption from 2 500 kWh to 4 999 kWh - band DC;DC;0.07078;0.183;0.0338;0.029414433726409856;0.1492;0.00041200990332745994
Czechia;2021-S2;2021;2;0.1883;0.07139254054054055;0.04950767387387388;2.2621875941917495;1;0;0;0;Half-yearly, semesterly;Electricity;Consumption from 2 500 kWh to 4 999 kWh - band DC;Kilowatt-hour;All taxes and levies included;Euro;Consumption from 2 500 kWh to 4 999 kWh - band DC;DC;0.07078;0.183;0.0338;0.029414433726409856;0.1492;0.00041200990332745994
Czechia;2022-S1;2022;1;0.1879;0.09201900552486186;0.020626464984321316;0.28891624850650177;1;1;1;0;Half-yearly, semesterly;Electricity;Consumption from 2 500 kWh to 4 999 kWh - band DC;Kilowatt-hour;Excluding taxes and levies;Euro;Consumption from 2 500 kWh to 4 999 kWh - band DC;DC;0.08356;0.21436000000000002;0.04856;0.024964136723284833;0.1658;0.0002712932679601712
Czechia;2022-S1;2022;1;0.2021;0.09201900552486186;0.020626464984321316;0.28891624850650177;1;1;1;0;Half-yearly, semesterly;Electricity;Consumption from 2 500 kWh to 4 999 kWh - band DC;Kilowatt-hour;Excluding VAT and other recoverable taxes and levies;Euro;Consumption from 2 500 kWh to 4 999 kWh - band DC;DC;0.08356;0.21436000000000002;0.04856;0.024964136723284833;0.1658;0.0002712932679601712
Czechia;2022-S1;2022;1;0.2445;0.09201900552486186;0.020626464984321316;0.28891624850650177;1;1;1;0;Half-yearly, semesterly;Electricity;Consumption from 2 500 kWh to 4 999 kWh - band DC;Kilowatt-hour;All taxes and levies included;Euro;Consumption from 2 500 kWh to 4 999 kWh - band DC;DC;0.08356;0.21436000000000002;0.04856;0.024964136723284833;0.1658;0.0002712932679601712
Czechia;2022-S2;2022;2;0.2077;0.10594205405405406;0.013923048529192197;0.15130622690146822;1;1;1;0;Half-yearly, semesterly;Electricity;Consumption from 2 500 kWh to 4 999 kWh - band DC;Kilowatt-hour;Excluding taxes and levies;Euro;Consumption from 2 500 kWh to 4 999 kWh - band DC;DC;0.1072;0.24;0.027780000000000003;0.043706998868668134;0.21222;0.000412555705653657
Czechia;2022-S2;2022;2;0.1261;0.10594205405405406;0.013923048529192197;0.15130622690146822;1;1;1;0;Half-yearly, semesterly;Electricity;Consumption from 2 500 kWh to 4 999 kWh - band DC;Kilowatt-hour;Excluding VAT and other recoverable taxes and levies;Euro;Consumption from 2 500 kWh to 4 999 kWh - band DC;DC;0.1072;0.24;0.027780000000000003;0.043706998868668134;0.21222;0.000412555705653657
Czechia;2022-S2;2022;2;0.1721;0.10594205405405406;0.013923048529192197;0.15130622690146822;1;1;1;0;Half-yearly, semesterly;Electricity;Consumption from 2 500 kWh to 4 999 kWh - band DC;Kilowatt-hour;All taxes and levies included;Euro;Consumption from 2 500 kWh to 4 999 kWh - band DC;DC;0.1072;0.24;0.027780000000000003;0.043706998868668134;0.21222;0.000412555705653657
Czechia;2023-S1;2023;1;0.2624;0.042229723756906076;-0.06371233029714798;-0.6013884747282745;-1;1;1;0;Half-yearly, semesterly;Electricity;Consumption from 2 500 kWh to 4 999 kWh - band DC;Kilowatt-hour;Excluding taxes and levies;Euro;Consumption from 2 500 kWh to 4 999 kWh - band DC;DC;0.04009;0.07149;0.023780000000000003;0.01198758067663452;0.047709999999999995;0.00028386595057170176
Czechia;2023-S1;2023;1;0.2636;0.042229723756906076;-0.06371233029714798;-0.6013884747282745;-1;1;1;0;Half-yearly, semesterly;Electricity;Consumption from 2 500 kWh to 4 999 kWh - band DC;Kilowatt-hour;Excluding VAT and other recoverable taxes and levies;Euro;Consumption from 2 500 kWh to 4 999 kWh - band DC;DC;0.04009;0.07149;0.023780000000000003;0.01198758067663452;0.047709999999999995;0.00028386595057170176
Czechia;2023-S1;2023;1;0.319;0.042229723756906076;-0.06371233029714798;-0.6013884747282745;-1;1;1;0;Half-yearly, semesterly;Electricity;Consumption from 2 500 kWh to 4 999 kWh - band DC;Kilowatt-hour;All taxes and levies included;Euro;Consumption from 2 500 kWh to 4 999 kWh - band DC;DC;0.04009;0.07149;0.023780000000000003;0.01198758067663452;0.047709999999999995;0.00028386595057170176
Czechia;2023-S2;2023;2;0.2582;0.03612461956521739;-0.006105104191688686;-0.14456888770650034;-1;1;1;0;Half-yearly, semesterly;Electricity;Consumption from 2 500 kWh to 4 999 kWh - band DC;Kilowatt-hour;Excluding taxes and levies;Euro;Consumption from 2 500 kWh to 4 999 kWh - band DC;DC;0.035894999999999996;0.05256;0.024030000000000003;0.005577214658926646;0.02853;0.00015438819082531373
Czechia;2023-S2;2023;2;0.2599;0.03612461956521739;-0.006105104191688686;-0.14456888770650034;-1;1;1;0;Half-yearly, semesterly;Electricity;Consumption from 2 500 kWh to 4 999 kWh - band DC;Kilowatt-hour;Excluding VAT and other recoverable taxes and levies;Euro;Consumption from 2 500 kWh to 4 999 kWh - band DC;DC;0.035894999999999996;0.05256;0.024030000000000003;0.005577214658926646;0.02853;0.00015438819082531373
Czechia;2023-S2;2023;2;0.3151;0.03612461956521739;-0.006105104191688686;-0.14456888770650034;-1;1;1;0;Half-yearly, semesterly;Electricity;Consumption from 2 500 kWh to 4 999 kWh - band DC;Kilowatt-hour;All taxes and levies included;Euro;Consumption from 2 500 kWh to 4 999 kWh - band DC;DC;0.035894999999999996;0.05256;0.024030000000000003;0.005577214658926646;0.02853;0.00015438819082531373
Czechia;2024-S1;2024;1;0.2574;0.02965928571428571;-0.0064653338509316795;-0.17897306404181013;-1;1;0;1;Half-yearly, semesterly;Electricity;Consumption from 2 500 kWh to 4 999 kWh - band DC;Kilowatt-hour;Excluding taxes and levies;Euro;Consumption from 2 500 kWh to 4 999 kWh - band DC;DC;0.02939;0.03767;0.022719999999999997;0.003562587835220648;0.014950000000000003;0.00012011711507619673
Czechia;2024-S1;2024;1;0.2794;0.02965928571428571;-0.0064653338509316795;-0.17897306404181013;-1;1;0;1;Half-yearly, semesterly;Electricity;Consumption from 2 500 kWh to 4 999 kWh - band DC;Kilowatt-hour;Excluding VAT and other recoverable taxes and levies;Euro;Consumption from 2 500 kWh to 4 999 kWh - band DC;DC;0.02939;0.03767;0.022719999999999997;0.003562587835220648;0.014950000000000003;0.00012011711507619673
Czechia;2024-S1;2024;1;0.3381;0.02965928571428571;-0.0064653338509316795;-0.17897306404181013;-1;1;0;1;Half-yearly, semesterly;Electricity;Consumption from 2 500 kWh to 4 999 kWh - band DC;Kilowatt-hour;All taxes and levies included;Euro;Consumption from 2 500 kWh to 4 999 kWh - band DC;DC;0.02939;0.03767;0.022719999999999997;0.003562587835220648;0.014950000000000003;0.00012011711507619673
Czechia;2024-S2;2024;2;0.2511;0.03988162162162163;0.010222335907335917;0.3446588702711819;1;1;0;0;Half-yearly, semesterly;Electricity;Consumption from 2 500 kWh to 4 999 kWh - band DC;Kilowatt-hour;Excluding taxes and levies;Euro;Consumption from 2 500 kWh to 4 999 kWh - band DC;DC;0.03939;0.0528;0.030379999999999997;0.0052140688200674355;0.02242;0.00013073863619529112
Czechia;2024-S2;2024;2;0.2729;0.03988162162162163;0.010222335907335917;0.3446588702711819;1;1;0;0;Half-yearly, semesterly;Electricity;Consumption from 2 500 kWh to 4 999 kWh - band DC;Kilowatt-hour;Excluding VAT and other recoverable taxes and levies;Euro;Consumption from 2 500 kWh to 4 999 kWh - band DC;DC;0.03939;0.0528;0.030379999999999997;0.0052140688200674355;0.02242;0.00013073863619529112
Czechia;2024-S2;2024;2;0.3302;0.03988162162162163;0.010222335907335917;0.3446588702711819;1;1;0;0;Half-yearly, semesterly;Electricity;Consumption from 2 500 kWh to 4 999 kWh - band DC;Kilowatt-hour;All taxes and levies included;Euro;Consumption from 2 500 kWh to 4 999 kWh - band DC;DC;0.03939;0.0528;0.030379999999999997;0.0052140688200674355;0.02242;0.00013073863619529112
Czechia;2025-S1;2025;1;0.2404;0.0405843093922652;0.0007026877706435702;0.01761933798255111;1;1;0;1;Half-yearly, semesterly;Electricity;Consumption from 2 500 kWh to 4 999 kWh - band DC;Kilowatt-hour;Excluding taxes and levies;Euro;Consumption from 2 500 kWh to 4 999 kWh - band DC;DC;0.03953;0.05722;0.03009;0.0070851230831753854;0.027129999999999998;0.00017457788956551042
Czechia;2025-S1;2025;1;0.2627;0.0405843093922652;0.0007026877706435702;0.01761933798255111;1;1;0;1;Half-yearly, semesterly;Electricity;Consumption from 2 500 kWh to 4 999 kWh - band DC;Kilowatt-hour;Excluding VAT and other recoverable taxes and levies;Euro;Consumption from 2 500 kWh to 4 999 kWh - band DC;DC;0.03953;0.05722;0.03009;0.0070851230831753854;0.027129999999999998;0.00017457788956551042
Czechia;2025-S1;2025;1;0.3179;0.0405843093922652;0.0007026877706435702;0.01761933798255111;1;1;0;1;Half-yearly, semesterly;Electricity;Consumption from 2 500 kWh to 4 999 kWh - band DC;Kilowatt-hour;All taxes and levies included;Euro;Consumption from 2 500 kWh to 4 999 kWh - band DC;DC;0.03953;0.05722;0.03009;0.0070851230831753854;0.027129999999999998;0.00017457788956551042
Czechia;2025-S2;2025;2;0.242;0.03125204918032787;-0.00933226021193733;-0.22994749329690278;-1;1;0;1;Half-yearly, semesterly;Electricity;Consumption from 2 500 kWh to 4 999 kWh - band DC;Kilowatt-hour;Excluding taxes and levies;Euro;Consumption from 2 500 kWh to 4 999 kWh - band DC;DC;0.03138;0.037020000000000004;0.026539999999999998;0.00208229441624638;0.010480000000000003;6.662905220170685e-05
Czechia;2025-S2;2025;2;0.2659;0.03125204918032787;-0.00933226021193733;-0.22994749329690278;-1;1;0;1;Half-yearly, semesterly;Electricity;Consumption from 2 500 kWh to 4 999 kWh - band DC;Kilowatt-hour;Excluding VAT and other recoverable taxes and levies;Euro;Consumption from 2 500 kWh to 4 999 kWh - band DC;DC;0.03138;0.037020000000000004;0.026539999999999998;0.00208229441624638;0.010480000000000003;6.662905220170685e-05
Czechia;2025-S2;2025;2;0.3217;0.03125204918032787;-0.00933226021193733;-0.22994749329690278;-1;1;0;1;Half-yearly, semesterly;Electricity;Consumption from 2 500 kWh to 4 999 kWh - band DC;Kilowatt-hour;All taxes and levies included;Euro;Consumption from 2 500 kWh to 4 999 kWh - band DC;DC;0.03138;0.037020000000000004;0.026539999999999998;0.00208229441624638;0.010480000000000003;6.662905220170685e-05
Denmark;2021-S1;2021;1;0.104;0.021884866666666666;;;0;0;0;0;Half-yearly, semesterly;Electricity;Consumption from 2 500 kWh to 4 999 kWh - band DC;Kilowatt-hour;Excluding taxes and levies;Euro;Consumption from 2 500 kWh to 4 999 kWh - band DC;DC;0.021085;0.035;0.01492;0.00482668126102457;0.020079999999999997;0.0002205488082034421
Denmark;2021-S1;2021;1;0.232;0.021884866666666666;;;0;0;0;0;Half-yearly, semesterly;Electricity;Consumption from 2 500 kWh to 4 999 kWh - band DC;Kilowatt-hour;Excluding VAT and other recoverable taxes and levies;Euro;Consumption from 2 500 kWh to 4 999 kWh - band DC;DC;0.021085;0.035;0.01492;0.00482668126102457;0.020079999999999997;0.0002205488082034421
Denmark;2021-S1;2021;1;0.29;0.021884866666666666;;;0;0;0;0;Half-yearly, semesterly;Electricity;Consumption from 2 500 kWh to 4 999 kWh - band DC;Kilowatt-hour;All taxes and levies included;Euro;Consumption from 2 500 kWh to 4 999 kWh - band DC;DC;0.021085;0.035;0.01492;0.00482668126102457;0.020079999999999997;0.0002205488082034421
Denmark;2021-S2;2021;2;0.1485;0.07139254054054055;0.04950767387387388;2.2621875941917495;1;0;0;0;Half-yearly, semesterly;Electricity;Consumption from 2 500 kWh to 4 999 kWh - band DC;Kilowatt-hour;Excluding taxes and levies;Euro;Consumption from 2 500 kWh to 4 999 kWh - band DC;DC;0.07078;0.183;0.0338;0.029414433726409856;0.1492;0.00041200990332745994
Denmark;2021-S2;2021;2;0.2758;0.07139254054054055;0.04950767387387388;2.2621875941917495;1;0;0;0;Half-yearly, semesterly;Electricity;Consumption from 2 500 kWh to 4 999 kWh - band DC;Kilowatt-hour;Excluding VAT and other recoverable taxes and levies;Euro;Consumption from 2 500 kWh to 4 999 kWh - band DC;DC;0.07078;0.183;0.0338;0.029414433726409856;0.1492;0.00041200990332745994
Denmark;2021-S2;2021;2;0.3448;0.07139254054054055;0.04950767387387388;2.2621875941917495;1;0;0;0;Half-yearly, semesterly;Electricity;Consumption from 2 500 kWh to 4 999 kWh - band DC;Kilowatt-hour;All taxes and levies included;Euro;Consumption from 2 500 kWh to 4 999 kWh - band DC;DC;0.07078;0.183;0.0338;0.029414433726409856;0.1492;0.00041200990332745994
Denmark;2022-S1;2022;1;0.2371;0.09201900552486186;0.020626464984321316;0.28891624850650177;1;1;1;0;Half-yearly, semesterly;Electricity;Consumption from 2 500 kWh to 4 999 kWh - band DC;Kilowatt-hour;Excluding taxes and levies;Euro;Consumption from 2 500 kWh to 4 999 kWh - band DC;DC;0.08356;0.21436000000000002;0.04856;0.024964136723284833;0.1658;0.0002712932679601712
Denmark;2022-S1;2022;1;0.3647;0.09201900552486186;0.020626464984321316;0.28891624850650177;1;1;1;0;Half-yearly, semesterly;Electricity;Consumption from 2 500 kWh to 4 999 kWh - band DC;Kilowatt-hour;Excluding VAT and other recoverable taxes and levies;Euro;Consumption from 2 500 kWh to 4 999 kWh - band DC;DC;0.08356;0.21436000000000002;0.04856;0.024964136723284833;0.1658;0.0002712932679601712
Denmark;2022-S1;2022;1;0.4559;0.09201900552486186;0.020626464984321316;0.28891624850650177;1;1;1;0;Half-yearly, semesterly;Electricity;Consumption from 2 500 kWh to 4 999 kWh - band DC;Kilowatt-hour;All taxes and levies included;Euro;Consumption from 2 500 kWh to 4 999 kWh - band DC;DC;0.08356;0.21436000000000002;0.04856;0.024964136723284833;0.1658;0.0002712932679601712
Denmark;2022-S2;2022;2;0.3636;0.10594205405405406;0.013923048529192197;0.15130622690146822;1;1;1;0;Half-yearly, semesterly;Electricity;Consumption from 2 500 kWh to 4 999 kWh - band DC;Kilowatt-hour;Excluding taxes and levies;Euro;Consumption from 2 500 kWh to 4 999 kWh - band DC;DC;0.1072;0.24;0.027780000000000003;0.043706998868668134;0.21222;0.000412555705653657
Denmark;2022-S2;2022;2;0.4697;0.10594205405405406;0.013923048529192197;0.15130622690146822;1;1;1;0;Half-yearly, semesterly;Electricity;Consumption from 2 500 kWh to 4 999 kWh - band DC;Kilowatt-hour;Excluding VAT and other recoverable taxes and levies;Euro;Consumption from 2 500 kWh to 4 999 kWh - band DC;DC;0.1072;0.24;0.027780000000000003;0.043706998868668134;0.21222;0.000412555705653657
Denmark;2022-S2;2022;2;0.5871;0.10594205405405406;0.013923048529192197;0.15130622690146822;1;1;1;0;Half-yearly, semesterly;Electricity;Consumption from 2 500 kWh to 4 999 kWh - band DC;Kilowatt-hour;All taxes and levies included;Euro;Consumption from 2 500 kWh to 4 999 kWh - band DC;DC;0.1072;0.24;0.027780000000000003;0.043706998868668134;0.21222;0.000412555705653657
Denmark;2023-S1;2023;1;0.2976;0.042229723756906076;-0.06371233029714798;-0.6013884747282745;-1;1;1;0;Half-yearly, semesterly;Electricity;Consumption from 2 500 kWh to 4 999 kWh - band DC;Kilowatt-hour;Excluding taxes and levies;Euro;Consumption from 2 500 kWh to 4 999 kWh - band DC;DC;0.04009;0.07149;0.023780000000000003;0.01198758067663452;0.047709999999999995;0.00028386595057170176
Denmark;2023-S1;2023;1;0.3049;0.042229723756906076;-0.06371233029714798;-0.6013884747282745;-1;1;1;0;Half-yearly, semesterly;Electricity;Consumption from 2 500 kWh to 4 999 kWh - band DC;Kilowatt-hour;Excluding VAT and other recoverable taxes and levies;Euro;Consumption from 2 500 kWh to 4 999 kWh - band DC;DC;0.04009;0.07149;0.023780000000000003;0.01198758067663452;0.047709999999999995;0.00028386595057170176
Denmark;2023-S1;2023;1;0.3811;0.042229723756906076;-0.06371233029714798;-0.6013884747282745;-1;1;1;0;Half-yearly, semesterly;Electricity;Consumption from 2 500 kWh to 4 999 kWh - band DC;Kilowatt-hour;All taxes and levies included;Euro;Consumption from 2 500 kWh to 4 999 kWh - band DC;DC;0.04009;0.07149;0.023780000000000003;0.01198758067663452;0.047709999999999995;0.00028386595057170176
Denmark;2023-S2;2023;2;0.1846;0.03612461956521739;-0.006105104191688686;-0.14456888770650034;-1;1;1;0;Half-yearly, semesterly;Electricity;Consumption from 2 500 kWh to 4 999 kWh - band DC;Kilowatt-hour;Excluding taxes and levies;Euro;Consumption from 2 500 kWh to 4 999 kWh - band DC;DC;0.035894999999999996;0.05256;0.024030000000000003;0.005577214658926646;0.02853;0.00015438819082531373
Denmark;2023-S2;2023;2;0.2843;0.03612461956521739;-0.006105104191688686;-0.14456888770650034;-1;1;1;0;Half-yearly, semesterly;Electricity;Consumption from 2 500 kWh to 4 999 kWh - band DC;Kilowatt-hour;Excluding VAT and other recoverable taxes and levies;Euro;Consumption from 2 500 kWh to 4 999 kWh - band DC;DC;0.035894999999999996;0.05256;0.024030000000000003;0.005577214658926646;0.02853;0.00015438819082531373
Denmark;2023-S2;2023;2;0.3554;0.03612461956521739;-0.006105104191688686;-0.14456888770650034;-1;1;1;0;Half-yearly, semesterly;Electricity;Consumption from 2 500 kWh to 4 999 kWh - band DC;Kilowatt-hour;All taxes and levies included;Euro;Consumption from 2 500 kWh to 4 999 kWh - band DC;DC;0.035894999999999996;0.05256;0.024030000000000003;0.005577214658926646;0.02853;0.00015438819082531373
Denmark;2024-S1;2024;1;0.1883;0.02965928571428571;-0.0064653338509316795;-0.17897306404181013;-1;1;0;1;Half-yearly, semesterly;Electricity;Consumption from 2 500 kWh to 4 999 kWh - band DC;Kilowatt-hour;Excluding taxes and levies;Euro;Consumption from 2 500 kWh to 4 999 kWh - band DC;DC;0.02939;0.03767;0.022719999999999997;0.003562587835220648;0.014950000000000003;0.00012011711507619673
Denmark;2024-S1;2024;1;0.2966;0.02965928571428571;-0.0064653338509316795;-0.17897306404181013;-1;1;0;1;Half-yearly, semesterly;Electricity;Consumption from 2 500 kWh to 4 999 kWh - band DC;Kilowatt-hour;Excluding VAT and other recoverable taxes and levies;Euro;Consumption from 2 500 kWh to 4 999 kWh - band DC;DC;0.02939;0.03767;0.022719999999999997;0.003562587835220648;0.014950000000000003;0.00012011711507619673
Denmark;2024-S1;2024;1;0.3708;0.02965928571428571;-0.0064653338509316795;-0.17897306404181013;-1;1;0;1;Half-yearly, semesterly;Electricity;Consumption from 2 500 kWh to 4 999 kWh - band DC;Kilowatt-hour;All taxes and levies included;Euro;Consumption from 2 500 kWh to 4 999 kWh - band DC;DC;0.02939;0.03767;0.022719999999999997;0.003562587835220648;0.014950000000000003;0.00012011711507619673
Denmark;2024-S2;2024;2;0.1928;0.03988162162162163;0.010222335907335917;0.3446588702711819;1;1;0;0;Half-yearly, semesterly;Electricity;Consumption from 2 500 kWh to 4 999 kWh - band DC;Kilowatt-hour;Excluding taxes and levies;Euro;Consumption from 2 500 kWh to 4 999 kWh - band DC;DC;0.03939;0.0528;0.030379999999999997;0.0052140688200674355;0.02242;0.00013073863619529112
Denmark;2024-S2;2024;2;0.3011;0.03988162162162163;0.010222335907335917;0.3446588702711819;1;1;0;0;Half-yearly, semesterly;Electricity;Consumption from 2 500 kWh to 4 999 kWh - band DC;Kilowatt-hour;Excluding VAT and other recoverable taxes and levies;Euro;Consumption from 2 500 kWh to 4 999 kWh - band DC;DC;0.03939;0.0528;0.030379999999999997;0.0052140688200674355;0.02242;0.00013073863619529112
Denmark;2024-S2;2024;2;0.3763;0.03988162162162163;0.010222335907335917;0.3446588702711819;1;1;0;0;Half-yearly, semesterly;Electricity;Consumption from 2 500 kWh to 4 999 kWh - band DC;Kilowatt-hour;All taxes and levies included;Euro;Consumption from 2 500 kWh to 4 999 kWh - band DC;DC;0.03939;0.0528;0.030379999999999997;0.0052140688200674355;0.02242;0.00013073863619529112
Denmark;2025-S1;2025;1;0.1823;0.0405843093922652;0.0007026877706435702;0.01761933798255111;1;1;0;1;Half-yearly, semesterly;Electricity;Consumption from 2 500 kWh to 4 999 kWh - band DC;Kilowatt-hour;Excluding taxes and levies;Euro;Consumption from 2 500 kWh to 4 999 kWh - band DC;DC;0.03953;0.05722;0.03009;0.0070851230831753854;0.027129999999999998;0.00017457788956551042
Denmark;2025-S1;2025;1;0.2788;0.0405843093922652;0.0007026877706435702;0.01761933798255111;1;1;0;1;Half-yearly, semesterly;Electricity;Consumption from 2 500 kWh to 4 999 kWh - band DC;Kilowatt-hour;Excluding VAT and other recoverable taxes and levies;Euro;Consumption from 2 500 kWh to 4 999 kWh - band DC;DC;0.03953;0.05722;0.03009;0.0070851230831753854;0.027129999999999998;0.00017457788956551042
Denmark;2025-S1;2025;1;0.3485;0.0405843093922652;0.0007026877706435702;0.01761933798255111;1;1;0;1;Half-yearly, semesterly;Electricity;Consumption from 2 500 kWh to 4 999 kWh - band DC;Kilowatt-hour;All taxes and levies included;Euro;Consumption from 2 500 kWh to 4 999 kWh - band DC;DC;0.03953;0.05722;0.03009;0.0070851230831753854;0.027129999999999998;0.00017457788956551042
Denmark;2025-S2;2025;2;0.1685;0.03125204918032787;-0.00933226021193733;-0.22994749329690278;-1;1;0;1;Half-yearly, semesterly;Electricity;Consumption from 2 500 kWh to 4 999 kWh - band DC;Kilowatt-hour;Excluding taxes and levies;Euro;Consumption from 2 500 kWh to 4 999 kWh - band DC;DC;0.03138;0.037020000000000004;0.026539999999999998;0.00208229441624638;0.010480000000000003;6.662905220170685e-05
Denmark;2025-S2;2025;2;0.265;0.03125204918032787;-0.00933226021193733;-0.22994749329690278;-1;1;0;1;Half-yearly, semesterly;Electricity;Consumption from 2 500 kWh to 4 999 kWh - band DC;Kilowatt-hour;Excluding VAT and other recoverable taxes and levies;Euro;Consumption from 2 500 kWh to 4 999 kWh - band DC;DC;0.03138;0.037020000000000004;0.026539999999999998;0.00208229441624638;0.010480000000000003;6.662905220170685e-05
Denmark;2025-S2;2025;2;0.3312;0.03125204918032787;-0.00933226021193733;-0.22994749329690278;-1;1;0;1;Half-yearly, semesterly;Electricity;Consumption from 2 500 kWh to 4 999 kWh - band DC;Kilowatt-hour;All taxes and levies included;Euro;Consumption from 2 500 kWh to 4 999 kWh - band DC;DC;0.03138;0.037020000000000004;0.026539999999999998;0.00208229441624638;0.010480000000000003;6.662905220170685e-05
Estonia;2021-S1;2021;1;0.098;0.021884866666666666;;;0;0;0;0;Half-yearly, semesterly;Electricity;Consumption from 2 500 kWh to 4 999 kWh - band DC;Kilowatt-hour;Excluding taxes and levies;Euro;Consumption from 2 500 kWh to 4 999 kWh - band DC;DC;0.021085;0.035;0.01492;0.00482668126102457;0.020079999999999997;0.0002205488082034421
Estonia;2021-S1;2021;1;0.1103;0.021884866666666666;;;0;0;0;0;Half-yearly, semesterly;Electricity;Consumption from 2 500 kWh to 4 999 kWh - band DC;Kilowatt-hour;Excluding VAT and other recoverable taxes and levies;Euro;Consumption from 2 500 kWh to 4 999 kWh - band DC;DC;0.021085;0.035;0.01492;0.00482668126102457;0.020079999999999997;0.0002205488082034421
Estonia;2021-S1;2021;1;0.1324;0.021884866666666666;;;0;0;0;0;Half-yearly, semesterly;Electricity;Consumption from 2 500 kWh to 4 999 kWh - band DC;Kilowatt-hour;All taxes and levies included;Euro;Consumption from 2 500 kWh to 4 999 kWh - band DC;DC;0.021085;0.035;0.01492;0.00482668126102457;0.020079999999999997;0.0002205488082034421
Estonia;2021-S2;2021;2;0.1493;0.07139254054054055;0.04950767387387388;2.2621875941917495;1;0;0;0;Half-yearly, semesterly;Electricity;Consumption from 2 500 kWh to 4 999 kWh - band DC;Kilowatt-hour;Excluding taxes and levies;Euro;Consumption from 2 500 kWh to 4 999 kWh - band DC;DC;0.07078;0.183;0.0338;0.029414433726409856;0.1492;0.00041200990332745994
Estonia;2021-S2;2021;2;0.1616;0.07139254054054055;0.04950767387387388;2.2621875941917495;1;0;0;0;Half-yearly, semesterly;Electricity;Consumption from 2 500 kWh to 4 999 kWh - band DC;Kilowatt-hour;Excluding VAT and other recoverable taxes and levies;Euro;Consumption from 2 500 kWh to 4 999 kWh - band DC;DC;0.07078;0.183;0.0338;0.029414433726409856;0.1492;0.00041200990332745994
Estonia;2021-S2;2021;2;0.1939;0.07139254054054055;0.04950767387387388;2.2621875941917495;1;0;0;0;Half-yearly, semesterly;Electricity;Consumption from 2 500 kWh to 4 999 kWh - band DC;Kilowatt-hour;All taxes and levies included;Euro;Consumption from 2 500 kWh to 4 999 kWh - band DC;DC;0.07078;0.183;0.0338;0.029414433726409856;0.1492;0.00041200990332745994
Estonia;2022-S1;2022;1;0.159;0.09201900552486186;0.020626464984321316;0.28891624850650177;1;1;1;0;Half-yearly, semesterly;Electricity;Consumption from 2 500 kWh to 4 999 kWh - band DC;Kilowatt-hour;Excluding taxes and levies;Euro;Consumption from 2 500 kWh to 4 999 kWh - band DC;DC;0.08356;0.21436000000000002;0.04856;0.024964136723284833;0.1658;0.0002712932679601712
Estonia;2022-S1;2022;1;0.1713;0.09201900552486186;0.020626464984321316;0.28891624850650177;1;1;1;0;Half-yearly, semesterly;Electricity;Consumption from 2 500 kWh to 4 999 kWh - band DC;Kilowatt-hour;Excluding VAT and other recoverable taxes and levies;Euro;Consumption from 2 500 kWh to 4 999 kWh - band DC;DC;0.08356;0.21436000000000002;0.04856;0.024964136723284833;0.1658;0.0002712932679601712
Estonia;2022-S1;2022;1;0.2056;0.09201900552486186;0.020626464984321316;0.28891624850650177;1;1;1;0;Half-yearly, semesterly;Electricity;Consumption from 2 500 kWh to 4 999 kWh - band DC;Kilowatt-hour;All taxes and levies included;Euro;Consumption from 2 500 kWh to 4 999 kWh - band DC;DC;0.08356;0.21436000000000002;0.04856;0.024964136723284833;0.1658;0.0002712932679601712
Estonia;2022-S2;2022;2;0.2085;0.10594205405405406;0.013923048529192197;0.15130622690146822;1;1;1;0;Half-yearly, semesterly;Electricity;Consumption from 2 500 kWh to 4 999 kWh - band DC;Kilowatt-hour;Excluding taxes and levies;Euro;Consumption from 2 500 kWh to 4 999 kWh - band DC;DC;0.1072;0.24;0.027780000000000003;0.043706998868668134;0.21222;0.000412555705653657
Estonia;2022-S2;2022;2;0.2208;0.10594205405405406;0.013923048529192197;0.15130622690146822;1;1;1;0;Half-yearly, semesterly;Electricity;Consumption from 2 500 kWh to 4 999 kWh - band DC;Kilowatt-hour;Excluding VAT and other recoverable taxes and levies;Euro;Consumption from 2 500 kWh to 4 999 kWh - band DC;DC;0.1072;0.24;0.027780000000000003;0.043706998868668134;0.21222;0.000412555705653657
Estonia;2022-S2;2022;2;0.265;0.10594205405405406;0.013923048529192197;0.15130622690146822;1;1;1;0;Half-yearly, semesterly;Electricity;Consumption from 2 500 kWh to 4 999 kWh - band DC;Kilowatt-hour;All taxes and levies included;Euro;Consumption from 2 500 kWh to 4 999 kWh - band DC;DC;0.1072;0.24;0.027780000000000003;0.043706998868668134;0.21222;0.000412555705653657
Estonia;2023-S1;2023;1;0.1666;0.042229723756906076;-0.06371233029714798;-0.6013884747282745;-1;1;1;0;Half-yearly, semesterly;Electricity;Consumption from 2 500 kWh to 4 999 kWh - band DC;Kilowatt-hour;Excluding taxes and levies;Euro;Consumption from 2 500 kWh to 4 999 kWh - band DC;DC;0.04009;0.07149;0.023780000000000003;0.01198758067663452;0.047709999999999995;0.00028386595057170176
Estonia;2023-S1;2023;1;0.18;0.042229723756906076;-0.06371233029714798;-0.6013884747282745;-1;1;1;0;Half-yearly, semesterly;Electricity;Consumption from 2 500 kWh to 4 999 kWh - band DC;Kilowatt-hour;Excluding VAT and other recoverable taxes and levies;Euro;Consumption from 2 500 kWh to 4 999 kWh - band DC;DC;0.04009;0.07149;0.023780000000000003;0.01198758067663452;0.047709999999999995;0.00028386595057170176
Estonia;2023-S1;2023;1;0.216;0.042229723756906076;-0.06371233029714798;-0.6013884747282745;-1;1;1;0;Half-yearly, semesterly;Electricity;Consumption from 2 500 kWh to 4 999 kWh - band DC;Kilowatt-hour;All taxes and levies included;Euro;Consumption from 2 500 kWh to 4 999 kWh - band DC;DC;0.04009;0.07149;0.023780000000000003;0.01198758067663452;0.047709999999999995;0.00028386595057170176
Estonia;2023-S2;2023;2;0.1826;0.03612461956521739;-0.006105104191688686;-0.14456888770650034;-1;1;1;0;Half-yearly, semesterly;Electricity;Consumption from 2 500 kWh to 4 999 kWh - band DC;Kilowatt-hour;Excluding taxes and levies;Euro;Consumption from 2 500 kWh to 4 999 kWh - band DC;DC;0.035894999999999996;0.05256;0.024030000000000003;0.005577214658926646;0.02853;0.00015438819082531373
Estonia;2023-S2;2023;2;0.1949;0.03612461956521739;-0.006105104191688686;-0.14456888770650034;-1;1;1;0;Half-yearly, semesterly;Electricity;Consumption from 2 500 kWh to 4 999 kWh - band DC;Kilowatt-hour;Excluding VAT and other recoverable taxes and levies;Euro;Consumption from 2 500 kWh to 4 999 kWh - band DC;DC;0.035894999999999996;0.05256;0.024030000000000003;0.005577214658926646;0.02853;0.00015438819082531373
Estonia;2023-S2;2023;2;0.2339;0.03612461956521739;-0.006105104191688686;-0.14456888770650034;-1;1;1;0;Half-yearly, semesterly;Electricity;Consumption from 2 500 kWh to 4 999 kWh - band DC;Kilowatt-hour;All taxes and levies included;Euro;Consumption from 2 500 kWh to 4 999 kWh - band DC;DC;0.035894999999999996;0.05256;0.024030000000000003;0.005577214658926646;0.02853;0.00015438819082531373
Estonia;2024-S1;2024;1;0.1769;0.02965928571428571;-0.0064653338509316795;-0.17897306404181013;-1;1;0;1;Half-yearly, semesterly;Electricity;Consumption from 2 500 kWh to 4 999 kWh - band DC;Kilowatt-hour;Excluding taxes and levies;Euro;Consumption from 2 500 kWh to 4 999 kWh - band DC;DC;0.02939;0.03767;0.022719999999999997;0.003562587835220648;0.014950000000000003;0.00012011711507619673
Estonia;2024-S1;2024;1;0.1885;0.02965928571428571;-0.0064653338509316795;-0.17897306404181013;-1;1;0;1;Half-yearly, semesterly;Electricity;Consumption from 2 500 kWh to 4 999 kWh - band DC;Kilowatt-hour;Excluding VAT and other recoverable taxes and levies;Euro;Consumption from 2 500 kWh to 4 999 kWh - band DC;DC;0.02939;0.03767;0.022719999999999997;0.003562587835220648;0.014950000000000003;0.00012011711507619673
Estonia;2024-S1;2024;1;0.23;0.02965928571428571;-0.0064653338509316795;-0.17897306404181013;-1;1;0;1;Half-yearly, semesterly;Electricity;Consumption from 2 500 kWh to 4 999 kWh - band DC;Kilowatt-hour;All taxes and levies included;Euro;Consumption from 2 500 kWh to 4 999 kWh - band DC;DC;0.02939;0.03767;0.022719999999999997;0.003562587835220648;0.014950000000000003;0.00012011711507619673
Estonia;2024-S2;2024;2;0.1696;0.03988162162162163;0.010222335907335917;0.3446588702711819;1;1;0;0;Half-yearly, semesterly;Electricity;Consumption from 2 500 kWh to 4 999 kWh - band DC;Kilowatt-hour;Excluding taxes and levies;Euro;Consumption from 2 500 kWh to 4 999 kWh - band DC;DC;0.03939;0.0528;0.030379999999999997;0.0052140688200674355;0.02242;0.00013073863619529112
Estonia;2024-S2;2024;2;0.1815;0.03988162162162163;0.010222335907335917;0.3446588702711819;1;1;0;0;Half-yearly, semesterly;Electricity;Consumption from 2 500 kWh to 4 999 kWh - band DC;Kilowatt-hour;Excluding VAT and other recoverable taxes and levies;Euro;Consumption from 2 500 kWh to 4 999 kWh - band DC;DC;0.03939;0.0528;0.030379999999999997;0.0052140688200674355;0.02242;0.00013073863619529112
Estonia;2024-S2;2024;2;0.2214;0.03988162162162163;0.010222335907335917;0.3446588702711819;1;1;0;0;Half-yearly, semesterly;Electricity;Consumption from 2 500 kWh to 4 999 kWh - band DC;Kilowatt-hour;All taxes and levies included;Euro;Consumption from 2 500 kWh to 4 999 kWh - band DC;DC;0.03939;0.0528;0.030379999999999997;0.0052140688200674355;0.02242;0.00013073863619529112
Estonia;2025-S1;2025;1;0.1784;0.0405843093922652;0.0007026877706435702;0.01761933798255111;1;1;0;1;Half-yearly, semesterly;Electricity;Consumption from 2 500 kWh to 4 999 kWh - band DC;Kilowatt-hour;Excluding taxes and levies;Euro;Consumption from 2 500 kWh to 4 999 kWh - band DC;DC;0.03953;0.05722;0.03009;0.0070851230831753854;0.027129999999999998;0.00017457788956551042
Estonia;2025-S1;2025;1;0.1884;0.0405843093922652;0.0007026877706435702;0.01761933798255111;1;1;0;1;Half-yearly, semesterly;Electricity;Consumption from 2 500 kWh to 4 999 kWh - band DC;Kilowatt-hour;Excluding VAT and other recoverable taxes and levies;Euro;Consumption from 2 500 kWh to 4 999 kWh - band DC;DC;0.03953;0.05722;0.03009;0.0070851230831753854;0.027129999999999998;0.00017457788956551042
Estonia;2025-S1;2025;1;0.2298;0.0405843093922652;0.0007026877706435702;0.01761933798255111;1;1;0;1;Half-yearly, semesterly;Electricity;Consumption from 2 500 kWh to 4 999 kWh - band DC;Kilowatt-hour;All taxes and levies included;Euro;Consumption from 2 500 kWh to 4 999 kWh - band DC;DC;0.03953;0.05722;0.03009;0.0070851230831753854;0.027129999999999998;0.00017457788956551042
Estonia;2025-S2;2025;2;0.1753;0.03125204918032787;-0.00933226021193733;-0.22994749329690278;-1;1;0;1;Half-yearly, semesterly;Electricity;Consumption from 2 500 kWh to 4 999 kWh - band DC;Kilowatt-hour;Excluding taxes and levies;Euro;Consumption from 2 500 kWh to 4 999 kWh - band DC;DC;0.03138;0.037020000000000004;0.026539999999999998;0.00208229441624638;0.010480000000000003;6.662905220170685e-05
Estonia;2025-S2;2025;2;0.1858;0.03125204918032787;-0.00933226021193733;-0.22994749329690278;-1;1;0;1;Half-yearly, semesterly;Electricity;Consumption from 2 500 kWh to 4 999 kWh - band DC;Kilowatt-hour;Excluding VAT and other recoverable taxes and levies;Euro;Consumption from 2 500 kWh to 4 999 kWh - band DC;DC;0.03138;0.037020000000000004;0.026539999999999998;0.00208229441624638;0.010480000000000003;6.662905220170685e-05
Estonia;2025-S2;2025;2;0.2303;0.03125204918032787;-0.00933226021193733;-0.22994749329690278;-1;1;0;1;Half-yearly, semesterly;Electricity;Consumption from 2 500 kWh to 4 999 kWh - band DC;Kilowatt-hour;All taxes and levies included;Euro;Consumption from 2 500 kWh to 4 999 kWh - band DC;DC;0.03138;0.037020000000000004;0.026539999999999998;0.00208229441624638;0.010480000000000003;6.662905220170685e-05
Finland;2021-S1;2021;1;0.12;0.021884866666666666;;;0;0;0;0;Half-yearly, semesterly;Electricity;Consumption from 2 500 kWh to 4 999 kWh - band DC;Kilowatt-hour;Excluding taxes and levies;Euro;Consumption from 2 500 kWh to 4 999 kWh - band DC;DC;0.021085;0.035;0.01492;0.00482668126102457;0.020079999999999997;0.0002205488082034421
Finland;2021-S1;2021;1;0.1425;0.021884866666666666;;;0;0;0;0;Half-yearly, semesterly;Electricity;Consumption from 2 500 kWh to 4 999 kWh - band DC;Kilowatt-hour;Excluding VAT and other recoverable taxes and levies;Euro;Consumption from 2 500 kWh to 4 999 kWh - band DC;DC;0.021085;0.035;0.01492;0.00482668126102457;0.020079999999999997;0.0002205488082034421
Finland;2021-S1;2021;1;0.1767;0.021884866666666666;;;0;0;0;0;Half-yearly, semesterly;Electricity;Consumption from 2 500 kWh to 4 999 kWh - band DC;Kilowatt-hour;All taxes and levies included;Euro;Consumption from 2 500 kWh to 4 999 kWh - band DC;DC;0.021085;0.035;0.01492;0.00482668126102457;0.020079999999999997;0.0002205488082034421
Finland;2021-S2;2021;2;0.1259;0.07139254054054055;0.04950767387387388;2.2621875941917495;1;0;0;0;Half-yearly, semesterly;Electricity;Consumption from 2 500 kWh to 4 999 kWh - band DC;Kilowatt-hour;Excluding taxes and levies;Euro;Consumption from 2 500 kWh to 4 999 kWh - band DC;DC;0.07078;0.183;0.0338;0.029414433726409856;0.1492;0.00041200990332745994
Finland;2021-S2;2021;2;0.1484;0.07139254054054055;0.04950767387387388;2.2621875941917495;1;0;0;0;Half-yearly, semesterly;Electricity;Consumption from 2 500 kWh to 4 999 kWh - band DC;Kilowatt-hour;Excluding VAT and other recoverable taxes and levies;Euro;Consumption from 2 500 kWh to 4 999 kWh - band DC;DC;0.07078;0.183;0.0338;0.029414433726409856;0.1492;0.00041200990332745994
Finland;2021-S2;2021;2;0.184;0.07139254054054055;0.04950767387387388;2.2621875941917495;1;0;0;0;Half-yearly, semesterly;Electricity;Consumption from 2 500 kWh to 4 999 kWh - band DC;Kilowatt-hour;All taxes and levies included;Euro;Consumption from 2 500 kWh to 4 999 kWh - band DC;DC;0.07078;0.183;0.0338;0.029414433726409856;0.1492;0.00041200990332745994
Finland;2022-S1;2022;1;0.1335;0.09201900552486186;0.020626464984321316;0.28891624850650177;1;1;1;0;Half-yearly, semesterly;Electricity;Consumption from 2 500 kWh to 4 999 kWh - band DC;Kilowatt-hour;Excluding taxes and levies;Euro;Consumption from 2 500 kWh to 4 999 kWh - band DC;DC;0.08356;0.21436000000000002;0.04856;0.024964136723284833;0.1658;0.0002712932679601712
Finland;2022-S1;2022;1;0.156;0.09201900552486186;0.020626464984321316;0.28891624850650177;1;1;1;0;Half-yearly, semesterly;Electricity;Consumption from 2 500 kWh to 4 999 kWh - band DC;Kilowatt-hour;Excluding VAT and other recoverable taxes and levies;Euro;Consumption from 2 500 kWh to 4 999 kWh - band DC;DC;0.08356;0.21436000000000002;0.04856;0.024964136723284833;0.1658;0.0002712932679601712
Finland;2022-S1;2022;1;0.1934;0.09201900552486186;0.020626464984321316;0.28891624850650177;1;1;1;0;Half-yearly, semesterly;Electricity;Consumption from 2 500 kWh to 4 999 kWh - band DC;Kilowatt-hour;All taxes and levies included;Euro;Consumption from 2 500 kWh to 4 999 kWh - band DC;DC;0.08356;0.21436000000000002;0.04856;0.024964136723284833;0.1658;0.0002712932679601712
Finland;2022-S2;2022;2;0.1806;0.10594205405405406;0.013923048529192197;0.15130622690146822;1;1;1;0;Half-yearly, semesterly;Electricity;Consumption from 2 500 kWh to 4 999 kWh - band DC;Kilowatt-hour;Excluding taxes and levies;Euro;Consumption from 2 500 kWh to 4 999 kWh - band DC;DC;0.1072;0.24;0.027780000000000003;0.043706998868668134;0.21222;0.000412555705653657
Finland;2022-S2;2022;2;0.2031;0.10594205405405406;0.013923048529192197;0.15130622690146822;1;1;1;0;Half-yearly, semesterly;Electricity;Consumption from 2 500 kWh to 4 999 kWh - band DC;Kilowatt-hour;Excluding VAT and other recoverable taxes and levies;Euro;Consumption from 2 500 kWh to 4 999 kWh - band DC;DC;0.1072;0.24;0.027780000000000003;0.043706998868668134;0.21222;0.000412555705653657
Finland;2022-S2;2022;2;0.2474;0.10594205405405406;0.013923048529192197;0.15130622690146822;1;1;1;0;Half-yearly, semesterly;Electricity;Consumption from 2 500 kWh to 4 999 kWh - band DC;Kilowatt-hour;All taxes and levies included;Euro;Consumption from 2 500 kWh to 4 999 kWh - band DC;DC;0.1072;0.24;0.027780000000000003;0.043706998868668134;0.21222;0.000412555705653657
Finland;2023-S1;2023;1;0.1934;0.042229723756906076;-0.06371233029714798;-0.6013884747282745;-1;1;1;0;Half-yearly, semesterly;Electricity;Consumption from 2 500 kWh to 4 999 kWh - band DC;Kilowatt-hour;Excluding taxes and levies;Euro;Consumption from 2 500 kWh to 4 999 kWh - band DC;DC;0.04009;0.07149;0.023780000000000003;0.01198758067663452;0.047709999999999995;0.00028386595057170176
Finland;2023-S1;2023;1;0.2159;0.042229723756906076;-0.06371233029714798;-0.6013884747282745;-1;1;1;0;Half-yearly, semesterly;Electricity;Consumption from 2 500 kWh to 4 999 kWh - band DC;Kilowatt-hour;Excluding VAT and other recoverable taxes and levies;Euro;Consumption from 2 500 kWh to 4 999 kWh - band DC;DC;0.04009;0.07149;0.023780000000000003;0.01198758067663452;0.047709999999999995;0.00028386595057170176
Finland;2023-S1;2023;1;0.2557;0.042229723756906076;-0.06371233029714798;-0.6013884747282745;-1;1;1;0;Half-yearly, semesterly;Electricity;Consumption from 2 500 kWh to 4 999 kWh - band DC;Kilowatt-hour;All taxes and levies included;Euro;Consumption from 2 500 kWh to 4 999 kWh - band DC;DC;0.04009;0.07149;0.023780000000000003;0.01198758067663452;0.047709999999999995;0.00028386595057170176
Finland;2023-S2;2023;2;0.1712;0.03612461956521739;-0.006105104191688686;-0.14456888770650034;-1;1;1;0;Half-yearly, semesterly;Electricity;Consumption from 2 500 kWh to 4 999 kWh - band DC;Kilowatt-hour;Excluding taxes and levies;Euro;Consumption from 2 500 kWh to 4 999 kWh - band DC;DC;0.035894999999999996;0.05256;0.024030000000000003;0.005577214658926646;0.02853;0.00015438819082531373
Finland;2023-S2;2023;2;0.1938;0.03612461956521739;-0.006105104191688686;-0.14456888770650034;-1;1;1;0;Half-yearly, semesterly;Electricity;Consumption from 2 500 kWh to 4 999 kWh - band DC;Kilowatt-hour;Excluding VAT and other recoverable taxes and levies;Euro;Consumption from 2 500 kWh to 4 999 kWh - band DC;DC;0.035894999999999996;0.05256;0.024030000000000003;0.005577214658926646;0.02853;0.00015438819082531373
Finland;2023-S2;2023;2;0.2403;0.03612461956521739;-0.006105104191688686;-0.14456888770650034;-1;1;1;0;Half-yearly, semesterly;Electricity;Consumption from 2 500 kWh to 4 999 kWh - band DC;Kilowatt-hour;All taxes and levies included;Euro;Consumption from 2 500 kWh to 4 999 kWh - band DC;DC;0.035894999999999996;0.05256;0.024030000000000003;0.005577214658926646;0.02853;0.00015438819082531373
Finland;2024-S1;2024;1;0.1782;0.02965928571428571;-0.0064653338509316795;-0.17897306404181013;-1;1;0;1;Half-yearly, semesterly;Electricity;Consumption from 2 500 kWh to 4 999 kWh - band DC;Kilowatt-hour;Excluding taxes and levies;Euro;Consumption from 2 500 kWh to 4 999 kWh - band DC;DC;0.02939;0.03767;0.022719999999999997;0.003562587835220648;0.014950000000000003;0.00012011711507619673
Finland;2024-S1;2024;1;0.2007;0.02965928571428571;-0.0064653338509316795;-0.17897306404181013;-1;1;0;1;Half-yearly, semesterly;Electricity;Consumption from 2 500 kWh to 4 999 kWh - band DC;Kilowatt-hour;Excluding VAT and other recoverable taxes and levies;Euro;Consumption from 2 500 kWh to 4 999 kWh - band DC;DC;0.02939;0.03767;0.022719999999999997;0.003562587835220648;0.014950000000000003;0.00012011711507619673
Finland;2024-S1;2024;1;0.2489;0.02965928571428571;-0.0064653338509316795;-0.17897306404181013;-1;1;0;1;Half-yearly, semesterly;Electricity;Consumption from 2 500 kWh to 4 999 kWh - band DC;Kilowatt-hour;All taxes and levies included;Euro;Consumption from 2 500 kWh to 4 999 kWh - band DC;DC;0.02939;0.03767;0.022719999999999997;0.003562587835220648;0.014950000000000003;0.00012011711507619673
Finland;2024-S2;2024;2;0.1629;0.03988162162162163;0.010222335907335917;0.3446588702711819;1;1;0;0;Half-yearly, semesterly;Electricity;Consumption from 2 500 kWh to 4 999 kWh - band DC;Kilowatt-hour;Excluding taxes and levies;Euro;Consumption from 2 500 kWh to 4 999 kWh - band DC;DC;0.03939;0.0528;0.030379999999999997;0.0052140688200674355;0.02242;0.00013073863619529112
Finland;2024-S2;2024;2;0.1854;0.03988162162162163;0.010222335907335917;0.3446588702711819;1;1;0;0;Half-yearly, semesterly;Electricity;Consumption from 2 500 kWh to 4 999 kWh - band DC;Kilowatt-hour;Excluding VAT and other recoverable taxes and levies;Euro;Consumption from 2 500 kWh to 4 999 kWh - band DC;DC;0.03939;0.0528;0.030379999999999997;0.0052140688200674355;0.02242;0.00013073863619529112
Finland;2024-S2;2024;2;0.2319;0.03988162162162163;0.010222335907335917;0.3446588702711819;1;1;0;0;Half-yearly, semesterly;Electricity;Consumption from 2 500 kWh to 4 999 kWh - band DC;Kilowatt-hour;All taxes and levies included;Euro;Consumption from 2 500 kWh to 4 999 kWh - band DC;DC;0.03939;0.0528;0.030379999999999997;0.0052140688200674355;0.02242;0.00013073863619529112
Finland;2025-S1;2025;1;0.1588;0.0405843093922652;0.0007026877706435702;0.01761933798255111;1;1;0;1;Half-yearly, semesterly;Electricity;Consumption from 2 500 kWh to 4 999 kWh - band DC;Kilowatt-hour;Excluding taxes and levies;Euro;Consumption from 2 500 kWh to 4 999 kWh - band DC;DC;0.03953;0.05722;0.03009;0.0070851230831753854;0.027129999999999998;0.00017457788956551042
Finland;2025-S1;2025;1;0.1813;0.0405843093922652;0.0007026877706435702;0.01761933798255111;1;1;0;1;Half-yearly, semesterly;Electricity;Consumption from 2 500 kWh to 4 999 kWh - band DC;Kilowatt-hour;Excluding VAT and other recoverable taxes and levies;Euro;Consumption from 2 500 kWh to 4 999 kWh - band DC;DC;0.03953;0.05722;0.03009;0.0070851230831753854;0.027129999999999998;0.00017457788956551042
Finland;2025-S1;2025;1;0.2276;0.0405843093922652;0.0007026877706435702;0.01761933798255111;1;1;0;1;Half-yearly, semesterly;Electricity;Consumption from 2 500 kWh to 4 999 kWh - band DC;Kilowatt-hour;All taxes and levies included;Euro;Consumption from 2 500 kWh to 4 999 kWh - band DC;DC;0.03953;0.05722;0.03009;0.0070851230831753854;0.027129999999999998;0.00017457788956551042
Finland;2025-S2;2025;2;0.157;0.03125204918032787;-0.00933226021193733;-0.22994749329690278;-1;1;0;1;Half-yearly, semesterly;Electricity;Consumption from 2 500 kWh to 4 999 kWh - band DC;Kilowatt-hour;Excluding taxes and levies;Euro;Consumption from 2 500 kWh to 4 999 kWh - band DC;DC;0.03138;0.037020000000000004;0.026539999999999998;0.00208229441624638;0.010480000000000003;6.662905220170685e-05
Finland;2025-S2;2025;2;0.1796;0.03125204918032787;-0.00933226021193733;-0.22994749329690278;-1;1;0;1;Half-yearly, semesterly;Electricity;Consumption from 2 500 kWh to 4 999 kWh - band DC;Kilowatt-hour;Excluding VAT and other recoverable taxes and levies;Euro;Consumption from 2 500 kWh to 4 999 kWh - band DC;DC;0.03138;0.037020000000000004;0.026539999999999998;0.00208229441624638;0.010480000000000003;6.662905220170685e-05
Finland;2025-S2;2025;2;0.2254;0.03125204918032787;-0.00933226021193733;-0.22994749329690278;-1;1;0;1;Half-yearly, semesterly;Electricity;Consumption from 2 500 kWh to 4 999 kWh - band DC;Kilowatt-hour;All taxes and levies included;Euro;Consumption from 2 500 kWh to 4 999 kWh - band DC;DC;0.03138;0.037020000000000004;0.026539999999999998;0.00208229441624638;0.010480000000000003;6.662905220170685e-05
France;2021-S1;2021;1;0.1289;0.021884866666666666;;;0;0;0;0;Half-yearly, semesterly;Electricity;Consumption from 2 500 kWh to 4 999 kWh - band DC;Kilowatt-hour;Excluding taxes and levies;Euro;Consumption from 2 500 kWh to 4 999 kWh - band DC;DC;0.021085;0.035;0.01492;0.00482668126102457;0.020079999999999997;0.0002205488082034421
France;2021-S1;2021;1;0.1669;0.021884866666666666;;;0;0;0;0;Half-yearly, semesterly;Electricity;Consumption from 2 500 kWh to 4 999 kWh - band DC;Kilowatt-hour;Excluding VAT and other recoverable taxes and levies;Euro;Consumption from 2 500 kWh to 4 999 kWh - band DC;DC;0.021085;0.035;0.01492;0.00482668126102457;0.020079999999999997;0.0002205488082034421
France;2021-S1;2021;1;0.1946;0.021884866666666666;;;0;0;0;0;Half-yearly, semesterly;Electricity;Consumption from 2 500 kWh to 4 999 kWh - band DC;Kilowatt-hour;All taxes and levies included;Euro;Consumption from 2 500 kWh to 4 999 kWh - band DC;DC;0.021085;0.035;0.01492;0.00482668126102457;0.020079999999999997;0.0002205488082034421
France;2021-S2;2021;2;0.1356;0.07139254054054055;0.04950767387387388;2.2621875941917495;1;0;0;0;Half-yearly, semesterly;Electricity;Consumption from 2 500 kWh to 4 999 kWh - band DC;Kilowatt-hour;Excluding taxes and levies;Euro;Consumption from 2 500 kWh to 4 999 kWh - band DC;DC;0.07078;0.183;0.0338;0.029414433726409856;0.1492;0.00041200990332745994
France;2021-S2;2021;2;0.1738;0.07139254054054055;0.04950767387387388;2.2621875941917495;1;0;0;0;Half-yearly, semesterly;Electricity;Consumption from 2 500 kWh to 4 999 kWh - band DC;Kilowatt-hour;Excluding VAT and other recoverable taxes and levies;Euro;Consumption from 2 500 kWh to 4 999 kWh - band DC;DC;0.07078;0.183;0.0338;0.029414433726409856;0.1492;0.00041200990332745994
France;2021-S2;2021;2;0.2022;0.07139254054054055;0.04950767387387388;2.2621875941917495;1;0;0;0;Half-yearly, semesterly;Electricity;Consumption from 2 500 kWh to 4 999 kWh - band DC;Kilowatt-hour;All taxes and levies included;Euro;Consumption from 2 500 kWh to 4 999 kWh - band DC;DC;0.07078;0.183;0.0338;0.029414433726409856;0.1492;0.00041200990332745994
France;2022-S1;2022;1;0.1566;0.09201900552486186;0.020626464984321316;0.28891624850650177;1;1;1;0;Half-yearly, semesterly;Electricity;Consumption from 2 500 kWh to 4 999 kWh - band DC;Kilowatt-hour;Excluding taxes and levies;Euro;Consumption from 2 500 kWh to 4 999 kWh - band DC;DC;0.08356;0.21436000000000002;0.04856;0.024964136723284833;0.1658;0.0002712932679601712
France;2022-S1;2022;1;0.1793;0.09201900552486186;0.020626464984321316;0.28891624850650177;1;1;1;0;Half-yearly, semesterly;Electricity;Consumption from 2 500 kWh to 4 999 kWh - band DC;Kilowatt-hour;Excluding VAT and other recoverable taxes and levies;Euro;Consumption from 2 500 kWh to 4 999 kWh - band DC;DC;0.08356;0.21436000000000002;0.04856;0.024964136723284833;0.1658;0.0002712932679601712
France;2022-S1;2022;1;0.2092;0.09201900552486186;0.020626464984321316;0.28891624850650177;1;1;1;0;Half-yearly, semesterly;Electricity;Consumption from 2 500 kWh to 4 999 kWh - band DC;Kilowatt-hour;All taxes and levies included;Euro;Consumption from 2 500 kWh to 4 999 kWh - band DC;DC;0.08356;0.21436000000000002;0.04856;0.024964136723284833;0.1658;0.0002712932679601712
France;2022-S2;2022;2;0.1723;0.10594205405405406;0.013923048529192197;0.15130622690146822;1;1;1;0;Half-yearly, semesterly;Electricity;Consumption from 2 500 kWh to 4 999 kWh - band DC;Kilowatt-hour;Excluding taxes and levies;Euro;Consumption from 2 500 kWh to 4 999 kWh - band DC;DC;0.1072;0.24;0.027780000000000003;0.043706998868668134;0.21222;0.000412555705653657
France;2022-S2;2022;2;0.1899;0.10594205405405406;0.013923048529192197;0.15130622690146822;1;1;1;0;Half-yearly, semesterly;Electricity;Consumption from 2 500 kWh to 4 999 kWh - band DC;Kilowatt-hour;Excluding VAT and other recoverable taxes and levies;Euro;Consumption from 2 500 kWh to 4 999 kWh - band DC;DC;0.1072;0.24;0.027780000000000003;0.043706998868668134;0.21222;0.000412555705653657
France;2022-S2;2022;2;0.2204;0.10594205405405406;0.013923048529192197;0.15130622690146822;1;1;1;0;Half-yearly, semesterly;Electricity;Consumption from 2 500 kWh to 4 999 kWh - band DC;Kilowatt-hour;All taxes and levies included;Euro;Consumption from 2 500 kWh to 4 999 kWh - band DC;DC;0.1072;0.24;0.027780000000000003;0.043706998868668134;0.21222;0.000412555705653657
France;2023-S1;2023;1;0.1893;0.042229723756906076;-0.06371233029714798;-0.6013884747282745;-1;1;1;0;Half-yearly, semesterly;Electricity;Consumption from 2 500 kWh to 4 999 kWh - band DC;Kilowatt-hour;Excluding taxes and levies;Euro;Consumption from 2 500 kWh to 4 999 kWh - band DC;DC;0.04009;0.07149;0.023780000000000003;0.01198758067663452;0.047709999999999995;0.00028386595057170176
France;2023-S1;2023;1;0.1971;0.042229723756906076;-0.06371233029714798;-0.6013884747282745;-1;1;1;0;Half-yearly, semesterly;Electricity;Consumption from 2 500 kWh to 4 999 kWh - band DC;Kilowatt-hour;Excluding VAT and other recoverable taxes and levies;Euro;Consumption from 2 500 kWh to 4 999 kWh - band DC;DC;0.04009;0.07149;0.023780000000000003;0.01198758067663452;0.047709999999999995;0.00028386595057170176
France;2023-S1;2023;1;0.23;0.042229723756906076;-0.06371233029714798;-0.6013884747282745;-1;1;1;0;Half-yearly, semesterly;Electricity;Consumption from 2 500 kWh to 4 999 kWh - band DC;Kilowatt-hour;All taxes and levies included;Euro;Consumption from 2 500 kWh to 4 999 kWh - band DC;DC;0.04009;0.07149;0.023780000000000003;0.01198758067663452;0.047709999999999995;0.00028386595057170176
France;2023-S2;2023;2;0.2161;0.03612461956521739;-0.006105104191688686;-0.14456888770650034;-1;1;1;0;Half-yearly, semesterly;Electricity;Consumption from 2 500 kWh to 4 999 kWh - band DC;Kilowatt-hour;Excluding taxes and levies;Euro;Consumption from 2 500 kWh to 4 999 kWh - band DC;DC;0.035894999999999996;0.05256;0.024030000000000003;0.005577214658926646;0.02853;0.00015438819082531373
France;2023-S2;2023;2;0.2228;0.03612461956521739;-0.006105104191688686;-0.14456888770650034;-1;1;1;0;Half-yearly, semesterly;Electricity;Consumption from 2 500 kWh to 4 999 kWh - band DC;Kilowatt-hour;Excluding VAT and other recoverable taxes and levies;Euro;Consumption from 2 500 kWh to 4 999 kWh - band DC;DC;0.035894999999999996;0.05256;0.024030000000000003;0.005577214658926646;0.02853;0.00015438819082531373
France;2023-S2;2023;2;0.2591;0.03612461956521739;-0.006105104191688686;-0.14456888770650034;-1;1;1;0;Half-yearly, semesterly;Electricity;Consumption from 2 500 kWh to 4 999 kWh - band DC;Kilowatt-hour;All taxes and levies included;Euro;Consumption from 2 500 kWh to 4 999 kWh - band DC;DC;0.035894999999999996;0.05256;0.024030000000000003;0.005577214658926646;0.02853;0.00015438819082531373
France;2024-S1;2024;1;0.2219;0.02965928571428571;-0.0064653338509316795;-0.17897306404181013;-1;1;0;1;Half-yearly, semesterly;Electricity;Consumption from 2 500 kWh to 4 999 kWh - band DC;Kilowatt-hour;Excluding taxes and levies;Euro;Consumption from 2 500 kWh to 4 999 kWh - band DC;DC;0.02939;0.03767;0.022719999999999997;0.003562587835220648;0.014950000000000003;0.00012011711507619673
France;2024-S1;2024;1;0.2438;0.02965928571428571;-0.0064653338509316795;-0.17897306404181013;-1;1;0;1;Half-yearly, semesterly;Electricity;Consumption from 2 500 kWh to 4 999 kWh - band DC;Kilowatt-hour;Excluding VAT and other recoverable taxes and levies;Euro;Consumption from 2 500 kWh to 4 999 kWh - band DC;DC;0.02939;0.03767;0.022719999999999997;0.003562587835220648;0.014950000000000003;0.00012011711507619673
France;2024-S1;2024;1;0.2847;0.02965928571428571;-0.0064653338509316795;-0.17897306404181013;-1;1;0;1;Half-yearly, semesterly;Electricity;Consumption from 2 500 kWh to 4 999 kWh - band DC;Kilowatt-hour;All taxes and levies included;Euro;Consumption from 2 500 kWh to 4 999 kWh - band DC;DC;0.02939;0.03767;0.022719999999999997;0.003562587835220648;0.014950000000000003;0.00012011711507619673
France;2024-S2;2024;2;0.2223;0.03988162162162163;0.010222335907335917;0.3446588702711819;1;1;0;0;Half-yearly, semesterly;Electricity;Consumption from 2 500 kWh to 4 999 kWh - band DC;Kilowatt-hour;Excluding taxes and levies;Euro;Consumption from 2 500 kWh to 4 999 kWh - band DC;DC;0.03939;0.0528;0.030379999999999997;0.0052140688200674355;0.02242;0.00013073863619529112
France;2024-S2;2024;2;0.2504;0.03988162162162163;0.010222335907335917;0.3446588702711819;1;1;0;0;Half-yearly, semesterly;Electricity;Consumption from 2 500 kWh to 4 999 kWh - band DC;Kilowatt-hour;Excluding VAT and other recoverable taxes and levies;Euro;Consumption from 2 500 kWh to 4 999 kWh - band DC;DC;0.03939;0.0528;0.030379999999999997;0.0052140688200674355;0.02242;0.00013073863619529112
France;2024-S2;2024;2;0.2926;0.03988162162162163;0.010222335907335917;0.3446588702711819;1;1;0;0;Half-yearly, semesterly;Electricity;Consumption from 2 500 kWh to 4 999 kWh - band DC;Kilowatt-hour;All taxes and levies included;Euro;Consumption from 2 500 kWh to 4 999 kWh - band DC;DC;0.03939;0.0528;0.030379999999999997;0.0052140688200674355;0.02242;0.00013073863619529112
France;2025-S1;2025;1;0.1902;0.0405843093922652;0.0007026877706435702;0.01761933798255111;1;1;0;1;Half-yearly, semesterly;Electricity;Consumption from 2 500 kWh to 4 999 kWh - band DC;Kilowatt-hour;Excluding taxes and levies;Euro;Consumption from 2 500 kWh to 4 999 kWh - band DC;DC;0.03953;0.05722;0.03009;0.0070851230831753854;0.027129999999999998;0.00017457788956551042
France;2025-S1;2025;1;0.2272;0.0405843093922652;0.0007026877706435702;0.01761933798255111;1;1;0;1;Half-yearly, semesterly;Electricity;Consumption from 2 500 kWh to 4 999 kWh - band DC;Kilowatt-hour;Excluding VAT and other recoverable taxes and levies;Euro;Consumption from 2 500 kWh to 4 999 kWh - band DC;DC;0.03953;0.05722;0.03009;0.0070851230831753854;0.027129999999999998;0.00017457788956551042
France;2025-S1;2025;1;0.2671;0.0405843093922652;0.0007026877706435702;0.01761933798255111;1;1;0;1;Half-yearly, semesterly;Electricity;Consumption from 2 500 kWh to 4 999 kWh - band DC;Kilowatt-hour;All taxes and levies included;Euro;Consumption from 2 500 kWh to 4 999 kWh - band DC;DC;0.03953;0.05722;0.03009;0.0070851230831753854;0.027129999999999998;0.00017457788956551042
France;2025-S2;2025;2;0.1785;0.03125204918032787;-0.00933226021193733;-0.22994749329690278;-1;1;0;1;Half-yearly, semesterly;Electricity;Consumption from 2 500 kWh to 4 999 kWh - band DC;Kilowatt-hour;Excluding taxes and levies;Euro;Consumption from 2 500 kWh to 4 999 kWh - band DC;DC;0.03138;0.037020000000000004;0.026539999999999998;0.00208229441624638;0.010480000000000003;6.662905220170685e-05
France;2025-S2;2025;2;0.2158;0.03125204918032787;-0.00933226021193733;-0.22994749329690278;-1;1;0;1;Half-yearly, semesterly;Electricity;Consumption from 2 500 kWh to 4 999 kWh - band DC;Kilowatt-hour;Excluding VAT and other recoverable taxes and levies;Euro;Consumption from 2 500 kWh to 4 999 kWh - band DC;DC;0.03138;0.037020000000000004;0.026539999999999998;0.00208229441624638;0.010480000000000003;6.662905220170685e-05
France;2025-S2;2025;2;0.2561;0.03125204918032787;-0.00933226021193733;-0.22994749329690278;-1;1;0;1;Half-yearly, semesterly;Electricity;Consumption from 2 500 kWh to 4 999 kWh - band DC;Kilowatt-hour;All taxes and levies included;Euro;Consumption from 2 500 kWh to 4 999 kWh - band DC;DC;0.03138;0.037020000000000004;0.026539999999999998;0.00208229441624638;0.010480000000000003;6.662905220170685e-05
Georgia;2021-S1;2021;1;0.0535;0.021884866666666666;;;0;0;0;0;Half-yearly, semesterly;Electricity;Consumption from 2 500 kWh to 4 999 kWh - band DC;Kilowatt-hour;Excluding taxes and levies;Euro;Consumption from 2 500 kWh to 4 999 kWh - band DC;DC;0.021085;0.035;0.01492;0.00482668126102457;0.020079999999999997;0.0002205488082034421
Georgia;2021-S1;2021;1;0.0535;0.021884866666666666;;;0;0;0;0;Half-yearly, semesterly;Electricity;Consumption from 2 500 kWh to 4 999 kWh - band DC;Kilowatt-hour;Excluding VAT and other recoverable taxes and levies;Euro;Consumption from 2 500 kWh to 4 999 kWh - band DC;DC;0.021085;0.035;0.01492;0.00482668126102457;0.020079999999999997;0.0002205488082034421
Georgia;2021-S1;2021;1;0.0631;0.021884866666666666;;;0;0;0;0;Half-yearly, semesterly;Electricity;Consumption from 2 500 kWh to 4 999 kWh - band DC;Kilowatt-hour;All taxes and levies included;Euro;Consumption from 2 500 kWh to 4 999 kWh - band DC;DC;0.021085;0.035;0.01492;0.00482668126102457;0.020079999999999997;0.0002205488082034421
Georgia;2021-S2;2021;2;0.0559;0.07139254054054055;0.04950767387387388;2.2621875941917495;1;0;0;0;Half-yearly, semesterly;Electricity;Consumption from 2 500 kWh to 4 999 kWh - band DC;Kilowatt-hour;Excluding taxes and levies;Euro;Consumption from 2 500 kWh to 4 999 kWh - band DC;DC;0.07078;0.183;0.0338;0.029414433726409856;0.1492;0.00041200990332745994
Georgia;2021-S2;2021;2;0.0559;0.07139254054054055;0.04950767387387388;2.2621875941917495;1;0;0;0;Half-yearly, semesterly;Electricity;Consumption from 2 500 kWh to 4 999 kWh - band DC;Kilowatt-hour;Excluding VAT and other recoverable taxes and levies;Euro;Consumption from 2 500 kWh to 4 999 kWh - band DC;DC;0.07078;0.183;0.0338;0.029414433726409856;0.1492;0.00041200990332745994
Georgia;2021-S2;2021;2;0.066;0.07139254054054055;0.04950767387387388;2.2621875941917495;1;0;0;0;Half-yearly, semesterly;Electricity;Consumption from 2 500 kWh to 4 999 kWh - band DC;Kilowatt-hour;All taxes and levies included;Euro;Consumption from 2 500 kWh to 4 999 kWh - band DC;DC;0.07078;0.183;0.0338;0.029414433726409856;0.1492;0.00041200990332745994
Georgia;2022-S2;2022;2;0.0716;0.10594205405405406;0.013923048529192197;0.15130622690146822;1;1;1;0;Half-yearly, semesterly;Electricity;Consumption from 2 500 kWh to 4 999 kWh - band DC;Kilowatt-hour;Excluding taxes and levies;Euro;Consumption from 2 500 kWh to 4 999 kWh - band DC;DC;0.1072;0.24;0.027780000000000003;0.043706998868668134;0.21222;0.000412555705653657
Georgia;2022-S2;2022;2;0.0716;0.10594205405405406;0.013923048529192197;0.15130622690146822;1;1;1;0;Half-yearly, semesterly;Electricity;Consumption from 2 500 kWh to 4 999 kWh - band DC;Kilowatt-hour;Excluding VAT and other recoverable taxes and levies;Euro;Consumption from 2 500 kWh to 4 999 kWh - band DC;DC;0.1072;0.24;0.027780000000000003;0.043706998868668134;0.21222;0.000412555705653657
Georgia;2022-S2;2022;2;0.0845;0.10594205405405406;0.013923048529192197;0.15130622690146822;1;1;1;0;Half-yearly, semesterly;Electricity;Consumption from 2 500 kWh to 4 999 kWh - band DC;Kilowatt-hour;All taxes and levies included;Euro;Consumption from 2 500 kWh to 4 999 kWh - band DC;DC;0.1072;0.24;0.027780000000000003;0.043706998868668134;0.21222;0.000412555705653657
Georgia;2023-S1;2023;1;0.0718;0.042229723756906076;-0.06371233029714798;-0.6013884747282745;-1;1;1;0;Half-yearly, semesterly;Electricity;Consumption from 2 500 kWh to 4 999 kWh - band DC;Kilowatt-hour;Excluding taxes and levies;Euro;Consumption from 2 500 kWh to 4 999 kWh - band DC;DC;0.04009;0.07149;0.023780000000000003;0.01198758067663452;0.047709999999999995;0.00028386595057170176
Georgia;2023-S1;2023;1;0.0718;0.042229723756906076;-0.06371233029714798;-0.6013884747282745;-1;1;1;0;Half-yearly, semesterly;Electricity;Consumption from 2 500 kWh to 4 999 kWh - band DC;Kilowatt-hour;Excluding VAT and other recoverable taxes and levies;Euro;Consumption from 2 500 kWh to 4 999 kWh - band DC;DC;0.04009;0.07149;0.023780000000000003;0.01198758067663452;0.047709999999999995;0.00028386595057170176
Georgia;2023-S1;2023;1;0.0847;0.042229723756906076;-0.06371233029714798;-0.6013884747282745;-1;1;1;0;Half-yearly, semesterly;Electricity;Consumption from 2 500 kWh to 4 999 kWh - band DC;Kilowatt-hour;All taxes and levies included;Euro;Consumption from 2 500 kWh to 4 999 kWh - band DC;DC;0.04009;0.07149;0.023780000000000003;0.01198758067663452;0.047709999999999995;0.00028386595057170176
Georgia;2023-S2;2023;2;0.0733;0.03612461956521739;-0.006105104191688686;-0.14456888770650034;-1;1;1;0;Half-yearly, semesterly;Electricity;Consumption from 2 500 kWh to 4 999 kWh - band DC;Kilowatt-hour;Excluding taxes and levies;Euro;Consumption from 2 500 kWh to 4 999 kWh - band DC;DC;0.035894999999999996;0.05256;0.024030000000000003;0.005577214658926646;0.02853;0.00015438819082531373
Georgia;2023-S2;2023;2;0.0733;0.03612461956521739;-0.006105104191688686;-0.14456888770650034;-1;1;1;0;Half-yearly, semesterly;Electricity;Consumption from 2 500 kWh to 4 999 kWh - band DC;Kilowatt-hour;Excluding VAT and other recoverable taxes and levies;Euro;Consumption from 2 500 kWh to 4 999 kWh - band DC;DC;0.035894999999999996;0.05256;0.024030000000000003;0.005577214658926646;0.02853;0.00015438819082531373
Georgia;2023-S2;2023;2;0.0866;0.03612461956521739;-0.006105104191688686;-0.14456888770650034;-1;1;1;0;Half-yearly, semesterly;Electricity;Consumption from 2 500 kWh to 4 999 kWh - band DC;Kilowatt-hour;All taxes and levies included;Euro;Consumption from 2 500 kWh to 4 999 kWh - band DC;DC;0.035894999999999996;0.05256;0.024030000000000003;0.005577214658926646;0.02853;0.00015438819082531373
Georgia;2024-S1;2024;1;0.0602;0.02965928571428571;-0.0064653338509316795;-0.17897306404181013;-1;1;0;1;Half-yearly, semesterly;Electricity;Consumption from 2 500 kWh to 4 999 kWh - band DC;Kilowatt-hour;Excluding taxes and levies;Euro;Consumption from 2 500 kWh to 4 999 kWh - band DC;DC;0.02939;0.03767;0.022719999999999997;0.003562587835220648;0.014950000000000003;0.00012011711507619673
Georgia;2024-S1;2024;1;0.0602;0.02965928571428571;-0.0064653338509316795;-0.17897306404181013;-1;1;0;1;Half-yearly, semesterly;Electricity;Consumption from 2 500 kWh to 4 999 kWh - band DC;Kilowatt-hour;Excluding VAT and other recoverable taxes and levies;Euro;Consumption from 2 500 kWh to 4 999 kWh - band DC;DC;0.02939;0.03767;0.022719999999999997;0.003562587835220648;0.014950000000000003;0.00012011711507619673
Georgia;2024-S1;2024;1;0.071;0.02965928571428571;-0.0064653338509316795;-0.17897306404181013;-1;1;0;1;Half-yearly, semesterly;Electricity;Consumption from 2 500 kWh to 4 999 kWh - band DC;Kilowatt-hour;All taxes and levies included;Euro;Consumption from 2 500 kWh to 4 999 kWh - band DC;DC;0.02939;0.03767;0.022719999999999997;0.003562587835220648;0.014950000000000003;0.00012011711507619673
Georgia;2024-S2;2024;2;0.0596;0.03988162162162163;0.010222335907335917;0.3446588702711819;1;1;0;0;Half-yearly, semesterly;Electricity;Consumption from 2 500 kWh to 4 999 kWh - band DC;Kilowatt-hour;Excluding taxes and levies;Euro;Consumption from 2 500 kWh to 4 999 kWh - band DC;DC;0.03939;0.0528;0.030379999999999997;0.0052140688200674355;0.02242;0.00013073863619529112
Georgia;2024-S2;2024;2;0.0596;0.03988162162162163;0.010222335907335917;0.3446588702711819;1;1;0;0;Half-yearly, semesterly;Electricity;Consumption from 2 500 kWh to 4 999 kWh - band DC;Kilowatt-hour;Excluding VAT and other recoverable taxes and levies;Euro;Consumption from 2 500 kWh to 4 999 kWh - band DC;DC;0.03939;0.0528;0.030379999999999997;0.0052140688200674355;0.02242;0.00013073863619529112
Georgia;2024-S2;2024;2;0.0703;0.03988162162162163;0.010222335907335917;0.3446588702711819;1;1;0;0;Half-yearly, semesterly;Electricity;Consumption from 2 500 kWh to 4 999 kWh - band DC;Kilowatt-hour;All taxes and levies included;Euro;Consumption from 2 500 kWh to 4 999 kWh - band DC;DC;0.03939;0.0528;0.030379999999999997;0.0052140688200674355;0.02242;0.00013073863619529112
Georgia;2025-S1;2025;1;0.0641;0.0405843093922652;0.0007026877706435702;0.01761933798255111;1;1;0;1;Half-yearly, semesterly;Electricity;Consumption from 2 500 kWh to 4 999 kWh - band DC;Kilowatt-hour;Excluding taxes and levies;Euro;Consumption from 2 500 kWh to 4 999 kWh - band DC;DC;0.03953;0.05722;0.03009;0.0070851230831753854;0.027129999999999998;0.00017457788956551042
Georgia;2025-S1;2025;1;0.0641;0.0405843093922652;0.0007026877706435702;0.01761933798255111;1;1;0;1;Half-yearly, semesterly;Electricity;Consumption from 2 500 kWh to 4 999 kWh - band DC;Kilowatt-hour;Excluding VAT and other recoverable taxes and levies;Euro;Consumption from 2 500 kWh to 4 999 kWh - band DC;DC;0.03953;0.05722;0.03009;0.0070851230831753854;0.027129999999999998;0.00017457788956551042
Georgia;2025-S1;2025;1;0.0756;0.0405843093922652;0.0007026877706435702;0.01761933798255111;1;1;0;1;Half-yearly, semesterly;Electricity;Consumption from 2 500 kWh to 4 999 kWh - band DC;Kilowatt-hour;All taxes and levies included;Euro;Consumption from 2 500 kWh to 4 999 kWh - band DC;DC;0.03953;0.05722;0.03009;0.0070851230831753854;0.027129999999999998;0.00017457788956551042
Georgia;2025-S2;2025;2;0.0619;0.03125204918032787;-0.00933226021193733;-0.22994749329690278;-1;1;0;1;Half-yearly, semesterly;Electricity;Consumption from 2 500 kWh to 4 999 kWh - band DC;Kilowatt-hour;Excluding taxes and levies;Euro;Consumption from 2 500 kWh to 4 999 kWh - band DC;DC;0.03138;0.037020000000000004;0.026539999999999998;0.00208229441624638;0.010480000000000003;6.662905220170685e-05
Georgia;2025-S2;2025;2;0.0619;0.03125204918032787;-0.00933226021193733;-0.22994749329690278;-1;1;0;1;Half-yearly, semesterly;Electricity;Consumption from 2 500 kWh to 4 999 kWh - band DC;Kilowatt-hour;Excluding VAT and other recoverable taxes and levies;Euro;Consumption from 2 500 kWh to 4 999 kWh - band DC;DC;0.03138;0.037020000000000004;0.026539999999999998;0.00208229441624638;0.010480000000000003;6.662905220170685e-05
Georgia;2025-S2;2025;2;0.0731;0.03125204918032787;-0.00933226021193733;-0.22994749329690278;-1;1;0;1;Half-yearly, semesterly;Electricity;Consumption from 2 500 kWh to 4 999 kWh - band DC;Kilowatt-hour;All taxes and levies included;Euro;Consumption from 2 500 kWh to 4 999 kWh - band DC;DC;0.03138;0.037020000000000004;0.026539999999999998;0.00208229441624638;0.010480000000000003;6.662905220170685e-05
Germany;2021-S1;2021;1;0.1562;0.021884866666666666;;;0;0;0;0;Half-yearly, semesterly;Electricity;Consumption from 2 500 kWh to 4 999 kWh - band DC;Kilowatt-hour;Excluding taxes and levies;Euro;Consumption from 2 500 kWh to 4 999 kWh - band DC;DC;0.021085;0.035;0.01492;0.00482668126102457;0.020079999999999997;0.0002205488082034421
Germany;2021-S1;2021;1;0.2684;0.021884866666666666;;;0;0;0;0;Half-yearly, semesterly;Electricity;Consumption from 2 500 kWh to 4 999 kWh - band DC;Kilowatt-hour;Excluding VAT and other recoverable taxes and levies;Euro;Consumption from 2 500 kWh to 4 999 kWh - band DC;DC;0.021085;0.035;0.01492;0.00482668126102457;0.020079999999999997;0.0002205488082034421
Germany;2021-S1;2021;1;0.3193;0.021884866666666666;;;0;0;0;0;Half-yearly, semesterly;Electricity;Consumption from 2 500 kWh to 4 999 kWh - band DC;Kilowatt-hour;All taxes and levies included;Euro;Consumption from 2 500 kWh to 4 999 kWh - band DC;DC;0.021085;0.035;0.01492;0.00482668126102457;0.020079999999999997;0.0002205488082034421
Germany;2021-S2;2021;2;0.1596;0.07139254054054055;0.04950767387387388;2.2621875941917495;1;0;0;0;Half-yearly, semesterly;Electricity;Consumption from 2 500 kWh to 4 999 kWh - band DC;Kilowatt-hour;Excluding taxes and levies;Euro;Consumption from 2 500 kWh to 4 999 kWh - band DC;DC;0.07078;0.183;0.0338;0.029414433726409856;0.1492;0.00041200990332745994
Germany;2021-S2;2021;2;0.2718;0.07139254054054055;0.04950767387387388;2.2621875941917495;1;0;0;0;Half-yearly, semesterly;Electricity;Consumption from 2 500 kWh to 4 999 kWh - band DC;Kilowatt-hour;Excluding VAT and other recoverable taxes and levies;Euro;Consumption from 2 500 kWh to 4 999 kWh - band DC;DC;0.07078;0.183;0.0338;0.029414433726409856;0.1492;0.00041200990332745994
Germany;2021-S2;2021;2;0.3234;0.07139254054054055;0.04950767387387388;2.2621875941917495;1;0;0;0;Half-yearly, semesterly;Electricity;Consumption from 2 500 kWh to 4 999 kWh - band DC;Kilowatt-hour;All taxes and levies included;Euro;Consumption from 2 500 kWh to 4 999 kWh - band DC;DC;0.07078;0.183;0.0338;0.029414433726409856;0.1492;0.00041200990332745994
Germany;2022-S1;2022;1;0.1899;0.09201900552486186;0.020626464984321316;0.28891624850650177;1;1;1;0;Half-yearly, semesterly;Electricity;Consumption from 2 500 kWh to 4 999 kWh - band DC;Kilowatt-hour;Excluding taxes and levies;Euro;Consumption from 2 500 kWh to 4 999 kWh - band DC;DC;0.08356;0.21436000000000002;0.04856;0.024964136723284833;0.1658;0.0002712932679601712
Germany;2022-S1;2022;1;0.2756;0.09201900552486186;0.020626464984321316;0.28891624850650177;1;1;1;0;Half-yearly, semesterly;Electricity;Consumption from 2 500 kWh to 4 999 kWh - band DC;Kilowatt-hour;Excluding VAT and other recoverable taxes and levies;Euro;Consumption from 2 500 kWh to 4 999 kWh - band DC;DC;0.08356;0.21436000000000002;0.04856;0.024964136723284833;0.1658;0.0002712932679601712
Germany;2022-S1;2022;1;0.3279;0.09201900552486186;0.020626464984321316;0.28891624850650177;1;1;1;0;Half-yearly, semesterly;Electricity;Consumption from 2 500 kWh to 4 999 kWh - band DC;Kilowatt-hour;All taxes and levies included;Euro;Consumption from 2 500 kWh to 4 999 kWh - band DC;DC;0.08356;0.21436000000000002;0.04856;0.024964136723284833;0.1658;0.0002712932679601712
Germany;2022-S2;2022;2;0.2333;0.10594205405405406;0.013923048529192197;0.15130622690146822;1;1;1;0;Half-yearly, semesterly;Electricity;Consumption from 2 500 kWh to 4 999 kWh - band DC;Kilowatt-hour;Excluding taxes and levies;Euro;Consumption from 2 500 kWh to 4 999 kWh - band DC;DC;0.1072;0.24;0.027780000000000003;0.043706998868668134;0.21222;0.000412555705653657
Germany;2022-S2;2022;2;0.2822;0.10594205405405406;0.013923048529192197;0.15130622690146822;1;1;1;0;Half-yearly, semesterly;Electricity;Consumption from 2 500 kWh to 4 999 kWh - band DC;Kilowatt-hour;Excluding VAT and other recoverable taxes and levies;Euro;Consumption from 2 500 kWh to 4 999 kWh - band DC;DC;0.1072;0.24;0.027780000000000003;0.043706998868668134;0.21222;0.000412555705653657
Germany;2022-S2;2022;2;0.3357;0.10594205405405406;0.013923048529192197;0.15130622690146822;1;1;1;0;Half-yearly, semesterly;Electricity;Consumption from 2 500 kWh to 4 999 kWh - band DC;Kilowatt-hour;All taxes and levies included;Euro;Consumption from 2 500 kWh to 4 999 kWh - band DC;DC;0.1072;0.24;0.027780000000000003;0.043706998868668134;0.21222;0.000412555705653657
Germany;2023-S1;2023;1;0.2973;0.042229723756906076;-0.06371233029714798;-0.6013884747282745;-1;1;1;0;Half-yearly, semesterly;Electricity;Consumption from 2 500 kWh to 4 999 kWh - band DC;Kilowatt-hour;Excluding taxes and levies;Euro;Consumption from 2 500 kWh to 4 999 kWh - band DC;DC;0.04009;0.07149;0.023780000000000003;0.01198758067663452;0.047709999999999995;0.00028386595057170176
Germany;2023-S1;2023;1;0.3467;0.042229723756906076;-0.06371233029714798;-0.6013884747282745;-1;1;1;0;Half-yearly, semesterly;Electricity;Consumption from 2 500 kWh to 4 999 kWh - band DC;Kilowatt-hour;Excluding VAT and other recoverable taxes and levies;Euro;Consumption from 2 500 kWh to 4 999 kWh - band DC;DC;0.04009;0.07149;0.023780000000000003;0.01198758067663452;0.047709999999999995;0.00028386595057170176
Germany;2023-S1;2023;1;0.4125;0.042229723756906076;-0.06371233029714798;-0.6013884747282745;-1;1;1;0;Half-yearly, semesterly;Electricity;Consumption from 2 500 kWh to 4 999 kWh - band DC;Kilowatt-hour;All taxes and levies included;Euro;Consumption from 2 500 kWh to 4 999 kWh - band DC;DC;0.04009;0.07149;0.023780000000000003;0.01198758067663452;0.047709999999999995;0.00028386595057170176
Germany;2023-S2;2023;2;0.2882;0.03612461956521739;-0.006105104191688686;-0.14456888770650034;-1;1;1;0;Half-yearly, semesterly;Electricity;Consumption from 2 500 kWh to 4 999 kWh - band DC;Kilowatt-hour;Excluding taxes and levies;Euro;Consumption from 2 500 kWh to 4 999 kWh - band DC;DC;0.035894999999999996;0.05256;0.024030000000000003;0.005577214658926646;0.02853;0.00015438819082531373
Germany;2023-S2;2023;2;0.3379;0.03612461956521739;-0.006105104191688686;-0.14456888770650034;-1;1;1;0;Half-yearly, semesterly;Electricity;Consumption from 2 500 kWh to 4 999 kWh - band DC;Kilowatt-hour;Excluding VAT and other recoverable taxes and levies;Euro;Consumption from 2 500 kWh to 4 999 kWh - band DC;DC;0.035894999999999996;0.05256;0.024030000000000003;0.005577214658926646;0.02853;0.00015438819082531373
Germany;2023-S2;2023;2;0.402;0.03612461956521739;-0.006105104191688686;-0.14456888770650034;-1;1;1;0;Half-yearly, semesterly;Electricity;Consumption from 2 500 kWh to 4 999 kWh - band DC;Kilowatt-hour;All taxes and levies included;Euro;Consumption from 2 500 kWh to 4 999 kWh - band DC;DC;0.035894999999999996;0.05256;0.024030000000000003;0.005577214658926646;0.02853;0.00015438819082531373
Germany;2024-S1;2024;1;0.2806;0.02965928571428571;-0.0064653338509316795;-0.17897306404181013;-1;1;0;1;Half-yearly, semesterly;Electricity;Consumption from 2 500 kWh to 4 999 kWh - band DC;Kilowatt-hour;Excluding taxes and levies;Euro;Consumption from 2 500 kWh to 4 999 kWh - band DC;DC;0.02939;0.03767;0.022719999999999997;0.003562587835220648;0.014950000000000003;0.00012011711507619673
Germany;2024-S1;2024;1;0.332;0.02965928571428571;-0.0064653338509316795;-0.17897306404181013;-1;1;0;1;Half-yearly, semesterly;Electricity;Consumption from 2 500 kWh to 4 999 kWh - band DC;Kilowatt-hour;Excluding VAT and other recoverable taxes and levies;Euro;Consumption from 2 500 kWh to 4 999 kWh - band DC;DC;0.02939;0.03767;0.022719999999999997;0.003562587835220648;0.014950000000000003;0.00012011711507619673
Germany;2024-S1;2024;1;0.3951;0.02965928571428571;-0.0064653338509316795;-0.17897306404181013;-1;1;0;1;Half-yearly, semesterly;Electricity;Consumption from 2 500 kWh to 4 999 kWh - band DC;Kilowatt-hour;All taxes and levies included;Euro;Consumption from 2 500 kWh to 4 999 kWh - band DC;DC;0.02939;0.03767;0.022719999999999997;0.003562587835220648;0.014950000000000003;0.00012011711507619673
Germany;2024-S2;2024;2;0.2797;0.03988162162162163;0.010222335907335917;0.3446588702711819;1;1;0;0;Half-yearly, semesterly;Electricity;Consumption from 2 500 kWh to 4 999 kWh - band DC;Kilowatt-hour;Excluding taxes and levies;Euro;Consumption from 2 500 kWh to 4 999 kWh - band DC;DC;0.03939;0.0528;0.030379999999999997;0.0052140688200674355;0.02242;0.00013073863619529112
Germany;2024-S2;2024;2;0.3314;0.03988162162162163;0.010222335907335917;0.3446588702711819;1;1;0;0;Half-yearly, semesterly;Electricity;Consumption from 2 500 kWh to 4 999 kWh - band DC;Kilowatt-hour;Excluding VAT and other recoverable taxes and levies;Euro;Consumption from 2 500 kWh to 4 999 kWh - band DC;DC;0.03939;0.0528;0.030379999999999997;0.0052140688200674355;0.02242;0.00013073863619529112
Germany;2024-S2;2024;2;0.3943;0.03988162162162163;0.010222335907335917;0.3446588702711819;1;1;0;0;Half-yearly, semesterly;Electricity;Consumption from 2 500 kWh to 4 999 kWh - band DC;Kilowatt-hour;All taxes and levies included;Euro;Consumption from 2 500 kWh to 4 999 kWh - band DC;DC;0.03939;0.0528;0.030379999999999997;0.0052140688200674355;0.02242;0.00013073863619529112
Germany;2025-S1;2025;1;0.2598;0.0405843093922652;0.0007026877706435702;0.01761933798255111;1;1;0;1;Half-yearly, semesterly;Electricity;Consumption from 2 500 kWh to 4 999 kWh - band DC;Kilowatt-hour;Excluding taxes and levies;Euro;Consumption from 2 500 kWh to 4 999 kWh - band DC;DC;0.03953;0.05722;0.03009;0.0070851230831753854;0.027129999999999998;0.00017457788956551042
Germany;2025-S1;2025;1;0.3223;0.0405843093922652;0.0007026877706435702;0.01761933798255111;1;1;0;1;Half-yearly, semesterly;Electricity;Consumption from 2 500 kWh to 4 999 kWh - band DC;Kilowatt-hour;Excluding VAT and other recoverable taxes and levies;Euro;Consumption from 2 500 kWh to 4 999 kWh - band DC;DC;0.03953;0.05722;0.03009;0.0070851230831753854;0.027129999999999998;0.00017457788956551042
Germany;2025-S1;2025;1;0.3835;0.0405843093922652;0.0007026877706435702;0.01761933798255111;1;1;0;1;Half-yearly, semesterly;Electricity;Consumption from 2 500 kWh to 4 999 kWh - band DC;Kilowatt-hour;All taxes and levies included;Euro;Consumption from 2 500 kWh to 4 999 kWh - band DC;DC;0.03953;0.05722;0.03009;0.0070851230831753854;0.027129999999999998;0.00017457788956551042
Germany;2025-S2;2025;2;0.2625;0.03125204918032787;-0.00933226021193733;-0.22994749329690278;-1;1;0;1;Half-yearly, semesterly;Electricity;Consumption from 2 500 kWh to 4 999 kWh - band DC;Kilowatt-hour;Excluding taxes and levies;Euro;Consumption from 2 500 kWh to 4 999 kWh - band DC;DC;0.03138;0.037020000000000004;0.026539999999999998;0.00208229441624638;0.010480000000000003;6.662905220170685e-05
Germany;2025-S2;2025;2;0.3252;0.03125204918032787;-0.00933226021193733;-0.22994749329690278;-1;1;0;1;Half-yearly, semesterly;Electricity;Consumption from 2 500 kWh to 4 999 kWh - band DC;Kilowatt-hour;Excluding VAT and other recoverable taxes and levies;Euro;Consumption from 2 500 kWh to 4 999 kWh - band DC;DC;0.03138;0.037020000000000004;0.026539999999999998;0.00208229441624638;0.010480000000000003;6.662905220170685e-05
Germany;2025-S2;2025;2;0.3869;0.03125204918032787;-0.00933226021193733;-0.22994749329690278;-1;1;0;1;Half-yearly, semesterly;Electricity;Consumption from 2 500 kWh to 4 999 kWh - band DC;Kilowatt-hour;All taxes and levies included;Euro;Consumption from 2 500 kWh to 4 999 kWh - band DC;DC;0.03138;0.037020000000000004;0.026539999999999998;0.00208229441624638;0.010480000000000003;6.662905220170685e-05
Greece;2021-S1;2021;1;0.1305;0.021884866666666666;;;0;0;0;0;Half-yearly, semesterly;Electricity;Consumption from 2 500 kWh to 4 999 kWh - band DC;Kilowatt-hour;Excluding taxes and levies;Euro;Consumption from 2 500 kWh to 4 999 kWh - band DC;DC;0.021085;0.035;0.01492;0.00482668126102457;0.020079999999999997;0.0002205488082034421
Greece;2021-S1;2021;1;0.1585;0.021884866666666666;;;0;0;0;0;Half-yearly, semesterly;Electricity;Consumption from 2 500 kWh to 4 999 kWh - band DC;Kilowatt-hour;Excluding VAT and other recoverable taxes and levies;Euro;Consumption from 2 500 kWh to 4 999 kWh - band DC;DC;0.021085;0.035;0.01492;0.00482668126102457;0.020079999999999997;0.0002205488082034421
Greece;2021-S1;2021;1;0.168;0.021884866666666666;;;0;0;0;0;Half-yearly, semesterly;Electricity;Consumption from 2 500 kWh to 4 999 kWh - band DC;Kilowatt-hour;All taxes and levies included;Euro;Consumption from 2 500 kWh to 4 999 kWh - band DC;DC;0.021085;0.035;0.01492;0.00482668126102457;0.020079999999999997;0.0002205488082034421
Greece;2021-S2;2021;2;0.1588;0.07139254054054055;0.04950767387387388;2.2621875941917495;1;0;0;0;Half-yearly, semesterly;Electricity;Consumption from 2 500 kWh to 4 999 kWh - band DC;Kilowatt-hour;Excluding taxes and levies;Euro;Consumption from 2 500 kWh to 4 999 kWh - band DC;DC;0.07078;0.183;0.0338;0.029414433726409856;0.1492;0.00041200990332745994
Greece;2021-S2;2021;2;0.1864;0.07139254054054055;0.04950767387387388;2.2621875941917495;1;0;0;0;Half-yearly, semesterly;Electricity;Consumption from 2 500 kWh to 4 999 kWh - band DC;Kilowatt-hour;Excluding VAT and other recoverable taxes and levies;Euro;Consumption from 2 500 kWh to 4 999 kWh - band DC;DC;0.07078;0.183;0.0338;0.029414433726409856;0.1492;0.00041200990332745994
Greece;2021-S2;2021;2;0.1974;0.07139254054054055;0.04950767387387388;2.2621875941917495;1;0;0;0;Half-yearly, semesterly;Electricity;Consumption from 2 500 kWh to 4 999 kWh - band DC;Kilowatt-hour;All taxes and levies included;Euro;Consumption from 2 500 kWh to 4 999 kWh - band DC;DC;0.07078;0.183;0.0338;0.029414433726409856;0.1492;0.00041200990332745994
Greece;2022-S1;2022;1;0.295;0.09201900552486186;0.020626464984321316;0.28891624850650177;1;1;1;0;Half-yearly, semesterly;Electricity;Consumption from 2 500 kWh to 4 999 kWh - band DC;Kilowatt-hour;Excluding taxes and levies;Euro;Consumption from 2 500 kWh to 4 999 kWh - band DC;DC;0.08356;0.21436000000000002;0.04856;0.024964136723284833;0.1658;0.0002712932679601712
Greece;2022-S1;2022;1;0.1982;0.09201900552486186;0.020626464984321316;0.28891624850650177;1;1;1;0;Half-yearly, semesterly;Electricity;Consumption from 2 500 kWh to 4 999 kWh - band DC;Kilowatt-hour;Excluding VAT and other recoverable taxes and levies;Euro;Consumption from 2 500 kWh to 4 999 kWh - band DC;DC;0.08356;0.21436000000000002;0.04856;0.024964136723284833;0.1658;0.0002712932679601712
Greece;2022-S1;2022;1;0.2101;0.09201900552486186;0.020626464984321316;0.28891624850650177;1;1;1;0;Half-yearly, semesterly;Electricity;Consumption from 2 500 kWh to 4 999 kWh - band DC;Kilowatt-hour;All taxes and levies included;Euro;Consumption from 2 500 kWh to 4 999 kWh - band DC;DC;0.08356;0.21436000000000002;0.04856;0.024964136723284833;0.1658;0.0002712932679601712
Greece;2022-S2;2022;2;0.4556;0.10594205405405406;0.013923048529192197;0.15130622690146822;1;1;1;0;Half-yearly, semesterly;Electricity;Consumption from 2 500 kWh to 4 999 kWh - band DC;Kilowatt-hour;Excluding taxes and levies;Euro;Consumption from 2 500 kWh to 4 999 kWh - band DC;DC;0.1072;0.24;0.027780000000000003;0.043706998868668134;0.21222;0.000412555705653657
Greece;2022-S2;2022;2;0.2304;0.10594205405405406;0.013923048529192197;0.15130622690146822;1;1;1;0;Half-yearly, semesterly;Electricity;Consumption from 2 500 kWh to 4 999 kWh - band DC;Kilowatt-hour;Excluding VAT and other recoverable taxes and levies;Euro;Consumption from 2 500 kWh to 4 999 kWh - band DC;DC;0.1072;0.24;0.027780000000000003;0.043706998868668134;0.21222;0.000412555705653657
Greece;2022-S2;2022;2;0.2438;0.10594205405405406;0.013923048529192197;0.15130622690146822;1;1;1;0;Half-yearly, semesterly;Electricity;Consumption from 2 500 kWh to 4 999 kWh - band DC;Kilowatt-hour;All taxes and levies included;Euro;Consumption from 2 500 kWh to 4 999 kWh - band DC;DC;0.1072;0.24;0.027780000000000003;0.043706998868668134;0.21222;0.000412555705653657
Greece;2023-S1;2023;1;0.1876;0.042229723756906076;-0.06371233029714798;-0.6013884747282745;-1;1;1;0;Half-yearly, semesterly;Electricity;Consumption from 2 500 kWh to 4 999 kWh - band DC;Kilowatt-hour;Excluding taxes and levies;Euro;Consumption from 2 500 kWh to 4 999 kWh - band DC;DC;0.04009;0.07149;0.023780000000000003;0.01198758067663452;0.047709999999999995;0.00028386595057170176
Greece;2023-S1;2023;1;0.2195;0.042229723756906076;-0.06371233029714798;-0.6013884747282745;-1;1;1;0;Half-yearly, semesterly;Electricity;Consumption from 2 500 kWh to 4 999 kWh - band DC;Kilowatt-hour;Excluding VAT and other recoverable taxes and levies;Euro;Consumption from 2 500 kWh to 4 999 kWh - band DC;DC;0.04009;0.07149;0.023780000000000003;0.01198758067663452;0.047709999999999995;0.00028386595057170176
Greece;2023-S1;2023;1;0.2327;0.042229723756906076;-0.06371233029714798;-0.6013884747282745;-1;1;1;0;Half-yearly, semesterly;Electricity;Consumption from 2 500 kWh to 4 999 kWh - band DC;Kilowatt-hour;All taxes and levies included;Euro;Consumption from 2 500 kWh to 4 999 kWh - band DC;DC;0.04009;0.07149;0.023780000000000003;0.01198758067663452;0.047709999999999995;0.00028386595057170176
Greece;2023-S2;2023;2;0.1905;0.03612461956521739;-0.006105104191688686;-0.14456888770650034;-1;1;1;0;Half-yearly, semesterly;Electricity;Consumption from 2 500 kWh to 4 999 kWh - band DC;Kilowatt-hour;Excluding taxes and levies;Euro;Consumption from 2 500 kWh to 4 999 kWh - band DC;DC;0.035894999999999996;0.05256;0.024030000000000003;0.005577214658926646;0.02853;0.00015438819082531373
Greece;2023-S2;2023;2;0.2179;0.03612461956521739;-0.006105104191688686;-0.14456888770650034;-1;1;1;0;Half-yearly, semesterly;Electricity;Consumption from 2 500 kWh to 4 999 kWh - band DC;Kilowatt-hour;Excluding VAT and other recoverable taxes and levies;Euro;Consumption from 2 500 kWh to 4 999 kWh - band DC;DC;0.035894999999999996;0.05256;0.024030000000000003;0.005577214658926646;0.02853;0.00015438819082531373
Greece;2023-S2;2023;2;0.2309;0.03612461956521739;-0.006105104191688686;-0.14456888770650034;-1;1;1;0;Half-yearly, semesterly;Electricity;Consumption from 2 500 kWh to 4 999 kWh - band DC;Kilowatt-hour;All taxes and levies included;Euro;Consumption from 2 500 kWh to 4 999 kWh - band DC;DC;0.035894999999999996;0.05256;0.024030000000000003;0.005577214658926646;0.02853;0.00015438819082531373
Greece;2024-S1;2024;1;0.1888;0.02965928571428571;-0.0064653338509316795;-0.17897306404181013;-1;1;0;1;Half-yearly, semesterly;Electricity;Consumption from 2 500 kWh to 4 999 kWh - band DC;Kilowatt-hour;Excluding taxes and levies;Euro;Consumption from 2 500 kWh to 4 999 kWh - band DC;DC;0.02939;0.03767;0.022719999999999997;0.003562587835220648;0.014950000000000003;0.00012011711507619673
Greece;2024-S1;2024;1;0.2094;0.02965928571428571;-0.0064653338509316795;-0.17897306404181013;-1;1;0;1;Half-yearly, semesterly;Electricity;Consumption from 2 500 kWh to 4 999 kWh - band DC;Kilowatt-hour;Excluding VAT and other recoverable taxes and levies;Euro;Consumption from 2 500 kWh to 4 999 kWh - band DC;DC;0.02939;0.03767;0.022719999999999997;0.003562587835220648;0.014950000000000003;0.00012011711507619673
Greece;2024-S1;2024;1;0.2218;0.02965928571428571;-0.0064653338509316795;-0.17897306404181013;-1;1;0;1;Half-yearly, semesterly;Electricity;Consumption from 2 500 kWh to 4 999 kWh - band DC;Kilowatt-hour;All taxes and levies included;Euro;Consumption from 2 500 kWh to 4 999 kWh - band DC;DC;0.02939;0.03767;0.022719999999999997;0.003562587835220648;0.014950000000000003;0.00012011711507619673
Greece;2024-S2;2024;2;0.193;0.03988162162162163;0.010222335907335917;0.3446588702711819;1;1;0;0;Half-yearly, semesterly;Electricity;Consumption from 2 500 kWh to 4 999 kWh - band DC;Kilowatt-hour;Excluding taxes and levies;Euro;Consumption from 2 500 kWh to 4 999 kWh - band DC;DC;0.03939;0.0528;0.030379999999999997;0.0052140688200674355;0.02242;0.00013073863619529112
Greece;2024-S2;2024;2;0.2181;0.03988162162162163;0.010222335907335917;0.3446588702711819;1;1;0;0;Half-yearly, semesterly;Electricity;Consumption from 2 500 kWh to 4 999 kWh - band DC;Kilowatt-hour;Excluding VAT and other recoverable taxes and levies;Euro;Consumption from 2 500 kWh to 4 999 kWh - band DC;DC;0.03939;0.0528;0.030379999999999997;0.0052140688200674355;0.02242;0.00013073863619529112
Greece;2024-S2;2024;2;0.2311;0.03988162162162163;0.010222335907335917;0.3446588702711819;1;1;0;0;Half-yearly, semesterly;Electricity;Consumption from 2 500 kWh to 4 999 kWh - band DC;Kilowatt-hour;All taxes and levies included;Euro;Consumption from 2 500 kWh to 4 999 kWh - band DC;DC;0.03939;0.0528;0.030379999999999997;0.0052140688200674355;0.02242;0.00013073863619529112
Greece;2025-S1;2025;1;0.1939;0.0405843093922652;0.0007026877706435702;0.01761933798255111;1;1;0;1;Half-yearly, semesterly;Electricity;Consumption from 2 500 kWh to 4 999 kWh - band DC;Kilowatt-hour;Excluding taxes and levies;Euro;Consumption from 2 500 kWh to 4 999 kWh - band DC;DC;0.03953;0.05722;0.03009;0.0070851230831753854;0.027129999999999998;0.00017457788956551042
Greece;2025-S1;2025;1;0.2161;0.0405843093922652;0.0007026877706435702;0.01761933798255111;1;1;0;1;Half-yearly, semesterly;Electricity;Consumption from 2 500 kWh to 4 999 kWh - band DC;Kilowatt-hour;Excluding VAT and other recoverable taxes and levies;Euro;Consumption from 2 500 kWh to 4 999 kWh - band DC;DC;0.03953;0.05722;0.03009;0.0070851230831753854;0.027129999999999998;0.00017457788956551042
Greece;2025-S1;2025;1;0.2294;0.0405843093922652;0.0007026877706435702;0.01761933798255111;1;1;0;1;Half-yearly, semesterly;Electricity;Consumption from 2 500 kWh to 4 999 kWh - band DC;Kilowatt-hour;All taxes and levies included;Euro;Consumption from 2 500 kWh to 4 999 kWh - band DC;DC;0.03953;0.05722;0.03009;0.0070851230831753854;0.027129999999999998;0.00017457788956551042
Greece;2025-S2;2025;2;0.1951;0.03125204918032787;-0.00933226021193733;-0.22994749329690278;-1;1;0;1;Half-yearly, semesterly;Electricity;Consumption from 2 500 kWh to 4 999 kWh - band DC;Kilowatt-hour;Excluding taxes and levies;Euro;Consumption from 2 500 kWh to 4 999 kWh - band DC;DC;0.03138;0.037020000000000004;0.026539999999999998;0.00208229441624638;0.010480000000000003;6.662905220170685e-05
Greece;2025-S2;2025;2;0.2245;0.03125204918032787;-0.00933226021193733;-0.22994749329690278;-1;1;0;1;Half-yearly, semesterly;Electricity;Consumption from 2 500 kWh to 4 999 kWh - band DC;Kilowatt-hour;Excluding VAT and other recoverable taxes and levies;Euro;Consumption from 2 500 kWh to 4 999 kWh - band DC;DC;0.03138;0.037020000000000004;0.026539999999999998;0.00208229441624638;0.010480000000000003;6.662905220170685e-05
Greece;2025-S2;2025;2;0.2378;0.03125204918032787;-0.00933226021193733;-0.22994749329690278;-1;1;0;1;Half-yearly, semesterly;Electricity;Consumption from 2 500 kWh to 4 999 kWh - band DC;Kilowatt-hour;All taxes and levies included;Euro;Consumption from 2 500 kWh to 4 999 kWh - band DC;DC;0.03138;0.037020000000000004;0.026539999999999998;0.00208229441624638;0.010480000000000003;6.662905220170685e-05
Hungary;2021-S1;2021;1;0.0795;0.021884866666666666;;;0;0;0;0;Half-yearly, semesterly;Electricity;Consumption from 2 500 kWh to 4 999 kWh - band DC;Kilowatt-hour;Excluding taxes and levies;Euro;Consumption from 2 500 kWh to 4 999 kWh - band DC;DC;0.021085;0.035;0.01492;0.00482668126102457;0.020079999999999997;0.0002205488082034421
Hungary;2021-S1;2021;1;0.0795;0.021884866666666666;;;0;0;0;0;Half-yearly, semesterly;Electricity;Consumption from 2 500 kWh to 4 999 kWh - band DC;Kilowatt-hour;Excluding VAT and other recoverable taxes and levies;Euro;Consumption from 2 500 kWh to 4 999 kWh - band DC;DC;0.021085;0.035;0.01492;0.00482668126102457;0.020079999999999997;0.0002205488082034421
Hungary;2021-S1;2021;1;0.101;0.021884866666666666;;;0;0;0;0;Half-yearly, semesterly;Electricity;Consumption from 2 500 kWh to 4 999 kWh - band DC;Kilowatt-hour;All taxes and levies included;Euro;Consumption from 2 500 kWh to 4 999 kWh - band DC;DC;0.021085;0.035;0.01492;0.00482668126102457;0.020079999999999997;0.0002205488082034421
Hungary;2021-S2;2021;2;0.079;0.07139254054054055;0.04950767387387388;2.2621875941917495;1;0;0;0;Half-yearly, semesterly;Electricity;Consumption from 2 500 kWh to 4 999 kWh - band DC;Kilowatt-hour;Excluding taxes and levies;Euro;Consumption from 2 500 kWh to 4 999 kWh - band DC;DC;0.07078;0.183;0.0338;0.029414433726409856;0.1492;0.00041200990332745994
Hungary;2021-S2;2021;2;0.079;0.07139254054054055;0.04950767387387388;2.2621875941917495;1;0;0;0;Half-yearly, semesterly;Electricity;Consumption from 2 500 kWh to 4 999 kWh - band DC;Kilowatt-hour;Excluding VAT and other recoverable taxes and levies;Euro;Consumption from 2 500 kWh to 4 999 kWh - band DC;DC;0.07078;0.183;0.0338;0.029414433726409856;0.1492;0.00041200990332745994
Hungary;2021-S2;2021;2;0.1003;0.07139254054054055;0.04950767387387388;2.2621875941917495;1;0;0;0;Half-yearly, semesterly;Electricity;Consumption from 2 500 kWh to 4 999 kWh - band DC;Kilowatt-hour;All taxes and levies included;Euro;Consumption from 2 500 kWh to 4 999 kWh - band DC;DC;0.07078;0.183;0.0338;0.029414433726409856;0.1492;0.00041200990332745994
Hungary;2022-S1;2022;1;0.0746;0.09201900552486186;0.020626464984321316;0.28891624850650177;1;1;1;0;Half-yearly, semesterly;Electricity;Consumption from 2 500 kWh to 4 999 kWh - band DC;Kilowatt-hour;Excluding taxes and levies;Euro;Consumption from 2 500 kWh to 4 999 kWh - band DC;DC;0.08356;0.21436000000000002;0.04856;0.024964136723284833;0.1658;0.0002712932679601712
Hungary;2022-S1;2022;1;0.0746;0.09201900552486186;0.020626464984321316;0.28891624850650177;1;1;1;0;Half-yearly, semesterly;Electricity;Consumption from 2 500 kWh to 4 999 kWh - band DC;Kilowatt-hour;Excluding VAT and other recoverable taxes and levies;Euro;Consumption from 2 500 kWh to 4 999 kWh - band DC;DC;0.08356;0.21436000000000002;0.04856;0.024964136723284833;0.1658;0.0002712932679601712
Hungary;2022-S1;2022;1;0.0948;0.09201900552486186;0.020626464984321316;0.28891624850650177;1;1;1;0;Half-yearly, semesterly;Electricity;Consumption from 2 500 kWh to 4 999 kWh - band DC;Kilowatt-hour;All taxes and levies included;Euro;Consumption from 2 500 kWh to 4 999 kWh - band DC;DC;0.08356;0.21436000000000002;0.04856;0.024964136723284833;0.1658;0.0002712932679601712
Hungary;2022-S2;2022;2;0.0853;0.10594205405405406;0.013923048529192197;0.15130622690146822;1;1;1;0;Half-yearly, semesterly;Electricity;Consumption from 2 500 kWh to 4 999 kWh - band DC;Kilowatt-hour;Excluding taxes and levies;Euro;Consumption from 2 500 kWh to 4 999 kWh - band DC;DC;0.1072;0.24;0.027780000000000003;0.043706998868668134;0.21222;0.000412555705653657
Hungary;2022-S2;2022;2;0.0853;0.10594205405405406;0.013923048529192197;0.15130622690146822;1;1;1;0;Half-yearly, semesterly;Electricity;Consumption from 2 500 kWh to 4 999 kWh - band DC;Kilowatt-hour;Excluding VAT and other recoverable taxes and levies;Euro;Consumption from 2 500 kWh to 4 999 kWh - band DC;DC;0.1072;0.24;0.027780000000000003;0.043706998868668134;0.21222;0.000412555705653657
Hungary;2022-S2;2022;2;0.1084;0.10594205405405406;0.013923048529192197;0.15130622690146822;1;1;1;0;Half-yearly, semesterly;Electricity;Consumption from 2 500 kWh to 4 999 kWh - band DC;Kilowatt-hour;All taxes and levies included;Euro;Consumption from 2 500 kWh to 4 999 kWh - band DC;DC;0.1072;0.24;0.027780000000000003;0.043706998868668134;0.21222;0.000412555705653657
Hungary;2023-S1;2023;1;0.0911;0.042229723756906076;-0.06371233029714798;-0.6013884747282745;-1;1;1;0;Half-yearly, semesterly;Electricity;Consumption from 2 500 kWh to 4 999 kWh - band DC;Kilowatt-hour;Excluding taxes and levies;Euro;Consumption from 2 500 kWh to 4 999 kWh - band DC;DC;0.04009;0.07149;0.023780000000000003;0.01198758067663452;0.047709999999999995;0.00028386595057170176
Hungary;2023-S1;2023;1;0.0911;0.042229723756906076;-0.06371233029714798;-0.6013884747282745;-1;1;1;0;Half-yearly, semesterly;Electricity;Consumption from 2 500 kWh to 4 999 kWh - band DC;Kilowatt-hour;Excluding VAT and other recoverable taxes and levies;Euro;Consumption from 2 500 kWh to 4 999 kWh - band DC;DC;0.04009;0.07149;0.023780000000000003;0.01198758067663452;0.047709999999999995;0.00028386595057170176
Hungary;2023-S1;2023;1;0.1157;0.042229723756906076;-0.06371233029714798;-0.6013884747282745;-1;1;1;0;Half-yearly, semesterly;Electricity;Consumption from 2 500 kWh to 4 999 kWh - band DC;Kilowatt-hour;All taxes and levies included;Euro;Consumption from 2 500 kWh to 4 999 kWh - band DC;DC;0.04009;0.07149;0.023780000000000003;0.01198758067663452;0.047709999999999995;0.00028386595057170176
Hungary;2023-S2;2023;2;0.0891;0.03612461956521739;-0.006105104191688686;-0.14456888770650034;-1;1;1;0;Half-yearly, semesterly;Electricity;Consumption from 2 500 kWh to 4 999 kWh - band DC;Kilowatt-hour;Excluding taxes and levies;Euro;Consumption from 2 500 kWh to 4 999 kWh - band DC;DC;0.035894999999999996;0.05256;0.024030000000000003;0.005577214658926646;0.02853;0.00015438819082531373
Hungary;2023-S2;2023;2;0.0891;0.03612461956521739;-0.006105104191688686;-0.14456888770650034;-1;1;1;0;Half-yearly, semesterly;Electricity;Consumption from 2 500 kWh to 4 999 kWh - band DC;Kilowatt-hour;Excluding VAT and other recoverable taxes and levies;Euro;Consumption from 2 500 kWh to 4 999 kWh - band DC;DC;0.035894999999999996;0.05256;0.024030000000000003;0.005577214658926646;0.02853;0.00015438819082531373
Hungary;2023-S2;2023;2;0.1132;0.03612461956521739;-0.006105104191688686;-0.14456888770650034;-1;1;1;0;Half-yearly, semesterly;Electricity;Consumption from 2 500 kWh to 4 999 kWh - band DC;Kilowatt-hour;All taxes and levies included;Euro;Consumption from 2 500 kWh to 4 999 kWh - band DC;DC;0.035894999999999996;0.05256;0.024030000000000003;0.005577214658926646;0.02853;0.00015438819082531373
Hungary;2024-S1;2024;1;0.0861;0.02965928571428571;-0.0064653338509316795;-0.17897306404181013;-1;1;0;1;Half-yearly, semesterly;Electricity;Consumption from 2 500 kWh to 4 999 kWh - band DC;Kilowatt-hour;Excluding taxes and levies;Euro;Consumption from 2 500 kWh to 4 999 kWh - band DC;DC;0.02939;0.03767;0.022719999999999997;0.003562587835220648;0.014950000000000003;0.00012011711507619673
Hungary;2024-S1;2024;1;0.0861;0.02965928571428571;-0.0064653338509316795;-0.17897306404181013;-1;1;0;1;Half-yearly, semesterly;Electricity;Consumption from 2 500 kWh to 4 999 kWh - band DC;Kilowatt-hour;Excluding VAT and other recoverable taxes and levies;Euro;Consumption from 2 500 kWh to 4 999 kWh - band DC;DC;0.02939;0.03767;0.022719999999999997;0.003562587835220648;0.014950000000000003;0.00012011711507619673
Hungary;2024-S1;2024;1;0.1094;0.02965928571428571;-0.0064653338509316795;-0.17897306404181013;-1;1;0;1;Half-yearly, semesterly;Electricity;Consumption from 2 500 kWh to 4 999 kWh - band DC;Kilowatt-hour;All taxes and levies included;Euro;Consumption from 2 500 kWh to 4 999 kWh - band DC;DC;0.02939;0.03767;0.022719999999999997;0.003562587835220648;0.014950000000000003;0.00012011711507619673
Hungary;2024-S2;2024;2;0.0812;0.03988162162162163;0.010222335907335917;0.3446588702711819;1;1;0;0;Half-yearly, semesterly;Electricity;Consumption from 2 500 kWh to 4 999 kWh - band DC;Kilowatt-hour;Excluding taxes and levies;Euro;Consumption from 2 500 kWh to 4 999 kWh - band DC;DC;0.03939;0.0528;0.030379999999999997;0.0052140688200674355;0.02242;0.00013073863619529112
Hungary;2024-S2;2024;2;0.0812;0.03988162162162163;0.010222335907335917;0.3446588702711819;1;1;0;0;Half-yearly, semesterly;Electricity;Consumption from 2 500 kWh to 4 999 kWh - band DC;Kilowatt-hour;Excluding VAT and other recoverable taxes and levies;Euro;Consumption from 2 500 kWh to 4 999 kWh - band DC;DC;0.03939;0.0528;0.030379999999999997;0.0052140688200674355;0.02242;0.00013073863619529112
Hungary;2024-S2;2024;2;0.1032;0.03988162162162163;0.010222335907335917;0.3446588702711819;1;1;0;0;Half-yearly, semesterly;Electricity;Consumption from 2 500 kWh to 4 999 kWh - band DC;Kilowatt-hour;All taxes and levies included;Euro;Consumption from 2 500 kWh to 4 999 kWh - band DC;DC;0.03939;0.0528;0.030379999999999997;0.0052140688200674355;0.02242;0.00013073863619529112
Hungary;2025-S1;2025;1;0.0819;0.0405843093922652;0.0007026877706435702;0.01761933798255111;1;1;0;1;Half-yearly, semesterly;Electricity;Consumption from 2 500 kWh to 4 999 kWh - band DC;Kilowatt-hour;Excluding taxes and levies;Euro;Consumption from 2 500 kWh to 4 999 kWh - band DC;DC;0.03953;0.05722;0.03009;0.0070851230831753854;0.027129999999999998;0.00017457788956551042
Hungary;2025-S1;2025;1;0.0819;0.0405843093922652;0.0007026877706435702;0.01761933798255111;1;1;0;1;Half-yearly, semesterly;Electricity;Consumption from 2 500 kWh to 4 999 kWh - band DC;Kilowatt-hour;Excluding VAT and other recoverable taxes and levies;Euro;Consumption from 2 500 kWh to 4 999 kWh - band DC;DC;0.03953;0.05722;0.03009;0.0070851230831753854;0.027129999999999998;0.00017457788956551042
Hungary;2025-S1;2025;1;0.104;0.0405843093922652;0.0007026877706435702;0.01761933798255111;1;1;0;1;Half-yearly, semesterly;Electricity;Consumption from 2 500 kWh to 4 999 kWh - band DC;Kilowatt-hour;All taxes and levies included;Euro;Consumption from 2 500 kWh to 4 999 kWh - band DC;DC;0.03953;0.05722;0.03009;0.0070851230831753854;0.027129999999999998;0.00017457788956551042
Hungary;2025-S2;2025;2;0.0852;0.03125204918032787;-0.00933226021193733;-0.22994749329690278;-1;1;0;1;Half-yearly, semesterly;Electricity;Consumption from 2 500 kWh to 4 999 kWh - band DC;Kilowatt-hour;Excluding taxes and levies;Euro;Consumption from 2 500 kWh to 4 999 kWh - band DC;DC;0.03138;0.037020000000000004;0.026539999999999998;0.00208229441624638;0.010480000000000003;6.662905220170685e-05
Hungary;2025-S2;2025;2;0.0852;0.03125204918032787;-0.00933226021193733;-0.22994749329690278;-1;1;0;1;Half-yearly, semesterly;Electricity;Consumption from 2 500 kWh to 4 999 kWh - band DC;Kilowatt-hour;Excluding VAT and other recoverable taxes and levies;Euro;Consumption from 2 500 kWh to 4 999 kWh - band DC;DC;0.03138;0.037020000000000004;0.026539999999999998;0.00208229441624638;0.010480000000000003;6.662905220170685e-05
Hungary;2025-S2;2025;2;0.1082;0.03125204918032787;-0.00933226021193733;-0.22994749329690278;-1;1;0;1;Half-yearly, semesterly;Electricity;Consumption from 2 500 kWh to 4 999 kWh - band DC;Kilowatt-hour;All taxes and levies included;Euro;Consumption from 2 500 kWh to 4 999 kWh - band DC;DC;0.03138;0.037020000000000004;0.026539999999999998;0.00208229441624638;0.010480000000000003;6.662905220170685e-05
Iceland;2021-S1;2021;1;0.107;0.021884866666666666;;;0;0;0;0;Half-yearly, semesterly;Electricity;Consumption from 2 500 kWh to 4 999 kWh - band DC;Kilowatt-hour;Excluding taxes and levies;Euro;Consumption from 2 500 kWh to 4 999 kWh - band DC;DC;0.021085;0.035;0.01492;0.00482668126102457;0.020079999999999997;0.0002205488082034421
Iceland;2021-S1;2021;1;0.1092;0.021884866666666666;;;0;0;0;0;Half-yearly, semesterly;Electricity;Consumption from 2 500 kWh to 4 999 kWh - band DC;Kilowatt-hour;Excluding VAT and other recoverable taxes and levies;Euro;Consumption from 2 500 kWh to 4 999 kWh - band DC;DC;0.021085;0.035;0.01492;0.00482668126102457;0.020079999999999997;0.0002205488082034421
Iceland;2021-S1;2021;1;0.1355;0.021884866666666666;;;0;0;0;0;Half-yearly, semesterly;Electricity;Consumption from 2 500 kWh to 4 999 kWh - band DC;Kilowatt-hour;All taxes and levies included;Euro;Consumption from 2 500 kWh to 4 999 kWh - band DC;DC;0.021085;0.035;0.01492;0.00482668126102457;0.020079999999999997;0.0002205488082034421
Iceland;2021-S2;2021;2;0.1095;0.07139254054054055;0.04950767387387388;2.2621875941917495;1;0;0;0;Half-yearly, semesterly;Electricity;Consumption from 2 500 kWh to 4 999 kWh - band DC;Kilowatt-hour;Excluding taxes and levies;Euro;Consumption from 2 500 kWh to 4 999 kWh - band DC;DC;0.07078;0.183;0.0338;0.029414433726409856;0.1492;0.00041200990332745994
Iceland;2021-S2;2021;2;0.1118;0.07139254054054055;0.04950767387387388;2.2621875941917495;1;0;0;0;Half-yearly, semesterly;Electricity;Consumption from 2 500 kWh to 4 999 kWh - band DC;Kilowatt-hour;Excluding VAT and other recoverable taxes and levies;Euro;Consumption from 2 500 kWh to 4 999 kWh - band DC;DC;0.07078;0.183;0.0338;0.029414433726409856;0.1492;0.00041200990332745994
Iceland;2021-S2;2021;2;0.1387;0.07139254054054055;0.04950767387387388;2.2621875941917495;1;0;0;0;Half-yearly, semesterly;Electricity;Consumption from 2 500 kWh to 4 999 kWh - band DC;Kilowatt-hour;All taxes and levies included;Euro;Consumption from 2 500 kWh to 4 999 kWh - band DC;DC;0.07078;0.183;0.0338;0.029414433726409856;0.1492;0.00041200990332745994
Iceland;2022-S1;2022;1;0.1205;0.09201900552486186;0.020626464984321316;0.28891624850650177;1;1;1;0;Half-yearly, semesterly;Electricity;Consumption from 2 500 kWh to 4 999 kWh - band DC;Kilowatt-hour;Excluding taxes and levies;Euro;Consumption from 2 500 kWh to 4 999 kWh - band DC;DC;0.08356;0.21436000000000002;0.04856;0.024964136723284833;0.1658;0.0002712932679601712
Iceland;2022-S1;2022;1;0.1234;0.09201900552486186;0.020626464984321316;0.28891624850650177;1;1;1;0;Half-yearly, semesterly;Electricity;Consumption from 2 500 kWh to 4 999 kWh - band DC;Kilowatt-hour;Excluding VAT and other recoverable taxes and levies;Euro;Consumption from 2 500 kWh to 4 999 kWh - band DC;DC;0.08356;0.21436000000000002;0.04856;0.024964136723284833;0.1658;0.0002712932679601712
Iceland;2022-S1;2022;1;0.153;0.09201900552486186;0.020626464984321316;0.28891624850650177;1;1;1;0;Half-yearly, semesterly;Electricity;Consumption from 2 500 kWh to 4 999 kWh - band DC;Kilowatt-hour;All taxes and levies included;Euro;Consumption from 2 500 kWh to 4 999 kWh - band DC;DC;0.08356;0.21436000000000002;0.04856;0.024964136723284833;0.1658;0.0002712932679601712
Iceland;2022-S2;2022;2;0.122;0.10594205405405406;0.013923048529192197;0.15130622690146822;1;1;1;0;Half-yearly, semesterly;Electricity;Consumption from 2 500 kWh to 4 999 kWh - band DC;Kilowatt-hour;Excluding taxes and levies;Euro;Consumption from 2 500 kWh to 4 999 kWh - band DC;DC;0.1072;0.24;0.027780000000000003;0.043706998868668134;0.21222;0.000412555705653657
Iceland;2022-S2;2022;2;0.1248;0.10594205405405406;0.013923048529192197;0.15130622690146822;1;1;1;0;Half-yearly, semesterly;Electricity;Consumption from 2 500 kWh to 4 999 kWh - band DC;Kilowatt-hour;Excluding VAT and other recoverable taxes and levies;Euro;Consumption from 2 500 kWh to 4 999 kWh - band DC;DC;0.1072;0.24;0.027780000000000003;0.043706998868668134;0.21222;0.000412555705653657
Iceland;2022-S2;2022;2;0.1548;0.10594205405405406;0.013923048529192197;0.15130622690146822;1;1;1;0;Half-yearly, semesterly;Electricity;Consumption from 2 500 kWh to 4 999 kWh - band DC;Kilowatt-hour;All taxes and levies included;Euro;Consumption from 2 500 kWh to 4 999 kWh - band DC;DC;0.1072;0.24;0.027780000000000003;0.043706998868668134;0.21222;0.000412555705653657
Iceland;2023-S1;2023;1;0.1208;0.042229723756906076;-0.06371233029714798;-0.6013884747282745;-1;1;1;0;Half-yearly, semesterly;Electricity;Consumption from 2 500 kWh to 4 999 kWh - band DC;Kilowatt-hour;Excluding taxes and levies;Euro;Consumption from 2 500 kWh to 4 999 kWh - band DC;DC;0.04009;0.07149;0.023780000000000003;0.01198758067663452;0.047709999999999995;0.00028386595057170176
Iceland;2023-S1;2023;1;0.1235;0.042229723756906076;-0.06371233029714798;-0.6013884747282745;-1;1;1;0;Half-yearly, semesterly;Electricity;Consumption from 2 500 kWh to 4 999 kWh - band DC;Kilowatt-hour;Excluding VAT and other recoverable taxes and levies;Euro;Consumption from 2 500 kWh to 4 999 kWh - band DC;DC;0.04009;0.07149;0.023780000000000003;0.01198758067663452;0.047709999999999995;0.00028386595057170176
Iceland;2023-S1;2023;1;0.1531;0.042229723756906076;-0.06371233029714798;-0.6013884747282745;-1;1;1;0;Half-yearly, semesterly;Electricity;Consumption from 2 500 kWh to 4 999 kWh - band DC;Kilowatt-hour;All taxes and levies included;Euro;Consumption from 2 500 kWh to 4 999 kWh - band DC;DC;0.04009;0.07149;0.023780000000000003;0.01198758067663452;0.047709999999999995;0.00028386595057170176
Iceland;2023-S2;2023;2;0.1274;0.03612461956521739;-0.006105104191688686;-0.14456888770650034;-1;1;1;0;Half-yearly, semesterly;Electricity;Consumption from 2 500 kWh to 4 999 kWh - band DC;Kilowatt-hour;Excluding taxes and levies;Euro;Consumption from 2 500 kWh to 4 999 kWh - band DC;DC;0.035894999999999996;0.05256;0.024030000000000003;0.005577214658926646;0.02853;0.00015438819082531373
Iceland;2023-S2;2023;2;0.1301;0.03612461956521739;-0.006105104191688686;-0.14456888770650034;-1;1;1;0;Half-yearly, semesterly;Electricity;Consumption from 2 500 kWh to 4 999 kWh - band DC;Kilowatt-hour;Excluding VAT and other recoverable taxes and levies;Euro;Consumption from 2 500 kWh to 4 999 kWh - band DC;DC;0.035894999999999996;0.05256;0.024030000000000003;0.005577214658926646;0.02853;0.00015438819082531373
Iceland;2023-S2;2023;2;0.1614;0.03612461956521739;-0.006105104191688686;-0.14456888770650034;-1;1;1;0;Half-yearly, semesterly;Electricity;Consumption from 2 500 kWh to 4 999 kWh - band DC;Kilowatt-hour;All taxes and levies included;Euro;Consumption from 2 500 kWh to 4 999 kWh - band DC;DC;0.035894999999999996;0.05256;0.024030000000000003;0.005577214658926646;0.02853;0.00015438819082531373
Iceland;2024-S1;2024;1;0.1345;0.02965928571428571;-0.0064653338509316795;-0.17897306404181013;-1;1;0;1;Half-yearly, semesterly;Electricity;Consumption from 2 500 kWh to 4 999 kWh - band DC;Kilowatt-hour;Excluding taxes and levies;Euro;Consumption from 2 500 kWh to 4 999 kWh - band DC;DC;0.02939;0.03767;0.022719999999999997;0.003562587835220648;0.014950000000000003;0.00012011711507619673
Iceland;2024-S1;2024;1;0.1372;0.02965928571428571;-0.0064653338509316795;-0.17897306404181013;-1;1;0;1;Half-yearly, semesterly;Electricity;Consumption from 2 500 kWh to 4 999 kWh - band DC;Kilowatt-hour;Excluding VAT and other recoverable taxes and levies;Euro;Consumption from 2 500 kWh to 4 999 kWh - band DC;DC;0.02939;0.03767;0.022719999999999997;0.003562587835220648;0.014950000000000003;0.00012011711507619673
Iceland;2024-S1;2024;1;0.1702;0.02965928571428571;-0.0064653338509316795;-0.17897306404181013;-1;1;0;1;Half-yearly, semesterly;Electricity;Consumption from 2 500 kWh to 4 999 kWh - band DC;Kilowatt-hour;All taxes and levies included;Euro;Consumption from 2 500 kWh to 4 999 kWh - band DC;DC;0.02939;0.03767;0.022719999999999997;0.003562587835220648;0.014950000000000003;0.00012011711507619673
Iceland;2024-S2;2024;2;0.1436;0.03988162162162163;0.010222335907335917;0.3446588702711819;1;1;0;0;Half-yearly, semesterly;Electricity;Consumption from 2 500 kWh to 4 999 kWh - band DC;Kilowatt-hour;Excluding taxes and levies;Euro;Consumption from 2 500 kWh to 4 999 kWh - band DC;DC;0.03939;0.0528;0.030379999999999997;0.0052140688200674355;0.02242;0.00013073863619529112
Iceland;2024-S2;2024;2;0.1463;0.03988162162162163;0.010222335907335917;0.3446588702711819;1;1;0;0;Half-yearly, semesterly;Electricity;Consumption from 2 500 kWh to 4 999 kWh - band DC;Kilowatt-hour;Excluding VAT and other recoverable taxes and levies;Euro;Consumption from 2 500 kWh to 4 999 kWh - band DC;DC;0.03939;0.0528;0.030379999999999997;0.0052140688200674355;0.02242;0.00013073863619529112
Iceland;2024-S2;2024;2;0.1814;0.03988162162162163;0.010222335907335917;0.3446588702711819;1;1;0;0;Half-yearly, semesterly;Electricity;Consumption from 2 500 kWh to 4 999 kWh - band DC;Kilowatt-hour;All taxes and levies included;Euro;Consumption from 2 500 kWh to 4 999 kWh - band DC;DC;0.03939;0.0528;0.030379999999999997;0.0052140688200674355;0.02242;0.00013073863619529112
Iceland;2025-S1;2025;1;0.1601;0.0405843093922652;0.0007026877706435702;0.01761933798255111;1;1;0;1;Half-yearly, semesterly;Electricity;Consumption from 2 500 kWh to 4 999 kWh - band DC;Kilowatt-hour;Excluding taxes and levies;Euro;Consumption from 2 500 kWh to 4 999 kWh - band DC;DC;0.03953;0.05722;0.03009;0.0070851230831753854;0.027129999999999998;0.00017457788956551042
Iceland;2025-S1;2025;1;0.1629;0.0405843093922652;0.0007026877706435702;0.01761933798255111;1;1;0;1;Half-yearly, semesterly;Electricity;Consumption from 2 500 kWh to 4 999 kWh - band DC;Kilowatt-hour;Excluding VAT and other recoverable taxes and levies;Euro;Consumption from 2 500 kWh to 4 999 kWh - band DC;DC;0.03953;0.05722;0.03009;0.0070851230831753854;0.027129999999999998;0.00017457788956551042
Iceland;2025-S1;2025;1;0.2019;0.0405843093922652;0.0007026877706435702;0.01761933798255111;1;1;0;1;Half-yearly, semesterly;Electricity;Consumption from 2 500 kWh to 4 999 kWh - band DC;Kilowatt-hour;All taxes and levies included;Euro;Consumption from 2 500 kWh to 4 999 kWh - band DC;DC;0.03953;0.05722;0.03009;0.0070851230831753854;0.027129999999999998;0.00017457788956551042
Ireland;2021-S1;2021;1;0.2069;0.021884866666666666;;;0;0;0;0;Half-yearly, semesterly;Electricity;Consumption from 2 500 kWh to 4 999 kWh - band DC;Kilowatt-hour;Excluding taxes and levies;Euro;Consumption from 2 500 kWh to 4 999 kWh - band DC;DC;0.021085;0.035;0.01492;0.00482668126102457;0.020079999999999997;0.0002205488082034421
Ireland;2021-S1;2021;1;0.2245;0.021884866666666666;;;0;0;0;0;Half-yearly, semesterly;Electricity;Consumption from 2 500 kWh to 4 999 kWh - band DC;Kilowatt-hour;Excluding VAT and other recoverable taxes and levies;Euro;Consumption from 2 500 kWh to 4 999 kWh - band DC;DC;0.021085;0.035;0.01492;0.00482668126102457;0.020079999999999997;0.0002205488082034421
Ireland;2021-S1;2021;1;0.2555;0.021884866666666666;;;0;0;0;0;Half-yearly, semesterly;Electricity;Consumption from 2 500 kWh to 4 999 kWh - band DC;Kilowatt-hour;All taxes and levies included;Euro;Consumption from 2 500 kWh to 4 999 kWh - band DC;DC;0.021085;0.035;0.01492;0.00482668126102457;0.020079999999999997;0.0002205488082034421
Ireland;2021-S2;2021;2;0.242;0.07139254054054055;0.04950767387387388;2.2621875941917495;1;0;0;0;Half-yearly, semesterly;Electricity;Consumption from 2 500 kWh to 4 999 kWh - band DC;Kilowatt-hour;Excluding taxes and levies;Euro;Consumption from 2 500 kWh to 4 999 kWh - band DC;DC;0.07078;0.183;0.0338;0.029414433726409856;0.1492;0.00041200990332745994
Ireland;2021-S2;2021;2;0.2622;0.07139254054054055;0.04950767387387388;2.2621875941917495;1;0;0;0;Half-yearly, semesterly;Electricity;Consumption from 2 500 kWh to 4 999 kWh - band DC;Kilowatt-hour;Excluding VAT and other recoverable taxes and levies;Euro;Consumption from 2 500 kWh to 4 999 kWh - band DC;DC;0.07078;0.183;0.0338;0.029414433726409856;0.1492;0.00041200990332745994
Ireland;2021-S2;2021;2;0.2974;0.07139254054054055;0.04950767387387388;2.2621875941917495;1;0;0;0;Half-yearly, semesterly;Electricity;Consumption from 2 500 kWh to 4 999 kWh - band DC;Kilowatt-hour;All taxes and levies included;Euro;Consumption from 2 500 kWh to 4 999 kWh - band DC;DC;0.07078;0.183;0.0338;0.029414433726409856;0.1492;0.00041200990332745994
Ireland;2022-S1;2022;1;0.2693;0.09201900552486186;0.020626464984321316;0.28891624850650177;1;1;1;0;Half-yearly, semesterly;Electricity;Consumption from 2 500 kWh to 4 999 kWh - band DC;Kilowatt-hour;Excluding taxes and levies;Euro;Consumption from 2 500 kWh to 4 999 kWh - band DC;DC;0.08356;0.21436000000000002;0.04856;0.024964136723284833;0.1658;0.0002712932679601712
Ireland;2022-S1;2022;1;0.21;0.09201900552486186;0.020626464984321316;0.28891624850650177;1;1;1;0;Half-yearly, semesterly;Electricity;Consumption from 2 500 kWh to 4 999 kWh - band DC;Kilowatt-hour;Excluding VAT and other recoverable taxes and levies;Euro;Consumption from 2 500 kWh to 4 999 kWh - band DC;DC;0.08356;0.21436000000000002;0.04856;0.024964136723284833;0.1658;0.0002712932679601712
Ireland;2022-S1;2022;1;0.2324;0.09201900552486186;0.020626464984321316;0.28891624850650177;1;1;1;0;Half-yearly, semesterly;Electricity;Consumption from 2 500 kWh to 4 999 kWh - band DC;Kilowatt-hour;All taxes and levies included;Euro;Consumption from 2 500 kWh to 4 999 kWh - band DC;DC;0.08356;0.21436000000000002;0.04856;0.024964136723284833;0.1658;0.0002712932679601712
Ireland;2022-S2;2022;2;0.3823;0.10594205405405406;0.013923048529192197;0.15130622690146822;1;1;1;0;Half-yearly, semesterly;Electricity;Consumption from 2 500 kWh to 4 999 kWh - band DC;Kilowatt-hour;Excluding taxes and levies;Euro;Consumption from 2 500 kWh to 4 999 kWh - band DC;DC;0.1072;0.24;0.027780000000000003;0.043706998868668134;0.21222;0.000412555705653657
Ireland;2022-S2;2022;2;0.2961;0.10594205405405406;0.013923048529192197;0.15130622690146822;1;1;1;0;Half-yearly, semesterly;Electricity;Consumption from 2 500 kWh to 4 999 kWh - band DC;Kilowatt-hour;Excluding VAT and other recoverable taxes and levies;Euro;Consumption from 2 500 kWh to 4 999 kWh - band DC;DC;0.1072;0.24;0.027780000000000003;0.043706998868668134;0.21222;0.000412555705653657
Ireland;2022-S2;2022;2;0.3225;0.10594205405405406;0.013923048529192197;0.15130622690146822;1;1;1;0;Half-yearly, semesterly;Electricity;Consumption from 2 500 kWh to 4 999 kWh - band DC;Kilowatt-hour;All taxes and levies included;Euro;Consumption from 2 500 kWh to 4 999 kWh - band DC;DC;0.1072;0.24;0.027780000000000003;0.043706998868668134;0.21222;0.000412555705653657
Ireland;2023-S1;2023;1;0.4514;0.042229723756906076;-0.06371233029714798;-0.6013884747282745;-1;1;1;0;Half-yearly, semesterly;Electricity;Consumption from 2 500 kWh to 4 999 kWh - band DC;Kilowatt-hour;Excluding taxes and levies;Euro;Consumption from 2 500 kWh to 4 999 kWh - band DC;DC;0.04009;0.07149;0.023780000000000003;0.01198758067663452;0.047709999999999995;0.00028386595057170176
Ireland;2023-S1;2023;1;0.2509;0.042229723756906076;-0.06371233029714798;-0.6013884747282745;-1;1;1;0;Half-yearly, semesterly;Electricity;Consumption from 2 500 kWh to 4 999 kWh - band DC;Kilowatt-hour;Excluding VAT and other recoverable taxes and levies;Euro;Consumption from 2 500 kWh to 4 999 kWh - band DC;DC;0.04009;0.07149;0.023780000000000003;0.01198758067663452;0.047709999999999995;0.00028386595057170176
Ireland;2023-S1;2023;1;0.2735;0.042229723756906076;-0.06371233029714798;-0.6013884747282745;-1;1;1;0;Half-yearly, semesterly;Electricity;Consumption from 2 500 kWh to 4 999 kWh - band DC;Kilowatt-hour;All taxes and levies included;Euro;Consumption from 2 500 kWh to 4 999 kWh - band DC;DC;0.04009;0.07149;0.023780000000000003;0.01198758067663452;0.047709999999999995;0.00028386595057170176
Ireland;2023-S2;2023;2;0.459;0.03612461956521739;-0.006105104191688686;-0.14456888770650034;-1;1;1;0;Half-yearly, semesterly;Electricity;Consumption from 2 500 kWh to 4 999 kWh - band DC;Kilowatt-hour;Excluding taxes and levies;Euro;Consumption from 2 500 kWh to 4 999 kWh - band DC;DC;0.035894999999999996;0.05256;0.024030000000000003;0.005577214658926646;0.02853;0.00015438819082531373
Ireland;2023-S2;2023;2;0.348;0.03612461956521739;-0.006105104191688686;-0.14456888770650034;-1;1;1;0;Half-yearly, semesterly;Electricity;Consumption from 2 500 kWh to 4 999 kWh - band DC;Kilowatt-hour;Excluding VAT and other recoverable taxes and levies;Euro;Consumption from 2 500 kWh to 4 999 kWh - band DC;DC;0.035894999999999996;0.05256;0.024030000000000003;0.005577214658926646;0.02853;0.00015438819082531373
Ireland;2023-S2;2023;2;0.3794;0.03612461956521739;-0.006105104191688686;-0.14456888770650034;-1;1;1;0;Half-yearly, semesterly;Electricity;Consumption from 2 500 kWh to 4 999 kWh - band DC;Kilowatt-hour;All taxes and levies included;Euro;Consumption from 2 500 kWh to 4 999 kWh - band DC;DC;0.035894999999999996;0.05256;0.024030000000000003;0.005577214658926646;0.02853;0.00015438819082531373
Ireland;2024-S1;2024;1;0.3856;0.02965928571428571;-0.0064653338509316795;-0.17897306404181013;-1;1;0;1;Half-yearly, semesterly;Electricity;Consumption from 2 500 kWh to 4 999 kWh - band DC;Kilowatt-hour;Excluding taxes and levies;Euro;Consumption from 2 500 kWh to 4 999 kWh - band DC;DC;0.02939;0.03767;0.022719999999999997;0.003562587835220648;0.014950000000000003;0.00012011711507619673
Ireland;2024-S1;2024;1;0.2378;0.02965928571428571;-0.0064653338509316795;-0.17897306404181013;-1;1;0;1;Half-yearly, semesterly;Electricity;Consumption from 2 500 kWh to 4 999 kWh - band DC;Kilowatt-hour;Excluding VAT and other recoverable taxes and levies;Euro;Consumption from 2 500 kWh to 4 999 kWh - band DC;DC;0.02939;0.03767;0.022719999999999997;0.003562587835220648;0.014950000000000003;0.00012011711507619673
Ireland;2024-S1;2024;1;0.259;0.02965928571428571;-0.0064653338509316795;-0.17897306404181013;-1;1;0;1;Half-yearly, semesterly;Electricity;Consumption from 2 500 kWh to 4 999 kWh - band DC;Kilowatt-hour;All taxes and levies included;Euro;Consumption from 2 500 kWh to 4 999 kWh - band DC;DC;0.02939;0.03767;0.022719999999999997;0.003562587835220648;0.014950000000000003;0.00012011711507619673
Ireland;2024-S2;2024;2;0.3729;0.03988162162162163;0.010222335907335917;0.3446588702711819;1;1;0;0;Half-yearly, semesterly;Electricity;Consumption from 2 500 kWh to 4 999 kWh - band DC;Kilowatt-hour;Excluding taxes and levies;Euro;Consumption from 2 500 kWh to 4 999 kWh - band DC;DC;0.03939;0.0528;0.030379999999999997;0.0052140688200674355;0.02242;0.00013073863619529112
Ireland;2024-S2;2024;2;0.2794;0.03988162162162163;0.010222335907335917;0.3446588702711819;1;1;0;0;Half-yearly, semesterly;Electricity;Consumption from 2 500 kWh to 4 999 kWh - band DC;Kilowatt-hour;Excluding VAT and other recoverable taxes and levies;Euro;Consumption from 2 500 kWh to 4 999 kWh - band DC;DC;0.03939;0.0528;0.030379999999999997;0.0052140688200674355;0.02242;0.00013073863619529112
Ireland;2024-S2;2024;2;0.3046;0.03988162162162163;0.010222335907335917;0.3446588702711819;1;1;0;0;Half-yearly, semesterly;Electricity;Consumption from 2 500 kWh to 4 999 kWh - band DC;Kilowatt-hour;All taxes and levies included;Euro;Consumption from 2 500 kWh to 4 999 kWh - band DC;DC;0.03939;0.0528;0.030379999999999997;0.0052140688200674355;0.02242;0.00013073863619529112
Ireland;2025-S1;2025;1;0.3468;0.0405843093922652;0.0007026877706435702;0.01761933798255111;1;1;0;1;Half-yearly, semesterly;Electricity;Consumption from 2 500 kWh to 4 999 kWh - band DC;Kilowatt-hour;Excluding taxes and levies;Euro;Consumption from 2 500 kWh to 4 999 kWh - band DC;DC;0.03953;0.05722;0.03009;0.0070851230831753854;0.027129999999999998;0.00017457788956551042
Ireland;2025-S1;2025;1;0.2964;0.0405843093922652;0.0007026877706435702;0.01761933798255111;1;1;0;1;Half-yearly, semesterly;Electricity;Consumption from 2 500 kWh to 4 999 kWh - band DC;Kilowatt-hour;Excluding VAT and other recoverable taxes and levies;Euro;Consumption from 2 500 kWh to 4 999 kWh - band DC;DC;0.03953;0.05722;0.03009;0.0070851230831753854;0.027129999999999998;0.00017457788956551042
Ireland;2025-S1;2025;1;0.3231;0.0405843093922652;0.0007026877706435702;0.01761933798255111;1;1;0;1;Half-yearly, semesterly;Electricity;Consumption from 2 500 kWh to 4 999 kWh - band DC;Kilowatt-hour;All taxes and levies included;Euro;Consumption from 2 500 kWh to 4 999 kWh - band DC;DC;0.03953;0.05722;0.03009;0.0070851230831753854;0.027129999999999998;0.00017457788956551042
Ireland;2025-S2;2025;2;0.3608;0.03125204918032787;-0.00933226021193733;-0.22994749329690278;-1;1;0;1;Half-yearly, semesterly;Electricity;Consumption from 2 500 kWh to 4 999 kWh - band DC;Kilowatt-hour;Excluding taxes and levies;Euro;Consumption from 2 500 kWh to 4 999 kWh - band DC;DC;0.03138;0.037020000000000004;0.026539999999999998;0.00208229441624638;0.010480000000000003;6.662905220170685e-05
Ireland;2025-S2;2025;2;0.3709;0.03125204918032787;-0.00933226021193733;-0.22994749329690278;-1;1;0;1;Half-yearly, semesterly;Electricity;Consumption from 2 500 kWh to 4 999 kWh - band DC;Kilowatt-hour;Excluding VAT and other recoverable taxes and levies;Euro;Consumption from 2 500 kWh to 4 999 kWh - band DC;DC;0.03138;0.037020000000000004;0.026539999999999998;0.00208229441624638;0.010480000000000003;6.662905220170685e-05
Ireland;2025-S2;2025;2;0.4042;0.03125204918032787;-0.00933226021193733;-0.22994749329690278;-1;1;0;1;Half-yearly, semesterly;Electricity;Consumption from 2 500 kWh to 4 999 kWh - band DC;Kilowatt-hour;All taxes and levies included;Euro;Consumption from 2 500 kWh to 4 999 kWh - band DC;DC;0.03138;0.037020000000000004;0.026539999999999998;0.00208229441624638;0.010480000000000003;6.662905220170685e-05
Italy;2021-S1;2021;1;0.1432;0.021884866666666666;;;0;0;0;0;Half-yearly, semesterly;Electricity;Consumption from 2 500 kWh to 4 999 kWh - band DC;Kilowatt-hour;Excluding taxes and levies;Euro;Consumption from 2 500 kWh to 4 999 kWh - band DC;DC;0.021085;0.035;0.01492;0.00482668126102457;0.020079999999999997;0.0002205488082034421
Italy;2021-S1;2021;1;0.2053;0.021884866666666666;;;0;0;0;0;Half-yearly, semesterly;Electricity;Consumption from 2 500 kWh to 4 999 kWh - band DC;Kilowatt-hour;Excluding VAT and other recoverable taxes and levies;Euro;Consumption from 2 500 kWh to 4 999 kWh - band DC;DC;0.021085;0.035;0.01492;0.00482668126102457;0.020079999999999997;0.0002205488082034421
Italy;2021-S1;2021;1;0.2259;0.021884866666666666;;;0;0;0;0;Half-yearly, semesterly;Electricity;Consumption from 2 500 kWh to 4 999 kWh - band DC;Kilowatt-hour;All taxes and levies included;Euro;Consumption from 2 500 kWh to 4 999 kWh - band DC;DC;0.021085;0.035;0.01492;0.00482668126102457;0.020079999999999997;0.0002205488082034421
Italy;2021-S2;2021;2;0.176;0.07139254054054055;0.04950767387387388;2.2621875941917495;1;0;0;0;Half-yearly, semesterly;Electricity;Consumption from 2 500 kWh to 4 999 kWh - band DC;Kilowatt-hour;Excluding taxes and levies;Euro;Consumption from 2 500 kWh to 4 999 kWh - band DC;DC;0.07078;0.183;0.0338;0.029414433726409856;0.1492;0.00041200990332745994
Italy;2021-S2;2021;2;0.2147;0.07139254054054055;0.04950767387387388;2.2621875941917495;1;0;0;0;Half-yearly, semesterly;Electricity;Consumption from 2 500 kWh to 4 999 kWh - band DC;Kilowatt-hour;Excluding VAT and other recoverable taxes and levies;Euro;Consumption from 2 500 kWh to 4 999 kWh - band DC;DC;0.07078;0.183;0.0338;0.029414433726409856;0.1492;0.00041200990332745994
Italy;2021-S2;2021;2;0.236;0.07139254054054055;0.04950767387387388;2.2621875941917495;1;0;0;0;Half-yearly, semesterly;Electricity;Consumption from 2 500 kWh to 4 999 kWh - band DC;Kilowatt-hour;All taxes and levies included;Euro;Consumption from 2 500 kWh to 4 999 kWh - band DC;DC;0.07078;0.183;0.0338;0.029414433726409856;0.1492;0.00041200990332745994
Italy;2022-S1;2022;1;0.2671;0.09201900552486186;0.020626464984321316;0.28891624850650177;1;1;1;0;Half-yearly, semesterly;Electricity;Consumption from 2 500 kWh to 4 999 kWh - band DC;Kilowatt-hour;Excluding taxes and levies;Euro;Consumption from 2 500 kWh to 4 999 kWh - band DC;DC;0.08356;0.21436000000000002;0.04856;0.024964136723284833;0.1658;0.0002712932679601712
Italy;2022-S1;2022;1;0.2835;0.09201900552486186;0.020626464984321316;0.28891624850650177;1;1;1;0;Half-yearly, semesterly;Electricity;Consumption from 2 500 kWh to 4 999 kWh - band DC;Kilowatt-hour;Excluding VAT and other recoverable taxes and levies;Euro;Consumption from 2 500 kWh to 4 999 kWh - band DC;DC;0.08356;0.21436000000000002;0.04856;0.024964136723284833;0.1658;0.0002712932679601712
Italy;2022-S1;2022;1;0.3115;0.09201900552486186;0.020626464984321316;0.28891624850650177;1;1;1;0;Half-yearly, semesterly;Electricity;Consumption from 2 500 kWh to 4 999 kWh - band DC;Kilowatt-hour;All taxes and levies included;Euro;Consumption from 2 500 kWh to 4 999 kWh - band DC;DC;0.08356;0.21436000000000002;0.04856;0.024964136723284833;0.1658;0.0002712932679601712
Italy;2022-S2;2022;2;0.3192;0.10594205405405406;0.013923048529192197;0.15130622690146822;1;1;1;0;Half-yearly, semesterly;Electricity;Consumption from 2 500 kWh to 4 999 kWh - band DC;Kilowatt-hour;Excluding taxes and levies;Euro;Consumption from 2 500 kWh to 4 999 kWh - band DC;DC;0.1072;0.24;0.027780000000000003;0.043706998868668134;0.21222;0.000412555705653657
Italy;2022-S2;2022;2;0.3338;0.10594205405405406;0.013923048529192197;0.15130622690146822;1;1;1;0;Half-yearly, semesterly;Electricity;Consumption from 2 500 kWh to 4 999 kWh - band DC;Kilowatt-hour;Excluding VAT and other recoverable taxes and levies;Euro;Consumption from 2 500 kWh to 4 999 kWh - band DC;DC;0.1072;0.24;0.027780000000000003;0.043706998868668134;0.21222;0.000412555705653657
Italy;2022-S2;2022;2;0.3641;0.10594205405405406;0.013923048529192197;0.15130622690146822;1;1;1;0;Half-yearly, semesterly;Electricity;Consumption from 2 500 kWh to 4 999 kWh - band DC;Kilowatt-hour;All taxes and levies included;Euro;Consumption from 2 500 kWh to 4 999 kWh - band DC;DC;0.1072;0.24;0.027780000000000003;0.043706998868668134;0.21222;0.000412555705653657
Italy;2023-S1;2023;1;0.323;0.042229723756906076;-0.06371233029714798;-0.6013884747282745;-1;1;1;0;Half-yearly, semesterly;Electricity;Consumption from 2 500 kWh to 4 999 kWh - band DC;Kilowatt-hour;Excluding taxes and levies;Euro;Consumption from 2 500 kWh to 4 999 kWh - band DC;DC;0.04009;0.07149;0.023780000000000003;0.01198758067663452;0.047709999999999995;0.00028386595057170176
Italy;2023-S1;2023;1;0.3467;0.042229723756906076;-0.06371233029714798;-0.6013884747282745;-1;1;1;0;Half-yearly, semesterly;Electricity;Consumption from 2 500 kWh to 4 999 kWh - band DC;Kilowatt-hour;Excluding VAT and other recoverable taxes and levies;Euro;Consumption from 2 500 kWh to 4 999 kWh - band DC;DC;0.04009;0.07149;0.023780000000000003;0.01198758067663452;0.047709999999999995;0.00028386595057170176
Italy;2023-S1;2023;1;0.3782;0.042229723756906076;-0.06371233029714798;-0.6013884747282745;-1;1;1;0;Half-yearly, semesterly;Electricity;Consumption from 2 500 kWh to 4 999 kWh - band DC;Kilowatt-hour;All taxes and levies included;Euro;Consumption from 2 500 kWh to 4 999 kWh - band DC;DC;0.04009;0.07149;0.023780000000000003;0.01198758067663452;0.047709999999999995;0.00028386595057170176
Italy;2023-S2;2023;2;0.2565;0.03612461956521739;-0.006105104191688686;-0.14456888770650034;-1;1;1;0;Half-yearly, semesterly;Electricity;Consumption from 2 500 kWh to 4 999 kWh - band DC;Kilowatt-hour;Excluding taxes and levies;Euro;Consumption from 2 500 kWh to 4 999 kWh - band DC;DC;0.035894999999999996;0.05256;0.024030000000000003;0.005577214658926646;0.02853;0.00015438819082531373
Italy;2023-S2;2023;2;0.3045;0.03612461956521739;-0.006105104191688686;-0.14456888770650034;-1;1;1;0;Half-yearly, semesterly;Electricity;Consumption from 2 500 kWh to 4 999 kWh - band DC;Kilowatt-hour;Excluding VAT and other recoverable taxes and levies;Euro;Consumption from 2 500 kWh to 4 999 kWh - band DC;DC;0.035894999999999996;0.05256;0.024030000000000003;0.005577214658926646;0.02853;0.00015438819082531373
Italy;2023-S2;2023;2;0.3347;0.03612461956521739;-0.006105104191688686;-0.14456888770650034;-1;1;1;0;Half-yearly, semesterly;Electricity;Consumption from 2 500 kWh to 4 999 kWh - band DC;Kilowatt-hour;All taxes and levies included;Euro;Consumption from 2 500 kWh to 4 999 kWh - band DC;DC;0.035894999999999996;0.05256;0.024030000000000003;0.005577214658926646;0.02853;0.00015438819082531373
Italy;2024-S1;2024;1;0.2451;0.02965928571428571;-0.0064653338509316795;-0.17897306404181013;-1;1;0;1;Half-yearly, semesterly;Electricity;Consumption from 2 500 kWh to 4 999 kWh - band DC;Kilowatt-hour;Excluding taxes and levies;Euro;Consumption from 2 500 kWh to 4 999 kWh - band DC;DC;0.02939;0.03767;0.022719999999999997;0.003562587835220648;0.014950000000000003;0.00012011711507619673
Italy;2024-S1;2024;1;0.2981;0.02965928571428571;-0.0064653338509316795;-0.17897306404181013;-1;1;0;1;Half-yearly, semesterly;Electricity;Consumption from 2 500 kWh to 4 999 kWh - band DC;Kilowatt-hour;Excluding VAT and other recoverable taxes and levies;Euro;Consumption from 2 500 kWh to 4 999 kWh - band DC;DC;0.02939;0.03767;0.022719999999999997;0.003562587835220648;0.014950000000000003;0.00012011711507619673
Italy;2024-S1;2024;1;0.3274;0.02965928571428571;-0.0064653338509316795;-0.17897306404181013;-1;1;0;1;Half-yearly, semesterly;Electricity;Consumption from 2 500 kWh to 4 999 kWh - band DC;Kilowatt-hour;All taxes and levies included;Euro;Consumption from 2 500 kWh to 4 999 kWh - band DC;DC;0.02939;0.03767;0.022719999999999997;0.003562587835220648;0.014950000000000003;0.00012011711507619673
Italy;2024-S2;2024;2;0.2232;0.03988162162162163;0.010222335907335917;0.3446588702711819;1;1;0;0;Half-yearly, semesterly;Electricity;Consumption from 2 500 kWh to 4 999 kWh - band DC;Kilowatt-hour;Excluding taxes and levies;Euro;Consumption from 2 500 kWh to 4 999 kWh - band DC;DC;0.03939;0.0528;0.030379999999999997;0.0052140688200674355;0.02242;0.00013073863619529112
Italy;2024-S2;2024;2;0.2809;0.03988162162162163;0.010222335907335917;0.3446588702711819;1;1;0;0;Half-yearly, semesterly;Electricity;Consumption from 2 500 kWh to 4 999 kWh - band DC;Kilowatt-hour;Excluding VAT and other recoverable taxes and levies;Euro;Consumption from 2 500 kWh to 4 999 kWh - band DC;DC;0.03939;0.0528;0.030379999999999997;0.0052140688200674355;0.02242;0.00013073863619529112
Italy;2024-S2;2024;2;0.3111;0.03988162162162163;0.010222335907335917;0.3446588702711819;1;1;0;0;Half-yearly, semesterly;Electricity;Consumption from 2 500 kWh to 4 999 kWh - band DC;Kilowatt-hour;All taxes and levies included;Euro;Consumption from 2 500 kWh to 4 999 kWh - band DC;DC;0.03939;0.0528;0.030379999999999997;0.0052140688200674355;0.02242;0.00013073863619529112
Italy;2025-S1;2025;1;0.2458;0.0405843093922652;0.0007026877706435702;0.01761933798255111;1;1;0;1;Half-yearly, semesterly;Electricity;Consumption from 2 500 kWh to 4 999 kWh - band DC;Kilowatt-hour;Excluding taxes and levies;Euro;Consumption from 2 500 kWh to 4 999 kWh - band DC;DC;0.03953;0.05722;0.03009;0.0070851230831753854;0.027129999999999998;0.00017457788956551042
Italy;2025-S1;2025;1;0.2989;0.0405843093922652;0.0007026877706435702;0.01761933798255111;1;1;0;1;Half-yearly, semesterly;Electricity;Consumption from 2 500 kWh to 4 999 kWh - band DC;Kilowatt-hour;Excluding VAT and other recoverable taxes and levies;Euro;Consumption from 2 500 kWh to 4 999 kWh - band DC;DC;0.03953;0.05722;0.03009;0.0070851230831753854;0.027129999999999998;0.00017457788956551042
Italy;2025-S1;2025;1;0.3291;0.0405843093922652;0.0007026877706435702;0.01761933798255111;1;1;0;1;Half-yearly, semesterly;Electricity;Consumption from 2 500 kWh to 4 999 kWh - band DC;Kilowatt-hour;All taxes and levies included;Euro;Consumption from 2 500 kWh to 4 999 kWh - band DC;DC;0.03953;0.05722;0.03009;0.0070851230831753854;0.027129999999999998;0.00017457788956551042
Italy;2025-S2;2025;2;0.219;0.03125204918032787;-0.00933226021193733;-0.22994749329690278;-1;1;0;1;Half-yearly, semesterly;Electricity;Consumption from 2 500 kWh to 4 999 kWh - band DC;Kilowatt-hour;Excluding taxes and levies;Euro;Consumption from 2 500 kWh to 4 999 kWh - band DC;DC;0.03138;0.037020000000000004;0.026539999999999998;0.00208229441624638;0.010480000000000003;6.662905220170685e-05
Italy;2025-S2;2025;2;0.2693;0.03125204918032787;-0.00933226021193733;-0.22994749329690278;-1;1;0;1;Half-yearly, semesterly;Electricity;Consumption from 2 500 kWh to 4 999 kWh - band DC;Kilowatt-hour;Excluding VAT and other recoverable taxes and levies;Euro;Consumption from 2 500 kWh to 4 999 kWh - band DC;DC;0.03138;0.037020000000000004;0.026539999999999998;0.00208229441624638;0.010480000000000003;6.662905220170685e-05
Italy;2025-S2;2025;2;0.2966;0.03125204918032787;-0.00933226021193733;-0.22994749329690278;-1;1;0;1;Half-yearly, semesterly;Electricity;Consumption from 2 500 kWh to 4 999 kWh - band DC;Kilowatt-hour;All taxes and levies included;Euro;Consumption from 2 500 kWh to 4 999 kWh - band DC;DC;0.03138;0.037020000000000004;0.026539999999999998;0.00208229441624638;0.010480000000000003;6.662905220170685e-05
Kosovo*;2021-S1;2021;1;0.0522;0.021884866666666666;;;0;0;0;0;Half-yearly, semesterly;Electricity;Consumption from 2 500 kWh to 4 999 kWh - band DC;Kilowatt-hour;Excluding taxes and levies;Euro;Consumption from 2 500 kWh to 4 999 kWh - band DC;DC;0.021085;0.035;0.01492;0.00482668126102457;0.020079999999999997;0.0002205488082034421
Kosovo*;2021-S1;2021;1;0.056;0.021884866666666666;;;0;0;0;0;Half-yearly, semesterly;Electricity;Consumption from 2 500 kWh to 4 999 kWh - band DC;Kilowatt-hour;Excluding VAT and other recoverable taxes and levies;Euro;Consumption from 2 500 kWh to 4 999 kWh - band DC;DC;0.021085;0.035;0.01492;0.00482668126102457;0.020079999999999997;0.0002205488082034421
Kosovo*;2021-S1;2021;1;0.0605;0.021884866666666666;;;0;0;0;0;Half-yearly, semesterly;Electricity;Consumption from 2 500 kWh to 4 999 kWh - band DC;Kilowatt-hour;All taxes and levies included;Euro;Consumption from 2 500 kWh to 4 999 kWh - band DC;DC;0.021085;0.035;0.01492;0.00482668126102457;0.020079999999999997;0.0002205488082034421
Kosovo*;2021-S2;2021;2;0.0535;0.07139254054054055;0.04950767387387388;2.2621875941917495;1;0;0;0;Half-yearly, semesterly;Electricity;Consumption from 2 500 kWh to 4 999 kWh - band DC;Kilowatt-hour;Excluding taxes and levies;Euro;Consumption from 2 500 kWh to 4 999 kWh - band DC;DC;0.07078;0.183;0.0338;0.029414433726409856;0.1492;0.00041200990332745994
Kosovo*;2021-S2;2021;2;0.0562;0.07139254054054055;0.04950767387387388;2.2621875941917495;1;0;0;0;Half-yearly, semesterly;Electricity;Consumption from 2 500 kWh to 4 999 kWh - band DC;Kilowatt-hour;Excluding VAT and other recoverable taxes and levies;Euro;Consumption from 2 500 kWh to 4 999 kWh - band DC;DC;0.07078;0.183;0.0338;0.029414433726409856;0.1492;0.00041200990332745994
Kosovo*;2021-S2;2021;2;0.0607;0.07139254054054055;0.04950767387387388;2.2621875941917495;1;0;0;0;Half-yearly, semesterly;Electricity;Consumption from 2 500 kWh to 4 999 kWh - band DC;Kilowatt-hour;All taxes and levies included;Euro;Consumption from 2 500 kWh to 4 999 kWh - band DC;DC;0.07078;0.183;0.0338;0.029414433726409856;0.1492;0.00041200990332745994
Kosovo*;2022-S1;2022;1;0.0555;0.09201900552486186;0.020626464984321316;0.28891624850650177;1;1;1;0;Half-yearly, semesterly;Electricity;Consumption from 2 500 kWh to 4 999 kWh - band DC;Kilowatt-hour;Excluding taxes and levies;Euro;Consumption from 2 500 kWh to 4 999 kWh - band DC;DC;0.08356;0.21436000000000002;0.04856;0.024964136723284833;0.1658;0.0002712932679601712
Kosovo*;2022-S1;2022;1;0.0566;0.09201900552486186;0.020626464984321316;0.28891624850650177;1;1;1;0;Half-yearly, semesterly;Electricity;Consumption from 2 500 kWh to 4 999 kWh - band DC;Kilowatt-hour;Excluding VAT and other recoverable taxes and levies;Euro;Consumption from 2 500 kWh to 4 999 kWh - band DC;DC;0.08356;0.21436000000000002;0.04856;0.024964136723284833;0.1658;0.0002712932679601712
Kosovo*;2022-S1;2022;1;0.0611;0.09201900552486186;0.020626464984321316;0.28891624850650177;1;1;1;0;Half-yearly, semesterly;Electricity;Consumption from 2 500 kWh to 4 999 kWh - band DC;Kilowatt-hour;All taxes and levies included;Euro;Consumption from 2 500 kWh to 4 999 kWh - band DC;DC;0.08356;0.21436000000000002;0.04856;0.024964136723284833;0.1658;0.0002712932679601712
Kosovo*;2022-S2;2022;2;0.0583;0.10594205405405406;0.013923048529192197;0.15130622690146822;1;1;1;0;Half-yearly, semesterly;Electricity;Consumption from 2 500 kWh to 4 999 kWh - band DC;Kilowatt-hour;Excluding taxes and levies;Euro;Consumption from 2 500 kWh to 4 999 kWh - band DC;DC;0.1072;0.24;0.027780000000000003;0.043706998868668134;0.21222;0.000412555705653657
Kosovo*;2022-S2;2022;2;0.059;0.10594205405405406;0.013923048529192197;0.15130622690146822;1;1;1;0;Half-yearly, semesterly;Electricity;Consumption from 2 500 kWh to 4 999 kWh - band DC;Kilowatt-hour;Excluding VAT and other recoverable taxes and levies;Euro;Consumption from 2 500 kWh to 4 999 kWh - band DC;DC;0.1072;0.24;0.027780000000000003;0.043706998868668134;0.21222;0.000412555705653657
Kosovo*;2022-S2;2022;2;0.0637;0.10594205405405406;0.013923048529192197;0.15130622690146822;1;1;1;0;Half-yearly, semesterly;Electricity;Consumption from 2 500 kWh to 4 999 kWh - band DC;Kilowatt-hour;All taxes and levies included;Euro;Consumption from 2 500 kWh to 4 999 kWh - band DC;DC;0.1072;0.24;0.027780000000000003;0.043706998868668134;0.21222;0.000412555705653657
Kosovo*;2023-S1;2023;1;0.0603;0.042229723756906076;-0.06371233029714798;-0.6013884747282745;-1;1;1;0;Half-yearly, semesterly;Electricity;Consumption from 2 500 kWh to 4 999 kWh - band DC;Kilowatt-hour;Excluding taxes and levies;Euro;Consumption from 2 500 kWh to 4 999 kWh - band DC;DC;0.04009;0.07149;0.023780000000000003;0.01198758067663452;0.047709999999999995;0.00028386595057170176
Kosovo*;2023-S1;2023;1;0.0621;0.042229723756906076;-0.06371233029714798;-0.6013884747282745;-1;1;1;0;Half-yearly, semesterly;Electricity;Consumption from 2 500 kWh to 4 999 kWh - band DC;Kilowatt-hour;Excluding VAT and other recoverable taxes and levies;Euro;Consumption from 2 500 kWh to 4 999 kWh - band DC;DC;0.04009;0.07149;0.023780000000000003;0.01198758067663452;0.047709999999999995;0.00028386595057170176
Kosovo*;2023-S1;2023;1;0.0671;0.042229723756906076;-0.06371233029714798;-0.6013884747282745;-1;1;1;0;Half-yearly, semesterly;Electricity;Consumption from 2 500 kWh to 4 999 kWh - band DC;Kilowatt-hour;All taxes and levies included;Euro;Consumption from 2 500 kWh to 4 999 kWh - band DC;DC;0.04009;0.07149;0.023780000000000003;0.01198758067663452;0.047709999999999995;0.00028386595057170176
Kosovo*;2023-S2;2023;2;0.0662;0.03612461956521739;-0.006105104191688686;-0.14456888770650034;-1;1;1;0;Half-yearly, semesterly;Electricity;Consumption from 2 500 kWh to 4 999 kWh - band DC;Kilowatt-hour;Excluding taxes and levies;Euro;Consumption from 2 500 kWh to 4 999 kWh - band DC;DC;0.035894999999999996;0.05256;0.024030000000000003;0.005577214658926646;0.02853;0.00015438819082531373
Kosovo*;2023-S2;2023;2;0.0693;0.03612461956521739;-0.006105104191688686;-0.14456888770650034;-1;1;1;0;Half-yearly, semesterly;Electricity;Consumption from 2 500 kWh to 4 999 kWh - band DC;Kilowatt-hour;Excluding VAT and other recoverable taxes and levies;Euro;Consumption from 2 500 kWh to 4 999 kWh - band DC;DC;0.035894999999999996;0.05256;0.024030000000000003;0.005577214658926646;0.02853;0.00015438819082531373
Kosovo*;2023-S2;2023;2;0.0749;0.03612461956521739;-0.006105104191688686;-0.14456888770650034;-1;1;1;0;Half-yearly, semesterly;Electricity;Consumption from 2 500 kWh to 4 999 kWh - band DC;Kilowatt-hour;All taxes and levies included;Euro;Consumption from 2 500 kWh to 4 999 kWh - band DC;DC;0.035894999999999996;0.05256;0.024030000000000003;0.005577214658926646;0.02853;0.00015438819082531373
Kosovo*;2024-S1;2024;1;0.065;0.02965928571428571;-0.0064653338509316795;-0.17897306404181013;-1;1;0;1;Half-yearly, semesterly;Electricity;Consumption from 2 500 kWh to 4 999 kWh - band DC;Kilowatt-hour;Excluding taxes and levies;Euro;Consumption from 2 500 kWh to 4 999 kWh - band DC;DC;0.02939;0.03767;0.022719999999999997;0.003562587835220648;0.014950000000000003;0.00012011711507619673
Kosovo*;2024-S1;2024;1;0.0681;0.02965928571428571;-0.0064653338509316795;-0.17897306404181013;-1;1;0;1;Half-yearly, semesterly;Electricity;Consumption from 2 500 kWh to 4 999 kWh - band DC;Kilowatt-hour;Excluding VAT and other recoverable taxes and levies;Euro;Consumption from 2 500 kWh to 4 999 kWh - band DC;DC;0.02939;0.03767;0.022719999999999997;0.003562587835220648;0.014950000000000003;0.00012011711507619673
Kosovo*;2024-S1;2024;1;0.0736;0.02965928571428571;-0.0064653338509316795;-0.17897306404181013;-1;1;0;1;Half-yearly, semesterly;Electricity;Consumption from 2 500 kWh to 4 999 kWh - band DC;Kilowatt-hour;All taxes and levies included;Euro;Consumption from 2 500 kWh to 4 999 kWh - band DC;DC;0.02939;0.03767;0.022719999999999997;0.003562587835220648;0.014950000000000003;0.00012011711507619673
Kosovo*;2024-S2;2024;2;0.066;0.03988162162162163;0.010222335907335917;0.3446588702711819;1;1;0;0;Half-yearly, semesterly;Electricity;Consumption from 2 500 kWh to 4 999 kWh - band DC;Kilowatt-hour;Excluding taxes and levies;Euro;Consumption from 2 500 kWh to 4 999 kWh - band DC;DC;0.03939;0.0528;0.030379999999999997;0.0052140688200674355;0.02242;0.00013073863619529112
Kosovo*;2024-S2;2024;2;0.0691;0.03988162162162163;0.010222335907335917;0.3446588702711819;1;1;0;0;Half-yearly, semesterly;Electricity;Consumption from 2 500 kWh to 4 999 kWh - band DC;Kilowatt-hour;Excluding VAT and other recoverable taxes and levies;Euro;Consumption from 2 500 kWh to 4 999 kWh - band DC;DC;0.03939;0.0528;0.030379999999999997;0.0052140688200674355;0.02242;0.00013073863619529112
Kosovo*;2024-S2;2024;2;0.0746;0.03988162162162163;0.010222335907335917;0.3446588702711819;1;1;0;0;Half-yearly, semesterly;Electricity;Consumption from 2 500 kWh to 4 999 kWh - band DC;Kilowatt-hour;All taxes and levies included;Euro;Consumption from 2 500 kWh to 4 999 kWh - band DC;DC;0.03939;0.0528;0.030379999999999997;0.0052140688200674355;0.02242;0.00013073863619529112
Kosovo*;2025-S1;2025;1;0.0679;0.0405843093922652;0.0007026877706435702;0.01761933798255111;1;1;0;1;Half-yearly, semesterly;Electricity;Consumption from 2 500 kWh to 4 999 kWh - band DC;Kilowatt-hour;Excluding taxes and levies;Euro;Consumption from 2 500 kWh to 4 999 kWh - band DC;DC;0.03953;0.05722;0.03009;0.0070851230831753854;0.027129999999999998;0.00017457788956551042
Kosovo*;2025-S1;2025;1;0.0709;0.0405843093922652;0.0007026877706435702;0.01761933798255111;1;1;0;1;Half-yearly, semesterly;Electricity;Consumption from 2 500 kWh to 4 999 kWh - band DC;Kilowatt-hour;Excluding VAT and other recoverable taxes and levies;Euro;Consumption from 2 500 kWh to 4 999 kWh - band DC;DC;0.03953;0.05722;0.03009;0.0070851230831753854;0.027129999999999998;0.00017457788956551042
Kosovo*;2025-S1;2025;1;0.0766;0.0405843093922652;0.0007026877706435702;0.01761933798255111;1;1;0;1;Half-yearly, semesterly;Electricity;Consumption from 2 500 kWh to 4 999 kWh - band DC;Kilowatt-hour;All taxes and levies included;Euro;Consumption from 2 500 kWh to 4 999 kWh - band DC;DC;0.03953;0.05722;0.03009;0.0070851230831753854;0.027129999999999998;0.00017457788956551042
Kosovo*;2025-S2;2025;2;0.0783;0.03125204918032787;-0.00933226021193733;-0.22994749329690278;-1;1;0;1;Half-yearly, semesterly;Electricity;Consumption from 2 500 kWh to 4 999 kWh - band DC;Kilowatt-hour;Excluding taxes and levies;Euro;Consumption from 2 500 kWh to 4 999 kWh - band DC;DC;0.03138;0.037020000000000004;0.026539999999999998;0.00208229441624638;0.010480000000000003;6.662905220170685e-05
Kosovo*;2025-S2;2025;2;0.0812;0.03125204918032787;-0.00933226021193733;-0.22994749329690278;-1;1;0;1;Half-yearly, semesterly;Electricity;Consumption from 2 500 kWh to 4 999 kWh - band DC;Kilowatt-hour;Excluding VAT and other recoverable taxes and levies;Euro;Consumption from 2 500 kWh to 4 999 kWh - band DC;DC;0.03138;0.037020000000000004;0.026539999999999998;0.00208229441624638;0.010480000000000003;6.662905220170685e-05
Kosovo*;2025-S2;2025;2;0.0877;0.03125204918032787;-0.00933226021193733;-0.22994749329690278;-1;1;0;1;Half-yearly, semesterly;Electricity;Consumption from 2 500 kWh to 4 999 kWh - band DC;Kilowatt-hour;All taxes and levies included;Euro;Consumption from 2 500 kWh to 4 999 kWh - band DC;DC;0.03138;0.037020000000000004;0.026539999999999998;0.00208229441624638;0.010480000000000003;6.662905220170685e-05
Latvia;2021-S1;2021;1;0.1024;0.021884866666666666;;;0;0;0;0;Half-yearly, semesterly;Electricity;Consumption from 2 500 kWh to 4 999 kWh - band DC;Kilowatt-hour;Excluding taxes and levies;Euro;Consumption from 2 500 kWh to 4 999 kWh - band DC;DC;0.021085;0.035;0.01492;0.00482668126102457;0.020079999999999997;0.0002205488082034421
Latvia;2021-S1;2021;1;0.116;0.021884866666666666;;;0;0;0;0;Half-yearly, semesterly;Electricity;Consumption from 2 500 kWh to 4 999 kWh - band DC;Kilowatt-hour;Excluding VAT and other recoverable taxes and levies;Euro;Consumption from 2 500 kWh to 4 999 kWh - band DC;DC;0.021085;0.035;0.01492;0.00482668126102457;0.020079999999999997;0.0002205488082034421
Latvia;2021-S1;2021;1;0.1403;0.021884866666666666;;;0;0;0;0;Half-yearly, semesterly;Electricity;Consumption from 2 500 kWh to 4 999 kWh - band DC;Kilowatt-hour;All taxes and levies included;Euro;Consumption from 2 500 kWh to 4 999 kWh - band DC;DC;0.021085;0.035;0.01492;0.00482668126102457;0.020079999999999997;0.0002205488082034421
Latvia;2021-S2;2021;2;0.1402;0.07139254054054055;0.04950767387387388;2.2621875941917495;1;0;0;0;Half-yearly, semesterly;Electricity;Consumption from 2 500 kWh to 4 999 kWh - band DC;Kilowatt-hour;Excluding taxes and levies;Euro;Consumption from 2 500 kWh to 4 999 kWh - band DC;DC;0.07078;0.183;0.0338;0.029414433726409856;0.1492;0.00041200990332745994
Latvia;2021-S2;2021;2;0.1559;0.07139254054054055;0.04950767387387388;2.2621875941917495;1;0;0;0;Half-yearly, semesterly;Electricity;Consumption from 2 500 kWh to 4 999 kWh - band DC;Kilowatt-hour;Excluding VAT and other recoverable taxes and levies;Euro;Consumption from 2 500 kWh to 4 999 kWh - band DC;DC;0.07078;0.183;0.0338;0.029414433726409856;0.1492;0.00041200990332745994
Latvia;2021-S2;2021;2;0.1886;0.07139254054054055;0.04950767387387388;2.2621875941917495;1;0;0;0;Half-yearly, semesterly;Electricity;Consumption from 2 500 kWh to 4 999 kWh - band DC;Kilowatt-hour;All taxes and levies included;Euro;Consumption from 2 500 kWh to 4 999 kWh - band DC;DC;0.07078;0.183;0.0338;0.029414433726409856;0.1492;0.00041200990332745994
Latvia;2022-S1;2022;1;0.1779;0.09201900552486186;0.020626464984321316;0.28891624850650177;1;1;1;0;Half-yearly, semesterly;Electricity;Consumption from 2 500 kWh to 4 999 kWh - band DC;Kilowatt-hour;Excluding taxes and levies;Euro;Consumption from 2 500 kWh to 4 999 kWh - band DC;DC;0.08356;0.21436000000000002;0.04856;0.024964136723284833;0.1658;0.0002712932679601712
Latvia;2022-S1;2022;1;0.1454;0.09201900552486186;0.020626464984321316;0.28891624850650177;1;1;1;0;Half-yearly, semesterly;Electricity;Consumption from 2 500 kWh to 4 999 kWh - band DC;Kilowatt-hour;Excluding VAT and other recoverable taxes and levies;Euro;Consumption from 2 500 kWh to 4 999 kWh - band DC;DC;0.08356;0.21436000000000002;0.04856;0.024964136723284833;0.1658;0.0002712932679601712
Latvia;2022-S1;2022;1;0.1759;0.09201900552486186;0.020626464984321316;0.28891624850650177;1;1;1;0;Half-yearly, semesterly;Electricity;Consumption from 2 500 kWh to 4 999 kWh - band DC;Kilowatt-hour;All taxes and levies included;Euro;Consumption from 2 500 kWh to 4 999 kWh - band DC;DC;0.08356;0.21436000000000002;0.04856;0.024964136723284833;0.1658;0.0002712932679601712
Latvia;2022-S2;2022;2;0.2448;0.10594205405405406;0.013923048529192197;0.15130622690146822;1;1;1;0;Half-yearly, semesterly;Electricity;Consumption from 2 500 kWh to 4 999 kWh - band DC;Kilowatt-hour;Excluding taxes and levies;Euro;Consumption from 2 500 kWh to 4 999 kWh - band DC;DC;0.1072;0.24;0.027780000000000003;0.043706998868668134;0.21222;0.000412555705653657
Latvia;2022-S2;2022;2;0.2473;0.10594205405405406;0.013923048529192197;0.15130622690146822;1;1;1;0;Half-yearly, semesterly;Electricity;Consumption from 2 500 kWh to 4 999 kWh - band DC;Kilowatt-hour;Excluding VAT and other recoverable taxes and levies;Euro;Consumption from 2 500 kWh to 4 999 kWh - band DC;DC;0.1072;0.24;0.027780000000000003;0.043706998868668134;0.21222;0.000412555705653657
Latvia;2022-S2;2022;2;0.2992;0.10594205405405406;0.013923048529192197;0.15130622690146822;1;1;1;0;Half-yearly, semesterly;Electricity;Consumption from 2 500 kWh to 4 999 kWh - band DC;Kilowatt-hour;All taxes and levies included;Euro;Consumption from 2 500 kWh to 4 999 kWh - band DC;DC;0.1072;0.24;0.027780000000000003;0.043706998868668134;0.21222;0.000412555705653657
Latvia;2023-S1;2023;1;0.2521;0.042229723756906076;-0.06371233029714798;-0.6013884747282745;-1;1;1;0;Half-yearly, semesterly;Electricity;Consumption from 2 500 kWh to 4 999 kWh - band DC;Kilowatt-hour;Excluding taxes and levies;Euro;Consumption from 2 500 kWh to 4 999 kWh - band DC;DC;0.04009;0.07149;0.023780000000000003;0.01198758067663452;0.047709999999999995;0.00028386595057170176
Latvia;2023-S1;2023;1;0.2524;0.042229723756906076;-0.06371233029714798;-0.6013884747282745;-1;1;1;0;Half-yearly, semesterly;Electricity;Consumption from 2 500 kWh to 4 999 kWh - band DC;Kilowatt-hour;Excluding VAT and other recoverable taxes and levies;Euro;Consumption from 2 500 kWh to 4 999 kWh - band DC;DC;0.04009;0.07149;0.023780000000000003;0.01198758067663452;0.047709999999999995;0.00028386595057170176
Latvia;2023-S1;2023;1;0.3054;0.042229723756906076;-0.06371233029714798;-0.6013884747282745;-1;1;1;0;Half-yearly, semesterly;Electricity;Consumption from 2 500 kWh to 4 999 kWh - band DC;Kilowatt-hour;All taxes and levies included;Euro;Consumption from 2 500 kWh to 4 999 kWh - band DC;DC;0.04009;0.07149;0.023780000000000003;0.01198758067663452;0.047709999999999995;0.00028386595057170176
Latvia;2023-S2;2023;2;0.2497;0.03612461956521739;-0.006105104191688686;-0.14456888770650034;-1;1;1;0;Half-yearly, semesterly;Electricity;Consumption from 2 500 kWh to 4 999 kWh - band DC;Kilowatt-hour;Excluding taxes and levies;Euro;Consumption from 2 500 kWh to 4 999 kWh - band DC;DC;0.035894999999999996;0.05256;0.024030000000000003;0.005577214658926646;0.02853;0.00015438819082531373
Latvia;2023-S2;2023;2;0.2293;0.03612461956521739;-0.006105104191688686;-0.14456888770650034;-1;1;1;0;Half-yearly, semesterly;Electricity;Consumption from 2 500 kWh to 4 999 kWh - band DC;Kilowatt-hour;Excluding VAT and other recoverable taxes and levies;Euro;Consumption from 2 500 kWh to 4 999 kWh - band DC;DC;0.035894999999999996;0.05256;0.024030000000000003;0.005577214658926646;0.02853;0.00015438819082531373
Latvia;2023-S2;2023;2;0.2774;0.03612461956521739;-0.006105104191688686;-0.14456888770650034;-1;1;1;0;Half-yearly, semesterly;Electricity;Consumption from 2 500 kWh to 4 999 kWh - band DC;Kilowatt-hour;All taxes and levies included;Euro;Consumption from 2 500 kWh to 4 999 kWh - band DC;DC;0.035894999999999996;0.05256;0.024030000000000003;0.005577214658926646;0.02853;0.00015438819082531373
Latvia;2024-S1;2024;1;0.2261;0.02965928571428571;-0.0064653338509316795;-0.17897306404181013;-1;1;0;1;Half-yearly, semesterly;Electricity;Consumption from 2 500 kWh to 4 999 kWh - band DC;Kilowatt-hour;Excluding taxes and levies;Euro;Consumption from 2 500 kWh to 4 999 kWh - band DC;DC;0.02939;0.03767;0.022719999999999997;0.003562587835220648;0.014950000000000003;0.00012011711507619673
Latvia;2024-S1;2024;1;0.2104;0.02965928571428571;-0.0064653338509316795;-0.17897306404181013;-1;1;0;1;Half-yearly, semesterly;Electricity;Consumption from 2 500 kWh to 4 999 kWh - band DC;Kilowatt-hour;Excluding VAT and other recoverable taxes and levies;Euro;Consumption from 2 500 kWh to 4 999 kWh - band DC;DC;0.02939;0.03767;0.022719999999999997;0.003562587835220648;0.014950000000000003;0.00012011711507619673
Latvia;2024-S1;2024;1;0.2546;0.02965928571428571;-0.0064653338509316795;-0.17897306404181013;-1;1;0;1;Half-yearly, semesterly;Electricity;Consumption from 2 500 kWh to 4 999 kWh - band DC;Kilowatt-hour;All taxes and levies included;Euro;Consumption from 2 500 kWh to 4 999 kWh - band DC;DC;0.02939;0.03767;0.022719999999999997;0.003562587835220648;0.014950000000000003;0.00012011711507619673
Latvia;2024-S2;2024;2;0.2159;0.03988162162162163;0.010222335907335917;0.3446588702711819;1;1;0;0;Half-yearly, semesterly;Electricity;Consumption from 2 500 kWh to 4 999 kWh - band DC;Kilowatt-hour;Excluding taxes and levies;Euro;Consumption from 2 500 kWh to 4 999 kWh - band DC;DC;0.03939;0.0528;0.030379999999999997;0.0052140688200674355;0.02242;0.00013073863619529112
Latvia;2024-S2;2024;2;0.1998;0.03988162162162163;0.010222335907335917;0.3446588702711819;1;1;0;0;Half-yearly, semesterly;Electricity;Consumption from 2 500 kWh to 4 999 kWh - band DC;Kilowatt-hour;Excluding VAT and other recoverable taxes and levies;Euro;Consumption from 2 500 kWh to 4 999 kWh - band DC;DC;0.03939;0.0528;0.030379999999999997;0.0052140688200674355;0.02242;0.00013073863619529112
Latvia;2024-S2;2024;2;0.2408;0.03988162162162163;0.010222335907335917;0.3446588702711819;1;1;0;0;Half-yearly, semesterly;Electricity;Consumption from 2 500 kWh to 4 999 kWh - band DC;Kilowatt-hour;All taxes and levies included;Euro;Consumption from 2 500 kWh to 4 999 kWh - band DC;DC;0.03939;0.0528;0.030379999999999997;0.0052140688200674355;0.02242;0.00013073863619529112
Latvia;2025-S1;2025;1;0.2011;0.0405843093922652;0.0007026877706435702;0.01761933798255111;1;1;0;1;Half-yearly, semesterly;Electricity;Consumption from 2 500 kWh to 4 999 kWh - band DC;Kilowatt-hour;Excluding taxes and levies;Euro;Consumption from 2 500 kWh to 4 999 kWh - band DC;DC;0.03953;0.05722;0.03009;0.0070851230831753854;0.027129999999999998;0.00017457788956551042
Latvia;2025-S1;2025;1;0.2017;0.0405843093922652;0.0007026877706435702;0.01761933798255111;1;1;0;1;Half-yearly, semesterly;Electricity;Consumption from 2 500 kWh to 4 999 kWh - band DC;Kilowatt-hour;Excluding VAT and other recoverable taxes and levies;Euro;Consumption from 2 500 kWh to 4 999 kWh - band DC;DC;0.03953;0.05722;0.03009;0.0070851230831753854;0.027129999999999998;0.00017457788956551042
Latvia;2025-S1;2025;1;0.244;0.0405843093922652;0.0007026877706435702;0.01761933798255111;1;1;0;1;Half-yearly, semesterly;Electricity;Consumption from 2 500 kWh to 4 999 kWh - band DC;Kilowatt-hour;All taxes and levies included;Euro;Consumption from 2 500 kWh to 4 999 kWh - band DC;DC;0.03953;0.05722;0.03009;0.0070851230831753854;0.027129999999999998;0.00017457788956551042
Latvia;2025-S2;2025;2;0.2021;0.03125204918032787;-0.00933226021193733;-0.22994749329690278;-1;1;0;1;Half-yearly, semesterly;Electricity;Consumption from 2 500 kWh to 4 999 kWh - band DC;Kilowatt-hour;Excluding taxes and levies;Euro;Consumption from 2 500 kWh to 4 999 kWh - band DC;DC;0.03138;0.037020000000000004;0.026539999999999998;0.00208229441624638;0.010480000000000003;6.662905220170685e-05
Latvia;2025-S2;2025;2;0.2027;0.03125204918032787;-0.00933226021193733;-0.22994749329690278;-1;1;0;1;Half-yearly, semesterly;Electricity;Consumption from 2 500 kWh to 4 999 kWh - band DC;Kilowatt-hour;Excluding VAT and other recoverable taxes and levies;Euro;Consumption from 2 500 kWh to 4 999 kWh - band DC;DC;0.03138;0.037020000000000004;0.026539999999999998;0.00208229441624638;0.010480000000000003;6.662905220170685e-05
Latvia;2025-S2;2025;2;0.2452;0.03125204918032787;-0.00933226021193733;-0.22994749329690278;-1;1;0;1;Half-yearly, semesterly;Electricity;Consumption from 2 500 kWh to 4 999 kWh - band DC;Kilowatt-hour;All taxes and levies included;Euro;Consumption from 2 500 kWh to 4 999 kWh - band DC;DC;0.03138;0.037020000000000004;0.026539999999999998;0.00208229441624638;0.010480000000000003;6.662905220170685e-05
Liechtenstein;2021-S1;2021;1;0.1786;0.021884866666666666;;;0;0;0;0;Half-yearly, semesterly;Electricity;Consumption from 2 500 kWh to 4 999 kWh - band DC;Kilowatt-hour;Excluding taxes and levies;Euro;Consumption from 2 500 kWh to 4 999 kWh - band DC;DC;0.021085;0.035;0.01492;0.00482668126102457;0.020079999999999997;0.0002205488082034421
Liechtenstein;2021-S1;2021;1;0.1923;0.021884866666666666;;;0;0;0;0;Half-yearly, semesterly;Electricity;Consumption from 2 500 kWh to 4 999 kWh - band DC;Kilowatt-hour;Excluding VAT and other recoverable taxes and levies;Euro;Consumption from 2 500 kWh to 4 999 kWh - band DC;DC;0.021085;0.035;0.01492;0.00482668126102457;0.020079999999999997;0.0002205488082034421
Liechtenstein;2021-S1;2021;1;0.2071;0.021884866666666666;;;0;0;0;0;Half-yearly, semesterly;Electricity;Consumption from 2 500 kWh to 4 999 kWh - band DC;Kilowatt-hour;All taxes and levies included;Euro;Consumption from 2 500 kWh to 4 999 kWh - band DC;DC;0.021085;0.035;0.01492;0.00482668126102457;0.020079999999999997;0.0002205488082034421
Liechtenstein;2021-S2;2021;2;0.1829;0.07139254054054055;0.04950767387387388;2.2621875941917495;1;0;0;0;Half-yearly, semesterly;Electricity;Consumption from 2 500 kWh to 4 999 kWh - band DC;Kilowatt-hour;Excluding taxes and levies;Euro;Consumption from 2 500 kWh to 4 999 kWh - band DC;DC;0.07078;0.183;0.0338;0.029414433726409856;0.1492;0.00041200990332745994
Liechtenstein;2021-S2;2021;2;0.1969;0.07139254054054055;0.04950767387387388;2.2621875941917495;1;0;0;0;Half-yearly, semesterly;Electricity;Consumption from 2 500 kWh to 4 999 kWh - band DC;Kilowatt-hour;Excluding VAT and other recoverable taxes and levies;Euro;Consumption from 2 500 kWh to 4 999 kWh - band DC;DC;0.07078;0.183;0.0338;0.029414433726409856;0.1492;0.00041200990332745994
Liechtenstein;2021-S2;2021;2;0.2121;0.07139254054054055;0.04950767387387388;2.2621875941917495;1;0;0;0;Half-yearly, semesterly;Electricity;Consumption from 2 500 kWh to 4 999 kWh - band DC;Kilowatt-hour;All taxes and levies included;Euro;Consumption from 2 500 kWh to 4 999 kWh - band DC;DC;0.07078;0.183;0.0338;0.029414433726409856;0.1492;0.00041200990332745994
Liechtenstein;2022-S1;2022;1;0.1898;0.09201900552486186;0.020626464984321316;0.28891624850650177;1;1;1;0;Half-yearly, semesterly;Electricity;Consumption from 2 500 kWh to 4 999 kWh - band DC;Kilowatt-hour;Excluding taxes and levies;Euro;Consumption from 2 500 kWh to 4 999 kWh - band DC;DC;0.08356;0.21436000000000002;0.04856;0.024964136723284833;0.1658;0.0002712932679601712
Liechtenstein;2022-S1;2022;1;0.2043;0.09201900552486186;0.020626464984321316;0.28891624850650177;1;1;1;0;Half-yearly, semesterly;Electricity;Consumption from 2 500 kWh to 4 999 kWh - band DC;Kilowatt-hour;Excluding VAT and other recoverable taxes and levies;Euro;Consumption from 2 500 kWh to 4 999 kWh - band DC;DC;0.08356;0.21436000000000002;0.04856;0.024964136723284833;0.1658;0.0002712932679601712
Liechtenstein;2022-S1;2022;1;0.2201;0.09201900552486186;0.020626464984321316;0.28891624850650177;1;1;1;0;Half-yearly, semesterly;Electricity;Consumption from 2 500 kWh to 4 999 kWh - band DC;Kilowatt-hour;All taxes and levies included;Euro;Consumption from 2 500 kWh to 4 999 kWh - band DC;DC;0.08356;0.21436000000000002;0.04856;0.024964136723284833;0.1658;0.0002712932679601712
Liechtenstein;2022-S2;2022;2;0.1999;0.10594205405405406;0.013923048529192197;0.15130622690146822;1;1;1;0;Half-yearly, semesterly;Electricity;Consumption from 2 500 kWh to 4 999 kWh - band DC;Kilowatt-hour;Excluding taxes and levies;Euro;Consumption from 2 500 kWh to 4 999 kWh - band DC;DC;0.1072;0.24;0.027780000000000003;0.043706998868668134;0.21222;0.000412555705653657
Liechtenstein;2022-S2;2022;2;0.2152;0.10594205405405406;0.013923048529192197;0.15130622690146822;1;1;1;0;Half-yearly, semesterly;Electricity;Consumption from 2 500 kWh to 4 999 kWh - band DC;Kilowatt-hour;Excluding VAT and other recoverable taxes and levies;Euro;Consumption from 2 500 kWh to 4 999 kWh - band DC;DC;0.1072;0.24;0.027780000000000003;0.043706998868668134;0.21222;0.000412555705653657
Liechtenstein;2022-S2;2022;2;0.2318;0.10594205405405406;0.013923048529192197;0.15130622690146822;1;1;1;0;Half-yearly, semesterly;Electricity;Consumption from 2 500 kWh to 4 999 kWh - band DC;Kilowatt-hour;All taxes and levies included;Euro;Consumption from 2 500 kWh to 4 999 kWh - band DC;DC;0.1072;0.24;0.027780000000000003;0.043706998868668134;0.21222;0.000412555705653657
Liechtenstein;2023-S1;2023;1;0.3888;0.042229723756906076;-0.06371233029714798;-0.6013884747282745;-1;1;1;0;Half-yearly, semesterly;Electricity;Consumption from 2 500 kWh to 4 999 kWh - band DC;Kilowatt-hour;Excluding taxes and levies;Euro;Consumption from 2 500 kWh to 4 999 kWh - band DC;DC;0.04009;0.07149;0.023780000000000003;0.01198758067663452;0.047709999999999995;0.00028386595057170176
Liechtenstein;2023-S1;2023;1;0.404;0.042229723756906076;-0.06371233029714798;-0.6013884747282745;-1;1;1;0;Half-yearly, semesterly;Electricity;Consumption from 2 500 kWh to 4 999 kWh - band DC;Kilowatt-hour;Excluding VAT and other recoverable taxes and levies;Euro;Consumption from 2 500 kWh to 4 999 kWh - band DC;DC;0.04009;0.07149;0.023780000000000003;0.01198758067663452;0.047709999999999995;0.00028386595057170176
Liechtenstein;2023-S1;2023;1;0.4351;0.042229723756906076;-0.06371233029714798;-0.6013884747282745;-1;1;1;0;Half-yearly, semesterly;Electricity;Consumption from 2 500 kWh to 4 999 kWh - band DC;Kilowatt-hour;All taxes and levies included;Euro;Consumption from 2 500 kWh to 4 999 kWh - band DC;DC;0.04009;0.07149;0.023780000000000003;0.01198758067663452;0.047709999999999995;0.00028386595057170176
Liechtenstein;2023-S2;2023;2;0.3174;0.03612461956521739;-0.006105104191688686;-0.14456888770650034;-1;1;1;0;Half-yearly, semesterly;Electricity;Consumption from 2 500 kWh to 4 999 kWh - band DC;Kilowatt-hour;Excluding taxes and levies;Euro;Consumption from 2 500 kWh to 4 999 kWh - band DC;DC;0.035894999999999996;0.05256;0.024030000000000003;0.005577214658926646;0.02853;0.00015438819082531373
Liechtenstein;2023-S2;2023;2;0.3331;0.03612461956521739;-0.006105104191688686;-0.14456888770650034;-1;1;1;0;Half-yearly, semesterly;Electricity;Consumption from 2 500 kWh to 4 999 kWh - band DC;Kilowatt-hour;Excluding VAT and other recoverable taxes and levies;Euro;Consumption from 2 500 kWh to 4 999 kWh - band DC;DC;0.035894999999999996;0.05256;0.024030000000000003;0.005577214658926646;0.02853;0.00015438819082531373
Liechtenstein;2023-S2;2023;2;0.3587;0.03612461956521739;-0.006105104191688686;-0.14456888770650034;-1;1;1;0;Half-yearly, semesterly;Electricity;Consumption from 2 500 kWh to 4 999 kWh - band DC;Kilowatt-hour;All taxes and levies included;Euro;Consumption from 2 500 kWh to 4 999 kWh - band DC;DC;0.035894999999999996;0.05256;0.024030000000000003;0.005577214658926646;0.02853;0.00015438819082531373
Liechtenstein;2024-S1;2024;1;0.2811;0.02965928571428571;-0.0064653338509316795;-0.17897306404181013;-1;1;0;1;Half-yearly, semesterly;Electricity;Consumption from 2 500 kWh to 4 999 kWh - band DC;Kilowatt-hour;Excluding taxes and levies;Euro;Consumption from 2 500 kWh to 4 999 kWh - band DC;DC;0.02939;0.03767;0.022719999999999997;0.003562587835220648;0.014950000000000003;0.00012011711507619673
Liechtenstein;2024-S1;2024;1;0.2967;0.02965928571428571;-0.0064653338509316795;-0.17897306404181013;-1;1;0;1;Half-yearly, semesterly;Electricity;Consumption from 2 500 kWh to 4 999 kWh - band DC;Kilowatt-hour;Excluding VAT and other recoverable taxes and levies;Euro;Consumption from 2 500 kWh to 4 999 kWh - band DC;DC;0.02939;0.03767;0.022719999999999997;0.003562587835220648;0.014950000000000003;0.00012011711507619673
Liechtenstein;2024-S1;2024;1;0.3207;0.02965928571428571;-0.0064653338509316795;-0.17897306404181013;-1;1;0;1;Half-yearly, semesterly;Electricity;Consumption from 2 500 kWh to 4 999 kWh - band DC;Kilowatt-hour;All taxes and levies included;Euro;Consumption from 2 500 kWh to 4 999 kWh - band DC;DC;0.02939;0.03767;0.022719999999999997;0.003562587835220648;0.014950000000000003;0.00012011711507619673
Liechtenstein;2024-S2;2024;2;0.2698;0.03988162162162163;0.010222335907335917;0.3446588702711819;1;1;0;0;Half-yearly, semesterly;Electricity;Consumption from 2 500 kWh to 4 999 kWh - band DC;Kilowatt-hour;Excluding taxes and levies;Euro;Consumption from 2 500 kWh to 4 999 kWh - band DC;DC;0.03939;0.0528;0.030379999999999997;0.0052140688200674355;0.02242;0.00013073863619529112
Liechtenstein;2024-S2;2024;2;0.2856;0.03988162162162163;0.010222335907335917;0.3446588702711819;1;1;0;0;Half-yearly, semesterly;Electricity;Consumption from 2 500 kWh to 4 999 kWh - band DC;Kilowatt-hour;Excluding VAT and other recoverable taxes and levies;Euro;Consumption from 2 500 kWh to 4 999 kWh - band DC;DC;0.03939;0.0528;0.030379999999999997;0.0052140688200674355;0.02242;0.00013073863619529112
Liechtenstein;2024-S2;2024;2;0.3088;0.03988162162162163;0.010222335907335917;0.3446588702711819;1;1;0;0;Half-yearly, semesterly;Electricity;Consumption from 2 500 kWh to 4 999 kWh - band DC;Kilowatt-hour;All taxes and levies included;Euro;Consumption from 2 500 kWh to 4 999 kWh - band DC;DC;0.03939;0.0528;0.030379999999999997;0.0052140688200674355;0.02242;0.00013073863619529112
Liechtenstein;2025-S1;2025;1;0.2645;0.0405843093922652;0.0007026877706435702;0.01761933798255111;1;1;0;1;Half-yearly, semesterly;Electricity;Consumption from 2 500 kWh to 4 999 kWh - band DC;Kilowatt-hour;Excluding taxes and levies;Euro;Consumption from 2 500 kWh to 4 999 kWh - band DC;DC;0.03953;0.05722;0.03009;0.0070851230831753854;0.027129999999999998;0.00017457788956551042
Liechtenstein;2025-S1;2025;1;0.2804;0.0405843093922652;0.0007026877706435702;0.01761933798255111;1;1;0;1;Half-yearly, semesterly;Electricity;Consumption from 2 500 kWh to 4 999 kWh - band DC;Kilowatt-hour;Excluding VAT and other recoverable taxes and levies;Euro;Consumption from 2 500 kWh to 4 999 kWh - band DC;DC;0.03953;0.05722;0.03009;0.0070851230831753854;0.027129999999999998;0.00017457788956551042
Liechtenstein;2025-S1;2025;1;0.3031;0.0405843093922652;0.0007026877706435702;0.01761933798255111;1;1;0;1;Half-yearly, semesterly;Electricity;Consumption from 2 500 kWh to 4 999 kWh - band DC;Kilowatt-hour;All taxes and levies included;Euro;Consumption from 2 500 kWh to 4 999 kWh - band DC;DC;0.03953;0.05722;0.03009;0.0070851230831753854;0.027129999999999998;0.00017457788956551042
Liechtenstein;2025-S2;2025;2;0.2672;0.03125204918032787;-0.00933226021193733;-0.22994749329690278;-1;1;0;1;Half-yearly, semesterly;Electricity;Consumption from 2 500 kWh to 4 999 kWh - band DC;Kilowatt-hour;Excluding taxes and levies;Euro;Consumption from 2 500 kWh to 4 999 kWh - band DC;DC;0.03138;0.037020000000000004;0.026539999999999998;0.00208229441624638;0.010480000000000003;6.662905220170685e-05
Liechtenstein;2025-S2;2025;2;0.2833;0.03125204918032787;-0.00933226021193733;-0.22994749329690278;-1;1;0;1;Half-yearly, semesterly;Electricity;Consumption from 2 500 kWh to 4 999 kWh - band DC;Kilowatt-hour;Excluding VAT and other recoverable taxes and levies;Euro;Consumption from 2 500 kWh to 4 999 kWh - band DC;DC;0.03138;0.037020000000000004;0.026539999999999998;0.00208229441624638;0.010480000000000003;6.662905220170685e-05
Liechtenstein;2025-S2;2025;2;0.3062;0.03125204918032787;-0.00933226021193733;-0.22994749329690278;-1;1;0;1;Half-yearly, semesterly;Electricity;Consumption from 2 500 kWh to 4 999 kWh - band DC;Kilowatt-hour;All taxes and levies included;Euro;Consumption from 2 500 kWh to 4 999 kWh - band DC;DC;0.03138;0.037020000000000004;0.026539999999999998;0.00208229441624638;0.010480000000000003;6.662905220170685e-05
Lithuania;2021-S1;2021;1;0.1003;0.021884866666666666;;;0;0;0;0;Half-yearly, semesterly;Electricity;Consumption from 2 500 kWh to 4 999 kWh - band DC;Kilowatt-hour;Excluding taxes and levies;Euro;Consumption from 2 500 kWh to 4 999 kWh - band DC;DC;0.021085;0.035;0.01492;0.00482668126102457;0.020079999999999997;0.0002205488082034421
Lithuania;2021-S1;2021;1;0.1114;0.021884866666666666;;;0;0;0;0;Half-yearly, semesterly;Electricity;Consumption from 2 500 kWh to 4 999 kWh - band DC;Kilowatt-hour;Excluding VAT and other recoverable taxes and levies;Euro;Consumption from 2 500 kWh to 4 999 kWh - band DC;DC;0.021085;0.035;0.01492;0.00482668126102457;0.020079999999999997;0.0002205488082034421
Lithuania;2021-S1;2021;1;0.1348;0.021884866666666666;;;0;0;0;0;Half-yearly, semesterly;Electricity;Consumption from 2 500 kWh to 4 999 kWh - band DC;Kilowatt-hour;All taxes and levies included;Euro;Consumption from 2 500 kWh to 4 999 kWh - band DC;DC;0.021085;0.035;0.01492;0.00482668126102457;0.020079999999999997;0.0002205488082034421
Lithuania;2021-S2;2021;2;0.1122;0.07139254054054055;0.04950767387387388;2.2621875941917495;1;0;0;0;Half-yearly, semesterly;Electricity;Consumption from 2 500 kWh to 4 999 kWh - band DC;Kilowatt-hour;Excluding taxes and levies;Euro;Consumption from 2 500 kWh to 4 999 kWh - band DC;DC;0.07078;0.183;0.0338;0.029414433726409856;0.1492;0.00041200990332745994
Lithuania;2021-S2;2021;2;0.1221;0.07139254054054055;0.04950767387387388;2.2621875941917495;1;0;0;0;Half-yearly, semesterly;Electricity;Consumption from 2 500 kWh to 4 999 kWh - band DC;Kilowatt-hour;Excluding VAT and other recoverable taxes and levies;Euro;Consumption from 2 500 kWh to 4 999 kWh - band DC;DC;0.07078;0.183;0.0338;0.029414433726409856;0.1492;0.00041200990332745994
Lithuania;2021-S2;2021;2;0.1477;0.07139254054054055;0.04950767387387388;2.2621875941917495;1;0;0;0;Half-yearly, semesterly;Electricity;Consumption from 2 500 kWh to 4 999 kWh - band DC;Kilowatt-hour;All taxes and levies included;Euro;Consumption from 2 500 kWh to 4 999 kWh - band DC;DC;0.07078;0.183;0.0338;0.029414433726409856;0.1492;0.00041200990332745994
Lithuania;2022-S1;2022;1;0.1205;0.09201900552486186;0.020626464984321316;0.28891624850650177;1;1;1;0;Half-yearly, semesterly;Electricity;Consumption from 2 500 kWh to 4 999 kWh - band DC;Kilowatt-hour;Excluding taxes and levies;Euro;Consumption from 2 500 kWh to 4 999 kWh - band DC;DC;0.08356;0.21436000000000002;0.04856;0.024964136723284833;0.1658;0.0002712932679601712
Lithuania;2022-S1;2022;1;0.1237;0.09201900552486186;0.020626464984321316;0.28891624850650177;1;1;1;0;Half-yearly, semesterly;Electricity;Consumption from 2 500 kWh to 4 999 kWh - band DC;Kilowatt-hour;Excluding VAT and other recoverable taxes and levies;Euro;Consumption from 2 500 kWh to 4 999 kWh - band DC;DC;0.08356;0.21436000000000002;0.04856;0.024964136723284833;0.1658;0.0002712932679601712
Lithuania;2022-S1;2022;1;0.1497;0.09201900552486186;0.020626464984321316;0.28891624850650177;1;1;1;0;Half-yearly, semesterly;Electricity;Consumption from 2 500 kWh to 4 999 kWh - band DC;Kilowatt-hour;All taxes and levies included;Euro;Consumption from 2 500 kWh to 4 999 kWh - band DC;DC;0.08356;0.21436000000000002;0.04856;0.024964136723284833;0.1658;0.0002712932679601712
Lithuania;2022-S2;2022;2;0.2007;0.10594205405405406;0.013923048529192197;0.15130622690146822;1;1;1;0;Half-yearly, semesterly;Electricity;Consumption from 2 500 kWh to 4 999 kWh - band DC;Kilowatt-hour;Excluding taxes and levies;Euro;Consumption from 2 500 kWh to 4 999 kWh - band DC;DC;0.1072;0.24;0.027780000000000003;0.043706998868668134;0.21222;0.000412555705653657
Lithuania;2022-S2;2022;2;0.2007;0.10594205405405406;0.013923048529192197;0.15130622690146822;1;1;1;0;Half-yearly, semesterly;Electricity;Consumption from 2 500 kWh to 4 999 kWh - band DC;Kilowatt-hour;Excluding VAT and other recoverable taxes and levies;Euro;Consumption from 2 500 kWh to 4 999 kWh - band DC;DC;0.1072;0.24;0.027780000000000003;0.043706998868668134;0.21222;0.000412555705653657
Lithuania;2022-S2;2022;2;0.2429;0.10594205405405406;0.013923048529192197;0.15130622690146822;1;1;1;0;Half-yearly, semesterly;Electricity;Consumption from 2 500 kWh to 4 999 kWh - band DC;Kilowatt-hour;All taxes and levies included;Euro;Consumption from 2 500 kWh to 4 999 kWh - band DC;DC;0.1072;0.24;0.027780000000000003;0.043706998868668134;0.21222;0.000412555705653657
Lithuania;2023-S1;2023;1;0.2407;0.042229723756906076;-0.06371233029714798;-0.6013884747282745;-1;1;1;0;Half-yearly, semesterly;Electricity;Consumption from 2 500 kWh to 4 999 kWh - band DC;Kilowatt-hour;Excluding taxes and levies;Euro;Consumption from 2 500 kWh to 4 999 kWh - band DC;DC;0.04009;0.07149;0.023780000000000003;0.01198758067663452;0.047709999999999995;0.00028386595057170176
Lithuania;2023-S1;2023;1;0.2331;0.042229723756906076;-0.06371233029714798;-0.6013884747282745;-1;1;1;0;Half-yearly, semesterly;Electricity;Consumption from 2 500 kWh to 4 999 kWh - band DC;Kilowatt-hour;Excluding VAT and other recoverable taxes and levies;Euro;Consumption from 2 500 kWh to 4 999 kWh - band DC;DC;0.04009;0.07149;0.023780000000000003;0.01198758067663452;0.047709999999999995;0.00028386595057170176
Lithuania;2023-S1;2023;1;0.282;0.042229723756906076;-0.06371233029714798;-0.6013884747282745;-1;1;1;0;Half-yearly, semesterly;Electricity;Consumption from 2 500 kWh to 4 999 kWh - band DC;Kilowatt-hour;All taxes and levies included;Euro;Consumption from 2 500 kWh to 4 999 kWh - band DC;DC;0.04009;0.07149;0.023780000000000003;0.01198758067663452;0.047709999999999995;0.00028386595057170176
Lithuania;2023-S2;2023;2;0.1919;0.03612461956521739;-0.006105104191688686;-0.14456888770650034;-1;1;1;0;Half-yearly, semesterly;Electricity;Consumption from 2 500 kWh to 4 999 kWh - band DC;Kilowatt-hour;Excluding taxes and levies;Euro;Consumption from 2 500 kWh to 4 999 kWh - band DC;DC;0.035894999999999996;0.05256;0.024030000000000003;0.005577214658926646;0.02853;0.00015438819082531373
Lithuania;2023-S2;2023;2;0.1837;0.03612461956521739;-0.006105104191688686;-0.14456888770650034;-1;1;1;0;Half-yearly, semesterly;Electricity;Consumption from 2 500 kWh to 4 999 kWh - band DC;Kilowatt-hour;Excluding VAT and other recoverable taxes and levies;Euro;Consumption from 2 500 kWh to 4 999 kWh - band DC;DC;0.035894999999999996;0.05256;0.024030000000000003;0.005577214658926646;0.02853;0.00015438819082531373
Lithuania;2023-S2;2023;2;0.2223;0.03612461956521739;-0.006105104191688686;-0.14456888770650034;-1;1;1;0;Half-yearly, semesterly;Electricity;Consumption from 2 500 kWh to 4 999 kWh - band DC;Kilowatt-hour;All taxes and levies included;Euro;Consumption from 2 500 kWh to 4 999 kWh - band DC;DC;0.035894999999999996;0.05256;0.024030000000000003;0.005577214658926646;0.02853;0.00015438819082531373
Lithuania;2024-S1;2024;1;0.1914;0.02965928571428571;-0.0064653338509316795;-0.17897306404181013;-1;1;0;1;Half-yearly, semesterly;Electricity;Consumption from 2 500 kWh to 4 999 kWh - band DC;Kilowatt-hour;Excluding taxes and levies;Euro;Consumption from 2 500 kWh to 4 999 kWh - band DC;DC;0.02939;0.03767;0.022719999999999997;0.003562587835220648;0.014950000000000003;0.00012011711507619673
Lithuania;2024-S1;2024;1;0.1914;0.02965928571428571;-0.0064653338509316795;-0.17897306404181013;-1;1;0;1;Half-yearly, semesterly;Electricity;Consumption from 2 500 kWh to 4 999 kWh - band DC;Kilowatt-hour;Excluding VAT and other recoverable taxes and levies;Euro;Consumption from 2 500 kWh to 4 999 kWh - band DC;DC;0.02939;0.03767;0.022719999999999997;0.003562587835220648;0.014950000000000003;0.00012011711507619673
Lithuania;2024-S1;2024;1;0.2315;0.02965928571428571;-0.0064653338509316795;-0.17897306404181013;-1;1;0;1;Half-yearly, semesterly;Electricity;Consumption from 2 500 kWh to 4 999 kWh - band DC;Kilowatt-hour;All taxes and levies included;Euro;Consumption from 2 500 kWh to 4 999 kWh - band DC;DC;0.02939;0.03767;0.022719999999999997;0.003562587835220648;0.014950000000000003;0.00012011711507619673
Lithuania;2024-S2;2024;2;0.1771;0.03988162162162163;0.010222335907335917;0.3446588702711819;1;1;0;0;Half-yearly, semesterly;Electricity;Consumption from 2 500 kWh to 4 999 kWh - band DC;Kilowatt-hour;Excluding taxes and levies;Euro;Consumption from 2 500 kWh to 4 999 kWh - band DC;DC;0.03939;0.0528;0.030379999999999997;0.0052140688200674355;0.02242;0.00013073863619529112
Lithuania;2024-S2;2024;2;0.1771;0.03988162162162163;0.010222335907335917;0.3446588702711819;1;1;0;0;Half-yearly, semesterly;Electricity;Consumption from 2 500 kWh to 4 999 kWh - band DC;Kilowatt-hour;Excluding VAT and other recoverable taxes and levies;Euro;Consumption from 2 500 kWh to 4 999 kWh - band DC;DC;0.03939;0.0528;0.030379999999999997;0.0052140688200674355;0.02242;0.00013073863619529112
Lithuania;2024-S2;2024;2;0.2144;0.03988162162162163;0.010222335907335917;0.3446588702711819;1;1;0;0;Half-yearly, semesterly;Electricity;Consumption from 2 500 kWh to 4 999 kWh - band DC;Kilowatt-hour;All taxes and levies included;Euro;Consumption from 2 500 kWh to 4 999 kWh - band DC;DC;0.03939;0.0528;0.030379999999999997;0.0052140688200674355;0.02242;0.00013073863619529112
Lithuania;2025-S1;2025;1;0.1774;0.0405843093922652;0.0007026877706435702;0.01761933798255111;1;1;0;1;Half-yearly, semesterly;Electricity;Consumption from 2 500 kWh to 4 999 kWh - band DC;Kilowatt-hour;Excluding taxes and levies;Euro;Consumption from 2 500 kWh to 4 999 kWh - band DC;DC;0.03953;0.05722;0.03009;0.0070851230831753854;0.027129999999999998;0.00017457788956551042
Lithuania;2025-S1;2025;1;0.1747;0.0405843093922652;0.0007026877706435702;0.01761933798255111;1;1;0;1;Half-yearly, semesterly;Electricity;Consumption from 2 500 kWh to 4 999 kWh - band DC;Kilowatt-hour;Excluding VAT and other recoverable taxes and levies;Euro;Consumption from 2 500 kWh to 4 999 kWh - band DC;DC;0.03953;0.05722;0.03009;0.0070851230831753854;0.027129999999999998;0.00017457788956551042
Lithuania;2025-S1;2025;1;0.2109;0.0405843093922652;0.0007026877706435702;0.01761933798255111;1;1;0;1;Half-yearly, semesterly;Electricity;Consumption from 2 500 kWh to 4 999 kWh - band DC;Kilowatt-hour;All taxes and levies included;Euro;Consumption from 2 500 kWh to 4 999 kWh - band DC;DC;0.03953;0.05722;0.03009;0.0070851230831753854;0.027129999999999998;0.00017457788956551042
Lithuania;2025-S2;2025;2;0.1618;0.03125204918032787;-0.00933226021193733;-0.22994749329690278;-1;1;0;1;Half-yearly, semesterly;Electricity;Consumption from 2 500 kWh to 4 999 kWh - band DC;Kilowatt-hour;Excluding taxes and levies;Euro;Consumption from 2 500 kWh to 4 999 kWh - band DC;DC;0.03138;0.037020000000000004;0.026539999999999998;0.00208229441624638;0.010480000000000003;6.662905220170685e-05
Lithuania;2025-S2;2025;2;0.1618;0.03125204918032787;-0.00933226021193733;-0.22994749329690278;-1;1;0;1;Half-yearly, semesterly;Electricity;Consumption from 2 500 kWh to 4 999 kWh - band DC;Kilowatt-hour;Excluding VAT and other recoverable taxes and levies;Euro;Consumption from 2 500 kWh to 4 999 kWh - band DC;DC;0.03138;0.037020000000000004;0.026539999999999998;0.00208229441624638;0.010480000000000003;6.662905220170685e-05
Lithuania;2025-S2;2025;2;0.1955;0.03125204918032787;-0.00933226021193733;-0.22994749329690278;-1;1;0;1;Half-yearly, semesterly;Electricity;Consumption from 2 500 kWh to 4 999 kWh - band DC;Kilowatt-hour;All taxes and levies included;Euro;Consumption from 2 500 kWh to 4 999 kWh - band DC;DC;0.03138;0.037020000000000004;0.026539999999999998;0.00208229441624638;0.010480000000000003;6.662905220170685e-05
Luxembourg;2021-S1;2021;1;0.1467;0.021884866666666666;;;0;0;0;0;Half-yearly, semesterly;Electricity;Consumption from 2 500 kWh to 4 999 kWh - band DC;Kilowatt-hour;Excluding taxes and levies;Euro;Consumption from 2 500 kWh to 4 999 kWh - band DC;DC;0.021085;0.035;0.01492;0.00482668126102457;0.020079999999999997;0.0002205488082034421
Luxembourg;2021-S1;2021;1;0.184;0.021884866666666666;;;0;0;0;0;Half-yearly, semesterly;Electricity;Consumption from 2 500 kWh to 4 999 kWh - band DC;Kilowatt-hour;Excluding VAT and other recoverable taxes and levies;Euro;Consumption from 2 500 kWh to 4 999 kWh - band DC;DC;0.021085;0.035;0.01492;0.00482668126102457;0.020079999999999997;0.0002205488082034421
Luxembourg;2021-S1;2021;1;0.1988;0.021884866666666666;;;0;0;0;0;Half-yearly, semesterly;Electricity;Consumption from 2 500 kWh to 4 999 kWh - band DC;Kilowatt-hour;All taxes and levies included;Euro;Consumption from 2 500 kWh to 4 999 kWh - band DC;DC;0.021085;0.035;0.01492;0.00482668126102457;0.020079999999999997;0.0002205488082034421
Luxembourg;2021-S2;2021;2;0.1468;0.07139254054054055;0.04950767387387388;2.2621875941917495;1;0;0;0;Half-yearly, semesterly;Electricity;Consumption from 2 500 kWh to 4 999 kWh - band DC;Kilowatt-hour;Excluding taxes and levies;Euro;Consumption from 2 500 kWh to 4 999 kWh - band DC;DC;0.07078;0.183;0.0338;0.029414433726409856;0.1492;0.00041200990332745994
Luxembourg;2021-S2;2021;2;0.1841;0.07139254054054055;0.04950767387387388;2.2621875941917495;1;0;0;0;Half-yearly, semesterly;Electricity;Consumption from 2 500 kWh to 4 999 kWh - band DC;Kilowatt-hour;Excluding VAT and other recoverable taxes and levies;Euro;Consumption from 2 500 kWh to 4 999 kWh - band DC;DC;0.07078;0.183;0.0338;0.029414433726409856;0.1492;0.00041200990332745994
Luxembourg;2021-S2;2021;2;0.1989;0.07139254054054055;0.04950767387387388;2.2621875941917495;1;0;0;0;Half-yearly, semesterly;Electricity;Consumption from 2 500 kWh to 4 999 kWh - band DC;Kilowatt-hour;All taxes and levies included;Euro;Consumption from 2 500 kWh to 4 999 kWh - band DC;DC;0.07078;0.183;0.0338;0.029414433726409856;0.1492;0.00041200990332745994
Luxembourg;2022-S1;2022;1;0.1673;0.09201900552486186;0.020626464984321316;0.28891624850650177;1;1;1;0;Half-yearly, semesterly;Electricity;Consumption from 2 500 kWh to 4 999 kWh - band DC;Kilowatt-hour;Excluding taxes and levies;Euro;Consumption from 2 500 kWh to 4 999 kWh - band DC;DC;0.08356;0.21436000000000002;0.04856;0.024964136723284833;0.1658;0.0002712932679601712
Luxembourg;2022-S1;2022;1;0.1868;0.09201900552486186;0.020626464984321316;0.28891624850650177;1;1;1;0;Half-yearly, semesterly;Electricity;Consumption from 2 500 kWh to 4 999 kWh - band DC;Kilowatt-hour;Excluding VAT and other recoverable taxes and levies;Euro;Consumption from 2 500 kWh to 4 999 kWh - band DC;DC;0.08356;0.21436000000000002;0.04856;0.024964136723284833;0.1658;0.0002712932679601712
Luxembourg;2022-S1;2022;1;0.2017;0.09201900552486186;0.020626464984321316;0.28891624850650177;1;1;1;0;Half-yearly, semesterly;Electricity;Consumption from 2 500 kWh to 4 999 kWh - band DC;Kilowatt-hour;All taxes and levies included;Euro;Consumption from 2 500 kWh to 4 999 kWh - band DC;DC;0.08356;0.21436000000000002;0.04856;0.024964136723284833;0.1658;0.0002712932679601712
Luxembourg;2022-S2;2022;2;0.1696;0.10594205405405406;0.013923048529192197;0.15130622690146822;1;1;1;0;Half-yearly, semesterly;Electricity;Consumption from 2 500 kWh to 4 999 kWh - band DC;Kilowatt-hour;Excluding taxes and levies;Euro;Consumption from 2 500 kWh to 4 999 kWh - band DC;DC;0.1072;0.24;0.027780000000000003;0.043706998868668134;0.21222;0.000412555705653657
Luxembourg;2022-S2;2022;2;0.1891;0.10594205405405406;0.013923048529192197;0.15130622690146822;1;1;1;0;Half-yearly, semesterly;Electricity;Consumption from 2 500 kWh to 4 999 kWh - band DC;Kilowatt-hour;Excluding VAT and other recoverable taxes and levies;Euro;Consumption from 2 500 kWh to 4 999 kWh - band DC;DC;0.1072;0.24;0.027780000000000003;0.043706998868668134;0.21222;0.000412555705653657
Luxembourg;2022-S2;2022;2;0.2042;0.10594205405405406;0.013923048529192197;0.15130622690146822;1;1;1;0;Half-yearly, semesterly;Electricity;Consumption from 2 500 kWh to 4 999 kWh - band DC;Kilowatt-hour;All taxes and levies included;Euro;Consumption from 2 500 kWh to 4 999 kWh - band DC;DC;0.1072;0.24;0.027780000000000003;0.043706998868668134;0.21222;0.000412555705653657
Luxembourg;2023-S1;2023;1;0.3012;0.042229723756906076;-0.06371233029714798;-0.6013884747282745;-1;1;1;0;Half-yearly, semesterly;Electricity;Consumption from 2 500 kWh to 4 999 kWh - band DC;Kilowatt-hour;Excluding taxes and levies;Euro;Consumption from 2 500 kWh to 4 999 kWh - band DC;DC;0.04009;0.07149;0.023780000000000003;0.01198758067663452;0.047709999999999995;0.00028386595057170176
Luxembourg;2023-S1;2023;1;0.1876;0.042229723756906076;-0.06371233029714798;-0.6013884747282745;-1;1;1;0;Half-yearly, semesterly;Electricity;Consumption from 2 500 kWh to 4 999 kWh - band DC;Kilowatt-hour;Excluding VAT and other recoverable taxes and levies;Euro;Consumption from 2 500 kWh to 4 999 kWh - band DC;DC;0.04009;0.07149;0.023780000000000003;0.01198758067663452;0.047709999999999995;0.00028386595057170176
Luxembourg;2023-S1;2023;1;0.2008;0.042229723756906076;-0.06371233029714798;-0.6013884747282745;-1;1;1;0;Half-yearly, semesterly;Electricity;Consumption from 2 500 kWh to 4 999 kWh - band DC;Kilowatt-hour;All taxes and levies included;Euro;Consumption from 2 500 kWh to 4 999 kWh - band DC;DC;0.04009;0.07149;0.023780000000000003;0.01198758067663452;0.047709999999999995;0.00028386595057170176
Luxembourg;2023-S2;2023;2;0.2875;0.03612461956521739;-0.006105104191688686;-0.14456888770650034;-1;1;1;0;Half-yearly, semesterly;Electricity;Consumption from 2 500 kWh to 4 999 kWh - band DC;Kilowatt-hour;Excluding taxes and levies;Euro;Consumption from 2 500 kWh to 4 999 kWh - band DC;DC;0.035894999999999996;0.05256;0.024030000000000003;0.005577214658926646;0.02853;0.00015438819082531373
Luxembourg;2023-S2;2023;2;0.1884;0.03612461956521739;-0.006105104191688686;-0.14456888770650034;-1;1;1;0;Half-yearly, semesterly;Electricity;Consumption from 2 500 kWh to 4 999 kWh - band DC;Kilowatt-hour;Excluding VAT and other recoverable taxes and levies;Euro;Consumption from 2 500 kWh to 4 999 kWh - band DC;DC;0.035894999999999996;0.05256;0.024030000000000003;0.005577214658926646;0.02853;0.00015438819082531373
Luxembourg;2023-S2;2023;2;0.2015;0.03612461956521739;-0.006105104191688686;-0.14456888770650034;-1;1;1;0;Half-yearly, semesterly;Electricity;Consumption from 2 500 kWh to 4 999 kWh - band DC;Kilowatt-hour;All taxes and levies included;Euro;Consumption from 2 500 kWh to 4 999 kWh - band DC;DC;0.035894999999999996;0.05256;0.024030000000000003;0.005577214658926646;0.02853;0.00015438819082531373
Luxembourg;2024-S1;2024;1;0.3024;0.02965928571428571;-0.0064653338509316795;-0.17897306404181013;-1;1;0;1;Half-yearly, semesterly;Electricity;Consumption from 2 500 kWh to 4 999 kWh - band DC;Kilowatt-hour;Excluding taxes and levies;Euro;Consumption from 2 500 kWh to 4 999 kWh - band DC;DC;0.02939;0.03767;0.022719999999999997;0.003562587835220648;0.014950000000000003;0.00012011711507619673
Luxembourg;2024-S1;2024;1;0.1879;0.02965928571428571;-0.0064653338509316795;-0.17897306404181013;-1;1;0;1;Half-yearly, semesterly;Electricity;Consumption from 2 500 kWh to 4 999 kWh - band DC;Kilowatt-hour;Excluding VAT and other recoverable taxes and levies;Euro;Consumption from 2 500 kWh to 4 999 kWh - band DC;DC;0.02939;0.03767;0.022719999999999997;0.003562587835220648;0.014950000000000003;0.00012011711507619673
Luxembourg;2024-S1;2024;1;0.2029;0.02965928571428571;-0.0064653338509316795;-0.17897306404181013;-1;1;0;1;Half-yearly, semesterly;Electricity;Consumption from 2 500 kWh to 4 999 kWh - band DC;Kilowatt-hour;All taxes and levies included;Euro;Consumption from 2 500 kWh to 4 999 kWh - band DC;DC;0.02939;0.03767;0.022719999999999997;0.003562587835220648;0.014950000000000003;0.00012011711507619673
Luxembourg;2024-S2;2024;2;0.3019;0.03988162162162163;0.010222335907335917;0.3446588702711819;1;1;0;0;Half-yearly, semesterly;Electricity;Consumption from 2 500 kWh to 4 999 kWh - band DC;Kilowatt-hour;Excluding taxes and levies;Euro;Consumption from 2 500 kWh to 4 999 kWh - band DC;DC;0.03939;0.0528;0.030379999999999997;0.0052140688200674355;0.02242;0.00013073863619529112
Luxembourg;2024-S2;2024;2;0.1874;0.03988162162162163;0.010222335907335917;0.3446588702711819;1;1;0;0;Half-yearly, semesterly;Electricity;Consumption from 2 500 kWh to 4 999 kWh - band DC;Kilowatt-hour;Excluding VAT and other recoverable taxes and levies;Euro;Consumption from 2 500 kWh to 4 999 kWh - band DC;DC;0.03939;0.0528;0.030379999999999997;0.0052140688200674355;0.02242;0.00013073863619529112
Luxembourg;2024-S2;2024;2;0.2024;0.03988162162162163;0.010222335907335917;0.3446588702711819;1;1;0;0;Half-yearly, semesterly;Electricity;Consumption from 2 500 kWh to 4 999 kWh - band DC;Kilowatt-hour;All taxes and levies included;Euro;Consumption from 2 500 kWh to 4 999 kWh - band DC;DC;0.03939;0.0528;0.030379999999999997;0.0052140688200674355;0.02242;0.00013073863619529112
Luxembourg;2025-S1;2025;1;0.2834;0.0405843093922652;0.0007026877706435702;0.01761933798255111;1;1;0;1;Half-yearly, semesterly;Electricity;Consumption from 2 500 kWh to 4 999 kWh - band DC;Kilowatt-hour;Excluding taxes and levies;Euro;Consumption from 2 500 kWh to 4 999 kWh - band DC;DC;0.03953;0.05722;0.03009;0.0070851230831753854;0.027129999999999998;0.00017457788956551042
Luxembourg;2025-S1;2025;1;0.2468;0.0405843093922652;0.0007026877706435702;0.01761933798255111;1;1;0;1;Half-yearly, semesterly;Electricity;Consumption from 2 500 kWh to 4 999 kWh - band DC;Kilowatt-hour;Excluding VAT and other recoverable taxes and levies;Euro;Consumption from 2 500 kWh to 4 999 kWh - band DC;DC;0.03953;0.05722;0.03009;0.0070851230831753854;0.027129999999999998;0.00017457788956551042
Luxembourg;2025-S1;2025;1;0.2665;0.0405843093922652;0.0007026877706435702;0.01761933798255111;1;1;0;1;Half-yearly, semesterly;Electricity;Consumption from 2 500 kWh to 4 999 kWh - band DC;Kilowatt-hour;All taxes and levies included;Euro;Consumption from 2 500 kWh to 4 999 kWh - band DC;DC;0.03953;0.05722;0.03009;0.0070851230831753854;0.027129999999999998;0.00017457788956551042
Luxembourg;2025-S2;2025;2;0.2834;0.03125204918032787;-0.00933226021193733;-0.22994749329690278;-1;1;0;1;Half-yearly, semesterly;Electricity;Consumption from 2 500 kWh to 4 999 kWh - band DC;Kilowatt-hour;Excluding taxes and levies;Euro;Consumption from 2 500 kWh to 4 999 kWh - band DC;DC;0.03138;0.037020000000000004;0.026539999999999998;0.00208229441624638;0.010480000000000003;6.662905220170685e-05
Luxembourg;2025-S2;2025;2;0.2468;0.03125204918032787;-0.00933226021193733;-0.22994749329690278;-1;1;0;1;Half-yearly, semesterly;Electricity;Consumption from 2 500 kWh to 4 999 kWh - band DC;Kilowatt-hour;Excluding VAT and other recoverable taxes and levies;Euro;Consumption from 2 500 kWh to 4 999 kWh - band DC;DC;0.03138;0.037020000000000004;0.026539999999999998;0.00208229441624638;0.010480000000000003;6.662905220170685e-05
Luxembourg;2025-S2;2025;2;0.2665;0.03125204918032787;-0.00933226021193733;-0.22994749329690278;-1;1;0;1;Half-yearly, semesterly;Electricity;Consumption from 2 500 kWh to 4 999 kWh - band DC;Kilowatt-hour;All taxes and levies included;Euro;Consumption from 2 500 kWh to 4 999 kWh - band DC;DC;0.03138;0.037020000000000004;0.026539999999999998;0.00208229441624638;0.010480000000000003;6.662905220170685e-05
Malta;2021-S1;2021;1;0.1209;0.021884866666666666;;;0;0;0;0;Half-yearly, semesterly;Electricity;Consumption from 2 500 kWh to 4 999 kWh - band DC;Kilowatt-hour;Excluding taxes and levies;Euro;Consumption from 2 500 kWh to 4 999 kWh - band DC;DC;0.021085;0.035;0.01492;0.00482668126102457;0.020079999999999997;0.0002205488082034421
Malta;2021-S1;2021;1;0.1224;0.021884866666666666;;;0;0;0;0;Half-yearly, semesterly;Electricity;Consumption from 2 500 kWh to 4 999 kWh - band DC;Kilowatt-hour;Excluding VAT and other recoverable taxes and levies;Euro;Consumption from 2 500 kWh to 4 999 kWh - band DC;DC;0.021085;0.035;0.01492;0.00482668126102457;0.020079999999999997;0.0002205488082034421
Malta;2021-S1;2021;1;0.1285;0.021884866666666666;;;0;0;0;0;Half-yearly, semesterly;Electricity;Consumption from 2 500 kWh to 4 999 kWh - band DC;Kilowatt-hour;All taxes and levies included;Euro;Consumption from 2 500 kWh to 4 999 kWh - band DC;DC;0.021085;0.035;0.01492;0.00482668126102457;0.020079999999999997;0.0002205488082034421
Malta;2021-S2;2021;2;0.124;0.07139254054054055;0.04950767387387388;2.2621875941917495;1;0;0;0;Half-yearly, semesterly;Electricity;Consumption from 2 500 kWh to 4 999 kWh - band DC;Kilowatt-hour;Excluding taxes and levies;Euro;Consumption from 2 500 kWh to 4 999 kWh - band DC;DC;0.07078;0.183;0.0338;0.029414433726409856;0.1492;0.00041200990332745994
Malta;2021-S2;2021;2;0.1255;0.07139254054054055;0.04950767387387388;2.2621875941917495;1;0;0;0;Half-yearly, semesterly;Electricity;Consumption from 2 500 kWh to 4 999 kWh - band DC;Kilowatt-hour;Excluding VAT and other recoverable taxes and levies;Euro;Consumption from 2 500 kWh to 4 999 kWh - band DC;DC;0.07078;0.183;0.0338;0.029414433726409856;0.1492;0.00041200990332745994
Malta;2021-S2;2021;2;0.1318;0.07139254054054055;0.04950767387387388;2.2621875941917495;1;0;0;0;Half-yearly, semesterly;Electricity;Consumption from 2 500 kWh to 4 999 kWh - band DC;Kilowatt-hour;All taxes and levies included;Euro;Consumption from 2 500 kWh to 4 999 kWh - band DC;DC;0.07078;0.183;0.0338;0.029414433726409856;0.1492;0.00041200990332745994
Malta;2022-S1;2022;1;0.1221;0.09201900552486186;0.020626464984321316;0.28891624850650177;1;1;1;0;Half-yearly, semesterly;Electricity;Consumption from 2 500 kWh to 4 999 kWh - band DC;Kilowatt-hour;Excluding taxes and levies;Euro;Consumption from 2 500 kWh to 4 999 kWh - band DC;DC;0.08356;0.21436000000000002;0.04856;0.024964136723284833;0.1658;0.0002712932679601712
Malta;2022-S1;2022;1;0.1236;0.09201900552486186;0.020626464984321316;0.28891624850650177;1;1;1;0;Half-yearly, semesterly;Electricity;Consumption from 2 500 kWh to 4 999 kWh - band DC;Kilowatt-hour;Excluding VAT and other recoverable taxes and levies;Euro;Consumption from 2 500 kWh to 4 999 kWh - band DC;DC;0.08356;0.21436000000000002;0.04856;0.024964136723284833;0.1658;0.0002712932679601712
Malta;2022-S1;2022;1;0.1298;0.09201900552486186;0.020626464984321316;0.28891624850650177;1;1;1;0;Half-yearly, semesterly;Electricity;Consumption from 2 500 kWh to 4 999 kWh - band DC;Kilowatt-hour;All taxes and levies included;Euro;Consumption from 2 500 kWh to 4 999 kWh - band DC;DC;0.08356;0.21436000000000002;0.04856;0.024964136723284833;0.1658;0.0002712932679601712
Malta;2022-S2;2022;2;0.1208;0.10594205405405406;0.013923048529192197;0.15130622690146822;1;1;1;0;Half-yearly, semesterly;Electricity;Consumption from 2 500 kWh to 4 999 kWh - band DC;Kilowatt-hour;Excluding taxes and levies;Euro;Consumption from 2 500 kWh to 4 999 kWh - band DC;DC;0.1072;0.24;0.027780000000000003;0.043706998868668134;0.21222;0.000412555705653657
Malta;2022-S2;2022;2;0.1223;0.10594205405405406;0.013923048529192197;0.15130622690146822;1;1;1;0;Half-yearly, semesterly;Electricity;Consumption from 2 500 kWh to 4 999 kWh - band DC;Kilowatt-hour;Excluding VAT and other recoverable taxes and levies;Euro;Consumption from 2 500 kWh to 4 999 kWh - band DC;DC;0.1072;0.24;0.027780000000000003;0.043706998868668134;0.21222;0.000412555705653657
Malta;2022-S2;2022;2;0.1284;0.10594205405405406;0.013923048529192197;0.15130622690146822;1;1;1;0;Half-yearly, semesterly;Electricity;Consumption from 2 500 kWh to 4 999 kWh - band DC;Kilowatt-hour;All taxes and levies included;Euro;Consumption from 2 500 kWh to 4 999 kWh - band DC;DC;0.1072;0.24;0.027780000000000003;0.043706998868668134;0.21222;0.000412555705653657
Malta;2023-S1;2023;1;0.1186;0.042229723756906076;-0.06371233029714798;-0.6013884747282745;-1;1;1;0;Half-yearly, semesterly;Electricity;Consumption from 2 500 kWh to 4 999 kWh - band DC;Kilowatt-hour;Excluding taxes and levies;Euro;Consumption from 2 500 kWh to 4 999 kWh - band DC;DC;0.04009;0.07149;0.023780000000000003;0.01198758067663452;0.047709999999999995;0.00028386595057170176
Malta;2023-S1;2023;1;0.1201;0.042229723756906076;-0.06371233029714798;-0.6013884747282745;-1;1;1;0;Half-yearly, semesterly;Electricity;Consumption from 2 500 kWh to 4 999 kWh - band DC;Kilowatt-hour;Excluding VAT and other recoverable taxes and levies;Euro;Consumption from 2 500 kWh to 4 999 kWh - band DC;DC;0.04009;0.07149;0.023780000000000003;0.01198758067663452;0.047709999999999995;0.00028386595057170176
Malta;2023-S1;2023;1;0.1261;0.042229723756906076;-0.06371233029714798;-0.6013884747282745;-1;1;1;0;Half-yearly, semesterly;Electricity;Consumption from 2 500 kWh to 4 999 kWh - band DC;Kilowatt-hour;All taxes and levies included;Euro;Consumption from 2 500 kWh to 4 999 kWh - band DC;DC;0.04009;0.07149;0.023780000000000003;0.01198758067663452;0.047709999999999995;0.00028386595057170176
Malta;2023-S2;2023;2;0.1203;0.03612461956521739;-0.006105104191688686;-0.14456888770650034;-1;1;1;0;Half-yearly, semesterly;Electricity;Consumption from 2 500 kWh to 4 999 kWh - band DC;Kilowatt-hour;Excluding taxes and levies;Euro;Consumption from 2 500 kWh to 4 999 kWh - band DC;DC;0.035894999999999996;0.05256;0.024030000000000003;0.005577214658926646;0.02853;0.00015438819082531373
Malta;2023-S2;2023;2;0.1218;0.03612461956521739;-0.006105104191688686;-0.14456888770650034;-1;1;1;0;Half-yearly, semesterly;Electricity;Consumption from 2 500 kWh to 4 999 kWh - band DC;Kilowatt-hour;Excluding VAT and other recoverable taxes and levies;Euro;Consumption from 2 500 kWh to 4 999 kWh - band DC;DC;0.035894999999999996;0.05256;0.024030000000000003;0.005577214658926646;0.02853;0.00015438819082531373
Malta;2023-S2;2023;2;0.1279;0.03612461956521739;-0.006105104191688686;-0.14456888770650034;-1;1;1;0;Half-yearly, semesterly;Electricity;Consumption from 2 500 kWh to 4 999 kWh - band DC;Kilowatt-hour;All taxes and levies included;Euro;Consumption from 2 500 kWh to 4 999 kWh - band DC;DC;0.035894999999999996;0.05256;0.024030000000000003;0.005577214658926646;0.02853;0.00015438819082531373
Malta;2024-S1;2024;1;0.1196;0.02965928571428571;-0.0064653338509316795;-0.17897306404181013;-1;1;0;1;Half-yearly, semesterly;Electricity;Consumption from 2 500 kWh to 4 999 kWh - band DC;Kilowatt-hour;Excluding taxes and levies;Euro;Consumption from 2 500 kWh to 4 999 kWh - band DC;DC;0.02939;0.03767;0.022719999999999997;0.003562587835220648;0.014950000000000003;0.00012011711507619673
Malta;2024-S1;2024;1;0.1211;0.02965928571428571;-0.0064653338509316795;-0.17897306404181013;-1;1;0;1;Half-yearly, semesterly;Electricity;Consumption from 2 500 kWh to 4 999 kWh - band DC;Kilowatt-hour;Excluding VAT and other recoverable taxes and levies;Euro;Consumption from 2 500 kWh to 4 999 kWh - band DC;DC;0.02939;0.03767;0.022719999999999997;0.003562587835220648;0.014950000000000003;0.00012011711507619673
Malta;2024-S1;2024;1;0.1272;0.02965928571428571;-0.0064653338509316795;-0.17897306404181013;-1;1;0;1;Half-yearly, semesterly;Electricity;Consumption from 2 500 kWh to 4 999 kWh - band DC;Kilowatt-hour;All taxes and levies included;Euro;Consumption from 2 500 kWh to 4 999 kWh - band DC;DC;0.02939;0.03767;0.022719999999999997;0.003562587835220648;0.014950000000000003;0.00012011711507619673
Malta;2024-S2;2024;2;0.1226;0.03988162162162163;0.010222335907335917;0.3446588702711819;1;1;0;0;Half-yearly, semesterly;Electricity;Consumption from 2 500 kWh to 4 999 kWh - band DC;Kilowatt-hour;Excluding taxes and levies;Euro;Consumption from 2 500 kWh to 4 999 kWh - band DC;DC;0.03939;0.0528;0.030379999999999997;0.0052140688200674355;0.02242;0.00013073863619529112
Malta;2024-S2;2024;2;0.1241;0.03988162162162163;0.010222335907335917;0.3446588702711819;1;1;0;0;Half-yearly, semesterly;Electricity;Consumption from 2 500 kWh to 4 999 kWh - band DC;Kilowatt-hour;Excluding VAT and other recoverable taxes and levies;Euro;Consumption from 2 500 kWh to 4 999 kWh - band DC;DC;0.03939;0.0528;0.030379999999999997;0.0052140688200674355;0.02242;0.00013073863619529112
Malta;2024-S2;2024;2;0.1303;0.03988162162162163;0.010222335907335917;0.3446588702711819;1;1;0;0;Half-yearly, semesterly;Electricity;Consumption from 2 500 kWh to 4 999 kWh - band DC;Kilowatt-hour;All taxes and levies included;Euro;Consumption from 2 500 kWh to 4 999 kWh - band DC;DC;0.03939;0.0528;0.030379999999999997;0.0052140688200674355;0.02242;0.00013073863619529112
Malta;2025-S1;2025;1;0.1186;0.0405843093922652;0.0007026877706435702;0.01761933798255111;1;1;0;1;Half-yearly, semesterly;Electricity;Consumption from 2 500 kWh to 4 999 kWh - band DC;Kilowatt-hour;Excluding taxes and levies;Euro;Consumption from 2 500 kWh to 4 999 kWh - band DC;DC;0.03953;0.05722;0.03009;0.0070851230831753854;0.027129999999999998;0.00017457788956551042
Malta;2025-S1;2025;1;0.1201;0.0405843093922652;0.0007026877706435702;0.01761933798255111;1;1;0;1;Half-yearly, semesterly;Electricity;Consumption from 2 500 kWh to 4 999 kWh - band DC;Kilowatt-hour;Excluding VAT and other recoverable taxes and levies;Euro;Consumption from 2 500 kWh to 4 999 kWh - band DC;DC;0.03953;0.05722;0.03009;0.0070851230831753854;0.027129999999999998;0.00017457788956551042
Malta;2025-S1;2025;1;0.1261;0.0405843093922652;0.0007026877706435702;0.01761933798255111;1;1;0;1;Half-yearly, semesterly;Electricity;Consumption from 2 500 kWh to 4 999 kWh - band DC;Kilowatt-hour;All taxes and levies included;Euro;Consumption from 2 500 kWh to 4 999 kWh - band DC;DC;0.03953;0.05722;0.03009;0.0070851230831753854;0.027129999999999998;0.00017457788956551042
Malta;2025-S2;2025;2;0.1206;0.03125204918032787;-0.00933226021193733;-0.22994749329690278;-1;1;0;1;Half-yearly, semesterly;Electricity;Consumption from 2 500 kWh to 4 999 kWh - band DC;Kilowatt-hour;Excluding taxes and levies;Euro;Consumption from 2 500 kWh to 4 999 kWh - band DC;DC;0.03138;0.037020000000000004;0.026539999999999998;0.00208229441624638;0.010480000000000003;6.662905220170685e-05
Malta;2025-S2;2025;2;0.1221;0.03125204918032787;-0.00933226021193733;-0.22994749329690278;-1;1;0;1;Half-yearly, semesterly;Electricity;Consumption from 2 500 kWh to 4 999 kWh - band DC;Kilowatt-hour;Excluding VAT and other recoverable taxes and levies;Euro;Consumption from 2 500 kWh to 4 999 kWh - band DC;DC;0.03138;0.037020000000000004;0.026539999999999998;0.00208229441624638;0.010480000000000003;6.662905220170685e-05
Malta;2025-S2;2025;2;0.1282;0.03125204918032787;-0.00933226021193733;-0.22994749329690278;-1;1;0;1;Half-yearly, semesterly;Electricity;Consumption from 2 500 kWh to 4 999 kWh - band DC;Kilowatt-hour;All taxes and levies included;Euro;Consumption from 2 500 kWh to 4 999 kWh - band DC;DC;0.03138;0.037020000000000004;0.026539999999999998;0.00208229441624638;0.010480000000000003;6.662905220170685e-05
Moldova;2021-S1;2021;1;0.0851;0.021884866666666666;;;0;0;0;0;Half-yearly, semesterly;Electricity;Consumption from 2 500 kWh to 4 999 kWh - band DC;Kilowatt-hour;Excluding taxes and levies;Euro;Consumption from 2 500 kWh to 4 999 kWh - band DC;DC;0.021085;0.035;0.01492;0.00482668126102457;0.020079999999999997;0.0002205488082034421
Moldova;2021-S1;2021;1;0.0851;0.021884866666666666;;;0;0;0;0;Half-yearly, semesterly;Electricity;Consumption from 2 500 kWh to 4 999 kWh - band DC;Kilowatt-hour;Excluding VAT and other recoverable taxes and levies;Euro;Consumption from 2 500 kWh to 4 999 kWh - band DC;DC;0.021085;0.035;0.01492;0.00482668126102457;0.020079999999999997;0.0002205488082034421
Moldova;2021-S1;2021;1;0.0851;0.021884866666666666;;;0;0;0;0;Half-yearly, semesterly;Electricity;Consumption from 2 500 kWh to 4 999 kWh - band DC;Kilowatt-hour;All taxes and levies included;Euro;Consumption from 2 500 kWh to 4 999 kWh - band DC;DC;0.021085;0.035;0.01492;0.00482668126102457;0.020079999999999997;0.0002205488082034421
Moldova;2021-S2;2021;2;0.0888;0.07139254054054055;0.04950767387387388;2.2621875941917495;1;0;0;0;Half-yearly, semesterly;Electricity;Consumption from 2 500 kWh to 4 999 kWh - band DC;Kilowatt-hour;Excluding taxes and levies;Euro;Consumption from 2 500 kWh to 4 999 kWh - band DC;DC;0.07078;0.183;0.0338;0.029414433726409856;0.1492;0.00041200990332745994
Moldova;2021-S2;2021;2;0.0888;0.07139254054054055;0.04950767387387388;2.2621875941917495;1;0;0;0;Half-yearly, semesterly;Electricity;Consumption from 2 500 kWh to 4 999 kWh - band DC;Kilowatt-hour;Excluding VAT and other recoverable taxes and levies;Euro;Consumption from 2 500 kWh to 4 999 kWh - band DC;DC;0.07078;0.183;0.0338;0.029414433726409856;0.1492;0.00041200990332745994
Moldova;2021-S2;2021;2;0.0888;0.07139254054054055;0.04950767387387388;2.2621875941917495;1;0;0;0;Half-yearly, semesterly;Electricity;Consumption from 2 500 kWh to 4 999 kWh - band DC;Kilowatt-hour;All taxes and levies included;Euro;Consumption from 2 500 kWh to 4 999 kWh - band DC;DC;0.07078;0.183;0.0338;0.029414433726409856;0.1492;0.00041200990332745994
Moldova;2022-S1;2022;1;0.1047;0.09201900552486186;0.020626464984321316;0.28891624850650177;1;1;1;0;Half-yearly, semesterly;Electricity;Consumption from 2 500 kWh to 4 999 kWh - band DC;Kilowatt-hour;Excluding taxes and levies;Euro;Consumption from 2 500 kWh to 4 999 kWh - band DC;DC;0.08356;0.21436000000000002;0.04856;0.024964136723284833;0.1658;0.0002712932679601712
Moldova;2022-S1;2022;1;0.1047;0.09201900552486186;0.020626464984321316;0.28891624850650177;1;1;1;0;Half-yearly, semesterly;Electricity;Consumption from 2 500 kWh to 4 999 kWh - band DC;Kilowatt-hour;Excluding VAT and other recoverable taxes and levies;Euro;Consumption from 2 500 kWh to 4 999 kWh - band DC;DC;0.08356;0.21436000000000002;0.04856;0.024964136723284833;0.1658;0.0002712932679601712
Moldova;2022-S1;2022;1;0.1172;0.09201900552486186;0.020626464984321316;0.28891624850650177;1;1;1;0;Half-yearly, semesterly;Electricity;Consumption from 2 500 kWh to 4 999 kWh - band DC;Kilowatt-hour;All taxes and levies included;Euro;Consumption from 2 500 kWh to 4 999 kWh - band DC;DC;0.08356;0.21436000000000002;0.04856;0.024964136723284833;0.1658;0.0002712932679601712
Moldova;2022-S2;2022;2;0.1976;0.10594205405405406;0.013923048529192197;0.15130622690146822;1;1;1;0;Half-yearly, semesterly;Electricity;Consumption from 2 500 kWh to 4 999 kWh - band DC;Kilowatt-hour;Excluding taxes and levies;Euro;Consumption from 2 500 kWh to 4 999 kWh - band DC;DC;0.1072;0.24;0.027780000000000003;0.043706998868668134;0.21222;0.000412555705653657
Moldova;2022-S2;2022;2;0.1976;0.10594205405405406;0.013923048529192197;0.15130622690146822;1;1;1;0;Half-yearly, semesterly;Electricity;Consumption from 2 500 kWh to 4 999 kWh - band DC;Kilowatt-hour;Excluding VAT and other recoverable taxes and levies;Euro;Consumption from 2 500 kWh to 4 999 kWh - band DC;DC;0.1072;0.24;0.027780000000000003;0.043706998868668134;0.21222;0.000412555705653657
Moldova;2022-S2;2022;2;0.2245;0.10594205405405406;0.013923048529192197;0.15130622690146822;1;1;1;0;Half-yearly, semesterly;Electricity;Consumption from 2 500 kWh to 4 999 kWh - band DC;Kilowatt-hour;All taxes and levies included;Euro;Consumption from 2 500 kWh to 4 999 kWh - band DC;DC;0.1072;0.24;0.027780000000000003;0.043706998868668134;0.21222;0.000412555705653657
Moldova;2023-S1;2023;1;0.1795;0.042229723756906076;-0.06371233029714798;-0.6013884747282745;-1;1;1;0;Half-yearly, semesterly;Electricity;Consumption from 2 500 kWh to 4 999 kWh - band DC;Kilowatt-hour;Excluding taxes and levies;Euro;Consumption from 2 500 kWh to 4 999 kWh - band DC;DC;0.04009;0.07149;0.023780000000000003;0.01198758067663452;0.047709999999999995;0.00028386595057170176
Moldova;2023-S1;2023;1;0.1795;0.042229723756906076;-0.06371233029714798;-0.6013884747282745;-1;1;1;0;Half-yearly, semesterly;Electricity;Consumption from 2 500 kWh to 4 999 kWh - band DC;Kilowatt-hour;Excluding VAT and other recoverable taxes and levies;Euro;Consumption from 2 500 kWh to 4 999 kWh - band DC;DC;0.04009;0.07149;0.023780000000000003;0.01198758067663452;0.047709999999999995;0.00028386595057170176
Moldova;2023-S1;2023;1;0.1797;0.042229723756906076;-0.06371233029714798;-0.6013884747282745;-1;1;1;0;Half-yearly, semesterly;Electricity;Consumption from 2 500 kWh to 4 999 kWh - band DC;Kilowatt-hour;All taxes and levies included;Euro;Consumption from 2 500 kWh to 4 999 kWh - band DC;DC;0.04009;0.07149;0.023780000000000003;0.01198758067663452;0.047709999999999995;0.00028386595057170176
Moldova;2023-S2;2023;2;0.1469;0.03612461956521739;-0.006105104191688686;-0.14456888770650034;-1;1;1;0;Half-yearly, semesterly;Electricity;Consumption from 2 500 kWh to 4 999 kWh - band DC;Kilowatt-hour;Excluding taxes and levies;Euro;Consumption from 2 500 kWh to 4 999 kWh - band DC;DC;0.035894999999999996;0.05256;0.024030000000000003;0.005577214658926646;0.02853;0.00015438819082531373
Moldova;2023-S2;2023;2;0.1469;0.03612461956521739;-0.006105104191688686;-0.14456888770650034;-1;1;1;0;Half-yearly, semesterly;Electricity;Consumption from 2 500 kWh to 4 999 kWh - band DC;Kilowatt-hour;Excluding VAT and other recoverable taxes and levies;Euro;Consumption from 2 500 kWh to 4 999 kWh - band DC;DC;0.035894999999999996;0.05256;0.024030000000000003;0.005577214658926646;0.02853;0.00015438819082531373
Moldova;2023-S2;2023;2;0.1469;0.03612461956521739;-0.006105104191688686;-0.14456888770650034;-1;1;1;0;Half-yearly, semesterly;Electricity;Consumption from 2 500 kWh to 4 999 kWh - band DC;Kilowatt-hour;All taxes and levies included;Euro;Consumption from 2 500 kWh to 4 999 kWh - band DC;DC;0.035894999999999996;0.05256;0.024030000000000003;0.005577214658926646;0.02853;0.00015438819082531373
Moldova;2024-S1;2024;1;0.1359;0.02965928571428571;-0.0064653338509316795;-0.17897306404181013;-1;1;0;1;Half-yearly, semesterly;Electricity;Consumption from 2 500 kWh to 4 999 kWh - band DC;Kilowatt-hour;Excluding taxes and levies;Euro;Consumption from 2 500 kWh to 4 999 kWh - band DC;DC;0.02939;0.03767;0.022719999999999997;0.003562587835220648;0.014950000000000003;0.00012011711507619673
Moldova;2024-S1;2024;1;0.1359;0.02965928571428571;-0.0064653338509316795;-0.17897306404181013;-1;1;0;1;Half-yearly, semesterly;Electricity;Consumption from 2 500 kWh to 4 999 kWh - band DC;Kilowatt-hour;Excluding VAT and other recoverable taxes and levies;Euro;Consumption from 2 500 kWh to 4 999 kWh - band DC;DC;0.02939;0.03767;0.022719999999999997;0.003562587835220648;0.014950000000000003;0.00012011711507619673
Moldova;2024-S1;2024;1;0.1359;0.02965928571428571;-0.0064653338509316795;-0.17897306404181013;-1;1;0;1;Half-yearly, semesterly;Electricity;Consumption from 2 500 kWh to 4 999 kWh - band DC;Kilowatt-hour;All taxes and levies included;Euro;Consumption from 2 500 kWh to 4 999 kWh - band DC;DC;0.02939;0.03767;0.022719999999999997;0.003562587835220648;0.014950000000000003;0.00012011711507619673
Moldova;2024-S2;2024;2;0.1358;0.03988162162162163;0.010222335907335917;0.3446588702711819;1;1;0;0;Half-yearly, semesterly;Electricity;Consumption from 2 500 kWh to 4 999 kWh - band DC;Kilowatt-hour;Excluding taxes and levies;Euro;Consumption from 2 500 kWh to 4 999 kWh - band DC;DC;0.03939;0.0528;0.030379999999999997;0.0052140688200674355;0.02242;0.00013073863619529112
Moldova;2024-S2;2024;2;0.1358;0.03988162162162163;0.010222335907335917;0.3446588702711819;1;1;0;0;Half-yearly, semesterly;Electricity;Consumption from 2 500 kWh to 4 999 kWh - band DC;Kilowatt-hour;Excluding VAT and other recoverable taxes and levies;Euro;Consumption from 2 500 kWh to 4 999 kWh - band DC;DC;0.03939;0.0528;0.030379999999999997;0.0052140688200674355;0.02242;0.00013073863619529112
Moldova;2024-S2;2024;2;0.1358;0.03988162162162163;0.010222335907335917;0.3446588702711819;1;1;0;0;Half-yearly, semesterly;Electricity;Consumption from 2 500 kWh to 4 999 kWh - band DC;Kilowatt-hour;All taxes and levies included;Euro;Consumption from 2 500 kWh to 4 999 kWh - band DC;DC;0.03939;0.0528;0.030379999999999997;0.0052140688200674355;0.02242;0.00013073863619529112
Moldova;2025-S1;2025;1;0.2156;0.0405843093922652;0.0007026877706435702;0.01761933798255111;1;1;0;1;Half-yearly, semesterly;Electricity;Consumption from 2 500 kWh to 4 999 kWh - band DC;Kilowatt-hour;Excluding taxes and levies;Euro;Consumption from 2 500 kWh to 4 999 kWh - band DC;DC;0.03953;0.05722;0.03009;0.0070851230831753854;0.027129999999999998;0.00017457788956551042
Moldova;2025-S1;2025;1;0.2156;0.0405843093922652;0.0007026877706435702;0.01761933798255111;1;1;0;1;Half-yearly, semesterly;Electricity;Consumption from 2 500 kWh to 4 999 kWh - band DC;Kilowatt-hour;Excluding VAT and other recoverable taxes and levies;Euro;Consumption from 2 500 kWh to 4 999 kWh - band DC;DC;0.03953;0.05722;0.03009;0.0070851230831753854;0.027129999999999998;0.00017457788956551042
Moldova;2025-S1;2025;1;0.2156;0.0405843093922652;0.0007026877706435702;0.01761933798255111;1;1;0;1;Half-yearly, semesterly;Electricity;Consumption from 2 500 kWh to 4 999 kWh - band DC;Kilowatt-hour;All taxes and levies included;Euro;Consumption from 2 500 kWh to 4 999 kWh - band DC;DC;0.03953;0.05722;0.03009;0.0070851230831753854;0.027129999999999998;0.00017457788956551042
Moldova;2025-S2;2025;2;0.1965;0.03125204918032787;-0.00933226021193733;-0.22994749329690278;-1;1;0;1;Half-yearly, semesterly;Electricity;Consumption from 2 500 kWh to 4 999 kWh - band DC;Kilowatt-hour;Excluding taxes and levies;Euro;Consumption from 2 500 kWh to 4 999 kWh - band DC;DC;0.03138;0.037020000000000004;0.026539999999999998;0.00208229441624638;0.010480000000000003;6.662905220170685e-05
Moldova;2025-S2;2025;2;0.1965;0.03125204918032787;-0.00933226021193733;-0.22994749329690278;-1;1;0;1;Half-yearly, semesterly;Electricity;Consumption from 2 500 kWh to 4 999 kWh - band DC;Kilowatt-hour;Excluding VAT and other recoverable taxes and levies;Euro;Consumption from 2 500 kWh to 4 999 kWh - band DC;DC;0.03138;0.037020000000000004;0.026539999999999998;0.00208229441624638;0.010480000000000003;6.662905220170685e-05
Moldova;2025-S2;2025;2;0.1967;0.03125204918032787;-0.00933226021193733;-0.22994749329690278;-1;1;0;1;Half-yearly, semesterly;Electricity;Consumption from 2 500 kWh to 4 999 kWh - band DC;Kilowatt-hour;All taxes and levies included;Euro;Consumption from 2 500 kWh to 4 999 kWh - band DC;DC;0.03138;0.037020000000000004;0.026539999999999998;0.00208229441624638;0.010480000000000003;6.662905220170685e-05
Montenegro;2021-S1;2021;1;0.0807;0.021884866666666666;;;0;0;0;0;Half-yearly, semesterly;Electricity;Consumption from 2 500 kWh to 4 999 kWh - band DC;Kilowatt-hour;Excluding taxes and levies;Euro;Consumption from 2 500 kWh to 4 999 kWh - band DC;DC;0.021085;0.035;0.01492;0.00482668126102457;0.020079999999999997;0.0002205488082034421
Montenegro;2021-S1;2021;1;0.0848;0.021884866666666666;;;0;0;0;0;Half-yearly, semesterly;Electricity;Consumption from 2 500 kWh to 4 999 kWh - band DC;Kilowatt-hour;Excluding VAT and other recoverable taxes and levies;Euro;Consumption from 2 500 kWh to 4 999 kWh - band DC;DC;0.021085;0.035;0.01492;0.00482668126102457;0.020079999999999997;0.0002205488082034421
Montenegro;2021-S1;2021;1;0.098;0.021884866666666666;;;0;0;0;0;Half-yearly, semesterly;Electricity;Consumption from 2 500 kWh to 4 999 kWh - band DC;Kilowatt-hour;All taxes and levies included;Euro;Consumption from 2 500 kWh to 4 999 kWh - band DC;DC;0.021085;0.035;0.01492;0.00482668126102457;0.020079999999999997;0.0002205488082034421
Montenegro;2021-S2;2021;2;0.0803;0.07139254054054055;0.04950767387387388;2.2621875941917495;1;0;0;0;Half-yearly, semesterly;Electricity;Consumption from 2 500 kWh to 4 999 kWh - band DC;Kilowatt-hour;Excluding taxes and levies;Euro;Consumption from 2 500 kWh to 4 999 kWh - band DC;DC;0.07078;0.183;0.0338;0.029414433726409856;0.1492;0.00041200990332745994
Montenegro;2021-S2;2021;2;0.0851;0.07139254054054055;0.04950767387387388;2.2621875941917495;1;0;0;0;Half-yearly, semesterly;Electricity;Consumption from 2 500 kWh to 4 999 kWh - band DC;Kilowatt-hour;Excluding VAT and other recoverable taxes and levies;Euro;Consumption from 2 500 kWh to 4 999 kWh - band DC;DC;0.07078;0.183;0.0338;0.029414433726409856;0.1492;0.00041200990332745994
Montenegro;2021-S2;2021;2;0.0974;0.07139254054054055;0.04950767387387388;2.2621875941917495;1;0;0;0;Half-yearly, semesterly;Electricity;Consumption from 2 500 kWh to 4 999 kWh - band DC;Kilowatt-hour;All taxes and levies included;Euro;Consumption from 2 500 kWh to 4 999 kWh - band DC;DC;0.07078;0.183;0.0338;0.029414433726409856;0.1492;0.00041200990332745994
Montenegro;2022-S1;2022;1;0.0792;0.09201900552486186;0.020626464984321316;0.28891624850650177;1;1;1;0;Half-yearly, semesterly;Electricity;Consumption from 2 500 kWh to 4 999 kWh - band DC;Kilowatt-hour;Excluding taxes and levies;Euro;Consumption from 2 500 kWh to 4 999 kWh - band DC;DC;0.08356;0.21436000000000002;0.04856;0.024964136723284833;0.1658;0.0002712932679601712
Montenegro;2022-S1;2022;1;0.0843;0.09201900552486186;0.020626464984321316;0.28891624850650177;1;1;1;0;Half-yearly, semesterly;Electricity;Consumption from 2 500 kWh to 4 999 kWh - band DC;Kilowatt-hour;Excluding VAT and other recoverable taxes and levies;Euro;Consumption from 2 500 kWh to 4 999 kWh - band DC;DC;0.08356;0.21436000000000002;0.04856;0.024964136723284833;0.1658;0.0002712932679601712
Montenegro;2022-S1;2022;1;0.0961;0.09201900552486186;0.020626464984321316;0.28891624850650177;1;1;1;0;Half-yearly, semesterly;Electricity;Consumption from 2 500 kWh to 4 999 kWh - band DC;Kilowatt-hour;All taxes and levies included;Euro;Consumption from 2 500 kWh to 4 999 kWh - band DC;DC;0.08356;0.21436000000000002;0.04856;0.024964136723284833;0.1658;0.0002712932679601712
Montenegro;2022-S2;2022;2;0.0809;0.10594205405405406;0.013923048529192197;0.15130622690146822;1;1;1;0;Half-yearly, semesterly;Electricity;Consumption from 2 500 kWh to 4 999 kWh - band DC;Kilowatt-hour;Excluding taxes and levies;Euro;Consumption from 2 500 kWh to 4 999 kWh - band DC;DC;0.1072;0.24;0.027780000000000003;0.043706998868668134;0.21222;0.000412555705653657
Montenegro;2022-S2;2022;2;0.0847;0.10594205405405406;0.013923048529192197;0.15130622690146822;1;1;1;0;Half-yearly, semesterly;Electricity;Consumption from 2 500 kWh to 4 999 kWh - band DC;Kilowatt-hour;Excluding VAT and other recoverable taxes and levies;Euro;Consumption from 2 500 kWh to 4 999 kWh - band DC;DC;0.1072;0.24;0.027780000000000003;0.043706998868668134;0.21222;0.000412555705653657
Montenegro;2022-S2;2022;2;0.0982;0.10594205405405406;0.013923048529192197;0.15130622690146822;1;1;1;0;Half-yearly, semesterly;Electricity;Consumption from 2 500 kWh to 4 999 kWh - band DC;Kilowatt-hour;All taxes and levies included;Euro;Consumption from 2 500 kWh to 4 999 kWh - band DC;DC;0.1072;0.24;0.027780000000000003;0.043706998868668134;0.21222;0.000412555705653657
Montenegro;2023-S1;2023;1;0.0845;0.042229723756906076;-0.06371233029714798;-0.6013884747282745;-1;1;1;0;Half-yearly, semesterly;Electricity;Consumption from 2 500 kWh to 4 999 kWh - band DC;Kilowatt-hour;Excluding taxes and levies;Euro;Consumption from 2 500 kWh to 4 999 kWh - band DC;DC;0.04009;0.07149;0.023780000000000003;0.01198758067663452;0.047709999999999995;0.00028386595057170176
Montenegro;2023-S1;2023;1;0.0798;0.042229723756906076;-0.06371233029714798;-0.6013884747282745;-1;1;1;0;Half-yearly, semesterly;Electricity;Consumption from 2 500 kWh to 4 999 kWh - band DC;Kilowatt-hour;Excluding VAT and other recoverable taxes and levies;Euro;Consumption from 2 500 kWh to 4 999 kWh - band DC;DC;0.04009;0.07149;0.023780000000000003;0.01198758067663452;0.047709999999999995;0.00028386595057170176
Montenegro;2023-S1;2023;1;0.0968;0.042229723756906076;-0.06371233029714798;-0.6013884747282745;-1;1;1;0;Half-yearly, semesterly;Electricity;Consumption from 2 500 kWh to 4 999 kWh - band DC;Kilowatt-hour;All taxes and levies included;Euro;Consumption from 2 500 kWh to 4 999 kWh - band DC;DC;0.04009;0.07149;0.023780000000000003;0.01198758067663452;0.047709999999999995;0.00028386595057170176
Montenegro;2023-S2;2023;2;0.0846;0.03612461956521739;-0.006105104191688686;-0.14456888770650034;-1;1;1;0;Half-yearly, semesterly;Electricity;Consumption from 2 500 kWh to 4 999 kWh - band DC;Kilowatt-hour;Excluding taxes and levies;Euro;Consumption from 2 500 kWh to 4 999 kWh - band DC;DC;0.035894999999999996;0.05256;0.024030000000000003;0.005577214658926646;0.02853;0.00015438819082531373
Montenegro;2023-S2;2023;2;0.0799;0.03612461956521739;-0.006105104191688686;-0.14456888770650034;-1;1;1;0;Half-yearly, semesterly;Electricity;Consumption from 2 500 kWh to 4 999 kWh - band DC;Kilowatt-hour;Excluding VAT and other recoverable taxes and levies;Euro;Consumption from 2 500 kWh to 4 999 kWh - band DC;DC;0.035894999999999996;0.05256;0.024030000000000003;0.005577214658926646;0.02853;0.00015438819082531373
Montenegro;2023-S2;2023;2;0.097;0.03612461956521739;-0.006105104191688686;-0.14456888770650034;-1;1;1;0;Half-yearly, semesterly;Electricity;Consumption from 2 500 kWh to 4 999 kWh - band DC;Kilowatt-hour;All taxes and levies included;Euro;Consumption from 2 500 kWh to 4 999 kWh - band DC;DC;0.035894999999999996;0.05256;0.024030000000000003;0.005577214658926646;0.02853;0.00015438819082531373
Montenegro;2024-S1;2024;1;0.0894;0.02965928571428571;-0.0064653338509316795;-0.17897306404181013;-1;1;0;1;Half-yearly, semesterly;Electricity;Consumption from 2 500 kWh to 4 999 kWh - band DC;Kilowatt-hour;Excluding taxes and levies;Euro;Consumption from 2 500 kWh to 4 999 kWh - band DC;DC;0.02939;0.03767;0.022719999999999997;0.003562587835220648;0.014950000000000003;0.00012011711507619673
Montenegro;2024-S1;2024;1;0.08;0.02965928571428571;-0.0064653338509316795;-0.17897306404181013;-1;1;0;1;Half-yearly, semesterly;Electricity;Consumption from 2 500 kWh to 4 999 kWh - band DC;Kilowatt-hour;Excluding VAT and other recoverable taxes and levies;Euro;Consumption from 2 500 kWh to 4 999 kWh - band DC;DC;0.02939;0.03767;0.022719999999999997;0.003562587835220648;0.014950000000000003;0.00012011711507619673
Montenegro;2024-S1;2024;1;0.0971;0.02965928571428571;-0.0064653338509316795;-0.17897306404181013;-1;1;0;1;Half-yearly, semesterly;Electricity;Consumption from 2 500 kWh to 4 999 kWh - band DC;Kilowatt-hour;All taxes and levies included;Euro;Consumption from 2 500 kWh to 4 999 kWh - band DC;DC;0.02939;0.03767;0.022719999999999997;0.003562587835220648;0.014950000000000003;0.00012011711507619673
Montenegro;2024-S2;2024;2;0.0895;0.03988162162162163;0.010222335907335917;0.3446588702711819;1;1;0;0;Half-yearly, semesterly;Electricity;Consumption from 2 500 kWh to 4 999 kWh - band DC;Kilowatt-hour;Excluding taxes and levies;Euro;Consumption from 2 500 kWh to 4 999 kWh - band DC;DC;0.03939;0.0528;0.030379999999999997;0.0052140688200674355;0.02242;0.00013073863619529112
Montenegro;2024-S2;2024;2;0.0827;0.03988162162162163;0.010222335907335917;0.3446588702711819;1;1;0;0;Half-yearly, semesterly;Electricity;Consumption from 2 500 kWh to 4 999 kWh - band DC;Kilowatt-hour;Excluding VAT and other recoverable taxes and levies;Euro;Consumption from 2 500 kWh to 4 999 kWh - band DC;DC;0.03939;0.0528;0.030379999999999997;0.0052140688200674355;0.02242;0.00013073863619529112
Montenegro;2024-S2;2024;2;0.1004;0.03988162162162163;0.010222335907335917;0.3446588702711819;1;1;0;0;Half-yearly, semesterly;Electricity;Consumption from 2 500 kWh to 4 999 kWh - band DC;Kilowatt-hour;All taxes and levies included;Euro;Consumption from 2 500 kWh to 4 999 kWh - band DC;DC;0.03939;0.0528;0.030379999999999997;0.0052140688200674355;0.02242;0.00013073863619529112
Montenegro;2025-S1;2025;1;0.0924;0.0405843093922652;0.0007026877706435702;0.01761933798255111;1;1;0;1;Half-yearly, semesterly;Electricity;Consumption from 2 500 kWh to 4 999 kWh - band DC;Kilowatt-hour;Excluding taxes and levies;Euro;Consumption from 2 500 kWh to 4 999 kWh - band DC;DC;0.03953;0.05722;0.03009;0.0070851230831753854;0.027129999999999998;0.00017457788956551042
Montenegro;2025-S1;2025;1;0.08;0.0405843093922652;0.0007026877706435702;0.01761933798255111;1;1;0;1;Half-yearly, semesterly;Electricity;Consumption from 2 500 kWh to 4 999 kWh - band DC;Kilowatt-hour;Excluding VAT and other recoverable taxes and levies;Euro;Consumption from 2 500 kWh to 4 999 kWh - band DC;DC;0.03953;0.05722;0.03009;0.0070851230831753854;0.027129999999999998;0.00017457788956551042
Montenegro;2025-S1;2025;1;0.0973;0.0405843093922652;0.0007026877706435702;0.01761933798255111;1;1;0;1;Half-yearly, semesterly;Electricity;Consumption from 2 500 kWh to 4 999 kWh - band DC;Kilowatt-hour;All taxes and levies included;Euro;Consumption from 2 500 kWh to 4 999 kWh - band DC;DC;0.03953;0.05722;0.03009;0.0070851230831753854;0.027129999999999998;0.00017457788956551042
Montenegro;2025-S2;2025;2;0.0927;0.03125204918032787;-0.00933226021193733;-0.22994749329690278;-1;1;0;1;Half-yearly, semesterly;Electricity;Consumption from 2 500 kWh to 4 999 kWh - band DC;Kilowatt-hour;Excluding taxes and levies;Euro;Consumption from 2 500 kWh to 4 999 kWh - band DC;DC;0.03138;0.037020000000000004;0.026539999999999998;0.00208229441624638;0.010480000000000003;6.662905220170685e-05
Montenegro;2025-S2;2025;2;0.0821;0.03125204918032787;-0.00933226021193733;-0.22994749329690278;-1;1;0;1;Half-yearly, semesterly;Electricity;Consumption from 2 500 kWh to 4 999 kWh - band DC;Kilowatt-hour;Excluding VAT and other recoverable taxes and levies;Euro;Consumption from 2 500 kWh to 4 999 kWh - band DC;DC;0.03138;0.037020000000000004;0.026539999999999998;0.00208229441624638;0.010480000000000003;6.662905220170685e-05
Montenegro;2025-S2;2025;2;0.0998;0.03125204918032787;-0.00933226021193733;-0.22994749329690278;-1;1;0;1;Half-yearly, semesterly;Electricity;Consumption from 2 500 kWh to 4 999 kWh - band DC;Kilowatt-hour;All taxes and levies included;Euro;Consumption from 2 500 kWh to 4 999 kWh - band DC;DC;0.03138;0.037020000000000004;0.026539999999999998;0.00208229441624638;0.010480000000000003;6.662905220170685e-05
Netherlands;2021-S1;2021;1;0.1361;0.021884866666666666;;;0;0;0;0;Half-yearly, semesterly;Electricity;Consumption from 2 500 kWh to 4 999 kWh - band DC;Kilowatt-hour;Excluding taxes and levies;Euro;Consumption from 2 500 kWh to 4 999 kWh - band DC;DC;0.021085;0.035;0.01492;0.00482668126102457;0.020079999999999997;0.0002205488082034421
Netherlands;2021-S1;2021;1;0.1065;0.021884866666666666;;;0;0;0;0;Half-yearly, semesterly;Electricity;Consumption from 2 500 kWh to 4 999 kWh - band DC;Kilowatt-hour;Excluding VAT and other recoverable taxes and levies;Euro;Consumption from 2 500 kWh to 4 999 kWh - band DC;DC;0.021085;0.035;0.01492;0.00482668126102457;0.020079999999999997;0.0002205488082034421
Netherlands;2021-S1;2021;1;0.1289;0.021884866666666666;;;0;0;0;0;Half-yearly, semesterly;Electricity;Consumption from 2 500 kWh to 4 999 kWh - band DC;Kilowatt-hour;All taxes and levies included;Euro;Consumption from 2 500 kWh to 4 999 kWh - band DC;DC;0.021085;0.035;0.01492;0.00482668126102457;0.020079999999999997;0.0002205488082034421
Netherlands;2021-S2;2021;2;0.1488;0.07139254054054055;0.04950767387387388;2.2621875941917495;1;0;0;0;Half-yearly, semesterly;Electricity;Consumption from 2 500 kWh to 4 999 kWh - band DC;Kilowatt-hour;Excluding taxes and levies;Euro;Consumption from 2 500 kWh to 4 999 kWh - band DC;DC;0.07078;0.183;0.0338;0.029414433726409856;0.1492;0.00041200990332745994
Netherlands;2021-S2;2021;2;0.1191;0.07139254054054055;0.04950767387387388;2.2621875941917495;1;0;0;0;Half-yearly, semesterly;Electricity;Consumption from 2 500 kWh to 4 999 kWh - band DC;Kilowatt-hour;Excluding VAT and other recoverable taxes and levies;Euro;Consumption from 2 500 kWh to 4 999 kWh - band DC;DC;0.07078;0.183;0.0338;0.029414433726409856;0.1492;0.00041200990332745994
Netherlands;2021-S2;2021;2;0.1441;0.07139254054054055;0.04950767387387388;2.2621875941917495;1;0;0;0;Half-yearly, semesterly;Electricity;Consumption from 2 500 kWh to 4 999 kWh - band DC;Kilowatt-hour;All taxes and levies included;Euro;Consumption from 2 500 kWh to 4 999 kWh - band DC;DC;0.07078;0.183;0.0338;0.029414433726409856;0.1492;0.00041200990332745994
Netherlands;2022-S1;2022;1;0.2109;0.09201900552486186;0.020626464984321316;0.28891624850650177;1;1;1;0;Half-yearly, semesterly;Electricity;Consumption from 2 500 kWh to 4 999 kWh - band DC;Kilowatt-hour;Excluding taxes and levies;Euro;Consumption from 2 500 kWh to 4 999 kWh - band DC;DC;0.08356;0.21436000000000002;0.04856;0.024964136723284833;0.1658;0.0002712932679601712
Netherlands;2022-S1;2022;1;0.0279;0.09201900552486186;0.020626464984321316;0.28891624850650177;1;1;1;0;Half-yearly, semesterly;Electricity;Consumption from 2 500 kWh to 4 999 kWh - band DC;Kilowatt-hour;Excluding VAT and other recoverable taxes and levies;Euro;Consumption from 2 500 kWh to 4 999 kWh - band DC;DC;0.08356;0.21436000000000002;0.04856;0.024964136723284833;0.1658;0.0002712932679601712
Netherlands;2022-S1;2022;1;0.0338;0.09201900552486186;0.020626464984321316;0.28891624850650177;1;1;1;0;Half-yearly, semesterly;Electricity;Consumption from 2 500 kWh to 4 999 kWh - band DC;Kilowatt-hour;All taxes and levies included;Euro;Consumption from 2 500 kWh to 4 999 kWh - band DC;DC;0.08356;0.21436000000000002;0.04856;0.024964136723284833;0.1658;0.0002712932679601712
Netherlands;2022-S2;2022;2;0.3256;0.10594205405405406;0.013923048529192197;0.15130622690146822;1;1;1;0;Half-yearly, semesterly;Electricity;Consumption from 2 500 kWh to 4 999 kWh - band DC;Kilowatt-hour;Excluding taxes and levies;Euro;Consumption from 2 500 kWh to 4 999 kWh - band DC;DC;0.1072;0.24;0.027780000000000003;0.043706998868668134;0.21222;0.000412555705653657
Netherlands;2022-S2;2022;2;0.1302;0.10594205405405406;0.013923048529192197;0.15130622690146822;1;1;1;0;Half-yearly, semesterly;Electricity;Consumption from 2 500 kWh to 4 999 kWh - band DC;Kilowatt-hour;Excluding VAT and other recoverable taxes and levies;Euro;Consumption from 2 500 kWh to 4 999 kWh - band DC;DC;0.1072;0.24;0.027780000000000003;0.043706998868668134;0.21222;0.000412555705653657
Netherlands;2022-S2;2022;2;0.1419;0.10594205405405406;0.013923048529192197;0.15130622690146822;1;1;1;0;Half-yearly, semesterly;Electricity;Consumption from 2 500 kWh to 4 999 kWh - band DC;Kilowatt-hour;All taxes and levies included;Euro;Consumption from 2 500 kWh to 4 999 kWh - band DC;DC;0.1072;0.24;0.027780000000000003;0.043706998868668134;0.21222;0.000412555705653657
Netherlands;2023-S1;2023;1;0.4318;0.042229723756906076;-0.06371233029714798;-0.6013884747282745;-1;1;1;0;Half-yearly, semesterly;Electricity;Consumption from 2 500 kWh to 4 999 kWh - band DC;Kilowatt-hour;Excluding taxes and levies;Euro;Consumption from 2 500 kWh to 4 999 kWh - band DC;DC;0.04009;0.07149;0.023780000000000003;0.01198758067663452;0.047709999999999995;0.00028386595057170176
Netherlands;2023-S1;2023;1;0.2954;0.042229723756906076;-0.06371233029714798;-0.6013884747282745;-1;1;1;0;Half-yearly, semesterly;Electricity;Consumption from 2 500 kWh to 4 999 kWh - band DC;Kilowatt-hour;Excluding VAT and other recoverable taxes and levies;Euro;Consumption from 2 500 kWh to 4 999 kWh - band DC;DC;0.04009;0.07149;0.023780000000000003;0.01198758067663452;0.047709999999999995;0.00028386595057170176
Netherlands;2023-S1;2023;1;0.3574;0.042229723756906076;-0.06371233029714798;-0.6013884747282745;-1;1;1;0;Half-yearly, semesterly;Electricity;Consumption from 2 500 kWh to 4 999 kWh - band DC;Kilowatt-hour;All taxes and levies included;Euro;Consumption from 2 500 kWh to 4 999 kWh - band DC;DC;0.04009;0.07149;0.023780000000000003;0.01198758067663452;0.047709999999999995;0.00028386595057170176
Netherlands;2023-S2;2023;2;0.2638;0.03612461956521739;-0.006105104191688686;-0.14456888770650034;-1;1;1;0;Half-yearly, semesterly;Electricity;Consumption from 2 500 kWh to 4 999 kWh - band DC;Kilowatt-hour;Excluding taxes and levies;Euro;Consumption from 2 500 kWh to 4 999 kWh - band DC;DC;0.035894999999999996;0.05256;0.024030000000000003;0.005577214658926646;0.02853;0.00015438819082531373
Netherlands;2023-S2;2023;2;0.2057;0.03612461956521739;-0.006105104191688686;-0.14456888770650034;-1;1;1;0;Half-yearly, semesterly;Electricity;Consumption from 2 500 kWh to 4 999 kWh - band DC;Kilowatt-hour;Excluding VAT and other recoverable taxes and levies;Euro;Consumption from 2 500 kWh to 4 999 kWh - band DC;DC;0.035894999999999996;0.05256;0.024030000000000003;0.005577214658926646;0.02853;0.00015438819082531373
Netherlands;2023-S2;2023;2;0.2488;0.03612461956521739;-0.006105104191688686;-0.14456888770650034;-1;1;1;0;Half-yearly, semesterly;Electricity;Consumption from 2 500 kWh to 4 999 kWh - band DC;Kilowatt-hour;All taxes and levies included;Euro;Consumption from 2 500 kWh to 4 999 kWh - band DC;DC;0.035894999999999996;0.05256;0.024030000000000003;0.005577214658926646;0.02853;0.00015438819082531373
Netherlands;2024-S1;2024;1;0.29;0.02965928571428571;-0.0064653338509316795;-0.17897306404181013;-1;1;0;1;Half-yearly, semesterly;Electricity;Consumption from 2 500 kWh to 4 999 kWh - band DC;Kilowatt-hour;Excluding taxes and levies;Euro;Consumption from 2 500 kWh to 4 999 kWh - band DC;DC;0.02939;0.03767;0.022719999999999997;0.003562587835220648;0.014950000000000003;0.00012011711507619673
Netherlands;2024-S1;2024;1;0.2087;0.02965928571428571;-0.0064653338509316795;-0.17897306404181013;-1;1;0;1;Half-yearly, semesterly;Electricity;Consumption from 2 500 kWh to 4 999 kWh - band DC;Kilowatt-hour;Excluding VAT and other recoverable taxes and levies;Euro;Consumption from 2 500 kWh to 4 999 kWh - band DC;DC;0.02939;0.03767;0.022719999999999997;0.003562587835220648;0.014950000000000003;0.00012011711507619673
Netherlands;2024-S1;2024;1;0.2525;0.02965928571428571;-0.0064653338509316795;-0.17897306404181013;-1;1;0;1;Half-yearly, semesterly;Electricity;Consumption from 2 500 kWh to 4 999 kWh - band DC;Kilowatt-hour;All taxes and levies included;Euro;Consumption from 2 500 kWh to 4 999 kWh - band DC;DC;0.02939;0.03767;0.022719999999999997;0.003562587835220648;0.014950000000000003;0.00012011711507619673
Netherlands;2024-S2;2024;2;0.2544;0.03988162162162163;0.010222335907335917;0.3446588702711819;1;1;0;0;Half-yearly, semesterly;Electricity;Consumption from 2 500 kWh to 4 999 kWh - band DC;Kilowatt-hour;Excluding taxes and levies;Euro;Consumption from 2 500 kWh to 4 999 kWh - band DC;DC;0.03939;0.0528;0.030379999999999997;0.0052140688200674355;0.02242;0.00013073863619529112
Netherlands;2024-S2;2024;2;0.1772;0.03988162162162163;0.010222335907335917;0.3446588702711819;1;1;0;0;Half-yearly, semesterly;Electricity;Consumption from 2 500 kWh to 4 999 kWh - band DC;Kilowatt-hour;Excluding VAT and other recoverable taxes and levies;Euro;Consumption from 2 500 kWh to 4 999 kWh - band DC;DC;0.03939;0.0528;0.030379999999999997;0.0052140688200674355;0.02242;0.00013073863619529112
Netherlands;2024-S2;2024;2;0.2144;0.03988162162162163;0.010222335907335917;0.3446588702711819;1;1;0;0;Half-yearly, semesterly;Electricity;Consumption from 2 500 kWh to 4 999 kWh - band DC;Kilowatt-hour;All taxes and levies included;Euro;Consumption from 2 500 kWh to 4 999 kWh - band DC;DC;0.03939;0.0528;0.030379999999999997;0.0052140688200674355;0.02242;0.00013073863619529112
Netherlands;2025-S1;2025;1;0.2527;0.0405843093922652;0.0007026877706435702;0.01761933798255111;1;1;0;1;Half-yearly, semesterly;Electricity;Consumption from 2 500 kWh to 4 999 kWh - band DC;Kilowatt-hour;Excluding taxes and levies;Euro;Consumption from 2 500 kWh to 4 999 kWh - band DC;DC;0.03953;0.05722;0.03009;0.0070851230831753854;0.027129999999999998;0.00017457788956551042
Netherlands;2025-S1;2025;1;0.1977;0.0405843093922652;0.0007026877706435702;0.01761933798255111;1;1;0;1;Half-yearly, semesterly;Electricity;Consumption from 2 500 kWh to 4 999 kWh - band DC;Kilowatt-hour;Excluding VAT and other recoverable taxes and levies;Euro;Consumption from 2 500 kWh to 4 999 kWh - band DC;DC;0.03953;0.05722;0.03009;0.0070851230831753854;0.027129999999999998;0.00017457788956551042
Netherlands;2025-S1;2025;1;0.2393;0.0405843093922652;0.0007026877706435702;0.01761933798255111;1;1;0;1;Half-yearly, semesterly;Electricity;Consumption from 2 500 kWh to 4 999 kWh - band DC;Kilowatt-hour;All taxes and levies included;Euro;Consumption from 2 500 kWh to 4 999 kWh - band DC;DC;0.03953;0.05722;0.03009;0.0070851230831753854;0.027129999999999998;0.00017457788956551042
Netherlands;2025-S2;2025;2;0.2692;0.03125204918032787;-0.00933226021193733;-0.22994749329690278;-1;1;0;1;Half-yearly, semesterly;Electricity;Consumption from 2 500 kWh to 4 999 kWh - band DC;Kilowatt-hour;Excluding taxes and levies;Euro;Consumption from 2 500 kWh to 4 999 kWh - band DC;DC;0.03138;0.037020000000000004;0.026539999999999998;0.00208229441624638;0.010480000000000003;6.662905220170685e-05
Netherlands;2025-S2;2025;2;0.2114;0.03125204918032787;-0.00933226021193733;-0.22994749329690278;-1;1;0;1;Half-yearly, semesterly;Electricity;Consumption from 2 500 kWh to 4 999 kWh - band DC;Kilowatt-hour;Excluding VAT and other recoverable taxes and levies;Euro;Consumption from 2 500 kWh to 4 999 kWh - band DC;DC;0.03138;0.037020000000000004;0.026539999999999998;0.00208229441624638;0.010480000000000003;6.662905220170685e-05
Netherlands;2025-S2;2025;2;0.2558;0.03125204918032787;-0.00933226021193733;-0.22994749329690278;-1;1;0;1;Half-yearly, semesterly;Electricity;Consumption from 2 500 kWh to 4 999 kWh - band DC;Kilowatt-hour;All taxes and levies included;Euro;Consumption from 2 500 kWh to 4 999 kWh - band DC;DC;0.03138;0.037020000000000004;0.026539999999999998;0.00208229441624638;0.010480000000000003;6.662905220170685e-05
North Macedonia;2021-S1;2021;1;0.0713;0.021884866666666666;;;0;0;0;0;Half-yearly, semesterly;Electricity;Consumption from 2 500 kWh to 4 999 kWh - band DC;Kilowatt-hour;Excluding taxes and levies;Euro;Consumption from 2 500 kWh to 4 999 kWh - band DC;DC;0.021085;0.035;0.01492;0.00482668126102457;0.020079999999999997;0.0002205488082034421
North Macedonia;2021-S1;2021;1;0.0713;0.021884866666666666;;;0;0;0;0;Half-yearly, semesterly;Electricity;Consumption from 2 500 kWh to 4 999 kWh - band DC;Kilowatt-hour;Excluding VAT and other recoverable taxes and levies;Euro;Consumption from 2 500 kWh to 4 999 kWh - band DC;DC;0.021085;0.035;0.01492;0.00482668126102457;0.020079999999999997;0.0002205488082034421
North Macedonia;2021-S1;2021;1;0.0841;0.021884866666666666;;;0;0;0;0;Half-yearly, semesterly;Electricity;Consumption from 2 500 kWh to 4 999 kWh - band DC;Kilowatt-hour;All taxes and levies included;Euro;Consumption from 2 500 kWh to 4 999 kWh - band DC;DC;0.021085;0.035;0.01492;0.00482668126102457;0.020079999999999997;0.0002205488082034421
North Macedonia;2021-S2;2021;2;0.08;0.07139254054054055;0.04950767387387388;2.2621875941917495;1;0;0;0;Half-yearly, semesterly;Electricity;Consumption from 2 500 kWh to 4 999 kWh - band DC;Kilowatt-hour;Excluding taxes and levies;Euro;Consumption from 2 500 kWh to 4 999 kWh - band DC;DC;0.07078;0.183;0.0338;0.029414433726409856;0.1492;0.00041200990332745994
North Macedonia;2021-S2;2021;2;0.08;0.07139254054054055;0.04950767387387388;2.2621875941917495;1;0;0;0;Half-yearly, semesterly;Electricity;Consumption from 2 500 kWh to 4 999 kWh - band DC;Kilowatt-hour;Excluding VAT and other recoverable taxes and levies;Euro;Consumption from 2 500 kWh to 4 999 kWh - band DC;DC;0.07078;0.183;0.0338;0.029414433726409856;0.1492;0.00041200990332745994
North Macedonia;2021-S2;2021;2;0.084;0.07139254054054055;0.04950767387387388;2.2621875941917495;1;0;0;0;Half-yearly, semesterly;Electricity;Consumption from 2 500 kWh to 4 999 kWh - band DC;Kilowatt-hour;All taxes and levies included;Euro;Consumption from 2 500 kWh to 4 999 kWh - band DC;DC;0.07078;0.183;0.0338;0.029414433726409856;0.1492;0.00041200990332745994
North Macedonia;2022-S1;2022;1;0.0895;0.09201900552486186;0.020626464984321316;0.28891624850650177;1;1;1;0;Half-yearly, semesterly;Electricity;Consumption from 2 500 kWh to 4 999 kWh - band DC;Kilowatt-hour;Excluding taxes and levies;Euro;Consumption from 2 500 kWh to 4 999 kWh - band DC;DC;0.08356;0.21436000000000002;0.04856;0.024964136723284833;0.1658;0.0002712932679601712
North Macedonia;2022-S1;2022;1;0.0895;0.09201900552486186;0.020626464984321316;0.28891624850650177;1;1;1;0;Half-yearly, semesterly;Electricity;Consumption from 2 500 kWh to 4 999 kWh - band DC;Kilowatt-hour;Excluding VAT and other recoverable taxes and levies;Euro;Consumption from 2 500 kWh to 4 999 kWh - band DC;DC;0.08356;0.21436000000000002;0.04856;0.024964136723284833;0.1658;0.0002712932679601712
North Macedonia;2022-S1;2022;1;0.094;0.09201900552486186;0.020626464984321316;0.28891624850650177;1;1;1;0;Half-yearly, semesterly;Electricity;Consumption from 2 500 kWh to 4 999 kWh - band DC;Kilowatt-hour;All taxes and levies included;Euro;Consumption from 2 500 kWh to 4 999 kWh - band DC;DC;0.08356;0.21436000000000002;0.04856;0.024964136723284833;0.1658;0.0002712932679601712
North Macedonia;2022-S2;2022;2;0.0981;0.10594205405405406;0.013923048529192197;0.15130622690146822;1;1;1;0;Half-yearly, semesterly;Electricity;Consumption from 2 500 kWh to 4 999 kWh - band DC;Kilowatt-hour;Excluding taxes and levies;Euro;Consumption from 2 500 kWh to 4 999 kWh - band DC;DC;0.1072;0.24;0.027780000000000003;0.043706998868668134;0.21222;0.000412555705653657
North Macedonia;2022-S2;2022;2;0.0981;0.10594205405405406;0.013923048529192197;0.15130622690146822;1;1;1;0;Half-yearly, semesterly;Electricity;Consumption from 2 500 kWh to 4 999 kWh - band DC;Kilowatt-hour;Excluding VAT and other recoverable taxes and levies;Euro;Consumption from 2 500 kWh to 4 999 kWh - band DC;DC;0.1072;0.24;0.027780000000000003;0.043706998868668134;0.21222;0.000412555705653657
North Macedonia;2022-S2;2022;2;0.103;0.10594205405405406;0.013923048529192197;0.15130622690146822;1;1;1;0;Half-yearly, semesterly;Electricity;Consumption from 2 500 kWh to 4 999 kWh - band DC;Kilowatt-hour;All taxes and levies included;Euro;Consumption from 2 500 kWh to 4 999 kWh - band DC;DC;0.1072;0.24;0.027780000000000003;0.043706998868668134;0.21222;0.000412555705653657
North Macedonia;2023-S1;2023;1;0.0957;0.042229723756906076;-0.06371233029714798;-0.6013884747282745;-1;1;1;0;Half-yearly, semesterly;Electricity;Consumption from 2 500 kWh to 4 999 kWh - band DC;Kilowatt-hour;Excluding taxes and levies;Euro;Consumption from 2 500 kWh to 4 999 kWh - band DC;DC;0.04009;0.07149;0.023780000000000003;0.01198758067663452;0.047709999999999995;0.00028386595057170176
North Macedonia;2023-S1;2023;1;0.0957;0.042229723756906076;-0.06371233029714798;-0.6013884747282745;-1;1;1;0;Half-yearly, semesterly;Electricity;Consumption from 2 500 kWh to 4 999 kWh - band DC;Kilowatt-hour;Excluding VAT and other recoverable taxes and levies;Euro;Consumption from 2 500 kWh to 4 999 kWh - band DC;DC;0.04009;0.07149;0.023780000000000003;0.01198758067663452;0.047709999999999995;0.00028386595057170176
North Macedonia;2023-S1;2023;1;0.1053;0.042229723756906076;-0.06371233029714798;-0.6013884747282745;-1;1;1;0;Half-yearly, semesterly;Electricity;Consumption from 2 500 kWh to 4 999 kWh - band DC;Kilowatt-hour;All taxes and levies included;Euro;Consumption from 2 500 kWh to 4 999 kWh - band DC;DC;0.04009;0.07149;0.023780000000000003;0.01198758067663452;0.047709999999999995;0.00028386595057170176
North Macedonia;2023-S2;2023;2;0.0982;0.03612461956521739;-0.006105104191688686;-0.14456888770650034;-1;1;1;0;Half-yearly, semesterly;Electricity;Consumption from 2 500 kWh to 4 999 kWh - band DC;Kilowatt-hour;Excluding taxes and levies;Euro;Consumption from 2 500 kWh to 4 999 kWh - band DC;DC;0.035894999999999996;0.05256;0.024030000000000003;0.005577214658926646;0.02853;0.00015438819082531373
North Macedonia;2023-S2;2023;2;0.0982;0.03612461956521739;-0.006105104191688686;-0.14456888770650034;-1;1;1;0;Half-yearly, semesterly;Electricity;Consumption from 2 500 kWh to 4 999 kWh - band DC;Kilowatt-hour;Excluding VAT and other recoverable taxes and levies;Euro;Consumption from 2 500 kWh to 4 999 kWh - band DC;DC;0.035894999999999996;0.05256;0.024030000000000003;0.005577214658926646;0.02853;0.00015438819082531373
North Macedonia;2023-S2;2023;2;0.1159;0.03612461956521739;-0.006105104191688686;-0.14456888770650034;-1;1;1;0;Half-yearly, semesterly;Electricity;Consumption from 2 500 kWh to 4 999 kWh - band DC;Kilowatt-hour;All taxes and levies included;Euro;Consumption from 2 500 kWh to 4 999 kWh - band DC;DC;0.035894999999999996;0.05256;0.024030000000000003;0.005577214658926646;0.02853;0.00015438819082531373
North Macedonia;2024-S1;2024;1;0.0943;0.02965928571428571;-0.0064653338509316795;-0.17897306404181013;-1;1;0;1;Half-yearly, semesterly;Electricity;Consumption from 2 500 kWh to 4 999 kWh - band DC;Kilowatt-hour;Excluding taxes and levies;Euro;Consumption from 2 500 kWh to 4 999 kWh - band DC;DC;0.02939;0.03767;0.022719999999999997;0.003562587835220648;0.014950000000000003;0.00012011711507619673
North Macedonia;2024-S1;2024;1;0.0943;0.02965928571428571;-0.0064653338509316795;-0.17897306404181013;-1;1;0;1;Half-yearly, semesterly;Electricity;Consumption from 2 500 kWh to 4 999 kWh - band DC;Kilowatt-hour;Excluding VAT and other recoverable taxes and levies;Euro;Consumption from 2 500 kWh to 4 999 kWh - band DC;DC;0.02939;0.03767;0.022719999999999997;0.003562587835220648;0.014950000000000003;0.00012011711507619673
North Macedonia;2024-S1;2024;1;0.1038;0.02965928571428571;-0.0064653338509316795;-0.17897306404181013;-1;1;0;1;Half-yearly, semesterly;Electricity;Consumption from 2 500 kWh to 4 999 kWh - band DC;Kilowatt-hour;All taxes and levies included;Euro;Consumption from 2 500 kWh to 4 999 kWh - band DC;DC;0.02939;0.03767;0.022719999999999997;0.003562587835220648;0.014950000000000003;0.00012011711507619673
North Macedonia;2024-S2;2024;2;0.0974;0.03988162162162163;0.010222335907335917;0.3446588702711819;1;1;0;0;Half-yearly, semesterly;Electricity;Consumption from 2 500 kWh to 4 999 kWh - band DC;Kilowatt-hour;Excluding taxes and levies;Euro;Consumption from 2 500 kWh to 4 999 kWh - band DC;DC;0.03939;0.0528;0.030379999999999997;0.0052140688200674355;0.02242;0.00013073863619529112
North Macedonia;2024-S2;2024;2;0.0974;0.03988162162162163;0.010222335907335917;0.3446588702711819;1;1;0;0;Half-yearly, semesterly;Electricity;Consumption from 2 500 kWh to 4 999 kWh - band DC;Kilowatt-hour;Excluding VAT and other recoverable taxes and levies;Euro;Consumption from 2 500 kWh to 4 999 kWh - band DC;DC;0.03939;0.0528;0.030379999999999997;0.0052140688200674355;0.02242;0.00013073863619529112
North Macedonia;2024-S2;2024;2;0.115;0.03988162162162163;0.010222335907335917;0.3446588702711819;1;1;0;0;Half-yearly, semesterly;Electricity;Consumption from 2 500 kWh to 4 999 kWh - band DC;Kilowatt-hour;All taxes and levies included;Euro;Consumption from 2 500 kWh to 4 999 kWh - band DC;DC;0.03939;0.0528;0.030379999999999997;0.0052140688200674355;0.02242;0.00013073863619529112
North Macedonia;2025-S1;2025;1;0.0969;0.0405843093922652;0.0007026877706435702;0.01761933798255111;1;1;0;1;Half-yearly, semesterly;Electricity;Consumption from 2 500 kWh to 4 999 kWh - band DC;Kilowatt-hour;Excluding taxes and levies;Euro;Consumption from 2 500 kWh to 4 999 kWh - band DC;DC;0.03953;0.05722;0.03009;0.0070851230831753854;0.027129999999999998;0.00017457788956551042
North Macedonia;2025-S1;2025;1;0.0969;0.0405843093922652;0.0007026877706435702;0.01761933798255111;1;1;0;1;Half-yearly, semesterly;Electricity;Consumption from 2 500 kWh to 4 999 kWh - band DC;Kilowatt-hour;Excluding VAT and other recoverable taxes and levies;Euro;Consumption from 2 500 kWh to 4 999 kWh - band DC;DC;0.03953;0.05722;0.03009;0.0070851230831753854;0.027129999999999998;0.00017457788956551042
North Macedonia;2025-S1;2025;1;0.1144;0.0405843093922652;0.0007026877706435702;0.01761933798255111;1;1;0;1;Half-yearly, semesterly;Electricity;Consumption from 2 500 kWh to 4 999 kWh - band DC;Kilowatt-hour;All taxes and levies included;Euro;Consumption from 2 500 kWh to 4 999 kWh - band DC;DC;0.03953;0.05722;0.03009;0.0070851230831753854;0.027129999999999998;0.00017457788956551042
North Macedonia;2025-S2;2025;2;0.0984;0.03125204918032787;-0.00933226021193733;-0.22994749329690278;-1;1;0;1;Half-yearly, semesterly;Electricity;Consumption from 2 500 kWh to 4 999 kWh - band DC;Kilowatt-hour;Excluding taxes and levies;Euro;Consumption from 2 500 kWh to 4 999 kWh - band DC;DC;0.03138;0.037020000000000004;0.026539999999999998;0.00208229441624638;0.010480000000000003;6.662905220170685e-05
North Macedonia;2025-S2;2025;2;0.0984;0.03125204918032787;-0.00933226021193733;-0.22994749329690278;-1;1;0;1;Half-yearly, semesterly;Electricity;Consumption from 2 500 kWh to 4 999 kWh - band DC;Kilowatt-hour;Excluding VAT and other recoverable taxes and levies;Euro;Consumption from 2 500 kWh to 4 999 kWh - band DC;DC;0.03138;0.037020000000000004;0.026539999999999998;0.00208229441624638;0.010480000000000003;6.662905220170685e-05
North Macedonia;2025-S2;2025;2;0.1161;0.03125204918032787;-0.00933226021193733;-0.22994749329690278;-1;1;0;1;Half-yearly, semesterly;Electricity;Consumption from 2 500 kWh to 4 999 kWh - band DC;Kilowatt-hour;All taxes and levies included;Euro;Consumption from 2 500 kWh to 4 999 kWh - band DC;DC;0.03138;0.037020000000000004;0.026539999999999998;0.00208229441624638;0.010480000000000003;6.662905220170685e-05
Norway;2021-S1;2021;1;0.1326;0.021884866666666666;;;0;0;0;0;Half-yearly, semesterly;Electricity;Consumption from 2 500 kWh to 4 999 kWh - band DC;Kilowatt-hour;Excluding taxes and levies;Euro;Consumption from 2 500 kWh to 4 999 kWh - band DC;DC;0.021085;0.035;0.01492;0.00482668126102457;0.020079999999999997;0.0002205488082034421
Norway;2021-S1;2021;1;0.1496;0.021884866666666666;;;0;0;0;0;Half-yearly, semesterly;Electricity;Consumption from 2 500 kWh to 4 999 kWh - band DC;Kilowatt-hour;Excluding VAT and other recoverable taxes and levies;Euro;Consumption from 2 500 kWh to 4 999 kWh - band DC;DC;0.021085;0.035;0.01492;0.00482668126102457;0.020079999999999997;0.0002205488082034421
Norway;2021-S1;2021;1;0.1826;0.021884866666666666;;;0;0;0;0;Half-yearly, semesterly;Electricity;Consumption from 2 500 kWh to 4 999 kWh - band DC;Kilowatt-hour;All taxes and levies included;Euro;Consumption from 2 500 kWh to 4 999 kWh - band DC;DC;0.021085;0.035;0.01492;0.00482668126102457;0.020079999999999997;0.0002205488082034421
Norway;2021-S2;2021;2;0.1752;0.07139254054054055;0.04950767387387388;2.2621875941917495;1;0;0;0;Half-yearly, semesterly;Electricity;Consumption from 2 500 kWh to 4 999 kWh - band DC;Kilowatt-hour;Excluding taxes and levies;Euro;Consumption from 2 500 kWh to 4 999 kWh - band DC;DC;0.07078;0.183;0.0338;0.029414433726409856;0.1492;0.00041200990332745994
Norway;2021-S2;2021;2;0.1923;0.07139254054054055;0.04950767387387388;2.2621875941917495;1;0;0;0;Half-yearly, semesterly;Electricity;Consumption from 2 500 kWh to 4 999 kWh - band DC;Kilowatt-hour;Excluding VAT and other recoverable taxes and levies;Euro;Consumption from 2 500 kWh to 4 999 kWh - band DC;DC;0.07078;0.183;0.0338;0.029414433726409856;0.1492;0.00041200990332745994
Norway;2021-S2;2021;2;0.2206;0.07139254054054055;0.04950767387387388;2.2621875941917495;1;0;0;0;Half-yearly, semesterly;Electricity;Consumption from 2 500 kWh to 4 999 kWh - band DC;Kilowatt-hour;All taxes and levies included;Euro;Consumption from 2 500 kWh to 4 999 kWh - band DC;DC;0.07078;0.183;0.0338;0.029414433726409856;0.1492;0.00041200990332745994
Norway;2022-S1;2022;1;0.2005;0.09201900552486186;0.020626464984321316;0.28891624850650177;1;1;1;0;Half-yearly, semesterly;Electricity;Consumption from 2 500 kWh to 4 999 kWh - band DC;Kilowatt-hour;Excluding taxes and levies;Euro;Consumption from 2 500 kWh to 4 999 kWh - band DC;DC;0.08356;0.21436000000000002;0.04856;0.024964136723284833;0.1658;0.0002712932679601712
Norway;2022-S1;2022;1;0.1634;0.09201900552486186;0.020626464984321316;0.28891624850650177;1;1;1;0;Half-yearly, semesterly;Electricity;Consumption from 2 500 kWh to 4 999 kWh - band DC;Kilowatt-hour;Excluding VAT and other recoverable taxes and levies;Euro;Consumption from 2 500 kWh to 4 999 kWh - band DC;DC;0.08356;0.21436000000000002;0.04856;0.024964136723284833;0.1658;0.0002712932679601712
Norway;2022-S1;2022;1;0.1994;0.09201900552486186;0.020626464984321316;0.28891624850650177;1;1;1;0;Half-yearly, semesterly;Electricity;Consumption from 2 500 kWh to 4 999 kWh - band DC;Kilowatt-hour;All taxes and levies included;Euro;Consumption from 2 500 kWh to 4 999 kWh - band DC;DC;0.08356;0.21436000000000002;0.04856;0.024964136723284833;0.1658;0.0002712932679601712
Norway;2022-S2;2022;2;0.2751;0.10594205405405406;0.013923048529192197;0.15130622690146822;1;1;1;0;Half-yearly, semesterly;Electricity;Consumption from 2 500 kWh to 4 999 kWh - band DC;Kilowatt-hour;Excluding taxes and levies;Euro;Consumption from 2 500 kWh to 4 999 kWh - band DC;DC;0.1072;0.24;0.027780000000000003;0.043706998868668134;0.21222;0.000412555705653657
Norway;2022-S2;2022;2;0.1886;0.10594205405405406;0.013923048529192197;0.15130622690146822;1;1;1;0;Half-yearly, semesterly;Electricity;Consumption from 2 500 kWh to 4 999 kWh - band DC;Kilowatt-hour;Excluding VAT and other recoverable taxes and levies;Euro;Consumption from 2 500 kWh to 4 999 kWh - band DC;DC;0.1072;0.24;0.027780000000000003;0.043706998868668134;0.21222;0.000412555705653657
Norway;2022-S2;2022;2;0.2302;0.10594205405405406;0.013923048529192197;0.15130622690146822;1;1;1;0;Half-yearly, semesterly;Electricity;Consumption from 2 500 kWh to 4 999 kWh - band DC;Kilowatt-hour;All taxes and levies included;Euro;Consumption from 2 500 kWh to 4 999 kWh - band DC;DC;0.1072;0.24;0.027780000000000003;0.043706998868668134;0.21222;0.000412555705653657
Norway;2023-S1;2023;1;0.1683;0.042229723756906076;-0.06371233029714798;-0.6013884747282745;-1;1;1;0;Half-yearly, semesterly;Electricity;Consumption from 2 500 kWh to 4 999 kWh - band DC;Kilowatt-hour;Excluding taxes and levies;Euro;Consumption from 2 500 kWh to 4 999 kWh - band DC;DC;0.04009;0.07149;0.023780000000000003;0.01198758067663452;0.047709999999999995;0.00028386595057170176
Norway;2023-S1;2023;1;0.1573;0.042229723756906076;-0.06371233029714798;-0.6013884747282745;-1;1;1;0;Half-yearly, semesterly;Electricity;Consumption from 2 500 kWh to 4 999 kWh - band DC;Kilowatt-hour;Excluding VAT and other recoverable taxes and levies;Euro;Consumption from 2 500 kWh to 4 999 kWh - band DC;DC;0.04009;0.07149;0.023780000000000003;0.01198758067663452;0.047709999999999995;0.00028386595057170176
Norway;2023-S1;2023;1;0.1919;0.042229723756906076;-0.06371233029714798;-0.6013884747282745;-1;1;1;0;Half-yearly, semesterly;Electricity;Consumption from 2 500 kWh to 4 999 kWh - band DC;Kilowatt-hour;All taxes and levies included;Euro;Consumption from 2 500 kWh to 4 999 kWh - band DC;DC;0.04009;0.07149;0.023780000000000003;0.01198758067663452;0.047709999999999995;0.00028386595057170176
Norway;2023-S2;2023;2;0.1521;0.03612461956521739;-0.006105104191688686;-0.14456888770650034;-1;1;1;0;Half-yearly, semesterly;Electricity;Consumption from 2 500 kWh to 4 999 kWh - band DC;Kilowatt-hour;Excluding taxes and levies;Euro;Consumption from 2 500 kWh to 4 999 kWh - band DC;DC;0.035894999999999996;0.05256;0.024030000000000003;0.005577214658926646;0.02853;0.00015438819082531373
Norway;2023-S2;2023;2;0.153;0.03612461956521739;-0.006105104191688686;-0.14456888770650034;-1;1;1;0;Half-yearly, semesterly;Electricity;Consumption from 2 500 kWh to 4 999 kWh - band DC;Kilowatt-hour;Excluding VAT and other recoverable taxes and levies;Euro;Consumption from 2 500 kWh to 4 999 kWh - band DC;DC;0.035894999999999996;0.05256;0.024030000000000003;0.005577214658926646;0.02853;0.00015438819082531373
Norway;2023-S2;2023;2;0.1866;0.03612461956521739;-0.006105104191688686;-0.14456888770650034;-1;1;1;0;Half-yearly, semesterly;Electricity;Consumption from 2 500 kWh to 4 999 kWh - band DC;Kilowatt-hour;All taxes and levies included;Euro;Consumption from 2 500 kWh to 4 999 kWh - band DC;DC;0.035894999999999996;0.05256;0.024030000000000003;0.005577214658926646;0.02853;0.00015438819082531373
Norway;2024-S1;2024;1;0.1579;0.02965928571428571;-0.0064653338509316795;-0.17897306404181013;-1;1;0;1;Half-yearly, semesterly;Electricity;Consumption from 2 500 kWh to 4 999 kWh - band DC;Kilowatt-hour;Excluding taxes and levies;Euro;Consumption from 2 500 kWh to 4 999 kWh - band DC;DC;0.02939;0.03767;0.022719999999999997;0.003562587835220648;0.014950000000000003;0.00012011711507619673
Norway;2024-S1;2024;1;0.1632;0.02965928571428571;-0.0064653338509316795;-0.17897306404181013;-1;1;0;1;Half-yearly, semesterly;Electricity;Consumption from 2 500 kWh to 4 999 kWh - band DC;Kilowatt-hour;Excluding VAT and other recoverable taxes and levies;Euro;Consumption from 2 500 kWh to 4 999 kWh - band DC;DC;0.02939;0.03767;0.022719999999999997;0.003562587835220648;0.014950000000000003;0.00012011711507619673
Norway;2024-S1;2024;1;0.1993;0.02965928571428571;-0.0064653338509316795;-0.17897306404181013;-1;1;0;1;Half-yearly, semesterly;Electricity;Consumption from 2 500 kWh to 4 999 kWh - band DC;Kilowatt-hour;All taxes and levies included;Euro;Consumption from 2 500 kWh to 4 999 kWh - band DC;DC;0.02939;0.03767;0.022719999999999997;0.003562587835220648;0.014950000000000003;0.00012011711507619673
Norway;2024-S2;2024;2;0.1462;0.03988162162162163;0.010222335907335917;0.3446588702711819;1;1;0;0;Half-yearly, semesterly;Electricity;Consumption from 2 500 kWh to 4 999 kWh - band DC;Kilowatt-hour;Excluding taxes and levies;Euro;Consumption from 2 500 kWh to 4 999 kWh - band DC;DC;0.03939;0.0528;0.030379999999999997;0.0052140688200674355;0.02242;0.00013073863619529112
Norway;2024-S2;2024;2;0.1559;0.03988162162162163;0.010222335907335917;0.3446588702711819;1;1;0;0;Half-yearly, semesterly;Electricity;Consumption from 2 500 kWh to 4 999 kWh - band DC;Kilowatt-hour;Excluding VAT and other recoverable taxes and levies;Euro;Consumption from 2 500 kWh to 4 999 kWh - band DC;DC;0.03939;0.0528;0.030379999999999997;0.0052140688200674355;0.02242;0.00013073863619529112
Norway;2024-S2;2024;2;0.1902;0.03988162162162163;0.010222335907335917;0.3446588702711819;1;1;0;0;Half-yearly, semesterly;Electricity;Consumption from 2 500 kWh to 4 999 kWh - band DC;Kilowatt-hour;All taxes and levies included;Euro;Consumption from 2 500 kWh to 4 999 kWh - band DC;DC;0.03939;0.0528;0.030379999999999997;0.0052140688200674355;0.02242;0.00013073863619529112
Norway;2025-S1;2025;1;0.1603;0.0405843093922652;0.0007026877706435702;0.01761933798255111;1;1;0;1;Half-yearly, semesterly;Electricity;Consumption from 2 500 kWh to 4 999 kWh - band DC;Kilowatt-hour;Excluding taxes and levies;Euro;Consumption from 2 500 kWh to 4 999 kWh - band DC;DC;0.03953;0.05722;0.03009;0.0070851230831753854;0.027129999999999998;0.00017457788956551042
Norway;2025-S1;2025;1;0.1629;0.0405843093922652;0.0007026877706435702;0.01761933798255111;1;1;0;1;Half-yearly, semesterly;Electricity;Consumption from 2 500 kWh to 4 999 kWh - band DC;Kilowatt-hour;Excluding VAT and other recoverable taxes and levies;Euro;Consumption from 2 500 kWh to 4 999 kWh - band DC;DC;0.03953;0.05722;0.03009;0.0070851230831753854;0.027129999999999998;0.00017457788956551042
Norway;2025-S1;2025;1;0.1986;0.0405843093922652;0.0007026877706435702;0.01761933798255111;1;1;0;1;Half-yearly, semesterly;Electricity;Consumption from 2 500 kWh to 4 999 kWh - band DC;Kilowatt-hour;All taxes and levies included;Euro;Consumption from 2 500 kWh to 4 999 kWh - band DC;DC;0.03953;0.05722;0.03009;0.0070851230831753854;0.027129999999999998;0.00017457788956551042
Norway;2025-S2;2025;2;0.1605;0.03125204918032787;-0.00933226021193733;-0.22994749329690278;-1;1;0;1;Half-yearly, semesterly;Electricity;Consumption from 2 500 kWh to 4 999 kWh - band DC;Kilowatt-hour;Excluding taxes and levies;Euro;Consumption from 2 500 kWh to 4 999 kWh - band DC;DC;0.03138;0.037020000000000004;0.026539999999999998;0.00208229441624638;0.010480000000000003;6.662905220170685e-05
Norway;2025-S2;2025;2;0.1579;0.03125204918032787;-0.00933226021193733;-0.22994749329690278;-1;1;0;1;Half-yearly, semesterly;Electricity;Consumption from 2 500 kWh to 4 999 kWh - band DC;Kilowatt-hour;Excluding VAT and other recoverable taxes and levies;Euro;Consumption from 2 500 kWh to 4 999 kWh - band DC;DC;0.03138;0.037020000000000004;0.026539999999999998;0.00208229441624638;0.010480000000000003;6.662905220170685e-05
Norway;2025-S2;2025;2;0.1922;0.03125204918032787;-0.00933226021193733;-0.22994749329690278;-1;1;0;1;Half-yearly, semesterly;Electricity;Consumption from 2 500 kWh to 4 999 kWh - band DC;Kilowatt-hour;All taxes and levies included;Euro;Consumption from 2 500 kWh to 4 999 kWh - band DC;DC;0.03138;0.037020000000000004;0.026539999999999998;0.00208229441624638;0.010480000000000003;6.662905220170685e-05
Poland;2021-S1;2021;1;0.0921;0.021884866666666666;;;0;0;0;0;Half-yearly, semesterly;Electricity;Consumption from 2 500 kWh to 4 999 kWh - band DC;Kilowatt-hour;Excluding taxes and levies;Euro;Consumption from 2 500 kWh to 4 999 kWh - band DC;DC;0.021085;0.035;0.01492;0.00482668126102457;0.020079999999999997;0.0002205488082034421
Poland;2021-S1;2021;1;0.1259;0.021884866666666666;;;0;0;0;0;Half-yearly, semesterly;Electricity;Consumption from 2 500 kWh to 4 999 kWh - band DC;Kilowatt-hour;Excluding VAT and other recoverable taxes and levies;Euro;Consumption from 2 500 kWh to 4 999 kWh - band DC;DC;0.021085;0.035;0.01492;0.00482668126102457;0.020079999999999997;0.0002205488082034421
Poland;2021-S1;2021;1;0.1548;0.021884866666666666;;;0;0;0;0;Half-yearly, semesterly;Electricity;Consumption from 2 500 kWh to 4 999 kWh - band DC;Kilowatt-hour;All taxes and levies included;Euro;Consumption from 2 500 kWh to 4 999 kWh - band DC;DC;0.021085;0.035;0.01492;0.00482668126102457;0.020079999999999997;0.0002205488082034421
Poland;2021-S2;2021;2;0.0882;0.07139254054054055;0.04950767387387388;2.2621875941917495;1;0;0;0;Half-yearly, semesterly;Electricity;Consumption from 2 500 kWh to 4 999 kWh - band DC;Kilowatt-hour;Excluding taxes and levies;Euro;Consumption from 2 500 kWh to 4 999 kWh - band DC;DC;0.07078;0.183;0.0338;0.029414433726409856;0.1492;0.00041200990332745994
Poland;2021-S2;2021;2;0.1279;0.07139254054054055;0.04950767387387388;2.2621875941917495;1;0;0;0;Half-yearly, semesterly;Electricity;Consumption from 2 500 kWh to 4 999 kWh - band DC;Kilowatt-hour;Excluding VAT and other recoverable taxes and levies;Euro;Consumption from 2 500 kWh to 4 999 kWh - band DC;DC;0.07078;0.183;0.0338;0.029414433726409856;0.1492;0.00041200990332745994
Poland;2021-S2;2021;2;0.1574;0.07139254054054055;0.04950767387387388;2.2621875941917495;1;0;0;0;Half-yearly, semesterly;Electricity;Consumption from 2 500 kWh to 4 999 kWh - band DC;Kilowatt-hour;All taxes and levies included;Euro;Consumption from 2 500 kWh to 4 999 kWh - band DC;DC;0.07078;0.183;0.0338;0.029414433726409856;0.1492;0.00041200990332745994
Poland;2022-S1;2022;1;0.0912;0.09201900552486186;0.020626464984321316;0.28891624850650177;1;1;1;0;Half-yearly, semesterly;Electricity;Consumption from 2 500 kWh to 4 999 kWh - band DC;Kilowatt-hour;Excluding taxes and levies;Euro;Consumption from 2 500 kWh to 4 999 kWh - band DC;DC;0.08356;0.21436000000000002;0.04856;0.024964136723284833;0.1658;0.0002712932679601712
Poland;2022-S1;2022;1;0.1379;0.09201900552486186;0.020626464984321316;0.28891624850650177;1;1;1;0;Half-yearly, semesterly;Electricity;Consumption from 2 500 kWh to 4 999 kWh - band DC;Kilowatt-hour;Excluding VAT and other recoverable taxes and levies;Euro;Consumption from 2 500 kWh to 4 999 kWh - band DC;DC;0.08356;0.21436000000000002;0.04856;0.024964136723284833;0.1658;0.0002712932679601712
Poland;2022-S1;2022;1;0.1464;0.09201900552486186;0.020626464984321316;0.28891624850650177;1;1;1;0;Half-yearly, semesterly;Electricity;Consumption from 2 500 kWh to 4 999 kWh - band DC;Kilowatt-hour;All taxes and levies included;Euro;Consumption from 2 500 kWh to 4 999 kWh - band DC;DC;0.08356;0.21436000000000002;0.04856;0.024964136723284833;0.1658;0.0002712932679601712
Poland;2022-S2;2022;2;0.1003;0.10594205405405406;0.013923048529192197;0.15130622690146822;1;1;1;0;Half-yearly, semesterly;Electricity;Consumption from 2 500 kWh to 4 999 kWh - band DC;Kilowatt-hour;Excluding taxes and levies;Euro;Consumption from 2 500 kWh to 4 999 kWh - band DC;DC;0.1072;0.24;0.027780000000000003;0.043706998868668134;0.21222;0.000412555705653657
Poland;2022-S2;2022;2;0.1513;0.10594205405405406;0.013923048529192197;0.15130622690146822;1;1;1;0;Half-yearly, semesterly;Electricity;Consumption from 2 500 kWh to 4 999 kWh - band DC;Kilowatt-hour;Excluding VAT and other recoverable taxes and levies;Euro;Consumption from 2 500 kWh to 4 999 kWh - band DC;DC;0.1072;0.24;0.027780000000000003;0.043706998868668134;0.21222;0.000412555705653657
Poland;2022-S2;2022;2;0.1604;0.10594205405405406;0.013923048529192197;0.15130622690146822;1;1;1;0;Half-yearly, semesterly;Electricity;Consumption from 2 500 kWh to 4 999 kWh - band DC;Kilowatt-hour;All taxes and levies included;Euro;Consumption from 2 500 kWh to 4 999 kWh - band DC;DC;0.1072;0.24;0.027780000000000003;0.043706998868668134;0.21222;0.000412555705653657
Poland;2023-S1;2023;1;0.0918;0.042229723756906076;-0.06371233029714798;-0.6013884747282745;-1;1;1;0;Half-yearly, semesterly;Electricity;Consumption from 2 500 kWh to 4 999 kWh - band DC;Kilowatt-hour;Excluding taxes and levies;Euro;Consumption from 2 500 kWh to 4 999 kWh - band DC;DC;0.04009;0.07149;0.023780000000000003;0.01198758067663452;0.047709999999999995;0.00028386595057170176
Poland;2023-S1;2023;1;0.1438;0.042229723756906076;-0.06371233029714798;-0.6013884747282745;-1;1;1;0;Half-yearly, semesterly;Electricity;Consumption from 2 500 kWh to 4 999 kWh - band DC;Kilowatt-hour;Excluding VAT and other recoverable taxes and levies;Euro;Consumption from 2 500 kWh to 4 999 kWh - band DC;DC;0.04009;0.07149;0.023780000000000003;0.01198758067663452;0.047709999999999995;0.00028386595057170176
Poland;2023-S1;2023;1;0.1769;0.042229723756906076;-0.06371233029714798;-0.6013884747282745;-1;1;1;0;Half-yearly, semesterly;Electricity;Consumption from 2 500 kWh to 4 999 kWh - band DC;Kilowatt-hour;All taxes and levies included;Euro;Consumption from 2 500 kWh to 4 999 kWh - band DC;DC;0.04009;0.07149;0.023780000000000003;0.01198758067663452;0.047709999999999995;0.00028386595057170176
Poland;2023-S2;2023;2;0.1164;0.03612461956521739;-0.006105104191688686;-0.14456888770650034;-1;1;1;0;Half-yearly, semesterly;Electricity;Consumption from 2 500 kWh to 4 999 kWh - band DC;Kilowatt-hour;Excluding taxes and levies;Euro;Consumption from 2 500 kWh to 4 999 kWh - band DC;DC;0.035894999999999996;0.05256;0.024030000000000003;0.005577214658926646;0.02853;0.00015438819082531373
Poland;2023-S2;2023;2;0.1758;0.03612461956521739;-0.006105104191688686;-0.14456888770650034;-1;1;1;0;Half-yearly, semesterly;Electricity;Consumption from 2 500 kWh to 4 999 kWh - band DC;Kilowatt-hour;Excluding VAT and other recoverable taxes and levies;Euro;Consumption from 2 500 kWh to 4 999 kWh - band DC;DC;0.035894999999999996;0.05256;0.024030000000000003;0.005577214658926646;0.02853;0.00015438819082531373
Poland;2023-S2;2023;2;0.2162;0.03612461956521739;-0.006105104191688686;-0.14456888770650034;-1;1;1;0;Half-yearly, semesterly;Electricity;Consumption from 2 500 kWh to 4 999 kWh - band DC;Kilowatt-hour;All taxes and levies included;Euro;Consumption from 2 500 kWh to 4 999 kWh - band DC;DC;0.035894999999999996;0.05256;0.024030000000000003;0.005577214658926646;0.02853;0.00015438819082531373
Poland;2024-S1;2024;1;0.1035;0.02965928571428571;-0.0064653338509316795;-0.17897306404181013;-1;1;0;1;Half-yearly, semesterly;Electricity;Consumption from 2 500 kWh to 4 999 kWh - band DC;Kilowatt-hour;Excluding taxes and levies;Euro;Consumption from 2 500 kWh to 4 999 kWh - band DC;DC;0.02939;0.03767;0.022719999999999997;0.003562587835220648;0.014950000000000003;0.00012011711507619673
Poland;2024-S1;2024;1;0.1699;0.02965928571428571;-0.0064653338509316795;-0.17897306404181013;-1;1;0;1;Half-yearly, semesterly;Electricity;Consumption from 2 500 kWh to 4 999 kWh - band DC;Kilowatt-hour;Excluding VAT and other recoverable taxes and levies;Euro;Consumption from 2 500 kWh to 4 999 kWh - band DC;DC;0.02939;0.03767;0.022719999999999997;0.003562587835220648;0.014950000000000003;0.00012011711507619673
Poland;2024-S1;2024;1;0.209;0.02965928571428571;-0.0064653338509316795;-0.17897306404181013;-1;1;0;1;Half-yearly, semesterly;Electricity;Consumption from 2 500 kWh to 4 999 kWh - band DC;Kilowatt-hour;All taxes and levies included;Euro;Consumption from 2 500 kWh to 4 999 kWh - band DC;DC;0.02939;0.03767;0.022719999999999997;0.003562587835220648;0.014950000000000003;0.00012011711507619673
Poland;2024-S2;2024;2;0.1399;0.03988162162162163;0.010222335907335917;0.3446588702711819;1;1;0;0;Half-yearly, semesterly;Electricity;Consumption from 2 500 kWh to 4 999 kWh - band DC;Kilowatt-hour;Excluding taxes and levies;Euro;Consumption from 2 500 kWh to 4 999 kWh - band DC;DC;0.03939;0.0528;0.030379999999999997;0.0052140688200674355;0.02242;0.00013073863619529112
Poland;2024-S2;2024;2;0.2014;0.03988162162162163;0.010222335907335917;0.3446588702711819;1;1;0;0;Half-yearly, semesterly;Electricity;Consumption from 2 500 kWh to 4 999 kWh - band DC;Kilowatt-hour;Excluding VAT and other recoverable taxes and levies;Euro;Consumption from 2 500 kWh to 4 999 kWh - band DC;DC;0.03939;0.0528;0.030379999999999997;0.0052140688200674355;0.02242;0.00013073863619529112
Poland;2024-S2;2024;2;0.2477;0.03988162162162163;0.010222335907335917;0.3446588702711819;1;1;0;0;Half-yearly, semesterly;Electricity;Consumption from 2 500 kWh to 4 999 kWh - band DC;Kilowatt-hour;All taxes and levies included;Euro;Consumption from 2 500 kWh to 4 999 kWh - band DC;DC;0.03939;0.0528;0.030379999999999997;0.0052140688200674355;0.02242;0.00013073863619529112
Poland;2025-S1;2025;1;0.1479;0.0405843093922652;0.0007026877706435702;0.01761933798255111;1;1;0;1;Half-yearly, semesterly;Electricity;Consumption from 2 500 kWh to 4 999 kWh - band DC;Kilowatt-hour;Excluding taxes and levies;Euro;Consumption from 2 500 kWh to 4 999 kWh - band DC;DC;0.03953;0.05722;0.03009;0.0070851230831753854;0.027129999999999998;0.00017457788956551042
Poland;2025-S1;2025;1;0.208;0.0405843093922652;0.0007026877706435702;0.01761933798255111;1;1;0;1;Half-yearly, semesterly;Electricity;Consumption from 2 500 kWh to 4 999 kWh - band DC;Kilowatt-hour;Excluding VAT and other recoverable taxes and levies;Euro;Consumption from 2 500 kWh to 4 999 kWh - band DC;DC;0.03953;0.05722;0.03009;0.0070851230831753854;0.027129999999999998;0.00017457788956551042
Poland;2025-S1;2025;1;0.2559;0.0405843093922652;0.0007026877706435702;0.01761933798255111;1;1;0;1;Half-yearly, semesterly;Electricity;Consumption from 2 500 kWh to 4 999 kWh - band DC;Kilowatt-hour;All taxes and levies included;Euro;Consumption from 2 500 kWh to 4 999 kWh - band DC;DC;0.03953;0.05722;0.03009;0.0070851230831753854;0.027129999999999998;0.00017457788956551042
Poland;2025-S2;2025;2;0.1539;0.03125204918032787;-0.00933226021193733;-0.22994749329690278;-1;1;0;1;Half-yearly, semesterly;Electricity;Consumption from 2 500 kWh to 4 999 kWh - band DC;Kilowatt-hour;Excluding taxes and levies;Euro;Consumption from 2 500 kWh to 4 999 kWh - band DC;DC;0.03138;0.037020000000000004;0.026539999999999998;0.00208229441624638;0.010480000000000003;6.662905220170685e-05
Poland;2025-S2;2025;2;0.2202;0.03125204918032787;-0.00933226021193733;-0.22994749329690278;-1;1;0;1;Half-yearly, semesterly;Electricity;Consumption from 2 500 kWh to 4 999 kWh - band DC;Kilowatt-hour;Excluding VAT and other recoverable taxes and levies;Euro;Consumption from 2 500 kWh to 4 999 kWh - band DC;DC;0.03138;0.037020000000000004;0.026539999999999998;0.00208229441624638;0.010480000000000003;6.662905220170685e-05
Poland;2025-S2;2025;2;0.2709;0.03125204918032787;-0.00933226021193733;-0.22994749329690278;-1;1;0;1;Half-yearly, semesterly;Electricity;Consumption from 2 500 kWh to 4 999 kWh - band DC;Kilowatt-hour;All taxes and levies included;Euro;Consumption from 2 500 kWh to 4 999 kWh - band DC;DC;0.03138;0.037020000000000004;0.026539999999999998;0.00208229441624638;0.010480000000000003;6.662905220170685e-05
Portugal;2021-S1;2021;1;0.1131;0.021884866666666666;;;0;0;0;0;Half-yearly, semesterly;Electricity;Consumption from 2 500 kWh to 4 999 kWh - band DC;Kilowatt-hour;Excluding taxes and levies;Euro;Consumption from 2 500 kWh to 4 999 kWh - band DC;DC;0.021085;0.035;0.01492;0.00482668126102457;0.020079999999999997;0.0002205488082034421
Portugal;2021-S1;2021;1;0.1732;0.021884866666666666;;;0;0;0;0;Half-yearly, semesterly;Electricity;Consumption from 2 500 kWh to 4 999 kWh - band DC;Kilowatt-hour;Excluding VAT and other recoverable taxes and levies;Euro;Consumption from 2 500 kWh to 4 999 kWh - band DC;DC;0.021085;0.035;0.01492;0.00482668126102457;0.020079999999999997;0.0002205488082034421
Portugal;2021-S1;2021;1;0.2089;0.021884866666666666;;;0;0;0;0;Half-yearly, semesterly;Electricity;Consumption from 2 500 kWh to 4 999 kWh - band DC;Kilowatt-hour;All taxes and levies included;Euro;Consumption from 2 500 kWh to 4 999 kWh - band DC;DC;0.021085;0.035;0.01492;0.00482668126102457;0.020079999999999997;0.0002205488082034421
Portugal;2021-S2;2021;2;0.1164;0.07139254054054055;0.04950767387387388;2.2621875941917495;1;0;0;0;Half-yearly, semesterly;Electricity;Consumption from 2 500 kWh to 4 999 kWh - band DC;Kilowatt-hour;Excluding taxes and levies;Euro;Consumption from 2 500 kWh to 4 999 kWh - band DC;DC;0.07078;0.183;0.0338;0.029414433726409856;0.1492;0.00041200990332745994
Portugal;2021-S2;2021;2;0.181;0.07139254054054055;0.04950767387387388;2.2621875941917495;1;0;0;0;Half-yearly, semesterly;Electricity;Consumption from 2 500 kWh to 4 999 kWh - band DC;Kilowatt-hour;Excluding VAT and other recoverable taxes and levies;Euro;Consumption from 2 500 kWh to 4 999 kWh - band DC;DC;0.07078;0.183;0.0338;0.029414433726409856;0.1492;0.00041200990332745994
Portugal;2021-S2;2021;2;0.217;0.07139254054054055;0.04950767387387388;2.2621875941917495;1;0;0;0;Half-yearly, semesterly;Electricity;Consumption from 2 500 kWh to 4 999 kWh - band DC;Kilowatt-hour;All taxes and levies included;Euro;Consumption from 2 500 kWh to 4 999 kWh - band DC;DC;0.07078;0.183;0.0338;0.029414433726409856;0.1492;0.00041200990332745994
Portugal;2022-S1;2022;1;0.1688;0.09201900552486186;0.020626464984321316;0.28891624850650177;1;1;1;0;Half-yearly, semesterly;Electricity;Consumption from 2 500 kWh to 4 999 kWh - band DC;Kilowatt-hour;Excluding taxes and levies;Euro;Consumption from 2 500 kWh to 4 999 kWh - band DC;DC;0.08356;0.21436000000000002;0.04856;0.024964136723284833;0.1658;0.0002712932679601712
Portugal;2022-S1;2022;1;0.1831;0.09201900552486186;0.020626464984321316;0.28891624850650177;1;1;1;0;Half-yearly, semesterly;Electricity;Consumption from 2 500 kWh to 4 999 kWh - band DC;Kilowatt-hour;Excluding VAT and other recoverable taxes and levies;Euro;Consumption from 2 500 kWh to 4 999 kWh - band DC;DC;0.08356;0.21436000000000002;0.04856;0.024964136723284833;0.1658;0.0002712932679601712
Portugal;2022-S1;2022;1;0.2199;0.09201900552486186;0.020626464984321316;0.28891624850650177;1;1;1;0;Half-yearly, semesterly;Electricity;Consumption from 2 500 kWh to 4 999 kWh - band DC;Kilowatt-hour;All taxes and levies included;Euro;Consumption from 2 500 kWh to 4 999 kWh - band DC;DC;0.08356;0.21436000000000002;0.04856;0.024964136723284833;0.1658;0.0002712932679601712
Portugal;2022-S2;2022;2;0.1972;0.10594205405405406;0.013923048529192197;0.15130622690146822;1;1;1;0;Half-yearly, semesterly;Electricity;Consumption from 2 500 kWh to 4 999 kWh - band DC;Kilowatt-hour;Excluding taxes and levies;Euro;Consumption from 2 500 kWh to 4 999 kWh - band DC;DC;0.1072;0.24;0.027780000000000003;0.043706998868668134;0.21222;0.000412555705653657
Portugal;2022-S2;2022;2;0.186;0.10594205405405406;0.013923048529192197;0.15130622690146822;1;1;1;0;Half-yearly, semesterly;Electricity;Consumption from 2 500 kWh to 4 999 kWh - band DC;Kilowatt-hour;Excluding VAT and other recoverable taxes and levies;Euro;Consumption from 2 500 kWh to 4 999 kWh - band DC;DC;0.1072;0.24;0.027780000000000003;0.043706998868668134;0.21222;0.000412555705653657
Portugal;2022-S2;2022;2;0.2222;0.10594205405405406;0.013923048529192197;0.15130622690146822;1;1;1;0;Half-yearly, semesterly;Electricity;Consumption from 2 500 kWh to 4 999 kWh - band DC;Kilowatt-hour;All taxes and levies included;Euro;Consumption from 2 500 kWh to 4 999 kWh - band DC;DC;0.1072;0.24;0.027780000000000003;0.043706998868668134;0.21222;0.000412555705653657
Portugal;2023-S1;2023;1;0.2983;0.042229723756906076;-0.06371233029714798;-0.6013884747282745;-1;1;1;0;Half-yearly, semesterly;Electricity;Consumption from 2 500 kWh to 4 999 kWh - band DC;Kilowatt-hour;Excluding taxes and levies;Euro;Consumption from 2 500 kWh to 4 999 kWh - band DC;DC;0.04009;0.07149;0.023780000000000003;0.01198758067663452;0.047709999999999995;0.00028386595057170176
Portugal;2023-S1;2023;1;0.1744;0.042229723756906076;-0.06371233029714798;-0.6013884747282745;-1;1;1;0;Half-yearly, semesterly;Electricity;Consumption from 2 500 kWh to 4 999 kWh - band DC;Kilowatt-hour;Excluding VAT and other recoverable taxes and levies;Euro;Consumption from 2 500 kWh to 4 999 kWh - band DC;DC;0.04009;0.07149;0.023780000000000003;0.01198758067663452;0.047709999999999995;0.00028386595057170176
Portugal;2023-S1;2023;1;0.2071;0.042229723756906076;-0.06371233029714798;-0.6013884747282745;-1;1;1;0;Half-yearly, semesterly;Electricity;Consumption from 2 500 kWh to 4 999 kWh - band DC;Kilowatt-hour;All taxes and levies included;Euro;Consumption from 2 500 kWh to 4 999 kWh - band DC;DC;0.04009;0.07149;0.023780000000000003;0.01198758067663452;0.047709999999999995;0.00028386595057170176
Portugal;2023-S2;2023;2;0.2012;0.03612461956521739;-0.006105104191688686;-0.14456888770650034;-1;1;1;0;Half-yearly, semesterly;Electricity;Consumption from 2 500 kWh to 4 999 kWh - band DC;Kilowatt-hour;Excluding taxes and levies;Euro;Consumption from 2 500 kWh to 4 999 kWh - band DC;DC;0.035894999999999996;0.05256;0.024030000000000003;0.005577214658926646;0.02853;0.00015438819082531373
Portugal;2023-S2;2023;2;0.1938;0.03612461956521739;-0.006105104191688686;-0.14456888770650034;-1;1;1;0;Half-yearly, semesterly;Electricity;Consumption from 2 500 kWh to 4 999 kWh - band DC;Kilowatt-hour;Excluding VAT and other recoverable taxes and levies;Euro;Consumption from 2 500 kWh to 4 999 kWh - band DC;DC;0.035894999999999996;0.05256;0.024030000000000003;0.005577214658926646;0.02853;0.00015438819082531373
Portugal;2023-S2;2023;2;0.2299;0.03612461956521739;-0.006105104191688686;-0.14456888770650034;-1;1;1;0;Half-yearly, semesterly;Electricity;Consumption from 2 500 kWh to 4 999 kWh - band DC;Kilowatt-hour;All taxes and levies included;Euro;Consumption from 2 500 kWh to 4 999 kWh - band DC;DC;0.035894999999999996;0.05256;0.024030000000000003;0.005577214658926646;0.02853;0.00015438819082531373
Portugal;2024-S1;2024;1;0.1823;0.02965928571428571;-0.0064653338509316795;-0.17897306404181013;-1;1;0;1;Half-yearly, semesterly;Electricity;Consumption from 2 500 kWh to 4 999 kWh - band DC;Kilowatt-hour;Excluding taxes and levies;Euro;Consumption from 2 500 kWh to 4 999 kWh - band DC;DC;0.02939;0.03767;0.022719999999999997;0.003562587835220648;0.014950000000000003;0.00012011711507619673
Portugal;2024-S1;2024;1;0.2047;0.02965928571428571;-0.0064653338509316795;-0.17897306404181013;-1;1;0;1;Half-yearly, semesterly;Electricity;Consumption from 2 500 kWh to 4 999 kWh - band DC;Kilowatt-hour;Excluding VAT and other recoverable taxes and levies;Euro;Consumption from 2 500 kWh to 4 999 kWh - band DC;DC;0.02939;0.03767;0.022719999999999997;0.003562587835220648;0.014950000000000003;0.00012011711507619673
Portugal;2024-S1;2024;1;0.2426;0.02965928571428571;-0.0064653338509316795;-0.17897306404181013;-1;1;0;1;Half-yearly, semesterly;Electricity;Consumption from 2 500 kWh to 4 999 kWh - band DC;Kilowatt-hour;All taxes and levies included;Euro;Consumption from 2 500 kWh to 4 999 kWh - band DC;DC;0.02939;0.03767;0.022719999999999997;0.003562587835220648;0.014950000000000003;0.00012011711507619673
Portugal;2024-S2;2024;2;0.1693;0.03988162162162163;0.010222335907335917;0.3446588702711819;1;1;0;0;Half-yearly, semesterly;Electricity;Consumption from 2 500 kWh to 4 999 kWh - band DC;Kilowatt-hour;Excluding taxes and levies;Euro;Consumption from 2 500 kWh to 4 999 kWh - band DC;DC;0.03939;0.0528;0.030379999999999997;0.0052140688200674355;0.02242;0.00013073863619529112
Portugal;2024-S2;2024;2;0.2225;0.03988162162162163;0.010222335907335917;0.3446588702711819;1;1;0;0;Half-yearly, semesterly;Electricity;Consumption from 2 500 kWh to 4 999 kWh - band DC;Kilowatt-hour;Excluding VAT and other recoverable taxes and levies;Euro;Consumption from 2 500 kWh to 4 999 kWh - band DC;DC;0.03939;0.0528;0.030379999999999997;0.0052140688200674355;0.02242;0.00013073863619529112
Portugal;2024-S2;2024;2;0.2626;0.03988162162162163;0.010222335907335917;0.3446588702711819;1;1;0;0;Half-yearly, semesterly;Electricity;Consumption from 2 500 kWh to 4 999 kWh - band DC;Kilowatt-hour;All taxes and levies included;Euro;Consumption from 2 500 kWh to 4 999 kWh - band DC;DC;0.03939;0.0528;0.030379999999999997;0.0052140688200674355;0.02242;0.00013073863619529112
Portugal;2025-S1;2025;1;0.159;0.0405843093922652;0.0007026877706435702;0.01761933798255111;1;1;0;1;Half-yearly, semesterly;Electricity;Consumption from 2 500 kWh to 4 999 kWh - band DC;Kilowatt-hour;Excluding taxes and levies;Euro;Consumption from 2 500 kWh to 4 999 kWh - band DC;DC;0.03953;0.05722;0.03009;0.0070851230831753854;0.027129999999999998;0.00017457788956551042
Portugal;2025-S1;2025;1;0.207;0.0405843093922652;0.0007026877706435702;0.01761933798255111;1;1;0;1;Half-yearly, semesterly;Electricity;Consumption from 2 500 kWh to 4 999 kWh - band DC;Kilowatt-hour;Excluding VAT and other recoverable taxes and levies;Euro;Consumption from 2 500 kWh to 4 999 kWh - band DC;DC;0.03953;0.05722;0.03009;0.0070851230831753854;0.027129999999999998;0.00017457788956551042
Portugal;2025-S1;2025;1;0.239;0.0405843093922652;0.0007026877706435702;0.01761933798255111;1;1;0;1;Half-yearly, semesterly;Electricity;Consumption from 2 500 kWh to 4 999 kWh - band DC;Kilowatt-hour;All taxes and levies included;Euro;Consumption from 2 500 kWh to 4 999 kWh - band DC;DC;0.03953;0.05722;0.03009;0.0070851230831753854;0.027129999999999998;0.00017457788956551042
Portugal;2025-S2;2025;2;0.1625;0.03125204918032787;-0.00933226021193733;-0.22994749329690278;-1;1;0;1;Half-yearly, semesterly;Electricity;Consumption from 2 500 kWh to 4 999 kWh - band DC;Kilowatt-hour;Excluding taxes and levies;Euro;Consumption from 2 500 kWh to 4 999 kWh - band DC;DC;0.03138;0.037020000000000004;0.026539999999999998;0.00208229441624638;0.010480000000000003;6.662905220170685e-05
Portugal;2025-S2;2025;2;0.2121;0.03125204918032787;-0.00933226021193733;-0.22994749329690278;-1;1;0;1;Half-yearly, semesterly;Electricity;Consumption from 2 500 kWh to 4 999 kWh - band DC;Kilowatt-hour;Excluding VAT and other recoverable taxes and levies;Euro;Consumption from 2 500 kWh to 4 999 kWh - band DC;DC;0.03138;0.037020000000000004;0.026539999999999998;0.00208229441624638;0.010480000000000003;6.662905220170685e-05
Portugal;2025-S2;2025;2;0.2434;0.03125204918032787;-0.00933226021193733;-0.22994749329690278;-1;1;0;1;Half-yearly, semesterly;Electricity;Consumption from 2 500 kWh to 4 999 kWh - band DC;Kilowatt-hour;All taxes and levies included;Euro;Consumption from 2 500 kWh to 4 999 kWh - band DC;DC;0.03138;0.037020000000000004;0.026539999999999998;0.00208229441624638;0.010480000000000003;6.662905220170685e-05
Romania;2021-S1;2021;1;0.1115;0.021884866666666666;;;0;0;0;0;Half-yearly, semesterly;Electricity;Consumption from 2 500 kWh to 4 999 kWh - band DC;Kilowatt-hour;Excluding taxes and levies;Euro;Consumption from 2 500 kWh to 4 999 kWh - band DC;DC;0.021085;0.035;0.01492;0.00482668126102457;0.020079999999999997;0.0002205488082034421
Romania;2021-S1;2021;1;0.1291;0.021884866666666666;;;0;0;0;0;Half-yearly, semesterly;Electricity;Consumption from 2 500 kWh to 4 999 kWh - band DC;Kilowatt-hour;Excluding VAT and other recoverable taxes and levies;Euro;Consumption from 2 500 kWh to 4 999 kWh - band DC;DC;0.021085;0.035;0.01492;0.00482668126102457;0.020079999999999997;0.0002205488082034421
Romania;2021-S1;2021;1;0.1536;0.021884866666666666;;;0;0;0;0;Half-yearly, semesterly;Electricity;Consumption from 2 500 kWh to 4 999 kWh - band DC;Kilowatt-hour;All taxes and levies included;Euro;Consumption from 2 500 kWh to 4 999 kWh - band DC;DC;0.021085;0.035;0.01492;0.00482668126102457;0.020079999999999997;0.0002205488082034421
Romania;2021-S2;2021;2;0.1167;0.07139254054054055;0.04950767387387388;2.2621875941917495;1;0;0;0;Half-yearly, semesterly;Electricity;Consumption from 2 500 kWh to 4 999 kWh - band DC;Kilowatt-hour;Excluding taxes and levies;Euro;Consumption from 2 500 kWh to 4 999 kWh - band DC;DC;0.07078;0.183;0.0338;0.029414433726409856;0.1492;0.00041200990332745994
Romania;2021-S2;2021;2;0.1346;0.07139254054054055;0.04950767387387388;2.2621875941917495;1;0;0;0;Half-yearly, semesterly;Electricity;Consumption from 2 500 kWh to 4 999 kWh - band DC;Kilowatt-hour;Excluding VAT and other recoverable taxes and levies;Euro;Consumption from 2 500 kWh to 4 999 kWh - band DC;DC;0.07078;0.183;0.0338;0.029414433726409856;0.1492;0.00041200990332745994
Romania;2021-S2;2021;2;0.1602;0.07139254054054055;0.04950767387387388;2.2621875941917495;1;0;0;0;Half-yearly, semesterly;Electricity;Consumption from 2 500 kWh to 4 999 kWh - band DC;Kilowatt-hour;All taxes and levies included;Euro;Consumption from 2 500 kWh to 4 999 kWh - band DC;DC;0.07078;0.183;0.0338;0.029414433726409856;0.1492;0.00041200990332745994
Romania;2022-S1;2022;1;0.1779;0.09201900552486186;0.020626464984321316;0.28891624850650177;1;1;1;0;Half-yearly, semesterly;Electricity;Consumption from 2 500 kWh to 4 999 kWh - band DC;Kilowatt-hour;Excluding taxes and levies;Euro;Consumption from 2 500 kWh to 4 999 kWh - band DC;DC;0.08356;0.21436000000000002;0.04856;0.024964136723284833;0.1658;0.0002712932679601712
Romania;2022-S1;2022;1;0.1985;0.09201900552486186;0.020626464984321316;0.28891624850650177;1;1;1;0;Half-yearly, semesterly;Electricity;Consumption from 2 500 kWh to 4 999 kWh - band DC;Kilowatt-hour;Excluding VAT and other recoverable taxes and levies;Euro;Consumption from 2 500 kWh to 4 999 kWh - band DC;DC;0.08356;0.21436000000000002;0.04856;0.024964136723284833;0.1658;0.0002712932679601712
Romania;2022-S1;2022;1;0.2362;0.09201900552486186;0.020626464984321316;0.28891624850650177;1;1;1;0;Half-yearly, semesterly;Electricity;Consumption from 2 500 kWh to 4 999 kWh - band DC;Kilowatt-hour;All taxes and levies included;Euro;Consumption from 2 500 kWh to 4 999 kWh - band DC;DC;0.08356;0.21436000000000002;0.04856;0.024964136723284833;0.1658;0.0002712932679601712
Romania;2022-S2;2022;2;0.2683;0.10594205405405406;0.013923048529192197;0.15130622690146822;1;1;1;0;Half-yearly, semesterly;Electricity;Consumption from 2 500 kWh to 4 999 kWh - band DC;Kilowatt-hour;Excluding taxes and levies;Euro;Consumption from 2 500 kWh to 4 999 kWh - band DC;DC;0.1072;0.24;0.027780000000000003;0.043706998868668134;0.21222;0.000412555705653657
Romania;2022-S2;2022;2;0.2867;0.10594205405405406;0.013923048529192197;0.15130622690146822;1;1;1;0;Half-yearly, semesterly;Electricity;Consumption from 2 500 kWh to 4 999 kWh - band DC;Kilowatt-hour;Excluding VAT and other recoverable taxes and levies;Euro;Consumption from 2 500 kWh to 4 999 kWh - band DC;DC;0.1072;0.24;0.027780000000000003;0.043706998868668134;0.21222;0.000412555705653657
Romania;2022-S2;2022;2;0.3411;0.10594205405405406;0.013923048529192197;0.15130622690146822;1;1;1;0;Half-yearly, semesterly;Electricity;Consumption from 2 500 kWh to 4 999 kWh - band DC;Kilowatt-hour;All taxes and levies included;Euro;Consumption from 2 500 kWh to 4 999 kWh - band DC;DC;0.1072;0.24;0.027780000000000003;0.043706998868668134;0.21222;0.000412555705653657
Romania;2023-S1;2023;1;0.1435;0.042229723756906076;-0.06371233029714798;-0.6013884747282745;-1;1;1;0;Half-yearly, semesterly;Electricity;Consumption from 2 500 kWh to 4 999 kWh - band DC;Kilowatt-hour;Excluding taxes and levies;Euro;Consumption from 2 500 kWh to 4 999 kWh - band DC;DC;0.04009;0.07149;0.023780000000000003;0.01198758067663452;0.047709999999999995;0.00028386595057170176
Romania;2023-S1;2023;1;0.159;0.042229723756906076;-0.06371233029714798;-0.6013884747282745;-1;1;1;0;Half-yearly, semesterly;Electricity;Consumption from 2 500 kWh to 4 999 kWh - band DC;Kilowatt-hour;Excluding VAT and other recoverable taxes and levies;Euro;Consumption from 2 500 kWh to 4 999 kWh - band DC;DC;0.04009;0.07149;0.023780000000000003;0.01198758067663452;0.047709999999999995;0.00028386595057170176
Romania;2023-S1;2023;1;0.1892;0.042229723756906076;-0.06371233029714798;-0.6013884747282745;-1;1;1;0;Half-yearly, semesterly;Electricity;Consumption from 2 500 kWh to 4 999 kWh - band DC;Kilowatt-hour;All taxes and levies included;Euro;Consumption from 2 500 kWh to 4 999 kWh - band DC;DC;0.04009;0.07149;0.023780000000000003;0.01198758067663452;0.047709999999999995;0.00028386595057170176
Romania;2023-S2;2023;2;0.1441;0.03612461956521739;-0.006105104191688686;-0.14456888770650034;-1;1;1;0;Half-yearly, semesterly;Electricity;Consumption from 2 500 kWh to 4 999 kWh - band DC;Kilowatt-hour;Excluding taxes and levies;Euro;Consumption from 2 500 kWh to 4 999 kWh - band DC;DC;0.035894999999999996;0.05256;0.024030000000000003;0.005577214658926646;0.02853;0.00015438819082531373
Romania;2023-S2;2023;2;0.1605;0.03612461956521739;-0.006105104191688686;-0.14456888770650034;-1;1;1;0;Half-yearly, semesterly;Electricity;Consumption from 2 500 kWh to 4 999 kWh - band DC;Kilowatt-hour;Excluding VAT and other recoverable taxes and levies;Euro;Consumption from 2 500 kWh to 4 999 kWh - band DC;DC;0.035894999999999996;0.05256;0.024030000000000003;0.005577214658926646;0.02853;0.00015438819082531373
Romania;2023-S2;2023;2;0.191;0.03612461956521739;-0.006105104191688686;-0.14456888770650034;-1;1;1;0;Half-yearly, semesterly;Electricity;Consumption from 2 500 kWh to 4 999 kWh - band DC;Kilowatt-hour;All taxes and levies included;Euro;Consumption from 2 500 kWh to 4 999 kWh - band DC;DC;0.035894999999999996;0.05256;0.024030000000000003;0.005577214658926646;0.02853;0.00015438819082531373
Romania;2024-S1;2024;1;0.1392;0.02965928571428571;-0.0064653338509316795;-0.17897306404181013;-1;1;0;1;Half-yearly, semesterly;Electricity;Consumption from 2 500 kWh to 4 999 kWh - band DC;Kilowatt-hour;Excluding taxes and levies;Euro;Consumption from 2 500 kWh to 4 999 kWh - band DC;DC;0.02939;0.03767;0.022719999999999997;0.003562587835220648;0.014950000000000003;0.00012011711507619673
Romania;2024-S1;2024;1;0.1582;0.02965928571428571;-0.0064653338509316795;-0.17897306404181013;-1;1;0;1;Half-yearly, semesterly;Electricity;Consumption from 2 500 kWh to 4 999 kWh - band DC;Kilowatt-hour;Excluding VAT and other recoverable taxes and levies;Euro;Consumption from 2 500 kWh to 4 999 kWh - band DC;DC;0.02939;0.03767;0.022719999999999997;0.003562587835220648;0.014950000000000003;0.00012011711507619673
Romania;2024-S1;2024;1;0.1883;0.02965928571428571;-0.0064653338509316795;-0.17897306404181013;-1;1;0;1;Half-yearly, semesterly;Electricity;Consumption from 2 500 kWh to 4 999 kWh - band DC;Kilowatt-hour;All taxes and levies included;Euro;Consumption from 2 500 kWh to 4 999 kWh - band DC;DC;0.02939;0.03767;0.022719999999999997;0.003562587835220648;0.014950000000000003;0.00012011711507619673
Romania;2024-S2;2024;2;0.1391;0.03988162162162163;0.010222335907335917;0.3446588702711819;1;1;0;0;Half-yearly, semesterly;Electricity;Consumption from 2 500 kWh to 4 999 kWh - band DC;Kilowatt-hour;Excluding taxes and levies;Euro;Consumption from 2 500 kWh to 4 999 kWh - band DC;DC;0.03939;0.0528;0.030379999999999997;0.0052140688200674355;0.02242;0.00013073863619529112
Romania;2024-S2;2024;2;0.1565;0.03988162162162163;0.010222335907335917;0.3446588702711819;1;1;0;0;Half-yearly, semesterly;Electricity;Consumption from 2 500 kWh to 4 999 kWh - band DC;Kilowatt-hour;Excluding VAT and other recoverable taxes and levies;Euro;Consumption from 2 500 kWh to 4 999 kWh - band DC;DC;0.03939;0.0528;0.030379999999999997;0.0052140688200674355;0.02242;0.00013073863619529112
Romania;2024-S2;2024;2;0.1863;0.03988162162162163;0.010222335907335917;0.3446588702711819;1;1;0;0;Half-yearly, semesterly;Electricity;Consumption from 2 500 kWh to 4 999 kWh - band DC;Kilowatt-hour;All taxes and levies included;Euro;Consumption from 2 500 kWh to 4 999 kWh - band DC;DC;0.03939;0.0528;0.030379999999999997;0.0052140688200674355;0.02242;0.00013073863619529112
Romania;2025-S1;2025;1;0.1447;0.0405843093922652;0.0007026877706435702;0.01761933798255111;1;1;0;1;Half-yearly, semesterly;Electricity;Consumption from 2 500 kWh to 4 999 kWh - band DC;Kilowatt-hour;Excluding taxes and levies;Euro;Consumption from 2 500 kWh to 4 999 kWh - band DC;DC;0.03953;0.05722;0.03009;0.0070851230831753854;0.027129999999999998;0.00017457788956551042
Romania;2025-S1;2025;1;0.1612;0.0405843093922652;0.0007026877706435702;0.01761933798255111;1;1;0;1;Half-yearly, semesterly;Electricity;Consumption from 2 500 kWh to 4 999 kWh - band DC;Kilowatt-hour;Excluding VAT and other recoverable taxes and levies;Euro;Consumption from 2 500 kWh to 4 999 kWh - band DC;DC;0.03953;0.05722;0.03009;0.0070851230831753854;0.027129999999999998;0.00017457788956551042
Romania;2025-S1;2025;1;0.1918;0.0405843093922652;0.0007026877706435702;0.01761933798255111;1;1;0;1;Half-yearly, semesterly;Electricity;Consumption from 2 500 kWh to 4 999 kWh - band DC;Kilowatt-hour;All taxes and levies included;Euro;Consumption from 2 500 kWh to 4 999 kWh - band DC;DC;0.03953;0.05722;0.03009;0.0070851230831753854;0.027129999999999998;0.00017457788956551042
Romania;2025-S2;2025;2;0.2221;0.03125204918032787;-0.00933226021193733;-0.22994749329690278;-1;1;0;1;Half-yearly, semesterly;Electricity;Consumption from 2 500 kWh to 4 999 kWh - band DC;Kilowatt-hour;Excluding taxes and levies;Euro;Consumption from 2 500 kWh to 4 999 kWh - band DC;DC;0.03138;0.037020000000000004;0.026539999999999998;0.00208229441624638;0.010480000000000003;6.662905220170685e-05
Romania;2025-S2;2025;2;0.2399;0.03125204918032787;-0.00933226021193733;-0.22994749329690278;-1;1;0;1;Half-yearly, semesterly;Electricity;Consumption from 2 500 kWh to 4 999 kWh - band DC;Kilowatt-hour;Excluding VAT and other recoverable taxes and levies;Euro;Consumption from 2 500 kWh to 4 999 kWh - band DC;DC;0.03138;0.037020000000000004;0.026539999999999998;0.00208229441624638;0.010480000000000003;6.662905220170685e-05
Romania;2025-S2;2025;2;0.2893;0.03125204918032787;-0.00933226021193733;-0.22994749329690278;-1;1;0;1;Half-yearly, semesterly;Electricity;Consumption from 2 500 kWh to 4 999 kWh - band DC;Kilowatt-hour;All taxes and levies included;Euro;Consumption from 2 500 kWh to 4 999 kWh - band DC;DC;0.03138;0.037020000000000004;0.026539999999999998;0.00208229441624638;0.010480000000000003;6.662905220170685e-05
Serbia;2021-S1;2021;1;0.0575;0.021884866666666666;;;0;0;0;0;Half-yearly, semesterly;Electricity;Consumption from 2 500 kWh to 4 999 kWh - band DC;Kilowatt-hour;Excluding taxes and levies;Euro;Consumption from 2 500 kWh to 4 999 kWh - band DC;DC;0.021085;0.035;0.01492;0.00482668126102457;0.020079999999999997;0.0002205488082034421
Serbia;2021-S1;2021;1;0.0659;0.021884866666666666;;;0;0;0;0;Half-yearly, semesterly;Electricity;Consumption from 2 500 kWh to 4 999 kWh - band DC;Kilowatt-hour;Excluding VAT and other recoverable taxes and levies;Euro;Consumption from 2 500 kWh to 4 999 kWh - band DC;DC;0.021085;0.035;0.01492;0.00482668126102457;0.020079999999999997;0.0002205488082034421
Serbia;2021-S1;2021;1;0.0791;0.021884866666666666;;;0;0;0;0;Half-yearly, semesterly;Electricity;Consumption from 2 500 kWh to 4 999 kWh - band DC;Kilowatt-hour;All taxes and levies included;Euro;Consumption from 2 500 kWh to 4 999 kWh - band DC;DC;0.021085;0.035;0.01492;0.00482668126102457;0.020079999999999997;0.0002205488082034421
Serbia;2021-S2;2021;2;0.0591;0.07139254054054055;0.04950767387387388;2.2621875941917495;1;0;0;0;Half-yearly, semesterly;Electricity;Consumption from 2 500 kWh to 4 999 kWh - band DC;Kilowatt-hour;Excluding taxes and levies;Euro;Consumption from 2 500 kWh to 4 999 kWh - band DC;DC;0.07078;0.183;0.0338;0.029414433726409856;0.1492;0.00041200990332745994
Serbia;2021-S2;2021;2;0.0676;0.07139254054054055;0.04950767387387388;2.2621875941917495;1;0;0;0;Half-yearly, semesterly;Electricity;Consumption from 2 500 kWh to 4 999 kWh - band DC;Kilowatt-hour;Excluding VAT and other recoverable taxes and levies;Euro;Consumption from 2 500 kWh to 4 999 kWh - band DC;DC;0.07078;0.183;0.0338;0.029414433726409856;0.1492;0.00041200990332745994
Serbia;2021-S2;2021;2;0.0811;0.07139254054054055;0.04950767387387388;2.2621875941917495;1;0;0;0;Half-yearly, semesterly;Electricity;Consumption from 2 500 kWh to 4 999 kWh - band DC;Kilowatt-hour;All taxes and levies included;Euro;Consumption from 2 500 kWh to 4 999 kWh - band DC;DC;0.07078;0.183;0.0338;0.029414433726409856;0.1492;0.00041200990332745994
Serbia;2022-S1;2022;1;0.0589;0.09201900552486186;0.020626464984321316;0.28891624850650177;1;1;1;0;Half-yearly, semesterly;Electricity;Consumption from 2 500 kWh to 4 999 kWh - band DC;Kilowatt-hour;Excluding taxes and levies;Euro;Consumption from 2 500 kWh to 4 999 kWh - band DC;DC;0.08356;0.21436000000000002;0.04856;0.024964136723284833;0.1658;0.0002712932679601712
Serbia;2022-S1;2022;1;0.0674;0.09201900552486186;0.020626464984321316;0.28891624850650177;1;1;1;0;Half-yearly, semesterly;Electricity;Consumption from 2 500 kWh to 4 999 kWh - band DC;Kilowatt-hour;Excluding VAT and other recoverable taxes and levies;Euro;Consumption from 2 500 kWh to 4 999 kWh - band DC;DC;0.08356;0.21436000000000002;0.04856;0.024964136723284833;0.1658;0.0002712932679601712
Serbia;2022-S1;2022;1;0.0808;0.09201900552486186;0.020626464984321316;0.28891624850650177;1;1;1;0;Half-yearly, semesterly;Electricity;Consumption from 2 500 kWh to 4 999 kWh - band DC;Kilowatt-hour;All taxes and levies included;Euro;Consumption from 2 500 kWh to 4 999 kWh - band DC;DC;0.08356;0.21436000000000002;0.04856;0.024964136723284833;0.1658;0.0002712932679601712
Serbia;2022-S2;2022;2;0.0617;0.10594205405405406;0.013923048529192197;0.15130622690146822;1;1;1;0;Half-yearly, semesterly;Electricity;Consumption from 2 500 kWh to 4 999 kWh - band DC;Kilowatt-hour;Excluding taxes and levies;Euro;Consumption from 2 500 kWh to 4 999 kWh - band DC;DC;0.1072;0.24;0.027780000000000003;0.043706998868668134;0.21222;0.000412555705653657
Serbia;2022-S2;2022;2;0.0729;0.10594205405405406;0.013923048529192197;0.15130622690146822;1;1;1;0;Half-yearly, semesterly;Electricity;Consumption from 2 500 kWh to 4 999 kWh - band DC;Kilowatt-hour;Excluding VAT and other recoverable taxes and levies;Euro;Consumption from 2 500 kWh to 4 999 kWh - band DC;DC;0.1072;0.24;0.027780000000000003;0.043706998868668134;0.21222;0.000412555705653657
Serbia;2022-S2;2022;2;0.0869;0.10594205405405406;0.013923048529192197;0.15130622690146822;1;1;1;0;Half-yearly, semesterly;Electricity;Consumption from 2 500 kWh to 4 999 kWh - band DC;Kilowatt-hour;All taxes and levies included;Euro;Consumption from 2 500 kWh to 4 999 kWh - band DC;DC;0.1072;0.24;0.027780000000000003;0.043706998868668134;0.21222;0.000412555705653657
Serbia;2023-S1;2023;1;0.0686;0.042229723756906076;-0.06371233029714798;-0.6013884747282745;-1;1;1;0;Half-yearly, semesterly;Electricity;Consumption from 2 500 kWh to 4 999 kWh - band DC;Kilowatt-hour;Excluding taxes and levies;Euro;Consumption from 2 500 kWh to 4 999 kWh - band DC;DC;0.04009;0.07149;0.023780000000000003;0.01198758067663452;0.047709999999999995;0.00028386595057170176
Serbia;2023-S1;2023;1;0.0809;0.042229723756906076;-0.06371233029714798;-0.6013884747282745;-1;1;1;0;Half-yearly, semesterly;Electricity;Consumption from 2 500 kWh to 4 999 kWh - band DC;Kilowatt-hour;Excluding VAT and other recoverable taxes and levies;Euro;Consumption from 2 500 kWh to 4 999 kWh - band DC;DC;0.04009;0.07149;0.023780000000000003;0.01198758067663452;0.047709999999999995;0.00028386595057170176
Serbia;2023-S1;2023;1;0.0964;0.042229723756906076;-0.06371233029714798;-0.6013884747282745;-1;1;1;0;Half-yearly, semesterly;Electricity;Consumption from 2 500 kWh to 4 999 kWh - band DC;Kilowatt-hour;All taxes and levies included;Euro;Consumption from 2 500 kWh to 4 999 kWh - band DC;DC;0.04009;0.07149;0.023780000000000003;0.01198758067663452;0.047709999999999995;0.00028386595057170176
Serbia;2023-S2;2023;2;0.0755;0.03612461956521739;-0.006105104191688686;-0.14456888770650034;-1;1;1;0;Half-yearly, semesterly;Electricity;Consumption from 2 500 kWh to 4 999 kWh - band DC;Kilowatt-hour;Excluding taxes and levies;Euro;Consumption from 2 500 kWh to 4 999 kWh - band DC;DC;0.035894999999999996;0.05256;0.024030000000000003;0.005577214658926646;0.02853;0.00015438819082531373
Serbia;2023-S2;2023;2;0.088;0.03612461956521739;-0.006105104191688686;-0.14456888770650034;-1;1;1;0;Half-yearly, semesterly;Electricity;Consumption from 2 500 kWh to 4 999 kWh - band DC;Kilowatt-hour;Excluding VAT and other recoverable taxes and levies;Euro;Consumption from 2 500 kWh to 4 999 kWh - band DC;DC;0.035894999999999996;0.05256;0.024030000000000003;0.005577214658926646;0.02853;0.00015438819082531373
Serbia;2023-S2;2023;2;0.1046;0.03612461956521739;-0.006105104191688686;-0.14456888770650034;-1;1;1;0;Half-yearly, semesterly;Electricity;Consumption from 2 500 kWh to 4 999 kWh - band DC;Kilowatt-hour;All taxes and levies included;Euro;Consumption from 2 500 kWh to 4 999 kWh - band DC;DC;0.035894999999999996;0.05256;0.024030000000000003;0.005577214658926646;0.02853;0.00015438819082531373
Serbia;2024-S1;2024;1;0.0783;0.02965928571428571;-0.0064653338509316795;-0.17897306404181013;-1;1;0;1;Half-yearly, semesterly;Electricity;Consumption from 2 500 kWh to 4 999 kWh - band DC;Kilowatt-hour;Excluding taxes and levies;Euro;Consumption from 2 500 kWh to 4 999 kWh - band DC;DC;0.02939;0.03767;0.022719999999999997;0.003562587835220648;0.014950000000000003;0.00012011711507619673
Serbia;2024-S1;2024;1;0.091;0.02965928571428571;-0.0064653338509316795;-0.17897306404181013;-1;1;0;1;Half-yearly, semesterly;Electricity;Consumption from 2 500 kWh to 4 999 kWh - band DC;Kilowatt-hour;Excluding VAT and other recoverable taxes and levies;Euro;Consumption from 2 500 kWh to 4 999 kWh - band DC;DC;0.02939;0.03767;0.022719999999999997;0.003562587835220648;0.014950000000000003;0.00012011711507619673
Serbia;2024-S1;2024;1;0.1082;0.02965928571428571;-0.0064653338509316795;-0.17897306404181013;-1;1;0;1;Half-yearly, semesterly;Electricity;Consumption from 2 500 kWh to 4 999 kWh - band DC;Kilowatt-hour;All taxes and levies included;Euro;Consumption from 2 500 kWh to 4 999 kWh - band DC;DC;0.02939;0.03767;0.022719999999999997;0.003562587835220648;0.014950000000000003;0.00012011711507619673
Serbia;2024-S2;2024;2;0.0792;0.03988162162162163;0.010222335907335917;0.3446588702711819;1;1;0;0;Half-yearly, semesterly;Electricity;Consumption from 2 500 kWh to 4 999 kWh - band DC;Kilowatt-hour;Excluding taxes and levies;Euro;Consumption from 2 500 kWh to 4 999 kWh - band DC;DC;0.03939;0.0528;0.030379999999999997;0.0052140688200674355;0.02242;0.00013073863619529112
Serbia;2024-S2;2024;2;0.0925;0.03988162162162163;0.010222335907335917;0.3446588702711819;1;1;0;0;Half-yearly, semesterly;Electricity;Consumption from 2 500 kWh to 4 999 kWh - band DC;Kilowatt-hour;Excluding VAT and other recoverable taxes and levies;Euro;Consumption from 2 500 kWh to 4 999 kWh - band DC;DC;0.03939;0.0528;0.030379999999999997;0.0052140688200674355;0.02242;0.00013073863619529112
Serbia;2024-S2;2024;2;0.1108;0.03988162162162163;0.010222335907335917;0.3446588702711819;1;1;0;0;Half-yearly, semesterly;Electricity;Consumption from 2 500 kWh to 4 999 kWh - band DC;Kilowatt-hour;All taxes and levies included;Euro;Consumption from 2 500 kWh to 4 999 kWh - band DC;DC;0.03939;0.0528;0.030379999999999997;0.0052140688200674355;0.02242;0.00013073863619529112
Serbia;2025-S1;2025;1;0.0789;0.0405843093922652;0.0007026877706435702;0.01761933798255111;1;1;0;1;Half-yearly, semesterly;Electricity;Consumption from 2 500 kWh to 4 999 kWh - band DC;Kilowatt-hour;Excluding taxes and levies;Euro;Consumption from 2 500 kWh to 4 999 kWh - band DC;DC;0.03953;0.05722;0.03009;0.0070851230831753854;0.027129999999999998;0.00017457788956551042
Serbia;2025-S1;2025;1;0.0922;0.0405843093922652;0.0007026877706435702;0.01761933798255111;1;1;0;1;Half-yearly, semesterly;Electricity;Consumption from 2 500 kWh to 4 999 kWh - band DC;Kilowatt-hour;Excluding VAT and other recoverable taxes and levies;Euro;Consumption from 2 500 kWh to 4 999 kWh - band DC;DC;0.03953;0.05722;0.03009;0.0070851230831753854;0.027129999999999998;0.00017457788956551042
Serbia;2025-S1;2025;1;0.1102;0.0405843093922652;0.0007026877706435702;0.01761933798255111;1;1;0;1;Half-yearly, semesterly;Electricity;Consumption from 2 500 kWh to 4 999 kWh - band DC;Kilowatt-hour;All taxes and levies included;Euro;Consumption from 2 500 kWh to 4 999 kWh - band DC;DC;0.03953;0.05722;0.03009;0.0070851230831753854;0.027129999999999998;0.00017457788956551042
Serbia;2025-S2;2025;2;0.0859;0.03125204918032787;-0.00933226021193733;-0.22994749329690278;-1;1;0;1;Half-yearly, semesterly;Electricity;Consumption from 2 500 kWh to 4 999 kWh - band DC;Kilowatt-hour;Excluding taxes and levies;Euro;Consumption from 2 500 kWh to 4 999 kWh - band DC;DC;0.03138;0.037020000000000004;0.026539999999999998;0.00208229441624638;0.010480000000000003;6.662905220170685e-05
Serbia;2025-S2;2025;2;0.0996;0.03125204918032787;-0.00933226021193733;-0.22994749329690278;-1;1;0;1;Half-yearly, semesterly;Electricity;Consumption from 2 500 kWh to 4 999 kWh - band DC;Kilowatt-hour;Excluding VAT and other recoverable taxes and levies;Euro;Consumption from 2 500 kWh to 4 999 kWh - band DC;DC;0.03138;0.037020000000000004;0.026539999999999998;0.00208229441624638;0.010480000000000003;6.662905220170685e-05
Serbia;2025-S2;2025;2;0.119;0.03125204918032787;-0.00933226021193733;-0.22994749329690278;-1;1;0;1;Half-yearly, semesterly;Electricity;Consumption from 2 500 kWh to 4 999 kWh - band DC;Kilowatt-hour;All taxes and levies included;Euro;Consumption from 2 500 kWh to 4 999 kWh - band DC;DC;0.03138;0.037020000000000004;0.026539999999999998;0.00208229441624638;0.010480000000000003;6.662905220170685e-05
Slovakia;2021-S1;2021;1;0.1057;0.021884866666666666;;;0;0;0;0;Half-yearly, semesterly;Electricity;Consumption from 2 500 kWh to 4 999 kWh - band DC;Kilowatt-hour;Excluding taxes and levies;Euro;Consumption from 2 500 kWh to 4 999 kWh - band DC;DC;0.021085;0.035;0.01492;0.00482668126102457;0.020079999999999997;0.0002205488082034421
Slovakia;2021-S1;2021;1;0.139;0.021884866666666666;;;0;0;0;0;Half-yearly, semesterly;Electricity;Consumption from 2 500 kWh to 4 999 kWh - band DC;Kilowatt-hour;Excluding VAT and other recoverable taxes and levies;Euro;Consumption from 2 500 kWh to 4 999 kWh - band DC;DC;0.021085;0.035;0.01492;0.00482668126102457;0.020079999999999997;0.0002205488082034421
Slovakia;2021-S1;2021;1;0.1668;0.021884866666666666;;;0;0;0;0;Half-yearly, semesterly;Electricity;Consumption from 2 500 kWh to 4 999 kWh - band DC;Kilowatt-hour;All taxes and levies included;Euro;Consumption from 2 500 kWh to 4 999 kWh - band DC;DC;0.021085;0.035;0.01492;0.00482668126102457;0.020079999999999997;0.0002205488082034421
Slovakia;2021-S2;2021;2;0.102;0.07139254054054055;0.04950767387387388;2.2621875941917495;1;0;0;0;Half-yearly, semesterly;Electricity;Consumption from 2 500 kWh to 4 999 kWh - band DC;Kilowatt-hour;Excluding taxes and levies;Euro;Consumption from 2 500 kWh to 4 999 kWh - band DC;DC;0.07078;0.183;0.0338;0.029414433726409856;0.1492;0.00041200990332745994
Slovakia;2021-S2;2021;2;0.1353;0.07139254054054055;0.04950767387387388;2.2621875941917495;1;0;0;0;Half-yearly, semesterly;Electricity;Consumption from 2 500 kWh to 4 999 kWh - band DC;Kilowatt-hour;Excluding VAT and other recoverable taxes and levies;Euro;Consumption from 2 500 kWh to 4 999 kWh - band DC;DC;0.07078;0.183;0.0338;0.029414433726409856;0.1492;0.00041200990332745994
Slovakia;2021-S2;2021;2;0.1624;0.07139254054054055;0.04950767387387388;2.2621875941917495;1;0;0;0;Half-yearly, semesterly;Electricity;Consumption from 2 500 kWh to 4 999 kWh - band DC;Kilowatt-hour;All taxes and levies included;Euro;Consumption from 2 500 kWh to 4 999 kWh - band DC;DC;0.07078;0.183;0.0338;0.029414433726409856;0.1492;0.00041200990332745994
Slovakia;2022-S1;2022;1;0.1242;0.09201900552486186;0.020626464984321316;0.28891624850650177;1;1;1;0;Half-yearly, semesterly;Electricity;Consumption from 2 500 kWh to 4 999 kWh - band DC;Kilowatt-hour;Excluding taxes and levies;Euro;Consumption from 2 500 kWh to 4 999 kWh - band DC;DC;0.08356;0.21436000000000002;0.04856;0.024964136723284833;0.1658;0.0002712932679601712
Slovakia;2022-S1;2022;1;0.1497;0.09201900552486186;0.020626464984321316;0.28891624850650177;1;1;1;0;Half-yearly, semesterly;Electricity;Consumption from 2 500 kWh to 4 999 kWh - band DC;Kilowatt-hour;Excluding VAT and other recoverable taxes and levies;Euro;Consumption from 2 500 kWh to 4 999 kWh - band DC;DC;0.08356;0.21436000000000002;0.04856;0.024964136723284833;0.1658;0.0002712932679601712
Slovakia;2022-S1;2022;1;0.1796;0.09201900552486186;0.020626464984321316;0.28891624850650177;1;1;1;0;Half-yearly, semesterly;Electricity;Consumption from 2 500 kWh to 4 999 kWh - band DC;Kilowatt-hour;All taxes and levies included;Euro;Consumption from 2 500 kWh to 4 999 kWh - band DC;DC;0.08356;0.21436000000000002;0.04856;0.024964136723284833;0.1658;0.0002712932679601712
Slovakia;2022-S2;2022;2;0.1315;0.10594205405405406;0.013923048529192197;0.15130622690146822;1;1;1;0;Half-yearly, semesterly;Electricity;Consumption from 2 500 kWh to 4 999 kWh - band DC;Kilowatt-hour;Excluding taxes and levies;Euro;Consumption from 2 500 kWh to 4 999 kWh - band DC;DC;0.1072;0.24;0.027780000000000003;0.043706998868668134;0.21222;0.000412555705653657
Slovakia;2022-S2;2022;2;0.157;0.10594205405405406;0.013923048529192197;0.15130622690146822;1;1;1;0;Half-yearly, semesterly;Electricity;Consumption from 2 500 kWh to 4 999 kWh - band DC;Kilowatt-hour;Excluding VAT and other recoverable taxes and levies;Euro;Consumption from 2 500 kWh to 4 999 kWh - band DC;DC;0.1072;0.24;0.027780000000000003;0.043706998868668134;0.21222;0.000412555705653657
Slovakia;2022-S2;2022;2;0.1884;0.10594205405405406;0.013923048529192197;0.15130622690146822;1;1;1;0;Half-yearly, semesterly;Electricity;Consumption from 2 500 kWh to 4 999 kWh - band DC;Kilowatt-hour;All taxes and levies included;Euro;Consumption from 2 500 kWh to 4 999 kWh - band DC;DC;0.1072;0.24;0.027780000000000003;0.043706998868668134;0.21222;0.000412555705653657
Slovakia;2023-S1;2023;1;0.1322;0.042229723756906076;-0.06371233029714798;-0.6013884747282745;-1;1;1;0;Half-yearly, semesterly;Electricity;Consumption from 2 500 kWh to 4 999 kWh - band DC;Kilowatt-hour;Excluding taxes and levies;Euro;Consumption from 2 500 kWh to 4 999 kWh - band DC;DC;0.04009;0.07149;0.023780000000000003;0.01198758067663452;0.047709999999999995;0.00028386595057170176
Slovakia;2023-S1;2023;1;0.1577;0.042229723756906076;-0.06371233029714798;-0.6013884747282745;-1;1;1;0;Half-yearly, semesterly;Electricity;Consumption from 2 500 kWh to 4 999 kWh - band DC;Kilowatt-hour;Excluding VAT and other recoverable taxes and levies;Euro;Consumption from 2 500 kWh to 4 999 kWh - band DC;DC;0.04009;0.07149;0.023780000000000003;0.01198758067663452;0.047709999999999995;0.00028386595057170176
Slovakia;2023-S1;2023;1;0.1892;0.042229723756906076;-0.06371233029714798;-0.6013884747282745;-1;1;1;0;Half-yearly, semesterly;Electricity;Consumption from 2 500 kWh to 4 999 kWh - band DC;Kilowatt-hour;All taxes and levies included;Euro;Consumption from 2 500 kWh to 4 999 kWh - band DC;DC;0.04009;0.07149;0.023780000000000003;0.01198758067663452;0.047709999999999995;0.00028386595057170176
Slovakia;2023-S2;2023;2;0.123;0.03612461956521739;-0.006105104191688686;-0.14456888770650034;-1;1;1;0;Half-yearly, semesterly;Electricity;Consumption from 2 500 kWh to 4 999 kWh - band DC;Kilowatt-hour;Excluding taxes and levies;Euro;Consumption from 2 500 kWh to 4 999 kWh - band DC;DC;0.035894999999999996;0.05256;0.024030000000000003;0.005577214658926646;0.02853;0.00015438819082531373
Slovakia;2023-S2;2023;2;0.1619;0.03612461956521739;-0.006105104191688686;-0.14456888770650034;-1;1;1;0;Half-yearly, semesterly;Electricity;Consumption from 2 500 kWh to 4 999 kWh - band DC;Kilowatt-hour;Excluding VAT and other recoverable taxes and levies;Euro;Consumption from 2 500 kWh to 4 999 kWh - band DC;DC;0.035894999999999996;0.05256;0.024030000000000003;0.005577214658926646;0.02853;0.00015438819082531373
Slovakia;2023-S2;2023;2;0.1943;0.03612461956521739;-0.006105104191688686;-0.14456888770650034;-1;1;1;0;Half-yearly, semesterly;Electricity;Consumption from 2 500 kWh to 4 999 kWh - band DC;Kilowatt-hour;All taxes and levies included;Euro;Consumption from 2 500 kWh to 4 999 kWh - band DC;DC;0.035894999999999996;0.05256;0.024030000000000003;0.005577214658926646;0.02853;0.00015438819082531373
Slovakia;2024-S1;2024;1;0.125;0.02965928571428571;-0.0064653338509316795;-0.17897306404181013;-1;1;0;1;Half-yearly, semesterly;Electricity;Consumption from 2 500 kWh to 4 999 kWh - band DC;Kilowatt-hour;Excluding taxes and levies;Euro;Consumption from 2 500 kWh to 4 999 kWh - band DC;DC;0.02939;0.03767;0.022719999999999997;0.003562587835220648;0.014950000000000003;0.00012011711507619673
Slovakia;2024-S1;2024;1;0.1505;0.02965928571428571;-0.0064653338509316795;-0.17897306404181013;-1;1;0;1;Half-yearly, semesterly;Electricity;Consumption from 2 500 kWh to 4 999 kWh - band DC;Kilowatt-hour;Excluding VAT and other recoverable taxes and levies;Euro;Consumption from 2 500 kWh to 4 999 kWh - band DC;DC;0.02939;0.03767;0.022719999999999997;0.003562587835220648;0.014950000000000003;0.00012011711507619673
Slovakia;2024-S1;2024;1;0.1806;0.02965928571428571;-0.0064653338509316795;-0.17897306404181013;-1;1;0;1;Half-yearly, semesterly;Electricity;Consumption from 2 500 kWh to 4 999 kWh - band DC;Kilowatt-hour;All taxes and levies included;Euro;Consumption from 2 500 kWh to 4 999 kWh - band DC;DC;0.02939;0.03767;0.022719999999999997;0.003562587835220648;0.014950000000000003;0.00012011711507619673
Slovakia;2024-S2;2024;2;0.122;0.03988162162162163;0.010222335907335917;0.3446588702711819;1;1;0;0;Half-yearly, semesterly;Electricity;Consumption from 2 500 kWh to 4 999 kWh - band DC;Kilowatt-hour;Excluding taxes and levies;Euro;Consumption from 2 500 kWh to 4 999 kWh - band DC;DC;0.03939;0.0528;0.030379999999999997;0.0052140688200674355;0.02242;0.00013073863619529112
Slovakia;2024-S2;2024;2;0.1475;0.03988162162162163;0.010222335907335917;0.3446588702711819;1;1;0;0;Half-yearly, semesterly;Electricity;Consumption from 2 500 kWh to 4 999 kWh - band DC;Kilowatt-hour;Excluding VAT and other recoverable taxes and levies;Euro;Consumption from 2 500 kWh to 4 999 kWh - band DC;DC;0.03939;0.0528;0.030379999999999997;0.0052140688200674355;0.02242;0.00013073863619529112
Slovakia;2024-S2;2024;2;0.177;0.03988162162162163;0.010222335907335917;0.3446588702711819;1;1;0;0;Half-yearly, semesterly;Electricity;Consumption from 2 500 kWh to 4 999 kWh - band DC;Kilowatt-hour;All taxes and levies included;Euro;Consumption from 2 500 kWh to 4 999 kWh - band DC;DC;0.03939;0.0528;0.030379999999999997;0.0052140688200674355;0.02242;0.00013073863619529112
Slovakia;2025-S1;2025;1;0.127;0.0405843093922652;0.0007026877706435702;0.01761933798255111;1;1;0;1;Half-yearly, semesterly;Electricity;Consumption from 2 500 kWh to 4 999 kWh - band DC;Kilowatt-hour;Excluding taxes and levies;Euro;Consumption from 2 500 kWh to 4 999 kWh - band DC;DC;0.03953;0.05722;0.03009;0.0070851230831753854;0.027129999999999998;0.00017457788956551042
Slovakia;2025-S1;2025;1;0.1586;0.0405843093922652;0.0007026877706435702;0.01761933798255111;1;1;0;1;Half-yearly, semesterly;Electricity;Consumption from 2 500 kWh to 4 999 kWh - band DC;Kilowatt-hour;Excluding VAT and other recoverable taxes and levies;Euro;Consumption from 2 500 kWh to 4 999 kWh - band DC;DC;0.03953;0.05722;0.03009;0.0070851230831753854;0.027129999999999998;0.00017457788956551042
Slovakia;2025-S1;2025;1;0.1887;0.0405843093922652;0.0007026877706435702;0.01761933798255111;1;1;0;1;Half-yearly, semesterly;Electricity;Consumption from 2 500 kWh to 4 999 kWh - band DC;Kilowatt-hour;All taxes and levies included;Euro;Consumption from 2 500 kWh to 4 999 kWh - band DC;DC;0.03953;0.05722;0.03009;0.0070851230831753854;0.027129999999999998;0.00017457788956551042
Slovakia;2025-S2;2025;2;0.1241;0.03125204918032787;-0.00933226021193733;-0.22994749329690278;-1;1;0;1;Half-yearly, semesterly;Electricity;Consumption from 2 500 kWh to 4 999 kWh - band DC;Kilowatt-hour;Excluding taxes and levies;Euro;Consumption from 2 500 kWh to 4 999 kWh - band DC;DC;0.03138;0.037020000000000004;0.026539999999999998;0.00208229441624638;0.010480000000000003;6.662905220170685e-05
Slovakia;2025-S2;2025;2;0.1557;0.03125204918032787;-0.00933226021193733;-0.22994749329690278;-1;1;0;1;Half-yearly, semesterly;Electricity;Consumption from 2 500 kWh to 4 999 kWh - band DC;Kilowatt-hour;Excluding VAT and other recoverable taxes and levies;Euro;Consumption from 2 500 kWh to 4 999 kWh - band DC;DC;0.03138;0.037020000000000004;0.026539999999999998;0.00208229441624638;0.010480000000000003;6.662905220170685e-05
Slovakia;2025-S2;2025;2;0.1853;0.03125204918032787;-0.00933226021193733;-0.22994749329690278;-1;1;0;1;Half-yearly, semesterly;Electricity;Consumption from 2 500 kWh to 4 999 kWh - band DC;Kilowatt-hour;All taxes and levies included;Euro;Consumption from 2 500 kWh to 4 999 kWh - band DC;DC;0.03138;0.037020000000000004;0.026539999999999998;0.00208229441624638;0.010480000000000003;6.662905220170685e-05
Slovenia;2021-S1;2021;1;0.1153;0.021884866666666666;;;0;0;0;0;Half-yearly, semesterly;Electricity;Consumption from 2 500 kWh to 4 999 kWh - band DC;Kilowatt-hour;Excluding taxes and levies;Euro;Consumption from 2 500 kWh to 4 999 kWh - band DC;DC;0.021085;0.035;0.01492;0.00482668126102457;0.020079999999999997;0.0002205488082034421
Slovenia;2021-S1;2021;1;0.1363;0.021884866666666666;;;0;0;0;0;Half-yearly, semesterly;Electricity;Consumption from 2 500 kWh to 4 999 kWh - band DC;Kilowatt-hour;Excluding VAT and other recoverable taxes and levies;Euro;Consumption from 2 500 kWh to 4 999 kWh - band DC;DC;0.021085;0.035;0.01492;0.00482668126102457;0.020079999999999997;0.0002205488082034421
Slovenia;2021-S1;2021;1;0.1662;0.021884866666666666;;;0;0;0;0;Half-yearly, semesterly;Electricity;Consumption from 2 500 kWh to 4 999 kWh - band DC;Kilowatt-hour;All taxes and levies included;Euro;Consumption from 2 500 kWh to 4 999 kWh - band DC;DC;0.021085;0.035;0.01492;0.00482668126102457;0.020079999999999997;0.0002205488082034421
Slovenia;2021-S2;2021;2;0.1185;0.07139254054054055;0.04950767387387388;2.2621875941917495;1;0;0;0;Half-yearly, semesterly;Electricity;Consumption from 2 500 kWh to 4 999 kWh - band DC;Kilowatt-hour;Excluding taxes and levies;Euro;Consumption from 2 500 kWh to 4 999 kWh - band DC;DC;0.07078;0.183;0.0338;0.029414433726409856;0.1492;0.00041200990332745994
Slovenia;2021-S2;2021;2;0.1403;0.07139254054054055;0.04950767387387388;2.2621875941917495;1;0;0;0;Half-yearly, semesterly;Electricity;Consumption from 2 500 kWh to 4 999 kWh - band DC;Kilowatt-hour;Excluding VAT and other recoverable taxes and levies;Euro;Consumption from 2 500 kWh to 4 999 kWh - band DC;DC;0.07078;0.183;0.0338;0.029414433726409856;0.1492;0.00041200990332745994
Slovenia;2021-S2;2021;2;0.1711;0.07139254054054055;0.04950767387387388;2.2621875941917495;1;0;0;0;Half-yearly, semesterly;Electricity;Consumption from 2 500 kWh to 4 999 kWh - band DC;Kilowatt-hour;All taxes and levies included;Euro;Consumption from 2 500 kWh to 4 999 kWh - band DC;DC;0.07078;0.183;0.0338;0.029414433726409856;0.1492;0.00041200990332745994
Slovenia;2022-S1;2022;1;0.1023;0.09201900552486186;0.020626464984321316;0.28891624850650177;1;1;1;0;Half-yearly, semesterly;Electricity;Consumption from 2 500 kWh to 4 999 kWh - band DC;Kilowatt-hour;Excluding taxes and levies;Euro;Consumption from 2 500 kWh to 4 999 kWh - band DC;DC;0.08356;0.21436000000000002;0.04856;0.024964136723284833;0.1658;0.0002712932679601712
Slovenia;2022-S1;2022;1;0.1139;0.09201900552486186;0.020626464984321316;0.28891624850650177;1;1;1;0;Half-yearly, semesterly;Electricity;Consumption from 2 500 kWh to 4 999 kWh - band DC;Kilowatt-hour;Excluding VAT and other recoverable taxes and levies;Euro;Consumption from 2 500 kWh to 4 999 kWh - band DC;DC;0.08356;0.21436000000000002;0.04856;0.024964136723284833;0.1658;0.0002712932679601712
Slovenia;2022-S1;2022;1;0.139;0.09201900552486186;0.020626464984321316;0.28891624850650177;1;1;1;0;Half-yearly, semesterly;Electricity;Consumption from 2 500 kWh to 4 999 kWh - band DC;Kilowatt-hour;All taxes and levies included;Euro;Consumption from 2 500 kWh to 4 999 kWh - band DC;DC;0.08356;0.21436000000000002;0.04856;0.024964136723284833;0.1658;0.0002712932679601712
Slovenia;2022-S2;2022;2;0.1533;0.10594205405405406;0.013923048529192197;0.15130622690146822;1;1;1;0;Half-yearly, semesterly;Electricity;Consumption from 2 500 kWh to 4 999 kWh - band DC;Kilowatt-hour;Excluding taxes and levies;Euro;Consumption from 2 500 kWh to 4 999 kWh - band DC;DC;0.1072;0.24;0.027780000000000003;0.043706998868668134;0.21222;0.000412555705653657
Slovenia;2022-S2;2022;2;0.1683;0.10594205405405406;0.013923048529192197;0.15130622690146822;1;1;1;0;Half-yearly, semesterly;Electricity;Consumption from 2 500 kWh to 4 999 kWh - band DC;Kilowatt-hour;Excluding VAT and other recoverable taxes and levies;Euro;Consumption from 2 500 kWh to 4 999 kWh - band DC;DC;0.1072;0.24;0.027780000000000003;0.043706998868668134;0.21222;0.000412555705653657
Slovenia;2022-S2;2022;2;0.1956;0.10594205405405406;0.013923048529192197;0.15130622690146822;1;1;1;0;Half-yearly, semesterly;Electricity;Consumption from 2 500 kWh to 4 999 kWh - band DC;Kilowatt-hour;All taxes and levies included;Euro;Consumption from 2 500 kWh to 4 999 kWh - band DC;DC;0.1072;0.24;0.027780000000000003;0.043706998868668134;0.21222;0.000412555705653657
Slovenia;2023-S1;2023;1;0.1614;0.042229723756906076;-0.06371233029714798;-0.6013884747282745;-1;1;1;0;Half-yearly, semesterly;Electricity;Consumption from 2 500 kWh to 4 999 kWh - band DC;Kilowatt-hour;Excluding taxes and levies;Euro;Consumption from 2 500 kWh to 4 999 kWh - band DC;DC;0.04009;0.07149;0.023780000000000003;0.01198758067663452;0.047709999999999995;0.00028386595057170176
Slovenia;2023-S1;2023;1;0.1728;0.042229723756906076;-0.06371233029714798;-0.6013884747282745;-1;1;1;0;Half-yearly, semesterly;Electricity;Consumption from 2 500 kWh to 4 999 kWh - band DC;Kilowatt-hour;Excluding VAT and other recoverable taxes and levies;Euro;Consumption from 2 500 kWh to 4 999 kWh - band DC;DC;0.04009;0.07149;0.023780000000000003;0.01198758067663452;0.047709999999999995;0.00028386595057170176
Slovenia;2023-S1;2023;1;0.1917;0.042229723756906076;-0.06371233029714798;-0.6013884747282745;-1;1;1;0;Half-yearly, semesterly;Electricity;Consumption from 2 500 kWh to 4 999 kWh - band DC;Kilowatt-hour;All taxes and levies included;Euro;Consumption from 2 500 kWh to 4 999 kWh - band DC;DC;0.04009;0.07149;0.023780000000000003;0.01198758067663452;0.047709999999999995;0.00028386595057170176
Slovenia;2023-S2;2023;2;0.1614;0.03612461956521739;-0.006105104191688686;-0.14456888770650034;-1;1;1;0;Half-yearly, semesterly;Electricity;Consumption from 2 500 kWh to 4 999 kWh - band DC;Kilowatt-hour;Excluding taxes and levies;Euro;Consumption from 2 500 kWh to 4 999 kWh - band DC;DC;0.035894999999999996;0.05256;0.024030000000000003;0.005577214658926646;0.02853;0.00015438819082531373
Slovenia;2023-S2;2023;2;0.1732;0.03612461956521739;-0.006105104191688686;-0.14456888770650034;-1;1;1;0;Half-yearly, semesterly;Electricity;Consumption from 2 500 kWh to 4 999 kWh - band DC;Kilowatt-hour;Excluding VAT and other recoverable taxes and levies;Euro;Consumption from 2 500 kWh to 4 999 kWh - band DC;DC;0.035894999999999996;0.05256;0.024030000000000003;0.005577214658926646;0.02853;0.00015438819082531373
Slovenia;2023-S2;2023;2;0.2113;0.03612461956521739;-0.006105104191688686;-0.14456888770650034;-1;1;1;0;Half-yearly, semesterly;Electricity;Consumption from 2 500 kWh to 4 999 kWh - band DC;Kilowatt-hour;All taxes and levies included;Euro;Consumption from 2 500 kWh to 4 999 kWh - band DC;DC;0.035894999999999996;0.05256;0.024030000000000003;0.005577214658926646;0.02853;0.00015438819082531373
Slovenia;2024-S1;2024;1;0.1684;0.02965928571428571;-0.0064653338509316795;-0.17897306404181013;-1;1;0;1;Half-yearly, semesterly;Electricity;Consumption from 2 500 kWh to 4 999 kWh - band DC;Kilowatt-hour;Excluding taxes and levies;Euro;Consumption from 2 500 kWh to 4 999 kWh - band DC;DC;0.02939;0.03767;0.022719999999999997;0.003562587835220648;0.014950000000000003;0.00012011711507619673
Slovenia;2024-S1;2024;1;0.1708;0.02965928571428571;-0.0064653338509316795;-0.17897306404181013;-1;1;0;1;Half-yearly, semesterly;Electricity;Consumption from 2 500 kWh to 4 999 kWh - band DC;Kilowatt-hour;Excluding VAT and other recoverable taxes and levies;Euro;Consumption from 2 500 kWh to 4 999 kWh - band DC;DC;0.02939;0.03767;0.022719999999999997;0.003562587835220648;0.014950000000000003;0.00012011711507619673
Slovenia;2024-S1;2024;1;0.2084;0.02965928571428571;-0.0064653338509316795;-0.17897306404181013;-1;1;0;1;Half-yearly, semesterly;Electricity;Consumption from 2 500 kWh to 4 999 kWh - band DC;Kilowatt-hour;All taxes and levies included;Euro;Consumption from 2 500 kWh to 4 999 kWh - band DC;DC;0.02939;0.03767;0.022719999999999997;0.003562587835220648;0.014950000000000003;0.00012011711507619673
Slovenia;2024-S2;2024;2;0.162;0.03988162162162163;0.010222335907335917;0.3446588702711819;1;1;0;0;Half-yearly, semesterly;Electricity;Consumption from 2 500 kWh to 4 999 kWh - band DC;Kilowatt-hour;Excluding taxes and levies;Euro;Consumption from 2 500 kWh to 4 999 kWh - band DC;DC;0.03939;0.0528;0.030379999999999997;0.0052140688200674355;0.02242;0.00013073863619529112
Slovenia;2024-S2;2024;2;0.1644;0.03988162162162163;0.010222335907335917;0.3446588702711819;1;1;0;0;Half-yearly, semesterly;Electricity;Consumption from 2 500 kWh to 4 999 kWh - band DC;Kilowatt-hour;Excluding VAT and other recoverable taxes and levies;Euro;Consumption from 2 500 kWh to 4 999 kWh - band DC;DC;0.03939;0.0528;0.030379999999999997;0.0052140688200674355;0.02242;0.00013073863619529112
Slovenia;2024-S2;2024;2;0.2006;0.03988162162162163;0.010222335907335917;0.3446588702711819;1;1;0;0;Half-yearly, semesterly;Electricity;Consumption from 2 500 kWh to 4 999 kWh - band DC;Kilowatt-hour;All taxes and levies included;Euro;Consumption from 2 500 kWh to 4 999 kWh - band DC;DC;0.03939;0.0528;0.030379999999999997;0.0052140688200674355;0.02242;0.00013073863619529112
Slovenia;2025-S1;2025;1;0.1459;0.0405843093922652;0.0007026877706435702;0.01761933798255111;1;1;0;1;Half-yearly, semesterly;Electricity;Consumption from 2 500 kWh to 4 999 kWh - band DC;Kilowatt-hour;Excluding taxes and levies;Euro;Consumption from 2 500 kWh to 4 999 kWh - band DC;DC;0.03953;0.05722;0.03009;0.0070851230831753854;0.027129999999999998;0.00017457788956551042
Slovenia;2025-S1;2025;1;0.1484;0.0405843093922652;0.0007026877706435702;0.01761933798255111;1;1;0;1;Half-yearly, semesterly;Electricity;Consumption from 2 500 kWh to 4 999 kWh - band DC;Kilowatt-hour;Excluding VAT and other recoverable taxes and levies;Euro;Consumption from 2 500 kWh to 4 999 kWh - band DC;DC;0.03953;0.05722;0.03009;0.0070851230831753854;0.027129999999999998;0.00017457788956551042
Slovenia;2025-S1;2025;1;0.181;0.0405843093922652;0.0007026877706435702;0.01761933798255111;1;1;0;1;Half-yearly, semesterly;Electricity;Consumption from 2 500 kWh to 4 999 kWh - band DC;Kilowatt-hour;All taxes and levies included;Euro;Consumption from 2 500 kWh to 4 999 kWh - band DC;DC;0.03953;0.05722;0.03009;0.0070851230831753854;0.027129999999999998;0.00017457788956551042
Slovenia;2025-S2;2025;2;0.1621;0.03125204918032787;-0.00933226021193733;-0.22994749329690278;-1;1;0;1;Half-yearly, semesterly;Electricity;Consumption from 2 500 kWh to 4 999 kWh - band DC;Kilowatt-hour;Excluding taxes and levies;Euro;Consumption from 2 500 kWh to 4 999 kWh - band DC;DC;0.03138;0.037020000000000004;0.026539999999999998;0.00208229441624638;0.010480000000000003;6.662905220170685e-05
Slovenia;2025-S2;2025;2;0.1739;0.03125204918032787;-0.00933226021193733;-0.22994749329690278;-1;1;0;1;Half-yearly, semesterly;Electricity;Consumption from 2 500 kWh to 4 999 kWh - band DC;Kilowatt-hour;Excluding VAT and other recoverable taxes and levies;Euro;Consumption from 2 500 kWh to 4 999 kWh - band DC;DC;0.03138;0.037020000000000004;0.026539999999999998;0.00208229441624638;0.010480000000000003;6.662905220170685e-05
Slovenia;2025-S2;2025;2;0.2121;0.03125204918032787;-0.00933226021193733;-0.22994749329690278;-1;1;0;1;Half-yearly, semesterly;Electricity;Consumption from 2 500 kWh to 4 999 kWh - band DC;Kilowatt-hour;All taxes and levies included;Euro;Consumption from 2 500 kWh to 4 999 kWh - band DC;DC;0.03138;0.037020000000000004;0.026539999999999998;0.00208229441624638;0.010480000000000003;6.662905220170685e-05
Spain;2021-S1;2021;1;0.1358;0.021884866666666666;;;0;0;0;0;Half-yearly, semesterly;Electricity;Consumption from 2 500 kWh to 4 999 kWh - band DC;Kilowatt-hour;Excluding taxes and levies;Euro;Consumption from 2 500 kWh to 4 999 kWh - band DC;DC;0.021085;0.035;0.01492;0.00482668126102457;0.020079999999999997;0.0002205488082034421
Spain;2021-S1;2021;1;0.192;0.021884866666666666;;;0;0;0;0;Half-yearly, semesterly;Electricity;Consumption from 2 500 kWh to 4 999 kWh - band DC;Kilowatt-hour;Excluding VAT and other recoverable taxes and levies;Euro;Consumption from 2 500 kWh to 4 999 kWh - band DC;DC;0.021085;0.035;0.01492;0.00482668126102457;0.020079999999999997;0.0002205488082034421
Spain;2021-S1;2021;1;0.2323;0.021884866666666666;;;0;0;0;0;Half-yearly, semesterly;Electricity;Consumption from 2 500 kWh to 4 999 kWh - band DC;Kilowatt-hour;All taxes and levies included;Euro;Consumption from 2 500 kWh to 4 999 kWh - band DC;DC;0.021085;0.035;0.01492;0.00482668126102457;0.020079999999999997;0.0002205488082034421
Spain;2021-S2;2021;2;0.1878;0.07139254054054055;0.04950767387387388;2.2621875941917495;1;0;0;0;Half-yearly, semesterly;Electricity;Consumption from 2 500 kWh to 4 999 kWh - band DC;Kilowatt-hour;Excluding taxes and levies;Euro;Consumption from 2 500 kWh to 4 999 kWh - band DC;DC;0.07078;0.183;0.0338;0.029414433726409856;0.1492;0.00041200990332745994
Spain;2021-S2;2021;2;0.2517;0.07139254054054055;0.04950767387387388;2.2621875941917495;1;0;0;0;Half-yearly, semesterly;Electricity;Consumption from 2 500 kWh to 4 999 kWh - band DC;Kilowatt-hour;Excluding VAT and other recoverable taxes and levies;Euro;Consumption from 2 500 kWh to 4 999 kWh - band DC;DC;0.07078;0.183;0.0338;0.029414433726409856;0.1492;0.00041200990332745994
Spain;2021-S2;2021;2;0.2816;0.07139254054054055;0.04950767387387388;2.2621875941917495;1;0;0;0;Half-yearly, semesterly;Electricity;Consumption from 2 500 kWh to 4 999 kWh - band DC;Kilowatt-hour;All taxes and levies included;Euro;Consumption from 2 500 kWh to 4 999 kWh - band DC;DC;0.07078;0.183;0.0338;0.029414433726409856;0.1492;0.00041200990332745994
Spain;2022-S1;2022;1;0.2579;0.09201900552486186;0.020626464984321316;0.28891624850650177;1;1;1;0;Half-yearly, semesterly;Electricity;Consumption from 2 500 kWh to 4 999 kWh - band DC;Kilowatt-hour;Excluding taxes and levies;Euro;Consumption from 2 500 kWh to 4 999 kWh - band DC;DC;0.08356;0.21436000000000002;0.04856;0.024964136723284833;0.1658;0.0002712932679601712
Spain;2022-S1;2022;1;0.2822;0.09201900552486186;0.020626464984321316;0.28891624850650177;1;1;1;0;Half-yearly, semesterly;Electricity;Consumption from 2 500 kWh to 4 999 kWh - band DC;Kilowatt-hour;Excluding VAT and other recoverable taxes and levies;Euro;Consumption from 2 500 kWh to 4 999 kWh - band DC;DC;0.08356;0.21436000000000002;0.04856;0.024964136723284833;0.1658;0.0002712932679601712
Spain;2022-S1;2022;1;0.3071;0.09201900552486186;0.020626464984321316;0.28891624850650177;1;1;1;0;Half-yearly, semesterly;Electricity;Consumption from 2 500 kWh to 4 999 kWh - band DC;Kilowatt-hour;All taxes and levies included;Euro;Consumption from 2 500 kWh to 4 999 kWh - band DC;DC;0.08356;0.21436000000000002;0.04856;0.024964136723284833;0.1658;0.0002712932679601712
Spain;2022-S2;2022;2;0.2966;0.10594205405405406;0.013923048529192197;0.15130622690146822;1;1;1;0;Half-yearly, semesterly;Electricity;Consumption from 2 500 kWh to 4 999 kWh - band DC;Kilowatt-hour;Excluding taxes and levies;Euro;Consumption from 2 500 kWh to 4 999 kWh - band DC;DC;0.1072;0.24;0.027780000000000003;0.043706998868668134;0.21222;0.000412555705653657
Spain;2022-S2;2022;2;0.3189;0.10594205405405406;0.013923048529192197;0.15130622690146822;1;1;1;0;Half-yearly, semesterly;Electricity;Consumption from 2 500 kWh to 4 999 kWh - band DC;Kilowatt-hour;Excluding VAT and other recoverable taxes and levies;Euro;Consumption from 2 500 kWh to 4 999 kWh - band DC;DC;0.1072;0.24;0.027780000000000003;0.043706998868668134;0.21222;0.000412555705653657
Spain;2022-S2;2022;2;0.335;0.10594205405405406;0.013923048529192197;0.15130622690146822;1;1;1;0;Half-yearly, semesterly;Electricity;Consumption from 2 500 kWh to 4 999 kWh - band DC;Kilowatt-hour;All taxes and levies included;Euro;Consumption from 2 500 kWh to 4 999 kWh - band DC;DC;0.1072;0.24;0.027780000000000003;0.043706998868668134;0.21222;0.000412555705653657
Spain;2023-S1;2023;1;0.2165;0.042229723756906076;-0.06371233029714798;-0.6013884747282745;-1;1;1;0;Half-yearly, semesterly;Electricity;Consumption from 2 500 kWh to 4 999 kWh - band DC;Kilowatt-hour;Excluding taxes and levies;Euro;Consumption from 2 500 kWh to 4 999 kWh - band DC;DC;0.04009;0.07149;0.023780000000000003;0.01198758067663452;0.047709999999999995;0.00028386595057170176
Spain;2023-S1;2023;1;0.2328;0.042229723756906076;-0.06371233029714798;-0.6013884747282745;-1;1;1;0;Half-yearly, semesterly;Electricity;Consumption from 2 500 kWh to 4 999 kWh - band DC;Kilowatt-hour;Excluding VAT and other recoverable taxes and levies;Euro;Consumption from 2 500 kWh to 4 999 kWh - band DC;DC;0.04009;0.07149;0.023780000000000003;0.01198758067663452;0.047709999999999995;0.00028386595057170176
Spain;2023-S1;2023;1;0.2454;0.042229723756906076;-0.06371233029714798;-0.6013884747282745;-1;1;1;0;Half-yearly, semesterly;Electricity;Consumption from 2 500 kWh to 4 999 kWh - band DC;Kilowatt-hour;All taxes and levies included;Euro;Consumption from 2 500 kWh to 4 999 kWh - band DC;DC;0.04009;0.07149;0.023780000000000003;0.01198758067663452;0.047709999999999995;0.00028386595057170176
Spain;2023-S2;2023;2;0.2068;0.03612461956521739;-0.006105104191688686;-0.14456888770650034;-1;1;1;0;Half-yearly, semesterly;Electricity;Consumption from 2 500 kWh to 4 999 kWh - band DC;Kilowatt-hour;Excluding taxes and levies;Euro;Consumption from 2 500 kWh to 4 999 kWh - band DC;DC;0.035894999999999996;0.05256;0.024030000000000003;0.005577214658926646;0.02853;0.00015438819082531373
Spain;2023-S2;2023;2;0.2228;0.03612461956521739;-0.006105104191688686;-0.14456888770650034;-1;1;1;0;Half-yearly, semesterly;Electricity;Consumption from 2 500 kWh to 4 999 kWh - band DC;Kilowatt-hour;Excluding VAT and other recoverable taxes and levies;Euro;Consumption from 2 500 kWh to 4 999 kWh - band DC;DC;0.035894999999999996;0.05256;0.024030000000000003;0.005577214658926646;0.02853;0.00015438819082531373
Spain;2023-S2;2023;2;0.2347;0.03612461956521739;-0.006105104191688686;-0.14456888770650034;-1;1;1;0;Half-yearly, semesterly;Electricity;Consumption from 2 500 kWh to 4 999 kWh - band DC;Kilowatt-hour;All taxes and levies included;Euro;Consumption from 2 500 kWh to 4 999 kWh - band DC;DC;0.035894999999999996;0.05256;0.024030000000000003;0.005577214658926646;0.02853;0.00015438819082531373
Spain;2024-S1;2024;1;0.1841;0.02965928571428571;-0.0064653338509316795;-0.17897306404181013;-1;1;0;1;Half-yearly, semesterly;Electricity;Consumption from 2 500 kWh to 4 999 kWh - band DC;Kilowatt-hour;Excluding taxes and levies;Euro;Consumption from 2 500 kWh to 4 999 kWh - band DC;DC;0.02939;0.03767;0.022719999999999997;0.003562587835220648;0.014950000000000003;0.00012011711507619673
Spain;2024-S1;2024;1;0.2127;0.02965928571428571;-0.0064653338509316795;-0.17897306404181013;-1;1;0;1;Half-yearly, semesterly;Electricity;Consumption from 2 500 kWh to 4 999 kWh - band DC;Kilowatt-hour;Excluding VAT and other recoverable taxes and levies;Euro;Consumption from 2 500 kWh to 4 999 kWh - band DC;DC;0.02939;0.03767;0.022719999999999997;0.003562587835220648;0.014950000000000003;0.00012011711507619673
Spain;2024-S1;2024;1;0.2436;0.02965928571428571;-0.0064653338509316795;-0.17897306404181013;-1;1;0;1;Half-yearly, semesterly;Electricity;Consumption from 2 500 kWh to 4 999 kWh - band DC;Kilowatt-hour;All taxes and levies included;Euro;Consumption from 2 500 kWh to 4 999 kWh - band DC;DC;0.02939;0.03767;0.022719999999999997;0.003562587835220648;0.014950000000000003;0.00012011711507619673
Spain;2024-S2;2024;2;0.1882;0.03988162162162163;0.010222335907335917;0.3446588702711819;1;1;0;0;Half-yearly, semesterly;Electricity;Consumption from 2 500 kWh to 4 999 kWh - band DC;Kilowatt-hour;Excluding taxes and levies;Euro;Consumption from 2 500 kWh to 4 999 kWh - band DC;DC;0.03939;0.0528;0.030379999999999997;0.0052140688200674355;0.02242;0.00013073863619529112
Spain;2024-S2;2024;2;0.2196;0.03988162162162163;0.010222335907335917;0.3446588702711819;1;1;0;0;Half-yearly, semesterly;Electricity;Consumption from 2 500 kWh to 4 999 kWh - band DC;Kilowatt-hour;Excluding VAT and other recoverable taxes and levies;Euro;Consumption from 2 500 kWh to 4 999 kWh - band DC;DC;0.03939;0.0528;0.030379999999999997;0.0052140688200674355;0.02242;0.00013073863619529112
Spain;2024-S2;2024;2;0.2408;0.03988162162162163;0.010222335907335917;0.3446588702711819;1;1;0;0;Half-yearly, semesterly;Electricity;Consumption from 2 500 kWh to 4 999 kWh - band DC;Kilowatt-hour;All taxes and levies included;Euro;Consumption from 2 500 kWh to 4 999 kWh - band DC;DC;0.03939;0.0528;0.030379999999999997;0.0052140688200674355;0.02242;0.00013073863619529112
Spain;2025-S1;2025;1;0.1803;0.0405843093922652;0.0007026877706435702;0.01761933798255111;1;1;0;1;Half-yearly, semesterly;Electricity;Consumption from 2 500 kWh to 4 999 kWh - band DC;Kilowatt-hour;Excluding taxes and levies;Euro;Consumption from 2 500 kWh to 4 999 kWh - band DC;DC;0.03953;0.05722;0.03009;0.0070851230831753854;0.027129999999999998;0.00017457788956551042
Spain;2025-S1;2025;1;0.2176;0.0405843093922652;0.0007026877706435702;0.01761933798255111;1;1;0;1;Half-yearly, semesterly;Electricity;Consumption from 2 500 kWh to 4 999 kWh - band DC;Kilowatt-hour;Excluding VAT and other recoverable taxes and levies;Euro;Consumption from 2 500 kWh to 4 999 kWh - band DC;DC;0.03953;0.05722;0.03009;0.0070851230831753854;0.027129999999999998;0.00017457788956551042
Spain;2025-S1;2025;1;0.2612;0.0405843093922652;0.0007026877706435702;0.01761933798255111;1;1;0;1;Half-yearly, semesterly;Electricity;Consumption from 2 500 kWh to 4 999 kWh - band DC;Kilowatt-hour;All taxes and levies included;Euro;Consumption from 2 500 kWh to 4 999 kWh - band DC;DC;0.03953;0.05722;0.03009;0.0070851230831753854;0.027129999999999998;0.00017457788956551042
Spain;2025-S2;2025;2;0.184;0.03125204918032787;-0.00933226021193733;-0.22994749329690278;-1;1;0;1;Half-yearly, semesterly;Electricity;Consumption from 2 500 kWh to 4 999 kWh - band DC;Kilowatt-hour;Excluding taxes and levies;Euro;Consumption from 2 500 kWh to 4 999 kWh - band DC;DC;0.03138;0.037020000000000004;0.026539999999999998;0.00208229441624638;0.010480000000000003;6.662905220170685e-05
Spain;2025-S2;2025;2;0.2223;0.03125204918032787;-0.00933226021193733;-0.22994749329690278;-1;1;0;1;Half-yearly, semesterly;Electricity;Consumption from 2 500 kWh to 4 999 kWh - band DC;Kilowatt-hour;Excluding VAT and other recoverable taxes and levies;Euro;Consumption from 2 500 kWh to 4 999 kWh - band DC;DC;0.03138;0.037020000000000004;0.026539999999999998;0.00208229441624638;0.010480000000000003;6.662905220170685e-05
Spain;2025-S2;2025;2;0.2669;0.03125204918032787;-0.00933226021193733;-0.22994749329690278;-1;1;0;1;Half-yearly, semesterly;Electricity;Consumption from 2 500 kWh to 4 999 kWh - band DC;Kilowatt-hour;All taxes and levies included;Euro;Consumption from 2 500 kWh to 4 999 kWh - band DC;DC;0.03138;0.037020000000000004;0.026539999999999998;0.00208229441624638;0.010480000000000003;6.662905220170685e-05
Sweden;2021-S1;2021;1;0.134;0.021884866666666666;;;0;0;0;0;Half-yearly, semesterly;Electricity;Consumption from 2 500 kWh to 4 999 kWh - band DC;Kilowatt-hour;Excluding taxes and levies;Euro;Consumption from 2 500 kWh to 4 999 kWh - band DC;DC;0.021085;0.035;0.01492;0.00482668126102457;0.020079999999999997;0.0002205488082034421
Sweden;2021-S1;2021;1;0.1691;0.021884866666666666;;;0;0;0;0;Half-yearly, semesterly;Electricity;Consumption from 2 500 kWh to 4 999 kWh - band DC;Kilowatt-hour;Excluding VAT and other recoverable taxes and levies;Euro;Consumption from 2 500 kWh to 4 999 kWh - band DC;DC;0.021085;0.035;0.01492;0.00482668126102457;0.020079999999999997;0.0002205488082034421
Sweden;2021-S1;2021;1;0.2114;0.021884866666666666;;;0;0;0;0;Half-yearly, semesterly;Electricity;Consumption from 2 500 kWh to 4 999 kWh - band DC;Kilowatt-hour;All taxes and levies included;Euro;Consumption from 2 500 kWh to 4 999 kWh - band DC;DC;0.021085;0.035;0.01492;0.00482668126102457;0.020079999999999997;0.0002205488082034421
Sweden;2021-S2;2021;2;0.1733;0.07139254054054055;0.04950767387387388;2.2621875941917495;1;0;0;0;Half-yearly, semesterly;Electricity;Consumption from 2 500 kWh to 4 999 kWh - band DC;Kilowatt-hour;Excluding taxes and levies;Euro;Consumption from 2 500 kWh to 4 999 kWh - band DC;DC;0.07078;0.183;0.0338;0.029414433726409856;0.1492;0.00041200990332745994
Sweden;2021-S2;2021;2;0.2084;0.07139254054054055;0.04950767387387388;2.2621875941917495;1;0;0;0;Half-yearly, semesterly;Electricity;Consumption from 2 500 kWh to 4 999 kWh - band DC;Kilowatt-hour;Excluding VAT and other recoverable taxes and levies;Euro;Consumption from 2 500 kWh to 4 999 kWh - band DC;DC;0.07078;0.183;0.0338;0.029414433726409856;0.1492;0.00041200990332745994
Sweden;2021-S2;2021;2;0.2604;0.07139254054054055;0.04950767387387388;2.2621875941917495;1;0;0;0;Half-yearly, semesterly;Electricity;Consumption from 2 500 kWh to 4 999 kWh - band DC;Kilowatt-hour;All taxes and levies included;Euro;Consumption from 2 500 kWh to 4 999 kWh - band DC;DC;0.07078;0.183;0.0338;0.029414433726409856;0.1492;0.00041200990332745994
Sweden;2022-S1;2022;1;0.1815;0.09201900552486186;0.020626464984321316;0.28891624850650177;1;1;1;0;Half-yearly, semesterly;Electricity;Consumption from 2 500 kWh to 4 999 kWh - band DC;Kilowatt-hour;Excluding taxes and levies;Euro;Consumption from 2 500 kWh to 4 999 kWh - band DC;DC;0.08356;0.21436000000000002;0.04856;0.024964136723284833;0.1658;0.0002712932679601712
Sweden;2022-S1;2022;1;0.1738;0.09201900552486186;0.020626464984321316;0.28891624850650177;1;1;1;0;Half-yearly, semesterly;Electricity;Consumption from 2 500 kWh to 4 999 kWh - band DC;Kilowatt-hour;Excluding VAT and other recoverable taxes and levies;Euro;Consumption from 2 500 kWh to 4 999 kWh - band DC;DC;0.08356;0.21436000000000002;0.04856;0.024964136723284833;0.1658;0.0002712932679601712
Sweden;2022-S1;2022;1;0.2278;0.09201900552486186;0.020626464984321316;0.28891624850650177;1;1;1;0;Half-yearly, semesterly;Electricity;Consumption from 2 500 kWh to 4 999 kWh - band DC;Kilowatt-hour;All taxes and levies included;Euro;Consumption from 2 500 kWh to 4 999 kWh - band DC;DC;0.08356;0.21436000000000002;0.04856;0.024964136723284833;0.1658;0.0002712932679601712
Sweden;2022-S2;2022;2;0.2489;0.10594205405405406;0.013923048529192197;0.15130622690146822;1;1;1;0;Half-yearly, semesterly;Electricity;Consumption from 2 500 kWh to 4 999 kWh - band DC;Kilowatt-hour;Excluding taxes and levies;Euro;Consumption from 2 500 kWh to 4 999 kWh - band DC;DC;0.1072;0.24;0.027780000000000003;0.043706998868668134;0.21222;0.000412555705653657
Sweden;2022-S2;2022;2;0.2034;0.10594205405405406;0.013923048529192197;0.15130622690146822;1;1;1;0;Half-yearly, semesterly;Electricity;Consumption from 2 500 kWh to 4 999 kWh - band DC;Kilowatt-hour;Excluding VAT and other recoverable taxes and levies;Euro;Consumption from 2 500 kWh to 4 999 kWh - band DC;DC;0.1072;0.24;0.027780000000000003;0.043706998868668134;0.21222;0.000412555705653657
Sweden;2022-S2;2022;2;0.274;0.10594205405405406;0.013923048529192197;0.15130622690146822;1;1;1;0;Half-yearly, semesterly;Electricity;Consumption from 2 500 kWh to 4 999 kWh - band DC;Kilowatt-hour;All taxes and levies included;Euro;Consumption from 2 500 kWh to 4 999 kWh - band DC;DC;0.1072;0.24;0.027780000000000003;0.043706998868668134;0.21222;0.000412555705653657
Sweden;2023-S1;2023;1;0.1784;0.042229723756906076;-0.06371233029714798;-0.6013884747282745;-1;1;1;0;Half-yearly, semesterly;Electricity;Consumption from 2 500 kWh to 4 999 kWh - band DC;Kilowatt-hour;Excluding taxes and levies;Euro;Consumption from 2 500 kWh to 4 999 kWh - band DC;DC;0.04009;0.07149;0.023780000000000003;0.01198758067663452;0.047709999999999995;0.00028386595057170176
Sweden;2023-S1;2023;1;0.213;0.042229723756906076;-0.06371233029714798;-0.6013884747282745;-1;1;1;0;Half-yearly, semesterly;Electricity;Consumption from 2 500 kWh to 4 999 kWh - band DC;Kilowatt-hour;Excluding VAT and other recoverable taxes and levies;Euro;Consumption from 2 500 kWh to 4 999 kWh - band DC;DC;0.04009;0.07149;0.023780000000000003;0.01198758067663452;0.047709999999999995;0.00028386595057170176
Sweden;2023-S1;2023;1;0.2662;0.042229723756906076;-0.06371233029714798;-0.6013884747282745;-1;1;1;0;Half-yearly, semesterly;Electricity;Consumption from 2 500 kWh to 4 999 kWh - band DC;Kilowatt-hour;All taxes and levies included;Euro;Consumption from 2 500 kWh to 4 999 kWh - band DC;DC;0.04009;0.07149;0.023780000000000003;0.01198758067663452;0.047709999999999995;0.00028386595057170176
Sweden;2023-S2;2023;2;0.1407;0.03612461956521739;-0.006105104191688686;-0.14456888770650034;-1;1;1;0;Half-yearly, semesterly;Electricity;Consumption from 2 500 kWh to 4 999 kWh - band DC;Kilowatt-hour;Excluding taxes and levies;Euro;Consumption from 2 500 kWh to 4 999 kWh - band DC;DC;0.035894999999999996;0.05256;0.024030000000000003;0.005577214658926646;0.02853;0.00015438819082531373
Sweden;2023-S2;2023;2;0.1744;0.03612461956521739;-0.006105104191688686;-0.14456888770650034;-1;1;1;0;Half-yearly, semesterly;Electricity;Consumption from 2 500 kWh to 4 999 kWh - band DC;Kilowatt-hour;Excluding VAT and other recoverable taxes and levies;Euro;Consumption from 2 500 kWh to 4 999 kWh - band DC;DC;0.035894999999999996;0.05256;0.024030000000000003;0.005577214658926646;0.02853;0.00015438819082531373
Sweden;2023-S2;2023;2;0.2181;0.03612461956521739;-0.006105104191688686;-0.14456888770650034;-1;1;1;0;Half-yearly, semesterly;Electricity;Consumption from 2 500 kWh to 4 999 kWh - band DC;Kilowatt-hour;All taxes and levies included;Euro;Consumption from 2 500 kWh to 4 999 kWh - band DC;DC;0.035894999999999996;0.05256;0.024030000000000003;0.005577214658926646;0.02853;0.00015438819082531373
Sweden;2024-S1;2024;1;0.1571;0.02965928571428571;-0.0064653338509316795;-0.17897306404181013;-1;1;0;1;Half-yearly, semesterly;Electricity;Consumption from 2 500 kWh to 4 999 kWh - band DC;Kilowatt-hour;Excluding taxes and levies;Euro;Consumption from 2 500 kWh to 4 999 kWh - band DC;DC;0.02939;0.03767;0.022719999999999997;0.003562587835220648;0.014950000000000003;0.00012011711507619673
Sweden;2024-S1;2024;1;0.1947;0.02965928571428571;-0.0064653338509316795;-0.17897306404181013;-1;1;0;1;Half-yearly, semesterly;Electricity;Consumption from 2 500 kWh to 4 999 kWh - band DC;Kilowatt-hour;Excluding VAT and other recoverable taxes and levies;Euro;Consumption from 2 500 kWh to 4 999 kWh - band DC;DC;0.02939;0.03767;0.022719999999999997;0.003562587835220648;0.014950000000000003;0.00012011711507619673
Sweden;2024-S1;2024;1;0.2434;0.02965928571428571;-0.0064653338509316795;-0.17897306404181013;-1;1;0;1;Half-yearly, semesterly;Electricity;Consumption from 2 500 kWh to 4 999 kWh - band DC;Kilowatt-hour;All taxes and levies included;Euro;Consumption from 2 500 kWh to 4 999 kWh - band DC;DC;0.02939;0.03767;0.022719999999999997;0.003562587835220648;0.014950000000000003;0.00012011711507619673
Sweden;2024-S2;2024;2;0.1507;0.03988162162162163;0.010222335907335917;0.3446588702711819;1;1;0;0;Half-yearly, semesterly;Electricity;Consumption from 2 500 kWh to 4 999 kWh - band DC;Kilowatt-hour;Excluding taxes and levies;Euro;Consumption from 2 500 kWh to 4 999 kWh - band DC;DC;0.03939;0.0528;0.030379999999999997;0.0052140688200674355;0.02242;0.00013073863619529112
Sweden;2024-S2;2024;2;0.188;0.03988162162162163;0.010222335907335917;0.3446588702711819;1;1;0;0;Half-yearly, semesterly;Electricity;Consumption from 2 500 kWh to 4 999 kWh - band DC;Kilowatt-hour;Excluding VAT and other recoverable taxes and levies;Euro;Consumption from 2 500 kWh to 4 999 kWh - band DC;DC;0.03939;0.0528;0.030379999999999997;0.0052140688200674355;0.02242;0.00013073863619529112
Sweden;2024-S2;2024;2;0.2351;0.03988162162162163;0.010222335907335917;0.3446588702711819;1;1;0;0;Half-yearly, semesterly;Electricity;Consumption from 2 500 kWh to 4 999 kWh - band DC;Kilowatt-hour;All taxes and levies included;Euro;Consumption from 2 500 kWh to 4 999 kWh - band DC;DC;0.03939;0.0528;0.030379999999999997;0.0052140688200674355;0.02242;0.00013073863619529112
Sweden;2025-S1;2025;1;0.1727;0.0405843093922652;0.0007026877706435702;0.01761933798255111;1;1;0;1;Half-yearly, semesterly;Electricity;Consumption from 2 500 kWh to 4 999 kWh - band DC;Kilowatt-hour;Excluding taxes and levies;Euro;Consumption from 2 500 kWh to 4 999 kWh - band DC;DC;0.03953;0.05722;0.03009;0.0070851230831753854;0.027129999999999998;0.00017457788956551042
Sweden;2025-S1;2025;1;0.2123;0.0405843093922652;0.0007026877706435702;0.01761933798255111;1;1;0;1;Half-yearly, semesterly;Electricity;Consumption from 2 500 kWh to 4 999 kWh - band DC;Kilowatt-hour;Excluding VAT and other recoverable taxes and levies;Euro;Consumption from 2 500 kWh to 4 999 kWh - band DC;DC;0.03953;0.05722;0.03009;0.0070851230831753854;0.027129999999999998;0.00017457788956551042
Sweden;2025-S1;2025;1;0.2654;0.0405843093922652;0.0007026877706435702;0.01761933798255111;1;1;0;1;Half-yearly, semesterly;Electricity;Consumption from 2 500 kWh to 4 999 kWh - band DC;Kilowatt-hour;All taxes and levies included;Euro;Consumption from 2 500 kWh to 4 999 kWh - band DC;DC;0.03953;0.05722;0.03009;0.0070851230831753854;0.027129999999999998;0.00017457788956551042
Sweden;2025-S2;2025;2;0.1771;0.03125204918032787;-0.00933226021193733;-0.22994749329690278;-1;1;0;1;Half-yearly, semesterly;Electricity;Consumption from 2 500 kWh to 4 999 kWh - band DC;Kilowatt-hour;Excluding taxes and levies;Euro;Consumption from 2 500 kWh to 4 999 kWh - band DC;DC;0.03138;0.037020000000000004;0.026539999999999998;0.00208229441624638;0.010480000000000003;6.662905220170685e-05
Sweden;2025-S2;2025;2;0.2169;0.03125204918032787;-0.00933226021193733;-0.22994749329690278;-1;1;0;1;Half-yearly, semesterly;Electricity;Consumption from 2 500 kWh to 4 999 kWh - band DC;Kilowatt-hour;Excluding VAT and other recoverable taxes and levies;Euro;Consumption from 2 500 kWh to 4 999 kWh - band DC;DC;0.03138;0.037020000000000004;0.026539999999999998;0.00208229441624638;0.010480000000000003;6.662905220170685e-05
Sweden;2025-S2;2025;2;0.2711;0.03125204918032787;-0.00933226021193733;-0.22994749329690278;-1;1;0;1;Half-yearly, semesterly;Electricity;Consumption from 2 500 kWh to 4 999 kWh - band DC;Kilowatt-hour;All taxes and levies included;Euro;Consumption from 2 500 kWh to 4 999 kWh - band DC;DC;0.03138;0.037020000000000004;0.026539999999999998;0.00208229441624638;0.010480000000000003;6.662905220170685e-05
Türkiye;2021-S1;2021;1;0.0672;0.021884866666666666;;;0;0;0;0;Half-yearly, semesterly;Electricity;Consumption from 2 500 kWh to 4 999 kWh - band DC;Kilowatt-hour;Excluding taxes and levies;Euro;Consumption from 2 500 kWh to 4 999 kWh - band DC;DC;0.021085;0.035;0.01492;0.00482668126102457;0.020079999999999997;0.0002205488082034421
Türkiye;2021-S1;2021;1;0.0705;0.021884866666666666;;;0;0;0;0;Half-yearly, semesterly;Electricity;Consumption from 2 500 kWh to 4 999 kWh - band DC;Kilowatt-hour;Excluding VAT and other recoverable taxes and levies;Euro;Consumption from 2 500 kWh to 4 999 kWh - band DC;DC;0.021085;0.035;0.01492;0.00482668126102457;0.020079999999999997;0.0002205488082034421
Türkiye;2021-S1;2021;1;0.0834;0.021884866666666666;;;0;0;0;0;Half-yearly, semesterly;Electricity;Consumption from 2 500 kWh to 4 999 kWh - band DC;Kilowatt-hour;All taxes and levies included;Euro;Consumption from 2 500 kWh to 4 999 kWh - band DC;DC;0.021085;0.035;0.01492;0.00482668126102457;0.020079999999999997;0.0002205488082034421
Türkiye;2021-S2;2021;2;0.0637;0.07139254054054055;0.04950767387387388;2.2621875941917495;1;0;0;0;Half-yearly, semesterly;Electricity;Consumption from 2 500 kWh to 4 999 kWh - band DC;Kilowatt-hour;Excluding taxes and levies;Euro;Consumption from 2 500 kWh to 4 999 kWh - band DC;DC;0.07078;0.183;0.0338;0.029414433726409856;0.1492;0.00041200990332745994
Türkiye;2021-S2;2021;2;0.0668;0.07139254054054055;0.04950767387387388;2.2621875941917495;1;0;0;0;Half-yearly, semesterly;Electricity;Consumption from 2 500 kWh to 4 999 kWh - band DC;Kilowatt-hour;Excluding VAT and other recoverable taxes and levies;Euro;Consumption from 2 500 kWh to 4 999 kWh - band DC;DC;0.07078;0.183;0.0338;0.029414433726409856;0.1492;0.00041200990332745994
Türkiye;2021-S2;2021;2;0.0788;0.07139254054054055;0.04950767387387388;2.2621875941917495;1;0;0;0;Half-yearly, semesterly;Electricity;Consumption from 2 500 kWh to 4 999 kWh - band DC;Kilowatt-hour;All taxes and levies included;Euro;Consumption from 2 500 kWh to 4 999 kWh - band DC;DC;0.07078;0.183;0.0338;0.029414433726409856;0.1492;0.00041200990332745994
Türkiye;2022-S1;2022;1;0.0748;0.09201900552486186;0.020626464984321316;0.28891624850650177;1;1;1;0;Half-yearly, semesterly;Electricity;Consumption from 2 500 kWh to 4 999 kWh - band DC;Kilowatt-hour;Excluding taxes and levies;Euro;Consumption from 2 500 kWh to 4 999 kWh - band DC;DC;0.08356;0.21436000000000002;0.04856;0.024964136723284833;0.1658;0.0002712932679601712
Türkiye;2022-S1;2022;1;0.0775;0.09201900552486186;0.020626464984321316;0.28891624850650177;1;1;1;0;Half-yearly, semesterly;Electricity;Consumption from 2 500 kWh to 4 999 kWh - band DC;Kilowatt-hour;Excluding VAT and other recoverable taxes and levies;Euro;Consumption from 2 500 kWh to 4 999 kWh - band DC;DC;0.08356;0.21436000000000002;0.04856;0.024964136723284833;0.1658;0.0002712932679601712
Türkiye;2022-S1;2022;1;0.0866;0.09201900552486186;0.020626464984321316;0.28891624850650177;1;1;1;0;Half-yearly, semesterly;Electricity;Consumption from 2 500 kWh to 4 999 kWh - band DC;Kilowatt-hour;All taxes and levies included;Euro;Consumption from 2 500 kWh to 4 999 kWh - band DC;DC;0.08356;0.21436000000000002;0.04856;0.024964136723284833;0.1658;0.0002712932679601712
Türkiye;2022-S2;2022;2;0.0833;0.10594205405405406;0.013923048529192197;0.15130622690146822;1;1;1;0;Half-yearly, semesterly;Electricity;Consumption from 2 500 kWh to 4 999 kWh - band DC;Kilowatt-hour;Excluding taxes and levies;Euro;Consumption from 2 500 kWh to 4 999 kWh - band DC;DC;0.1072;0.24;0.027780000000000003;0.043706998868668134;0.21222;0.000412555705653657
Türkiye;2022-S2;2022;2;0.0863;0.10594205405405406;0.013923048529192197;0.15130622690146822;1;1;1;0;Half-yearly, semesterly;Electricity;Consumption from 2 500 kWh to 4 999 kWh - band DC;Kilowatt-hour;Excluding VAT and other recoverable taxes and levies;Euro;Consumption from 2 500 kWh to 4 999 kWh - band DC;DC;0.1072;0.24;0.027780000000000003;0.043706998868668134;0.21222;0.000412555705653657
Türkiye;2022-S2;2022;2;0.0932;0.10594205405405406;0.013923048529192197;0.15130622690146822;1;1;1;0;Half-yearly, semesterly;Electricity;Consumption from 2 500 kWh to 4 999 kWh - band DC;Kilowatt-hour;All taxes and levies included;Euro;Consumption from 2 500 kWh to 4 999 kWh - band DC;DC;0.1072;0.24;0.027780000000000003;0.043706998868668134;0.21222;0.000412555705653657
Türkiye;2023-S1;2023;1;0.0759;0.042229723756906076;-0.06371233029714798;-0.6013884747282745;-1;1;1;0;Half-yearly, semesterly;Electricity;Consumption from 2 500 kWh to 4 999 kWh - band DC;Kilowatt-hour;Excluding taxes and levies;Euro;Consumption from 2 500 kWh to 4 999 kWh - band DC;DC;0.04009;0.07149;0.023780000000000003;0.01198758067663452;0.047709999999999995;0.00028386595057170176
Türkiye;2023-S1;2023;1;0.0779;0.042229723756906076;-0.06371233029714798;-0.6013884747282745;-1;1;1;0;Half-yearly, semesterly;Electricity;Consumption from 2 500 kWh to 4 999 kWh - band DC;Kilowatt-hour;Excluding VAT and other recoverable taxes and levies;Euro;Consumption from 2 500 kWh to 4 999 kWh - band DC;DC;0.04009;0.07149;0.023780000000000003;0.01198758067663452;0.047709999999999995;0.00028386595057170176
Türkiye;2023-S1;2023;1;0.0842;0.042229723756906076;-0.06371233029714798;-0.6013884747282745;-1;1;1;0;Half-yearly, semesterly;Electricity;Consumption from 2 500 kWh to 4 999 kWh - band DC;Kilowatt-hour;All taxes and levies included;Euro;Consumption from 2 500 kWh to 4 999 kWh - band DC;DC;0.04009;0.07149;0.023780000000000003;0.01198758067663452;0.047709999999999995;0.00028386595057170176
Türkiye;2023-S2;2023;2;0.0501;0.03612461956521739;-0.006105104191688686;-0.14456888770650034;-1;1;1;0;Half-yearly, semesterly;Electricity;Consumption from 2 500 kWh to 4 999 kWh - band DC;Kilowatt-hour;Excluding taxes and levies;Euro;Consumption from 2 500 kWh to 4 999 kWh - band DC;DC;0.035894999999999996;0.05256;0.024030000000000003;0.005577214658926646;0.02853;0.00015438819082531373
Türkiye;2023-S2;2023;2;0.0512;0.03612461956521739;-0.006105104191688686;-0.14456888770650034;-1;1;1;0;Half-yearly, semesterly;Electricity;Consumption from 2 500 kWh to 4 999 kWh - band DC;Kilowatt-hour;Excluding VAT and other recoverable taxes and levies;Euro;Consumption from 2 500 kWh to 4 999 kWh - band DC;DC;0.035894999999999996;0.05256;0.024030000000000003;0.005577214658926646;0.02853;0.00015438819082531373
Türkiye;2023-S2;2023;2;0.0562;0.03612461956521739;-0.006105104191688686;-0.14456888770650034;-1;1;1;0;Half-yearly, semesterly;Electricity;Consumption from 2 500 kWh to 4 999 kWh - band DC;Kilowatt-hour;All taxes and levies included;Euro;Consumption from 2 500 kWh to 4 999 kWh - band DC;DC;0.035894999999999996;0.05256;0.024030000000000003;0.005577214658926646;0.02853;0.00015438819082531373
Türkiye;2024-S1;2024;1;0.0434;0.02965928571428571;-0.0064653338509316795;-0.17897306404181013;-1;1;0;1;Half-yearly, semesterly;Electricity;Consumption from 2 500 kWh to 4 999 kWh - band DC;Kilowatt-hour;Excluding taxes and levies;Euro;Consumption from 2 500 kWh to 4 999 kWh - band DC;DC;0.02939;0.03767;0.022719999999999997;0.003562587835220648;0.014950000000000003;0.00012011711507619673
Türkiye;2024-S1;2024;1;0.0444;0.02965928571428571;-0.0064653338509316795;-0.17897306404181013;-1;1;0;1;Half-yearly, semesterly;Electricity;Consumption from 2 500 kWh to 4 999 kWh - band DC;Kilowatt-hour;Excluding VAT and other recoverable taxes and levies;Euro;Consumption from 2 500 kWh to 4 999 kWh - band DC;DC;0.02939;0.03767;0.022719999999999997;0.003562587835220648;0.014950000000000003;0.00012011711507619673
Türkiye;2024-S1;2024;1;0.0488;0.02965928571428571;-0.0064653338509316795;-0.17897306404181013;-1;1;0;1;Half-yearly, semesterly;Electricity;Consumption from 2 500 kWh to 4 999 kWh - band DC;Kilowatt-hour;All taxes and levies included;Euro;Consumption from 2 500 kWh to 4 999 kWh - band DC;DC;0.02939;0.03767;0.022719999999999997;0.003562587835220648;0.014950000000000003;0.00012011711507619673
Türkiye;2024-S2;2024;2;0.0554;0.03988162162162163;0.010222335907335917;0.3446588702711819;1;1;0;0;Half-yearly, semesterly;Electricity;Consumption from 2 500 kWh to 4 999 kWh - band DC;Kilowatt-hour;Excluding taxes and levies;Euro;Consumption from 2 500 kWh to 4 999 kWh - band DC;DC;0.03939;0.0528;0.030379999999999997;0.0052140688200674355;0.02242;0.00013073863619529112
Türkiye;2024-S2;2024;2;0.0563;0.03988162162162163;0.010222335907335917;0.3446588702711819;1;1;0;0;Half-yearly, semesterly;Electricity;Consumption from 2 500 kWh to 4 999 kWh - band DC;Kilowatt-hour;Excluding VAT and other recoverable taxes and levies;Euro;Consumption from 2 500 kWh to 4 999 kWh - band DC;DC;0.03939;0.0528;0.030379999999999997;0.0052140688200674355;0.02242;0.00013073863619529112
Türkiye;2024-S2;2024;2;0.062;0.03988162162162163;0.010222335907335917;0.3446588702711819;1;1;0;0;Half-yearly, semesterly;Electricity;Consumption from 2 500 kWh to 4 999 kWh - band DC;Kilowatt-hour;All taxes and levies included;Euro;Consumption from 2 500 kWh to 4 999 kWh - band DC;DC;0.03939;0.0528;0.030379999999999997;0.0052140688200674355;0.02242;0.00013073863619529112
Türkiye;2025-S1;2025;1;0.0552;0.0405843093922652;0.0007026877706435702;0.01761933798255111;1;1;0;1;Half-yearly, semesterly;Electricity;Consumption from 2 500 kWh to 4 999 kWh - band DC;Kilowatt-hour;Excluding taxes and levies;Euro;Consumption from 2 500 kWh to 4 999 kWh - band DC;DC;0.03953;0.05722;0.03009;0.0070851230831753854;0.027129999999999998;0.00017457788956551042
Türkiye;2025-S1;2025;1;0.0561;0.0405843093922652;0.0007026877706435702;0.01761933798255111;1;1;0;1;Half-yearly, semesterly;Electricity;Consumption from 2 500 kWh to 4 999 kWh - band DC;Kilowatt-hour;Excluding VAT and other recoverable taxes and levies;Euro;Consumption from 2 500 kWh to 4 999 kWh - band DC;DC;0.03953;0.05722;0.03009;0.0070851230831753854;0.027129999999999998;0.00017457788956551042
Türkiye;2025-S1;2025;1;0.0617;0.0405843093922652;0.0007026877706435702;0.01761933798255111;1;1;0;1;Half-yearly, semesterly;Electricity;Consumption from 2 500 kWh to 4 999 kWh - band DC;Kilowatt-hour;All taxes and levies included;Euro;Consumption from 2 500 kWh to 4 999 kWh - band DC;DC;0.03953;0.05722;0.03009;0.0070851230831753854;0.027129999999999998;0.00017457788956551042
Türkiye;2025-S2;2025;2;0.0569;0.03125204918032787;-0.00933226021193733;-0.22994749329690278;-1;1;0;1;Half-yearly, semesterly;Electricity;Consumption from 2 500 kWh to 4 999 kWh - band DC;Kilowatt-hour;Excluding taxes and levies;Euro;Consumption from 2 500 kWh to 4 999 kWh - band DC;DC;0.03138;0.037020000000000004;0.026539999999999998;0.00208229441624638;0.010480000000000003;6.662905220170685e-05
Türkiye;2025-S2;2025;2;0.0578;0.03125204918032787;-0.00933226021193733;-0.22994749329690278;-1;1;0;1;Half-yearly, semesterly;Electricity;Consumption from 2 500 kWh to 4 999 kWh - band DC;Kilowatt-hour;Excluding VAT and other recoverable taxes and levies;Euro;Consumption from 2 500 kWh to 4 999 kWh - band DC;DC;0.03138;0.037020000000000004;0.026539999999999998;0.00208229441624638;0.010480000000000003;6.662905220170685e-05
Türkiye;2025-S2;2025;2;0.0636;0.03125204918032787;-0.00933226021193733;-0.22994749329690278;-1;1;0;1;Half-yearly, semesterly;Electricity;Consumption from 2 500 kWh to 4 999 kWh - band DC;Kilowatt-hour;All taxes and levies included;Euro;Consumption from 2 500 kWh to 4 999 kWh - band DC;DC;0.03138;0.037020000000000004;0.026539999999999998;0.00208229441624638;0.010480000000000003;6.662905220170685e-05
Ukraine;2021-S1;2021;1;0.0404;0.021884866666666666;;;0;0;0;0;Half-yearly, semesterly;Electricity;Consumption from 2 500 kWh to 4 999 kWh - band DC;Kilowatt-hour;Excluding taxes and levies;Euro;Consumption from 2 500 kWh to 4 999 kWh - band DC;DC;0.021085;0.035;0.01492;0.00482668126102457;0.020079999999999997;0.0002205488082034421
Ukraine;2021-S1;2021;1;0.0404;0.021884866666666666;;;0;0;0;0;Half-yearly, semesterly;Electricity;Consumption from 2 500 kWh to 4 999 kWh - band DC;Kilowatt-hour;Excluding VAT and other recoverable taxes and levies;Euro;Consumption from 2 500 kWh to 4 999 kWh - band DC;DC;0.021085;0.035;0.01492;0.00482668126102457;0.020079999999999997;0.0002205488082034421
Ukraine;2021-S1;2021;1;0.0485;0.021884866666666666;;;0;0;0;0;Half-yearly, semesterly;Electricity;Consumption from 2 500 kWh to 4 999 kWh - band DC;Kilowatt-hour;All taxes and levies included;Euro;Consumption from 2 500 kWh to 4 999 kWh - band DC;DC;0.021085;0.035;0.01492;0.00482668126102457;0.020079999999999997;0.0002205488082034421
