Trading_Day;Gas_Price;Year;Month;Day;Day_of_Week;Day_of_Year;Quarter;Semester_Number;Month_Sin;Month_Cos;Day_of_Week_Sin;Day_of_Week_Cos;Gas_Price_Lag_1;Gas_Price_Lag_7;Gas_Price_Lag_14;Gas_Price_Lag_30;Gas_Price_Pct_Change;Gas_Price_Pct_Change_Lag_1;Gas_Trend;Gas_Rolling_Mean_7;Gas_Rolling_Mean_30;Gas_Rolling_Std_7;Ukraine_War;Energy_Crisis;Middle_East_Conflict
2021-03-03;16.15;2021;3;3;2;62;1;1;1.0;6.123233995736766e-17;0.9749279121818236;-0.22252093395631434;16.07;15.83;16.26;17.81;0.49782202862476144;-0.863664404688469;0.2400000000000002;15.765714285714285;16.692666666666664;0.5678279417469507;0;0;0
2021-03-04;16.18;2021;3;4;3;63;1;1;1.0;6.123233995736766e-17;0.43388373911755823;-0.900968867902419;16.15;15.77;16.07;17.85;0.18575851393189957;0.49782202862476144;0.379999999999999;15.81142857142857;16.637333333333334;0.5864420565702054;0;0;0
2021-03-05;16.02;2021;3;5;4;64;1;1;1.0;6.123233995736766e-17;-0.433883739117558;-0.9009688679024191;16.18;14.92;15.69;17.47;-0.988875154511748;0.18575851393189957;1.2599999999999998;15.870000000000001;16.581666666666667;0.6018859249614268;0;0;0
2021-03-06;16.55;2021;3;6;5;65;1;1;1.0;6.123233995736766e-17;-0.9749279121818236;-0.2225209339563146;16.02;15.1;15.94;17.65;3.3083645443195975;-0.988875154511748;0.9199999999999999;16.027142857142856;16.533333333333335;0.432192637825403;0;0;0
2021-03-07;16.67;2021;3;7;6;66;1;1;1.0;6.123233995736766e-17;-0.7818314824680299;0.6234898018587334;16.55;16.46;16.21;17.5;0.7250755287009136;3.3083645443195975;0.08999999999999986;16.234285714285715;16.496666666666666;0.1975565018635752;0;0;0
2021-03-08;16.55;2021;3;8;0;67;1;1;1.0;6.123233995736766e-17;0.0;1.0;16.67;16.21;15.65;17.49;-0.7198560287942524;0.7250755287009136;0.46000000000000085;16.264285714285712;16.469;0.24724192894525912;0;0;0
2021-03-09;17.26;2021;3;9;1;68;1;1;1.0;6.123233995736766e-17;0.7818314824680298;0.6234898018587336;16.55;16.07;15.71;17.98;4.290030211480378;-0.7198560287942524;0.4800000000000004;16.312857142857144;16.437666666666665;0.2673770300352608;0;0;0
2021-03-10;18.01;2021;3;10;2;69;1;1;1.0;6.123233995736766e-17;0.9749279121818236;-0.22252093395631434;17.26;16.15;15.83;18.68;4.345307068366155;4.290030211480378;1.110000000000003;16.482857142857142;16.413666666666668;0.42125662351723536;0;0;0
2021-03-11;17.73;2021;3;11;3;70;1;1;1.0;6.123233995736766e-17;0.43388373911755823;-0.900968867902419;18.01;16.18;15.77;18.17;-1.554691837867861;4.345307068366155;1.8300000000000018;16.74857142857143;16.391333333333332;0.682139491390347;0;0;0
2021-03-12;17.67;2021;3;12;4;71;1;1;1.0;6.123233995736766e-17;-0.433883739117558;-0.9009688679024191;17.73;16.02;14.92;18.3;-0.33840947546530664;-1.554691837867861;1.7100000000000009;16.970000000000002;16.376666666666665;0.7174724152653251;0;0;0
2021-03-13;18.0;2021;3;13;5;72;1;1;1.0;6.123233995736766e-17;-0.9749279121818236;-0.2225209339563146;17.67;16.55;15.1;17.29;1.8675721561969283;-0.33840947546530664;1.120000000000001;17.205714285714286;16.355666666666668;0.6174101052746279;0;0;0
2021-03-14;19.0;2021;3;14;6;73;1;1;1.0;6.123233995736766e-17;-0.7818314824680299;0.6234898018587334;18.0;16.67;16.46;17.01;5.555555555555558;1.8675721561969283;1.3299999999999983;17.412857142857145;16.37933333333333;0.6038408809643442;0;0;0
2021-03-15;18.02;2021;3;15;0;74;1;1;1.0;6.123233995736766e-17;0.0;1.0;19.0;16.55;16.21;16.49;-5.157894736842106;5.555555555555558;2.4499999999999993;17.74571428571429;16.445666666666668;0.7504855571085656;0;0;0
2021-03-16;17.11;2021;3;16;1;75;1;1;1.0;6.123233995736766e-17;0.7818314824680298;0.6234898018587336;18.02;17.26;16.07;16.9;-5.049944506104332;-5.157894736842106;0.759999999999998;17.955714285714286;16.496666666666666;0.5348163903888442;0;0;0
2021-03-17;17.21;2021;3;17;2;76;1;1;1.0;6.123233995736766e-17;0.9749279121818236;-0.22252093395631434;17.11;18.01;16.15;15.99;0.5844535359438963;-5.049944506104332;-0.9000000000000021;17.934285714285714;16.503666666666668;0.5692350757187695;0;0;0
2021-03-18;17.51;2021;3;18;3;77;1;1;1.0;6.123233995736766e-17;0.43388373911755823;-0.900968867902419;17.21;17.73;16.18;16.31;1.743172574084828;0.5844535359438963;-0.5199999999999996;17.82;16.544333333333334;0.6287023673143353;0;0;0
2021-03-19;16.55;2021;3;19;4;78;1;1;1.0;6.123233995736766e-17;-0.433883739117558;-0.9009688679024191;17.51;17.67;16.02;16.26;-5.482581382067398;1.743172574084828;-0.16000000000000014;17.788571428571426;16.584333333333333;0.6393597988464205;0;0;0
2021-03-20;16.32;2021;3;20;5;79;1;1;1.0;6.123233995736766e-17;-0.9749279121818236;-0.2225209339563146;16.55;18.0;16.55;16.07;-1.3897280966767345;-5.482581382067398;-1.4499999999999993;17.62857142857143;16.594;0.7951399996526418;0;0;0
2021-03-21;17.64;2021;3;21;6;80;1;1;1.0;6.123233995736766e-17;-0.7818314824680299;0.6234898018587334;16.32;19.0;16.67;15.69;8.088235294117641;-1.3897280966767345;-2.6799999999999997;17.388571428571428;16.602333333333334;0.9096414783020871;0;0;0
2021-03-22;18.48;2021;3;22;0;81;1;1;1.0;6.123233995736766e-17;0.0;1.0;17.64;18.02;16.55;15.94;4.761904761904767;8.088235294117641;-0.379999999999999;17.194285714285716;16.667333333333335;0.6009674739633545;0;0;0
2021-03-23;18.51;2021;3;23;1;82;1;1;1.0;6.123233995736766e-17;0.7818314824680298;0.6234898018587336;18.48;17.11;17.26;16.21;0.16233766233766378;4.761904761904767;1.370000000000001;17.26;16.752000000000002;0.719722168617856;0;0;0
2021-03-24;18.36;2021;3;24;2;83;1;1;1.0;6.123233995736766e-17;0.9749279121818236;-0.22252093395631434;18.51;17.21;18.01;15.65;-0.8103727714748876;0.16233766233766378;1.3000000000000007;17.46;16.828666666666667;0.8532291603080535;0;0;0
2021-03-25;18.37;2021;3;25;3;84;1;1;1.0;6.123233995736766e-17;0.43388373911755823;-0.900968867902419;18.36;17.51;17.73;15.71;0.05446623093683378;-0.8103727714748876;0.8499999999999979;17.624285714285715;16.919;0.9061430560872941;0;0;0
2021-03-26;17.95;2021;3;26;4;85;1;1;1.0;6.123233995736766e-17;-0.433883739117558;-0.9009688679024191;18.37;16.55;17.67;15.83;-2.286336418072954;0.05446623093683378;1.8200000000000003;17.747142857142858;17.00766666666667;0.9455106959682991;0;0;0
2021-03-27;17.68;2021;3;27;5;86;1;1;1.0;6.123233995736766e-17;-0.9749279121818236;-0.2225209339563146;17.95;16.32;18.0;15.77;-1.5041782729804942;-2.286336418072954;1.629999999999999;17.947142857142858;17.078333333333333;0.7844257833114533;0;0;0
2021-03-28;17.99;2021;3;28;6;87;1;1;1.0;6.123233995736766e-17;-0.7818314824680299;0.6234898018587334;17.68;17.64;19.0;14.92;1.7533936651583648;-1.5041782729804942;0.03999999999999915;18.141428571428573;17.142;0.3767151254121077;0;0;0
2021-03-29;17.88;2021;3;29;0;88;1;1;1.0;6.123233995736766e-17;0.0;1.0;17.99;18.48;18.02;15.1;-0.611450806003333;1.7533936651583648;-0.490000000000002;18.19142857142857;17.244333333333334;0.31767008942338215;0;0;0
2021-03-30;18.1;2021;3;30;1;89;1;1;1.0;6.123233995736766e-17;0.7818314824680298;0.6234898018587336;17.88;18.51;17.11;16.46;1.2304250559284302;-0.611450806003333;-0.6300000000000026;18.105714285714285;17.337;0.3076175733415535;0;0;0
2021-03-31;18.72;2021;3;31;2;90;1;1;1.0;6.123233995736766e-17;0.9749279121818236;-0.22252093395631434;18.1;18.36;17.21;16.21;3.4254143646408775;1.2304250559284302;-0.259999999999998;18.047142857142855;17.391666666666666;0.2517746535901718;0;0;0
2021-04-01;19.11;2021;4;1;3;91;2;1;0.8660254037844387;-0.4999999999999998;0.43388373911755823;-0.900968867902419;18.72;18.37;17.51;16.07;2.083333333333326;3.4254143646408775;0.34999999999999787;18.09857142857143;17.47533333333333;0.34561194864702427;0;0;0
2021-04-02;19.81;2021;4;2;4;92;2;1;0.8660254037844387;-0.4999999999999998;-0.433883739117558;-0.9009688679024191;19.11;17.95;16.55;16.15;3.66300366300365;2.083333333333326;1.1600000000000001;18.204285714285714;17.576666666666668;0.5144206172273275;0;0;0
2021-04-03;18.61;2021;4;3;5;93;2;1;0.8660254037844387;-0.4999999999999998;-0.9749279121818236;-0.2225209339563146;19.81;17.68;16.32;16.18;-6.057546693589089;3.66300366300365;2.129999999999999;18.47;17.698666666666668;0.7753708789991864;0;0;0
2021-04-04;18.97;2021;4;4;6;94;2;1;0.8660254037844387;-0.4999999999999998;-0.7818314824680299;0.6234898018587334;18.61;17.99;17.64;16.02;1.934443847393874;-6.057546693589089;0.620000000000001;18.602857142857143;17.77966666666667;0.6927172170930306;0;0;0
2021-04-05;19.31;2021;4;5;0;95;2;1;0.8660254037844387;-0.4999999999999998;0.0;1.0;18.97;17.88;18.48;16.55;1.792303637322079;1.934443847393874;1.0899999999999999;18.74285714285714;17.878;0.6456447497324755;0;0;0
2021-04-06;20.49;2021;4;6;1;96;2;1;0.8660254037844387;-0.4999999999999998;0.7818314824680298;0.6234898018587336;19.31;18.1;18.51;16.67;6.110823407560839;1.792303637322079;1.2099999999999973;18.947142857142858;17.970000000000002;0.5456101870295698;0;0;0
2021-04-07;20.21;2021;4;7;2;97;2;1;0.8660254037844387;-0.4999999999999998;0.9749279121818236;-0.22252093395631434;20.49;18.72;18.36;16.55;-1.3665202537823218;6.110823407560839;1.7699999999999996;19.28857142857143;18.097333333333335;0.6624305893557814;0;0;0
2021-04-08;20.2;2021;4;8;3;98;2;1;0.8660254037844387;-0.4999999999999998;0.43388373911755823;-0.900968867902419;20.21;19.11;18.37;17.26;-0.04948045522019662;-1.3665202537823218;1.1000000000000014;19.50142857142857;18.21933333333333;0.6881721822196185;0;0;0
2021-04-09;19.3;2021;4;9;4;99;2;1;0.8660254037844387;-0.4999999999999998;-0.433883739117558;-0.9009688679024191;20.2;19.81;17.95;18.01;-4.455445544554449;-0.04948045522019662;0.39000000000000057;19.657142857142855;18.317333333333334;0.7078774443294782;0;0;0
2021-04-10;19.63;2021;4;10;5;100;2;1;0.8660254037844387;-0.4999999999999998;-0.9749279121818236;-0.2225209339563146;19.3;18.61;17.68;17.73;1.7098445595854939;-4.455445544554449;0.6900000000000013;19.584285714285716;18.360333333333333;0.7157247409178076;0;0;0
2021-04-11;20.47;2021;4;11;6;101;2;1;0.8660254037844387;-0.4999999999999998;-0.7818314824680299;0.6234898018587334;19.63;18.97;17.99;17.67;4.279164544065206;1.7098445595854939;0.6600000000000001;19.73;18.423666666666666;0.5741370335845697;0;0;0
2021-04-12;21.0;2021;4;12;0;102;2;1;0.8660254037844387;-0.4999999999999998;0.0;1.0;20.47;19.31;17.88;18.0;2.5891548607718695;4.279164544065206;1.1600000000000001;19.944285714285716;18.517;0.5206360578771488;0;0;0
2021-04-13;21.0;2021;4;13;1;103;2;1;0.8660254037844387;-0.4999999999999998;0.7818314824680298;0.6234898018587336;21.0;20.49;18.1;19.0;0.0;2.5891548607718695;0.5100000000000016;20.185714285714287;18.617;0.5672406057061282;0;0;0
2021-04-14;21.0;2021;4;14;2;104;2;1;0.8660254037844387;-0.4999999999999998;0.9749279121818236;-0.22252093395631434;21.0;20.21;18.72;18.02;0.0;0.0;0.7899999999999991;20.25857142857143;18.683666666666667;0.6408179297176141;0;0;0
2021-04-15;21.56;2021;4;15;3;105;2;1;0.8660254037844387;-0.4999999999999998;0.43388373911755823;-0.900968867902419;21.0;20.2;19.11;17.11;2.6666666666666616;0.0;0.8000000000000007;20.37142857142857;18.783;0.6978640882824064;0;0;0
2021-04-16;21.17;2021;4;16;4;106;2;1;0.8660254037844387;-0.4999999999999998;-0.433883739117558;-0.9009688679024191;21.56;19.3;19.81;17.21;-1.808905380333936;2.6666666666666616;2.259999999999998;20.565714285714286;18.931333333333335;0.8206878647991072;0;0;0
2021-04-17;21.7;2021;4;17;5;107;2;1;0.8660254037844387;-0.4999999999999998;-0.9749279121818236;-0.2225209339563146;21.17;19.63;18.61;17.51;2.5035427491733486;-1.808905380333936;1.5400000000000027;20.83285714285714;19.063333333333333;0.6197772257220765;0;0;0
2021-04-18;22.8;2021;4;18;6;108;2;1;0.8660254037844387;-0.4999999999999998;-0.7818314824680299;0.6234898018587334;21.7;20.47;18.97;16.55;5.069124423963145;2.5035427491733486;1.2300000000000004;21.12857142857143;19.203;0.40777561523574823;0;0;0
2021-04-19;22.86;2021;4;19;0;109;2;1;0.8660254037844387;-0.4999999999999998;0.0;1.0;22.8;21.0;19.31;16.32;0.2631578947368318;5.069124423963145;1.8000000000000007;21.46142857142857;19.411333333333335;0.6560088559215914;0;0;0
2021-04-20;22.6;2021;4;20;1;110;2;1;0.8660254037844387;-0.4999999999999998;0.7818314824680298;0.6234898018587336;22.86;21.0;20.49;17.64;-1.1373578302712128;0.2631578947368318;1.8599999999999994;21.72714285714286;19.62933333333333;0.79905599064797;0;0;0
2021-04-21;22.75;2021;4;21;2;111;2;1;0.8660254037844387;-0.4999999999999998;0.9749279121818236;-0.22252093395631434;22.6;21.0;20.21;18.48;0.6637168141592875;-1.1373578302712128;1.6000000000000014;21.955714285714286;19.794666666666668;0.7851084244199448;0;0;0
2021-04-22;22.0;2021;4;22;3;112;2;1;0.8660254037844387;-0.4999999999999998;0.43388373911755823;-0.900968867902419;22.75;21.56;20.2;18.51;-3.296703296703296;0.6637168141592875;1.1900000000000013;22.205714285714286;19.937;0.7045532187813532;0;0;0
2021-04-23;20.16;2021;4;23;4;113;2;1;0.8660254037844387;-0.4999999999999998;-0.433883739117558;-0.9009688679024191;22.0;21.17;19.3;18.36;-8.363636363636362;-3.296703296703296;0.8299999999999983;22.268571428571427;20.053333333333335;0.6552462278010804;0;0;0
2021-04-24;20.45;2021;4;24;5;114;2;1;0.8660254037844387;-0.4999999999999998;-0.9749279121818236;-0.2225209339563146;20.16;21.7;19.63;18.37;1.4384920634920695;-8.363636363636362;-1.5399999999999991;22.124285714285715;20.113333333333333;0.9720743651740332;0;0;0
2021-04-25;22.25;2021;4;25;6;115;2;1;0.8660254037844387;-0.4999999999999998;-0.7818314824680299;0.6234898018587334;20.45;22.8;20.47;17.95;8.801955990220044;1.4384920634920695;-2.3500000000000014;21.945714285714285;20.182666666666666;1.159710555021598;0;0;0
2021-04-26;22.0;2021;4;26;0;116;2;1;0.8660254037844387;-0.4999999999999998;0.0;1.0;22.25;22.86;21.0;17.68;-1.1235955056179803;8.801955990220044;-0.6099999999999994;21.86714285714286;20.326000000000004;1.1097404243892992;0;0;0
2021-04-27;22.94;2021;4;27;1;117;2;1;0.8660254037844387;-0.4999999999999998;0.7818314824680298;0.6234898018587336;22.0;22.6;21.0;17.99;4.2727272727272725;-1.1235955056179803;-0.6000000000000014;21.744285714285716;20.470000000000002;1.0259443965253865;0;0;0
2021-04-28;22.88;2021;4;28;2;118;2;1;0.8660254037844387;-0.4999999999999998;0.9749279121818236;-0.22252093395631434;22.94;22.75;21.0;17.88;-0.26155187445511263;4.2727272727272725;0.19000000000000128;21.792857142857144;20.634999999999998;1.079841258175051;0;0;0
2021-04-29;23.42;2021;4;29;3;119;2;1;0.8660254037844387;-0.4999999999999998;0.43388373911755823;-0.900968867902419;22.88;22.0;21.56;18.1;2.360139860139876;-0.26155187445511263;0.879999999999999;21.81142857142857;20.801666666666666;1.0999761902184755;0;0;0
2021-04-30;22.87;2021;4;30;4;120;2;1;0.8660254037844387;-0.4999999999999998;-0.433883739117558;-0.9009688679024191;23.42;20.16;21.17;18.72;-2.348420153714781;2.360139860139876;3.2600000000000016;22.014285714285712;20.978999999999996;1.259865828079258;0;0;0
2021-05-01;22.99;2021;5;1;5;121;2;1;0.49999999999999994;-0.8660254037844387;-0.9749279121818236;-0.2225209339563146;22.87;20.45;21.7;19.11;0.5247048535198751;-2.348420153714781;2.4200000000000017;22.40142857142857;21.11733333333333;0.9805003581747812;0;0;0
2021-05-02;25.25;2021;5;2;6;122;2;1;0.49999999999999994;-0.8660254037844387;-0.7818314824680299;0.6234898018587334;22.99;22.25;22.8;19.81;9.830361026533275;0.5247048535198751;0.7399999999999984;22.764285714285712;21.246666666666666;0.4804462211616227;0;0;0
2021-05-03;27.04;2021;5;3;0;123;2;1;0.49999999999999994;-0.8660254037844387;0.0;1.0;25.25;22.0;22.86;18.61;7.089108910891095;9.830361026533275;3.25;23.192857142857143;21.427999999999997;1.001127935309489;0;0;0
2021-05-04;24.71;2021;5;4;1;124;2;1;0.49999999999999994;-0.8660254037844387;0.7818314824680298;0.6234898018587336;27.04;22.94;22.6;18.97;-8.616863905325435;7.089108910891095;4.099999999999998;23.912857142857142;21.709;1.6208198983406565;0;0;0
2021-05-05;24.34;2021;5;5;2;125;2;1;0.49999999999999994;-0.8660254037844387;0.9749279121818236;-0.22252093395631434;24.71;22.88;22.75;19.31;-1.497369486038047;-8.616863905325435;1.8300000000000018;24.165714285714284;21.900333333333332;1.5813375893301331;0;0;0
2021-05-06;24.75;2021;5;6;3;126;2;1;0.49999999999999994;-0.8660254037844387;0.43388373911755823;-0.900968867902419;24.34;23.42;22.0;20.49;1.6844700082169206;-1.497369486038047;0.9199999999999982;24.374285714285715;22.067999999999998;1.4762887832089049;0;0;0
2021-05-07;23.86;2021;5;7;4;127;2;1;0.49999999999999994;-0.8660254037844387;-0.433883739117558;-0.9009688679024191;24.75;22.87;20.16;20.21;-3.595959595959597;1.6844700082169206;1.879999999999999;24.564285714285717;22.209999999999997;1.4174138085829966;0;0;0
2021-05-08;24.15;2021;5;8;5;128;2;1;0.49999999999999994;-0.8660254037844387;-0.9749279121818236;-0.2225209339563146;23.86;22.99;20.45;20.2;1.215423302598495;-3.595959595959597;0.870000000000001;24.705714285714286;22.331666666666667;1.2609369154568166;0;0;0
2021-05-09;24.18;2021;5;9;6;129;2;1;0.49999999999999994;-0.8660254037844387;-0.7818314824680299;0.6234898018587334;24.15;25.25;22.25;19.3;0.1242236024844745;1.215423302598495;-1.1000000000000014;24.87142857142857;22.46333333333333;1.0577244217568167;0;0;0
2021-05-10;24.4;2021;5;10;0;130;2;1;0.49999999999999994;-0.8660254037844387;0.0;1.0;24.18;27.04;22.0;19.63;0.9098428453267138;0.1242236024844745;-2.8599999999999994;24.71857142857143;22.626;1.0711275767685806;0;0;0
2021-05-11;25.33;2021;5;11;1;131;2;1;0.49999999999999994;-0.8660254037844387;0.7818314824680298;0.6234898018587336;24.4;24.71;22.94;20.47;3.8114754098360626;0.9098428453267138;-0.3100000000000023;24.34142857142857;22.785000000000004;0.31640841599765596;0;0;0
2021-05-12;25.25;2021;5;12;2;132;2;1;0.49999999999999994;-0.8660254037844387;0.9749279121818236;-0.22252093395631434;25.33;24.34;22.88;21.0;-0.31583103039872773;3.8114754098360626;0.9899999999999984;24.43;22.947;0.48083261120670223;0;0;0
2021-05-13;24.53;2021;5;13;3;133;2;1;0.49999999999999994;-0.8660254037844387;0.43388373911755823;-0.900968867902419;25.25;24.75;23.42;21.0;-2.851485148514843;-0.31583103039872773;0.5;24.56;23.088666666666665;0.5676266378526028;0;0;0
2021-05-14;25.33;2021;5;14;4;134;2;1;0.49999999999999994;-0.8660254037844387;-0.433883739117558;-0.9009688679024191;24.53;23.86;22.87;21.0;3.2613126783530344;-2.851485148514843;0.6700000000000017;24.52857142857143;23.206333333333337;0.5614097900649789;0;0;0
2021-05-15;24.96;2021;5;15;5;135;2;1;0.49999999999999994;-0.8660254037844387;-0.9749279121818236;-0.2225209339563146;25.33;24.15;22.99;21.56;-1.4607185155941504;3.2613126783530344;1.1799999999999997;24.73857142857143;23.350666666666665;0.5443169594829768;0;0;0
2021-05-16;26.51;2021;5;16;6;136;2;1;0.49999999999999994;-0.8660254037844387;-0.7818314824680299;0.6234898018587334;24.96;24.18;25.25;21.17;6.209935897435903;-1.4607185155941504;0.7800000000000011;24.854285714285712;23.464;0.4807236608438073;0;0;0
2021-05-17;25.69;2021;5;17;0;137;2;1;0.49999999999999994;-0.8660254037844387;0.0;1.0;26.51;24.4;27.04;21.7;-3.093172387778198;6.209935897435903;2.110000000000003;25.187142857142856;23.642;0.6949511801968246;0;0;0
2021-05-18;24.73;2021;5;18;1;138;2;1;0.49999999999999994;-0.8660254037844387;0.7818314824680298;0.6234898018587336;25.69;25.33;24.71;22.8;-3.736862592448431;-3.093172387778198;0.360000000000003;25.371428571428574;23.775;0.618234814382118;0;0;0
2021-05-19;22.81;2021;5;19;2;139;2;1;0.49999999999999994;-0.8660254037844387;0.9749279121818236;-0.22252093395631434;24.73;25.25;24.34;22.86;-7.763849575414483;-3.736862592448431;-0.5199999999999996;25.285714285714285;23.839333333333332;0.6647770840126654;0;0;0
2021-05-20;23.49;2021;5;20;3;140;2;1;0.49999999999999994;-0.8660254037844387;0.43388373911755823;-0.900968867902419;22.81;24.53;24.75;22.6;2.981148619026741;-7.763849575414483;-1.7200000000000024;24.937142857142856;23.837666666666667;1.1495609928099975;0;0;0
2021-05-21;24.6;2021;5;21;4;141;2;1;0.49999999999999994;-0.8660254037844387;-0.433883739117558;-0.9009688679024191;23.49;25.33;23.86;22.75;4.725415070242667;2.981148619026741;-1.8399999999999999;24.78857142857143;23.86733333333333;1.2716711914042318;0;0;0
2021-05-22;24.96;2021;5;22;5;142;2;1;0.49999999999999994;-0.8660254037844387;-0.9749279121818236;-0.2225209339563146;24.6;24.96;24.15;22.0;1.4634146341463428;4.725415070242667;-0.35999999999999943;24.684285714285714;23.929;1.249611368157483;0;0;0
2021-05-23;24.4;2021;5;23;6;143;2;1;0.49999999999999994;-0.8660254037844387;-0.7818314824680299;0.6234898018587334;24.96;26.51;24.18;20.16;-2.243589743589758;1.4634146341463428;-1.5500000000000007;24.684285714285718;24.027666666666665;1.249611368157483;0;0;0
2021-05-24;24.0;2021;5;24;0;144;2;1;0.49999999999999994;-0.8660254037844387;0.0;1.0;24.4;25.69;24.4;20.45;-1.6393442622950727;-2.243589743589758;-1.2900000000000027;24.38285714285714;24.168999999999997;0.9557495188892335;0;0;0
2021-05-25;25.71;2021;5;25;1;145;2;1;0.49999999999999994;-0.8660254037844387;0.7818314824680298;0.6234898018587336;24.0;24.73;25.33;22.25;7.1250000000000036;-1.6393442622950727;-0.7300000000000004;24.14142857142857;24.28733333333333;0.7649276342989276;0;0;0
2021-05-26;26.3;2021;5;26;2;146;2;1;0.49999999999999994;-0.8660254037844387;0.9749279121818236;-0.22252093395631434;25.71;22.81;25.25;22.0;2.294826915597037;7.1250000000000036;2.900000000000002;24.28142857142857;24.402666666666665;0.9563372587015606;0;0;0
2021-05-27;26.69;2021;5;27;3;147;2;1;0.49999999999999994;-0.8660254037844387;0.43388373911755823;-0.900968867902419;26.3;23.49;24.53;22.94;1.482889733840298;2.294826915597037;2.8100000000000023;24.78;24.546;0.9709960521717779;0;0;0
2021-05-28;24.83;2021;5;28;4;148;2;1;0.49999999999999994;-0.8660254037844387;-0.433883739117558;-0.9009688679024191;26.69;24.6;25.33;22.88;-6.968902210565764;1.482889733840298;2.09;25.237142857142857;24.671;1.0147366536152636;0;0;0
2021-05-29;24.37;2021;5;29;5;149;2;1;0.49999999999999994;-0.8660254037844387;-0.9749279121818236;-0.2225209339563146;24.83;24.96;24.96;23.42;-1.8525976641159736;-6.968902210565764;-0.13000000000000256;25.27;24.736;0.9941830817308381;0;0;0
2021-05-30;27.1;2021;5;30;6;150;2;1;0.49999999999999994;-0.8660254037844387;-0.7818314824680299;0.6234898018587334;24.37;24.4;26.51;22.87;11.202297907263038;-1.8525976641159736;-0.029999999999997584;25.185714285714283;24.76766666666667;1.048377431126342;0;0;0
2021-05-31;26.08;2021;5;31;0;151;2;1;0.49999999999999994;-0.8660254037844387;0.0;1.0;27.1;24.0;25.69;22.99;-3.7638376383763994;11.202297907263038;3.1000000000000014;25.571428571428573;24.908666666666665;1.197238886931412;0;0;0
2021-06-01;26.3;2021;6;1;1;152;2;1;1.2246467991473532e-16;-1.0;0.7818314824680298;0.6234898018587336;26.08;25.71;24.73;25.25;0.8435582822085896;-3.7638376383763994;0.36999999999999744;25.868571428571432;25.011666666666667;0.9807722904497687;0;0;0
2021-06-02;25.63;2021;6;2;2;153;2;1;1.2246467991473532e-16;-1.0;0.9749279121818236;-0.22252093395631434;26.3;26.3;22.81;27.04;-2.5475285171102757;0.8435582822085896;0.0;25.952857142857145;25.04666666666667;0.9901803587513431;0;0;0
2021-06-03;24.93;2021;6;3;3;154;2;1;1.2246467991473532e-16;-1.0;0.43388373911755823;-0.900968867902419;25.63;26.69;23.49;24.71;-2.731174404994141;-2.5475285171102757;-1.0600000000000023;25.857142857142858;24.999666666666666;0.9833906359412536;0;0;0
2021-06-04;25.4;2021;6;4;4;155;2;1;1.2246467991473532e-16;-1.0;-0.433883739117558;-0.9009688679024191;24.93;24.83;24.6;24.34;1.885278780585642;-2.731174404994141;0.10000000000000142;25.60571428571429;25.007;0.959667601183721;0;0;0
2021-06-05;25.57;2021;6;5;5;156;2;1;1.2246467991473532e-16;-1.0;-0.9749279121818236;-0.2225209339563146;25.4;24.37;24.96;24.75;0.6692913385826893;1.885278780585642;1.0299999999999976;25.687142857142856;25.042333333333332;0.9055332551542679;0;0;0
2021-06-06;26.35;2021;6;6;6;157;2;1;1.2246467991473532e-16;-1.0;-0.7818314824680299;0.6234898018587334;25.57;27.1;24.4;23.86;3.050449745795869;0.6692913385826893;-1.5300000000000011;25.858571428571427;25.069666666666667;0.7062914547461405;0;0;0
2021-06-07;26.42;2021;6;7;0;158;2;1;1.2246467991473532e-16;-1.0;0.0;1.0;26.35;26.08;24.0;24.15;0.2656546489563594;3.050449745795869;0.2700000000000031;25.75142857142857;25.15266666666667;0.5185051774547907;0;0;0
2021-06-08;27.64;2021;6;8;1;159;2;1;1.2246467991473532e-16;-1.0;0.7818314824680298;0.6234898018587336;26.42;26.3;25.71;24.18;4.6177138531415585;0.2656546489563594;0.120000000000001;25.8;25.228333333333335;0.5679788728463436;0;0;0
2021-06-09;28.01;2021;6;9;2;160;2;1;1.2246467991473532e-16;-1.0;0.9749279121818236;-0.22252093395631434;27.64;25.63;26.3;24.4;1.338639652677287;4.6177138531415585;2.0100000000000016;25.99142857142857;25.343666666666664;0.8957944066845983;0;0;0
2021-06-10;27.9;2021;6;10;3;161;2;1;1.2246467991473532e-16;-1.0;0.43388373911755823;-0.900968867902419;28.01;24.93;26.69;25.33;-0.3927168868261388;1.338639652677287;3.080000000000002;26.33142857142857;25.464;1.1510492108133605;0;0;0
2021-06-11;26.99;2021;6;11;4;162;2;1;1.2246467991473532e-16;-1.0;-0.433883739117558;-0.9009688679024191;27.9;25.4;24.83;25.25;-3.2616487455197185;-0.3927168868261388;2.5;26.755714285714284;25.549666666666667;1.094362175620265;0;0;0
2021-06-12;27.0;2021;6;12;5;163;2;1;1.2246467991473532e-16;-1.0;-0.9749279121818236;-0.2225209339563146;26.99;25.57;24.37;24.53;0.03705075954056891;-3.2616487455197185;1.4199999999999982;26.982857142857142;25.607666666666667;0.9166554111861646;0;0;0
2021-06-13;28.75;2021;6;13;6;164;2;1;1.2246467991473532e-16;-1.0;-0.7818314824680299;0.6234898018587334;27.0;26.35;27.1;25.33;6.481481481481488;0.03705075954056891;0.6499999999999986;27.187142857142856;25.689999999999998;0.6774391555878136;0;0;0
2021-06-14;29.16;2021;6;14;0;165;2;1;1.2246467991473532e-16;-1.0;0.0;1.0;28.75;26.42;26.08;24.96;1.4260869565217327;6.481481481481488;2.3299999999999983;27.529999999999998;25.804;0.782346896629856;0;0;0
2021-06-15;28.8;2021;6;15;1;166;2;1;1.2246467991473532e-16;-1.0;0.7818314824680298;0.6234898018587336;29.16;27.64;26.3;26.51;-1.2345679012345623;1.4260869565217327;1.5199999999999996;27.921428571428574;25.944000000000003;0.8190121808499727;0;0;0
2021-06-16;29.11;2021;6;16;2;167;2;1;1.2246467991473532e-16;-1.0;0.9749279121818236;-0.22252093395631434;28.8;28.01;25.63;25.69;1.0763888888888795;-1.2345679012345623;0.7899999999999991;28.087142857142855;26.020333333333333;0.8684414063079567;0;0;0
2021-06-17;28.98;2021;6;17;3;168;2;1;1.2246467991473532e-16;-1.0;0.43388373911755823;-0.900968867902419;29.11;27.9;24.93;24.73;-0.4465819306080365;1.0763888888888795;1.2100000000000009;28.244285714285716;26.134333333333334;0.948030539994129;0;0;0
2021-06-18;28.52;2021;6;18;4;169;2;1;1.2246467991473532e-16;-1.0;-0.433883739117558;-0.9009688679024191;28.98;26.99;25.4;22.81;-1.5873015873015928;-0.4465819306080365;1.990000000000002;28.398571428571426;26.276000000000003;0.9702822367987906;0;0;0
2021-06-19;27.94;2021;6;19;5;170;2;1;1.2246467991473532e-16;-1.0;-0.9749279121818236;-0.2225209339563146;28.52;27.0;25.57;23.49;-2.0336605890603043;-1.5873015873015928;1.5199999999999996;28.61714285714286;26.466333333333335;0.7466528485113462;0;0;0
2021-06-20;29.81;2021;6;20;6;171;2;1;1.2246467991473532e-16;-1.0;-0.7818314824680299;0.6234898018587334;27.94;28.75;26.35;24.6;6.69291338582676;-2.0336605890603043;-0.8099999999999987;28.75142857142857;26.614666666666665;0.42073065696940576;0;0;0
2021-06-21;29.41;2021;6;21;0;172;2;1;1.2246467991473532e-16;-1.0;0.0;1.0;29.81;29.16;26.42;24.96;-1.3418316001341801;6.69291338582676;0.6499999999999986;28.90285714285714;26.788333333333334;0.580537517756968;0;0;0
2021-06-22;30.41;2021;6;22;1;173;2;1;1.2246467991473532e-16;-1.0;0.7818314824680298;0.6234898018587336;29.41;28.8;27.64;24.4;3.400204012240726;-1.3418316001341801;0.6099999999999994;28.93857142857143;26.936666666666667;0.6061195858744068;0;0;0
2021-06-23;31.36;2021;6;23;2;174;2;1;1.2246467991473532e-16;-1.0;0.9749279121818236;-0.22252093395631434;30.41;29.11;28.01;24.0;3.123972377507389;3.400204012240726;1.3000000000000007;29.16857142857143;27.137;0.8144410879332403;0;0;0
2021-06-24;31.26;2021;6;24;3;175;2;1;1.2246467991473532e-16;-1.0;0.43388373911755823;-0.900968867902419;31.36;28.98;27.9;25.71;-0.3188775510204023;3.123972377507389;2.379999999999999;29.490000000000002;27.382333333333335;1.1587061750070953;0;0;0
2021-06-25;31.1;2021;6;25;4;176;2;1;1.2246467991473532e-16;-1.0;-0.433883739117558;-0.9009688679024191;31.26;28.52;26.99;26.3;-0.5118362124120313;-0.3188775510204023;2.740000000000002;29.815714285714286;27.567333333333334;1.3029307623308788;0;0;0
2021-06-26;31.92;2021;6;26;5;177;2;1;1.2246467991473532e-16;-1.0;-0.9749279121818236;-0.2225209339563146;31.1;27.94;27.0;26.69;2.636655948553046;-0.5118362124120313;3.16;30.184285714285714;27.72733333333333;1.2386398069770321;0;0;0
2021-06-27;31.85;2021;6;27;6;178;2;1;1.2246467991473532e-16;-1.0;-0.7818314824680299;0.6234898018587334;31.92;29.81;28.75;24.83;-0.21929824561404132;2.636655948553046;2.110000000000003;30.752857142857145;27.901666666666667;0.9053860002912005;0;0;0
2021-06-28;32.05;2021;6;28;0;179;2;1;1.2246467991473532e-16;-1.0;0.0;1.0;31.85;29.41;29.16;24.37;0.6279434850863241;-0.21929824561404132;2.4400000000000013;31.044285714285714;28.135666666666665;0.8792583454791347;0;0;0
2021-06-29;33.33;2021;6;29;1;180;2;1;1.2246467991473532e-16;-1.0;0.7818314824680298;0.6234898018587336;32.05;30.41;28.8;27.1;3.9937597503900246;0.6279434850863241;1.639999999999997;31.42142857142857;28.391666666666666;0.5749616964462868;0;0;0
2021-06-30;35.0;2021;6;30;2;181;2;1;1.2246467991473532e-16;-1.0;0.9749279121818236;-0.22252093395631434;33.33;31.36;29.11;26.08;5.01050105010501;3.9937597503900246;1.9699999999999989;31.83857142857143;28.599333333333334;0.7511197989537762;0;0;0
2021-07-01;38.58;2021;7;1;3;182;3;2;-0.4999999999999997;-0.8660254037844388;0.43388373911755823;-0.900968867902419;35.0;31.26;28.98;26.3;10.228571428571431;5.01050105010501;3.7399999999999984;32.35857142857143;28.896666666666665;1.3697862189822387;0;0;0
2021-07-02;35.74;2021;7;2;4;183;3;2;-0.4999999999999997;-0.8660254037844388;-0.433883739117558;-0.9009688679024191;38.58;31.1;28.52;25.63;-7.36132711249351;10.228571428571431;7.479999999999997;33.40428571428571;29.305999999999997;2.6173323387426124;0;0;0
2021-07-03;34.0;2021;7;3;5;184;3;2;-0.4999999999999997;-0.8660254037844388;-0.9749279121818236;-0.2225209339563146;35.74;31.92;27.94;24.93;-4.868494683827651;-7.36132711249351;3.8200000000000003;34.067142857142855;29.642999999999997;2.522325080064636;0;0;0
2021-07-04;37.04;2021;7;4;6;185;3;2;-0.4999999999999997;-0.8660254037844388;-0.7818314824680299;0.6234898018587334;34.0;31.85;29.81;25.4;8.94117647058823;-4.868494683827651;2.1499999999999986;34.364285714285714;29.945333333333334;2.343393957083291;0;0;0
2021-07-05;36.51;2021;7;5;0;186;3;2;-0.4999999999999997;-0.8660254037844388;0.0;1.0;37.04;32.05;29.41;25.57;-1.430885529157666;8.94117647058823;4.990000000000002;35.105714285714285;30.333333333333332;2.2337849578897333;0;0;0
2021-07-06;35.65;2021;7;6;1;187;3;2;-0.4999999999999997;-0.8660254037844388;0.7818314824680298;0.6234898018587336;36.51;33.33;30.41;26.35;-2.355519035880582;-1.430885529157666;3.1799999999999997;35.74285714285714;30.697999999999997;1.8134563158573644;0;0;0
2021-07-07;35.33;2021;7;7;2;188;3;2;-0.4999999999999997;-0.8660254037844388;0.9749279121818236;-0.22252093395631434;35.65;35.0;31.36;26.42;-0.8976157082748903;-2.355519035880582;0.6499999999999986;36.074285714285715;31.008;1.4804037415834819;0;0;0
2021-07-08;34.8;2021;7;8;3;189;3;2;-0.4999999999999997;-0.8660254037844388;0.43388373911755823;-0.900968867902419;35.33;38.58;31.26;27.64;-1.50014152278517;-0.8976157082748903;-3.25;36.121428571428574;31.305;1.4453307415190768;0;0;0
2021-07-09;35.63;2021;7;9;4;190;3;2;-0.4999999999999997;-0.8660254037844388;-0.433883739117558;-0.9009688679024191;34.8;35.74;31.1;28.01;2.3850574712643846;-1.50014152278517;-0.9400000000000048;35.58142857142857;31.543666666666663;1.016061490452288;0;0;0
2021-07-10;36.53;2021;7;10;5;191;3;2;-0.4999999999999997;-0.8660254037844388;-0.9749279121818236;-0.2225209339563146;35.63;34.0;31.92;27.9;2.5259612685938793;2.3850574712643846;1.6300000000000026;35.565714285714286;31.797666666666668;1.0140489327909241;0;0;0
2021-07-11;37.0;2021;7;11;6;192;3;2;-0.4999999999999997;-0.8660254037844388;-0.7818314824680299;0.6234898018587334;36.53;37.04;31.85;26.99;1.2866137421297497;2.5259612685938793;-0.509999999999998;35.92714285714286;32.08533333333334;0.7888539004084519;0;0;0
2021-07-12;34.95;2021;7;12;0;193;3;2;-0.4999999999999997;-0.8660254037844388;0.0;1.0;37.0;36.51;32.05;27.0;-5.540540540540528;1.2866137421297497;0.490000000000002;35.92142857142857;32.419000000000004;0.7795389357691533;0;0;0
2021-07-13;35.09;2021;7;13;1;194;3;2;-0.4999999999999997;-0.8660254037844388;0.7818314824680298;0.6234898018587336;34.95;35.65;33.33;28.75;0.4005722460658001;-5.540540540540528;-0.6999999999999957;35.69857142857143;32.684;0.8057797170319678;0;0;0
2021-07-14;33.8;2021;7;14;2;195;3;2;-0.4999999999999997;-0.8660254037844388;0.9749279121818236;-0.22252093395631434;35.09;35.33;35.0;29.16;-3.676261043032225;0.4005722460658001;-0.23999999999999488;35.61857142857143;32.89533333333333;0.8385389788476081;0;0;0
2021-07-15;33.8;2021;7;15;3;196;3;2;-0.4999999999999997;-0.8660254037844388;0.43388373911755823;-0.900968867902419;33.8;34.8;38.58;28.8;0.0;-3.676261043032225;-1.0;35.4;33.05;1.0884545619053279;0;0;0
2021-07-16;34.25;2021;7;16;4;197;3;2;-0.4999999999999997;-0.8660254037844388;-0.433883739117558;-0.9009688679024191;33.8;35.63;35.74;29.11;1.3313609467455745;0.0;-1.8300000000000054;35.25714285714285;33.21666666666667;1.2359573116372875;0;0;0
2021-07-17;35.2;2021;7;17;5;198;3;2;-0.4999999999999997;-0.8660254037844388;-0.9749279121818236;-0.2225209339563146;34.25;36.53;34.0;28.98;2.7737226277372296;1.3313609467455745;-2.280000000000001;35.059999999999995;33.388;1.275983280976886;0;0;0
2021-07-18;36.23;2021;7;18;6;199;3;2;-0.4999999999999997;-0.8660254037844388;-0.7818314824680299;0.6234898018587334;35.2;37.0;37.04;28.52;2.9261363636363447;2.7737226277372296;-1.7999999999999972;34.87;33.595333333333336;1.1086628582813391;0;0;0
2021-07-19;37.57;2021;7;19;0;200;3;2;-0.4999999999999997;-0.8660254037844388;0.0;1.0;36.23;34.95;36.51;27.94;3.698592326801009;2.9261363636363447;1.279999999999994;34.76;33.852333333333334;0.8758614806763415;0;0;0
2021-07-20;37.48;2021;7;20;1;201;3;2;-0.4999999999999997;-0.8660254037844388;0.7818314824680298;0.6234898018587336;37.57;35.09;35.65;29.81;-0.23955283470855626;3.698592326801009;2.479999999999997;35.13428571428572;34.17333333333333;1.3833637403425145;0;0;0
2021-07-21;37.28;2021;7;21;2;202;3;2;-0.4999999999999997;-0.8660254037844388;0.9749279121818236;-0.22252093395631434;37.48;33.8;35.33;29.41;-0.5336179295624244;-0.23955283470855626;3.6799999999999997;35.47571428571428;34.428999999999995;1.6414714653102374;0;0;0
2021-07-22;36.88;2021;7;22;3;203;3;2;-0.4999999999999997;-0.8660254037844388;0.43388373911755823;-0.900968867902419;37.28;33.8;34.8;30.41;-1.0729613733905574;-0.5336179295624244;3.480000000000004;35.972857142857144;34.69133333333333;1.5750102040483012;0;0;0
2021-07-23;34.87;2021;7;23;4;204;3;2;-0.4999999999999997;-0.8660254037844388;-0.433883739117558;-0.9009688679024191;36.88;34.25;35.63;31.36;-5.450108459869862;-1.0729613733905574;2.6300000000000026;36.41285714285714;34.907000000000004;1.266908498217704;0;0;0
2021-07-24;35.92;2021;7;24;5;205;3;2;-0.4999999999999997;-0.8660254037844388;-0.9749279121818236;-0.2225209339563146;34.87;35.2;36.53;31.26;3.011184399197031;-5.450108459869862;-0.3300000000000054;36.50142857142857;35.024;1.1013541448508017;0;0;0
2021-07-25;38.85;2021;7;25;6;206;3;2;-0.4999999999999997;-0.8660254037844388;-0.7818314824680299;0.6234898018587334;35.92;36.23;37.0;31.1;8.157015590200434;3.011184399197031;-0.30999999999999517;36.604285714285716;35.17933333333334;0.9872665486555895;0;0;0
2021-07-26;37.96;2021;7;26;0;207;3;2;-0.4999999999999997;-0.8660254037844388;0.0;1.0;38.85;37.57;34.95;31.92;-2.2908622908622944;8.157015590200434;1.2800000000000011;36.978571428571435;35.437666666666665;1.2761064293571585;0;0;0
2021-07-27;37.84;2021;7;27;1;208;3;2;-0.4999999999999997;-0.8660254037844388;0.7818314824680298;0.6234898018587336;37.96;37.48;35.09;31.85;-0.31612223393044925;-2.2908622908622944;0.480000000000004;37.034285714285716;35.639;1.3141772729586212;0;0;0
2021-07-28;39.12;2021;7;28;2;209;3;2;-0.4999999999999997;-0.8660254037844388;0.9749279121818236;-0.22252093395631434;37.84;37.28;33.8;32.05;3.3826638477801207;-0.31612223393044925;0.5600000000000023;37.08571428571429;35.83866666666666;1.3412911334833149;0;0;0
2021-07-29;40.4;2021;7;29;3;210;3;2;-0.4999999999999997;-0.8660254037844388;0.43388373911755823;-0.900968867902419;39.12;36.88;33.8;33.33;3.2719836400818103;3.3826638477801207;2.239999999999995;37.348571428571425;36.074333333333335;1.5498002943540763;0;0;0
2021-07-30;39.62;2021;7;30;4;211;3;2;-0.4999999999999997;-0.8660254037844388;-0.433883739117558;-0.9009688679024191;40.4;34.87;34.25;35.0;-1.9306930693069324;3.2719836400818103;5.530000000000001;37.85142857142857;36.309999999999995;1.9031940571172998;0;0;0
2021-07-31;39.4;2021;7;31;5;212;3;2;-0.4999999999999997;-0.8660254037844388;-0.9749279121818236;-0.2225209339563146;39.62;35.92;35.2;38.58;-0.5552751135790013;-1.9306930693069324;3.6999999999999957;38.529999999999994;36.464000000000006;1.4576579388407966;0;0;0
2021-08-01;41.27;2021;8;1;6;213;3;2;-0.8660254037844385;-0.5000000000000004;-0.7818314824680299;0.6234898018587334;39.4;38.85;36.23;35.74;4.746192893401036;-0.5552751135790013;0.5499999999999972;39.027142857142856;36.49133333333334;0.9095184492481233;0;0;0
2021-08-02;41.77;2021;8;2;0;214;3;2;-0.8660254037844385;-0.5000000000000004;0.0;1.0;41.27;37.96;37.57;34.0;1.2115338017930632;4.746192893401036;3.3100000000000023;39.37285714285714;36.67566666666667;1.233270912190839;0;0;0
2021-08-03;41.77;2021;8;3;1;215;3;2;-0.8660254037844385;-0.5000000000000004;0.7818314824680298;0.6234898018587336;41.77;37.84;37.48;37.04;0.0;1.2115338017930632;3.9299999999999997;39.917142857142856;36.93466666666667;1.341773879182328;0;0;0
2021-08-04;41.76;2021;8;4;2;216;3;2;-0.8660254037844385;-0.5000000000000004;0.9749279121818236;-0.22252093395631434;41.77;39.12;37.28;36.51;-0.023940627244445345;0.0;2.6500000000000057;40.478571428571435;37.092333333333336;1.1338934190271606;0;0;0
2021-08-05;42.31;2021;8;5;3;217;3;2;-0.8660254037844385;-0.5000000000000004;0.43388373911755823;-0.900968867902419;41.76;40.4;36.88;35.65;1.3170498084291271;-0.023940627244445345;1.3599999999999994;40.855714285714285;37.26733333333333;1.042030983909482;0;0;0
2021-08-06;42.17;2021;8;6;4;218;3;2;-0.8660254037844385;-0.5000000000000004;-0.433883739117558;-0.9009688679024191;42.31;39.62;34.87;35.33;-0.3308910423067801;1.3170498084291271;2.690000000000005;41.12857142857143;37.489333333333335;1.1475398115300373;0;0;0
2021-08-07;43.75;2021;8;7;5;219;3;2;-0.8660254037844385;-0.5000000000000004;-0.9749279121818236;-0.2225209339563146;42.17;39.4;35.92;34.8;3.7467393881906563;-0.3308910423067801;2.770000000000003;41.49285714285715;37.717333333333336;0.9815755071257776;0;0;0
2021-08-08;43.3;2021;8;8;6;220;3;2;-0.8660254037844385;-0.5000000000000004;-0.7818314824680299;0.6234898018587334;43.75;41.27;38.85;35.63;-1.0285714285714342;3.7467393881906563;2.479999999999997;42.114285714285714;38.01566666666667;0.7950232102024549;0;0;0
2021-08-09;42.79;2021;8;9;0;221;3;2;-0.8660254037844385;-0.5000000000000004;0.0;1.0;43.3;41.77;37.96;36.53;-1.1778290993071594;-1.0285714285714342;1.529999999999994;42.40428571428571;38.27133333333334;0.8058919932351968;0;0;0
2021-08-10;44.54;2021;8;10;1;222;3;2;-0.8660254037844385;-0.5000000000000004;0.7818314824680298;0.6234898018587336;42.79;41.77;37.84;37.0;4.089740593596636;-1.1778290993071594;1.019999999999996;42.550000000000004;38.480000000000004;0.763173200087646;0;0;0
2021-08-11;46.37;2021;8;11;2;223;3;2;-0.8660254037844385;-0.5000000000000004;0.9749279121818236;-0.22252093395631434;44.54;41.76;39.12;34.95;4.1086663673102874;4.089740593596636;2.780000000000001;42.94571428571429;38.73133333333333;0.9789596032322108;0;0;0
2021-08-12;46.08;2021;8;12;3;224;3;2;-0.8660254037844385;-0.5000000000000004;0.43388373911755823;-0.900968867902419;46.37;42.31;40.4;35.09;-0.6254043562648248;4.1086663673102874;4.059999999999995;43.60428571428571;39.112;1.4738821429908147;0;0;0
2021-08-13;45.03;2021;8;13;4;225;3;2;-0.8660254037844385;-0.5000000000000004;-0.433883739117558;-0.9009688679024191;46.08;42.17;39.62;33.8;-2.278645833333326;-0.6254043562648248;3.9099999999999966;44.142857142857146;39.47833333333333;1.605072317017441;0;0;0
2021-08-14;47.84;2021;8;14;5;226;3;2;-0.8660254037844385;-0.5000000000000004;-0.9749279121818236;-0.2225209339563146;45.03;43.75;39.4;33.8;6.240284254941164;-2.278645833333326;1.2800000000000011;44.55142857142857;39.852666666666664;1.365276877552508;0;0;0
2021-08-15;45.45;2021;8;15;6;227;3;2;-0.8660254037844385;-0.5000000000000004;-0.7818314824680299;0.6234898018587334;47.84;43.3;41.27;34.25;-4.995819397993307;6.240284254941164;4.540000000000006;45.13571428571429;40.32066666666666;1.7779469165567845;0;0;0
2021-08-16;47.63;2021;8;16;0;228;3;2;-0.8660254037844385;-0.5000000000000004;0.0;1.0;45.45;42.79;41.77;35.2;4.796479647964791;-4.995819397993307;2.6600000000000037;45.44285714285714;40.693999999999996;1.5829899376988033;0;0;0
2021-08-17;47.08;2021;8;17;1;229;3;2;-0.8660254037844385;-0.5000000000000004;0.7818314824680298;0.6234898018587336;47.63;44.54;41.77;36.23;-1.1547344110854563;4.796479647964791;3.0900000000000034;46.13428571428572;41.108333333333334;1.253965139637878;0;0;0
2021-08-18;44.75;2021;8;18;2;230;3;2;-0.8660254037844385;-0.5000000000000004;0.9749279121818236;-0.22252093395631434;47.08;46.37;41.76;37.57;-4.949022939677139;-1.1547344110854563;0.7100000000000009;46.497142857142855;41.47;1.0696995572849362;0;0;0
2021-08-19;42.09;2021;8;19;3;231;3;2;-0.8660254037844385;-0.5000000000000004;0.43388373911755823;-0.900968867902419;44.75;46.08;42.31;37.48;-5.944134078212282;-4.949022939677139;-1.3299999999999983;46.26571428571429;41.70933333333333;1.260090699682778;0;0;0
2021-08-20;42.47;2021;8;20;4;232;3;2;-0.8660254037844385;-0.5000000000000004;-0.433883739117558;-0.9009688679024191;42.09;45.03;42.17;37.28;0.9028272748871302;-5.944134078212282;-2.9399999999999977;45.69571428571429;41.86299999999999;2.0270985598700104;0;0;0
2021-08-21;41.37;2021;8;21;5;233;3;2;-0.8660254037844385;-0.5000000000000004;-0.9749279121818236;-0.2225209339563146;42.47;47.84;43.75;36.88;-2.5900635742877376;0.9028272748871302;-5.3700000000000045;45.33;42.035999999999994;2.36926852284241;0;0;0
2021-08-22;41.88;2021;8;22;6;234;3;2;-0.8660254037844385;-0.5000000000000004;-0.7818314824680299;0.6234898018587334;41.37;45.45;43.3;34.87;1.2327773749093662;-2.5900635742877376;-4.080000000000005;44.40571428571428;42.18566666666666;2.48602666345861;0;0;0
2021-08-23;42.0;2021;8;23;0;235;3;2;-0.8660254037844385;-0.5000000000000004;0.0;1.0;41.88;47.63;42.79;35.92;0.2865329512893977;1.2327773749093662;-5.75;43.895714285714284;42.419333333333334;2.5996785515573224;0;0;0
2021-08-24;44.78;2021;8;24;1;236;3;2;-0.8660254037844385;-0.5000000000000004;0.7818314824680298;0.6234898018587336;42.0;47.08;44.54;38.85;6.619047619047613;0.2865329512893977;-5.079999999999998;43.09142857142857;42.62199999999999;2.0684408667028094;0;0;0
2021-08-25;47.18;2021;8;25;2;237;3;2;-0.8660254037844385;-0.5000000000000004;0.9749279121818236;-0.22252093395631434;44.78;44.75;46.37;37.96;5.359535506922719;6.619047619047613;0.030000000000001137;42.76285714285715;42.81966666666667;1.4057941324588794;0;0;0
2021-08-26;47.19;2021;8;26;3;238;3;2;-0.8660254037844385;-0.5000000000000004;0.43388373911755823;-0.900968867902419;47.18;42.09;46.08;37.84;0.02119542178888878;5.359535506922719;5.089999999999996;43.11000000000001;43.126999999999995;2.1046139788566105;0;0;0
2021-08-27;46.0;2021;8;27;4;239;3;2;-0.8660254037844385;-0.5000000000000004;-0.433883739117558;-0.9009688679024191;47.19;42.47;45.03;39.12;-2.5217207035388767;0.02119542178888878;4.719999999999999;43.83857142857143;43.43866666666667;2.5320178288694777;0;0;0
2021-08-28;46.13;2021;8;28;5;240;3;2;-0.8660254037844385;-0.5000000000000004;-0.9749279121818236;-0.2225209339563146;46.0;41.37;47.84;40.4;0.2826086956521756;-2.5217207035388767;4.630000000000003;44.34285714285715;43.668;2.5653246336846083;0;0;0
2021-08-29;50.2;2021;8;29;6;241;3;2;-0.8660254037844385;-0.5000000000000004;-0.7818314824680299;0.6234898018587334;46.13;41.88;45.45;39.62;8.82289182744418;0.2826086956521756;4.25;45.02285714285715;43.859;2.258485586151858;0;0;0
2021-08-30;51.17;2021;8;30;0;242;3;2;-0.8660254037844385;-0.5000000000000004;0.0;1.0;50.2;42.0;47.63;39.4;1.9322709163346552;8.82289182744418;8.200000000000003;46.21142857142858;44.211666666666666;2.504691787901151;0;0;0
2021-08-31;51.98;2021;8;31;1;243;3;2;-0.8660254037844385;-0.5000000000000004;0.7818314824680298;0.6234898018587336;51.17;44.78;47.08;41.27;1.58295876490131;1.9322709163346552;6.390000000000001;47.52142857142858;44.604000000000006;2.326638695424383;0;0;0
2021-09-01;52.33;2021;9;1;2;244;3;2;-1.0;-1.8369701987210297e-16;0.9749279121818236;-0.22252093395631434;51.98;47.18;44.75;41.77;0.6733358984224669;1.58295876490131;4.799999999999997;48.55;44.961;2.497905789522841;0;0;0
2021-09-02;53.18;2021;9;2;3;245;3;2;-1.0;-1.8369701987210297e-16;0.43388373911755823;-0.900968867902419;52.33;47.19;42.09;41.77;1.6243072807185177;0.6733358984224669;5.140000000000001;49.285714285714285;45.312999999999995;2.770672945590461;0;0;0
2021-09-03;52.11;2021;9;3;4;246;3;2;-1.0;-1.8369701987210297e-16;-0.433883739117558;-0.9009688679024191;53.18;46.0;42.47;41.76;-2.012034599473489;1.6243072807185177;7.18;50.14142857142857;45.693333333333335;2.935628431139162;0;0;0
2021-09-04;51.11;2021;9;4;5;247;3;2;-1.0;-1.8369701987210297e-16;-0.9749279121818236;-0.2225209339563146;52.11;46.13;41.37;42.31;-1.919017463058914;-2.012034599473489;5.979999999999997;51.01428571428571;46.03833333333333;2.348693659198692;0;0;0
2021-09-05;53.1;2021;9;5;6;248;3;2;-1.0;-1.8369701987210297e-16;-0.7818314824680299;0.6234898018587334;51.11;50.2;41.88;42.17;3.893562903541392;-1.919017463058914;0.9099999999999966;51.72571428571428;46.33166666666667;0.975377826670313;0;0;0
2021-09-06;53.77;2021;9;6;0;249;3;2;-1.0;-1.8369701987210297e-16;0.0;1.0;53.1;51.17;42.0;43.75;1.2617702448211032;3.893562903541392;1.9299999999999997;52.14;46.696;0.8233670708326315;0;0;0
2021-09-07;54.82;2021;9;7;1;250;3;2;-1.0;-1.8369701987210297e-16;0.7818314824680298;0.6234898018587336;53.77;51.98;44.78;43.3;1.952761763064892;1.2617702448211032;1.7900000000000063;52.51142857142857;47.029999999999994;0.8960920445909034;0;0;0
2021-09-08;57.98;2021;9;8;2;251;3;2;-1.0;-1.8369701987210297e-16;0.9749279121818236;-0.22252093395631434;54.82;52.33;47.18;42.79;5.764319591389988;1.952761763064892;2.490000000000002;52.917142857142856;47.414;1.205040999104154;0;0;0
2021-09-09;59.32;2021;9;9;3;252;3;2;-1.0;-1.8369701987210297e-16;0.43388373911755823;-0.900968867902419;57.98;53.18;47.19;44.54;2.3111417730251826;5.764319591389988;4.799999999999997;53.72428571428571;47.92033333333334;2.2151061460104597;0;0;0
2021-09-10;58.79;2021;9;10;4;253;3;2;-1.0;-1.8369701987210297e-16;-0.433883739117558;-0.9009688679024191;59.32;52.11;46.0;46.37;-0.8934592043155831;2.3111417730251826;7.210000000000001;54.60142857142857;48.413000000000004;3.029584287056389;0;0;0
2021-09-11;60.0;2021;9;11;5;254;3;2;-1.0;-1.8369701987210297e-16;-0.9749279121818236;-0.2225209339563146;58.79;51.11;46.13;46.08;2.0581731587004715;-0.8934592043155831;7.68;55.55571428571428;48.827;3.1631358762194397;0;0;0
2021-09-12;61.45;2021;9;12;6;255;3;2;-1.0;-1.8369701987210297e-16;-0.7818314824680299;0.6234898018587334;60.0;53.1;50.2;45.03;2.416666666666667;2.0581731587004715;6.899999999999999;56.825714285714284;49.291000000000004;2.849841265420426;0;0;0
2021-09-13;63.72;2021;9;13;0;256;3;2;-1.0;-1.8369701987210297e-16;0.0;1.0;61.45;53.77;51.17;47.84;3.6940602115540955;2.416666666666667;7.68;58.01857142857143;49.83833333333334;2.7770573668985277;0;0;0
2021-09-14;69.25;2021;9;14;1;257;3;2;-1.0;-1.8369701987210297e-16;0.7818314824680298;0.6234898018587336;63.72;54.82;51.98;45.45;8.67859384808538;3.6940602115540955;8.899999999999999;59.44;50.36766666666667;2.786425428154202;0;0;0
2021-09-15;69.58;2021;9;15;2;258;3;2;-1.0;-1.8369701987210297e-16;0.9749279121818236;-0.22252093395631434;69.25;57.98;52.33;47.63;0.4765342960288743;8.67859384808538;11.270000000000003;61.50142857142857;51.16100000000001;3.9100359272490652;0;0;0
2021-09-16;64.35;2021;9;16;3;259;3;2;-1.0;-1.8369701987210297e-16;0.43388373911755823;-0.900968867902419;69.58;59.32;53.18;47.08;-7.516527737855716;0.4765342960288743;10.259999999999998;63.15857142857143;51.89266666666666;4.571110107954629;0;0;0
2021-09-17;65.5;2021;9;17;4;260;3;2;-1.0;-1.8369701987210297e-16;-0.433883739117558;-0.9009688679024191;64.35;58.79;52.11;44.75;1.787101787101797;-7.516527737855716;5.559999999999995;63.87714285714286;52.468333333333334;4.251288880193211;0;0;0
2021-09-18;64.1;2021;9;18;5;261;3;2;-1.0;-1.8369701987210297e-16;-0.9749279121818236;-0.2225209339563146;65.5;60.0;51.11;42.09;-2.1374045801526798;1.787101787101797;5.5;64.83571428571429;53.16;3.6231517455698428;0;0;0
2021-09-19;63.6;2021;9;19;6;262;3;2;-1.0;-1.8369701987210297e-16;-0.7818314824680299;0.6234898018587334;64.1;61.45;53.1;42.47;-0.7800312012480437;-2.1374045801526798;2.6499999999999915;65.42142857142858;53.893666666666675;2.9866113940459016;0;0;0
2021-09-20;71.51;2021;9;20;0;263;3;2;-1.0;-1.8369701987210297e-16;0.0;1.0;63.6;63.72;53.77;41.37;12.437106918239005;-0.7800312012480437;-0.11999999999999744;65.72857142857143;54.598;2.5949979355890527;0;0;0
2021-09-21;73.15;2021;9;21;1;264;3;2;-1.0;-1.8369701987210297e-16;0.7818314824680298;0.6234898018587336;71.51;69.25;54.82;41.88;2.293385540483839;12.437106918239005;2.260000000000005;66.84142857142857;55.602666666666664;3.191799015034947;0;0;0
2021-09-22;70.78;2021;9;22;2;265;3;2;-1.0;-1.8369701987210297e-16;0.9749279121818236;-0.22252093395631434;73.15;69.58;57.98;42.0;-3.239917976760087;2.293385540483839;3.5700000000000074;67.39857142857143;56.645;3.935934571658685;0;0;0
2021-09-23;69.53;2021;9;23;3;266;3;2;-1.0;-1.8369701987210297e-16;0.43388373911755823;-0.900968867902419;70.78;64.35;59.32;44.78;-1.7660356032777602;-3.239917976760087;6.430000000000007;67.57000000000001;57.60433333333334;4.0706101098807945;0;0;0
2021-09-24;67.6;2021;9;24;4;267;3;2;-1.0;-1.8369701987210297e-16;-0.433883739117558;-0.9009688679024191;69.53;65.5;58.79;47.18;-2.775780238745873;-1.7660356032777602;4.030000000000001;68.31;58.42933333333333;3.85268737376873;0;0;0
2021-09-25;72.82;2021;9;25;5;268;3;2;-1.0;-1.8369701987210297e-16;-0.9749279121818236;-0.2225209339563146;67.6;64.1;60.0;47.19;7.721893491124265;-2.775780238745873;3.5;68.61;59.11;3.6750782304594503;0;0;0
2021-09-26;72.31;2021;9;26;6;269;3;2;-1.0;-1.8369701987210297e-16;-0.7818314824680299;0.6234898018587334;72.82;63.6;61.45;46.0;-0.7003570447679075;7.721893491124265;9.219999999999992;69.85571428571428;59.964333333333336;3.3555568695461986;0;0;0
2021-09-27;76.95;2021;9;27;0;270;3;2;-1.0;-1.8369701987210297e-16;0.0;1.0;72.31;71.51;63.72;46.13;6.416816484580279;-0.7003570447679075;0.7999999999999972;71.10000000000001;60.84133333333333;1.9837002461721105;0;0;0
2021-09-28;78.99;2021;9;28;1;271;3;2;-1.0;-1.8369701987210297e-16;0.7818314824680298;0.6234898018587336;76.95;73.15;69.25;50.2;2.6510721247563263;6.416816484580279;3.799999999999997;71.87714285714286;61.86866666666667;2.9843241238489866;0;0;0
2021-09-29;82.75;2021;9;29;2;272;3;2;-1.0;-1.8369701987210297e-16;0.9749279121818236;-0.22252093395631434;78.99;70.78;69.58;51.17;4.760096214710741;2.6510721247563263;8.209999999999994;72.71142857142857;62.82833333333334;4.031903721450212;0;0;0
2021-09-30;92.69;2021;9;30;3;273;3;2;-1.0;-1.8369701987210297e-16;0.43388373911755823;-0.900968867902419;82.75;69.53;64.35;51.98;12.012084592145023;4.760096214710741;13.219999999999999;74.42142857142858;63.881;5.386886635065182;0;0;0
2021-10-01;88.5;2021;10;1;4;274;4;2;-0.8660254037844386;0.5000000000000001;-0.433883739117558;-0.9009688679024191;92.69;67.6;65.5;52.33;-4.520444492394004;12.012084592145023;25.090000000000003;77.73;65.238;8.239128190126017;0;0;0
2021-10-02;74.81;2021;10;2;5;275;4;2;-0.8660254037844386;0.5000000000000001;-0.9749279121818236;-0.2225209339563146;88.5;72.82;64.1;53.18;-15.468926553672313;-4.520444492394004;15.680000000000007;80.71571428571428;66.44366666666666;7.727375270518708;0;0;0
2021-10-03;77.7;2021;10;3;6;276;4;2;-0.8660254037844386;0.5000000000000001;-0.7818314824680299;0.6234898018587334;74.81;72.31;63.6;52.11;3.8631199037561847;-15.468926553672313;2.5;81.0;67.16466666666666;7.418932987071801;0;0;0
2021-10-04;91.25;2021;10;4;0;277;4;2;-0.8660254037844386;0.5000000000000001;0.0;1.0;77.7;76.95;71.51;51.11;17.438867438867444;3.8631199037561847;0.75;81.77;68.01766666666667;6.601350871854085;0;0;0
2021-10-05;113.77;2021;10;5;1;278;4;2;-0.8660254037844386;0.5000000000000001;0.7818314824680298;0.6234898018587336;91.25;78.99;73.15;53.1;24.679452054794517;17.438867438867444;12.260000000000005;83.81285714285714;69.35566666666666;7.057999514228678;0;0;0
2021-10-06;111.66;2021;10;6;2;279;4;2;-0.8660254037844386;0.5000000000000001;0.9749279121818236;-0.22252093395631434;113.77;82.75;70.78;53.77;-1.8546189680935243;24.679452054794517;31.019999999999996;88.78142857142858;71.378;12.911594826061396;0;0;0
2021-10-07;98.47;2021;10;7;3;280;4;2;-0.8660254037844386;0.5000000000000001;0.43388373911755823;-0.900968867902419;111.66;92.69;69.53;54.82;-11.812645531076482;-1.8546189680935243;18.97;92.91142857142857;73.30766666666666;15.099162701478129;0;0;0
2021-10-08;80.06;2021;10;8;4;281;4;2;-0.8660254037844386;0.5000000000000001;-0.433883739117558;-0.9009688679024191;98.47;88.5;67.6;57.98;-18.69604955824109;-11.812645531076482;9.969999999999999;93.73714285714287;74.76266666666668;15.242398886314376;0;0;0
2021-10-09;87.4;2021;10;9;5;282;4;2;-0.8660254037844386;0.5000000000000001;-0.9749279121818236;-0.2225209339563146;80.06;74.81;72.82;59.32;9.168123907069692;-18.69604955824109;5.25;92.53142857142858;75.49866666666667;16.03872753532446;0;0;0
2021-10-10;86.0;2021;10;10;6;283;4;2;-0.8660254037844386;0.5000000000000001;-0.7818314824680299;0.6234898018587334;87.4;77.7;72.31;58.79;-1.6018306636155666;9.168123907069692;9.700000000000003;94.33;76.43466666666667;14.33575483421297;0;0;0
2021-10-11;83.02;2021;10;11;0;284;4;2;-0.8660254037844386;0.5000000000000001;0.0;1.0;86.0;91.25;76.95;60.0;-3.4651162790697687;-1.6018306636155666;-5.25;95.51571428571428;77.34166666666667;13.013286616816766;0;0;0
2021-10-12;84.07;2021;10;12;1;285;4;2;-0.8660254037844386;0.5000000000000001;0.7818314824680298;0.6234898018587336;83.02;113.77;78.99;61.45;1.2647554806070715;-3.4651162790697687;-30.75;94.34;78.109;13.810287228487583;0;0;0
2021-10-13;92.65;2021;10;13;2;286;4;2;-0.8660254037844386;0.5000000000000001;0.9749279121818236;-0.22252093395631434;84.07;111.66;82.75;63.72;10.205780896871675;1.2647554806070715;-27.590000000000003;90.09714285714286;78.863;11.152573267017118;0;0;0
2021-10-14;98.52;2021;10;14;3;287;4;2;-0.8660254037844386;0.5000000000000001;0.43388373911755823;-0.900968867902419;92.65;98.47;92.69;69.25;6.33567188343227;10.205780896871675;-5.819999999999993;87.38142857142857;79.82733333333334;6.274470571480566;0;0;0
2021-10-15;89.95;2021;10;15;4;288;4;2;-0.8660254037844386;0.5000000000000001;-0.433883739117558;-0.9009688679024191;98.52;80.06;88.5;69.58;-8.698741372310181;6.33567188343227;18.459999999999994;87.38857142857144;80.80300000000001;6.28920882297943;0;0;0
2021-10-16;90.01;2021;10;16;5;289;4;2;-0.8660254037844386;0.5000000000000001;-0.9749279121818236;-0.2225209339563146;89.95;87.4;74.81;64.35;0.06670372429127269;-8.698741372310181;2.549999999999997;88.80142857142857;81.482;5.419174071668315;0;0;0
2021-10-17;94.49;2021;10;17;6;290;4;2;-0.8660254037844386;0.5000000000000001;-0.7818314824680299;0.6234898018587334;90.01;86.0;77.7;65.5;4.977224752805243;0.06670372429127269;4.010000000000005;89.17428571428572;82.33733333333333;5.396421212688683;0;0;0
2021-10-18;85.66;2021;10;18;0;291;4;2;-0.8660254037844386;0.5000000000000001;0.0;1.0;94.49;83.02;91.25;64.1;-9.34490422266906;4.977224752805243;11.469999999999999;90.38714285714286;83.30366666666666;5.5168188728818;0;0;0
2021-10-19;86.76;2021;10;19;1;292;4;2;-0.8660254037844386;0.5000000000000001;0.7818314824680298;0.6234898018587336;85.66;84.07;113.77;63.6;1.2841466261966028;-9.34490422266906;1.5900000000000034;90.76428571428572;84.02233333333334;4.994783469256321;0;0;0
2021-10-20;90.21;2021;10;20;2;293;4;2;-0.8660254037844386;0.5000000000000001;0.9749279121818236;-0.22252093395631434;86.76;92.65;111.66;71.51;3.9764868603042736;1.2841466261966028;-5.890000000000001;91.14857142857143;84.79433333333333;4.4697927937480335;0;0;0
2021-10-21;88.24;2021;10;21;3;294;4;2;-0.8660254037844386;0.5000000000000001;0.43388373911755823;-0.900968867902419;90.21;98.52;98.47;73.15;-2.1837933710231683;3.9764868603042736;-8.310000000000002;90.8;85.41766666666666;4.428137305910271;0;0;0
2021-10-22;88.4;2021;10;22;4;295;4;2;-0.8660254037844386;0.5000000000000001;-0.433883739117558;-0.9009688679024191;88.24;89.95;80.06;70.78;0.18132366273799772;-2.1837933710231683;-1.710000000000008;89.33142857142857;85.92066666666668;2.8725333103450748;0;0;0
2021-10-23;91.75;2021;10;23;5;296;4;2;-0.8660254037844386;0.5000000000000001;-0.9749279121818236;-0.2225209339563146;88.4;90.01;87.4;69.53;3.789592760180982;0.18132366273799772;-1.6099999999999994;89.11;86.508;2.8766415603375224;0;0;0
2021-10-24;95.1;2021;10;24;6;297;4;2;-0.8660254037844386;0.5000000000000001;-0.7818314824680299;0.6234898018587334;91.75;94.49;86.0;67.6;3.6512261580381455;3.789592760180982;-2.739999999999995;89.35857142857142;87.24866666666667;3.0380225398069967;0;0;0
2021-10-25;91.01;2021;10;25;0;298;4;2;-0.8660254037844386;0.5000000000000001;0.0;1.0;95.1;85.66;83.02;72.82;-4.3007360672975725;3.6512261580381455;9.439999999999998;89.44571428571429;88.16533333333334;3.2134294097463805;0;0;0
2021-10-26;89.31;2021;10;26;1;299;4;2;-0.8660254037844386;0.5000000000000001;0.7818314824680298;0.6234898018587336;91.01;86.76;84.07;72.31;-1.8679266014723694;-4.3007360672975725;4.25;90.21000000000001;88.77166666666668;2.7683689542149184;0;0;0
2021-10-27;84.65;2021;10;27;2;300;4;2;-0.8660254037844386;0.5000000000000001;0.9749279121818236;-0.22252093395631434;89.31;90.21;92.65;76.95;-5.217780763632285;-1.8679266014723694;-0.8999999999999915;90.57428571428571;89.33833333333334;2.379137498777561;0;0;0
2021-10-28;73.75;2021;10;28;3;301;4;2;-0.8660254037844386;0.5000000000000001;0.43388373911755823;-0.900968867902419;84.65;88.24;98.52;78.99;-12.87655050206734;-5.217780763632285;-3.589999999999989;89.78;89.595;3.2789734165834656;0;0;0
2021-10-29;60.32;2021;10;29;4;302;4;2;-0.8660254037844386;0.5000000000000001;-0.433883739117558;-0.9009688679024191;73.75;88.4;89.95;82.75;-18.21016949152542;-12.87655050206734;-14.650000000000006;87.71000000000001;89.42033333333333;6.941481590169441;0;0;0
2021-10-30;62.86;2021;10;30;5;303;4;2;-0.8660254037844386;0.5000000000000001;-0.9749279121818236;-0.2225209339563146;60.32;91.75;90.01;92.69;4.210875331564989;-18.21016949152542;-31.43;83.69857142857143;88.67266666666667;12.424438858651767;0;0;0
2021-10-31;60.25;2021;10;31;6;304;4;2;-0.8660254037844386;0.5000000000000001;-0.7818314824680299;0.6234898018587334;62.86;95.1;94.49;88.5;-4.152083996181988;4.210875331564989;-32.239999999999995;79.57142857142857;87.67833333333333;14.002306272624397;0;0;0
2021-11-01;63.7;2021;11;1;0;305;4;2;-0.5000000000000004;0.8660254037844384;0.0;1.0;60.25;91.01;85.66;74.81;5.726141078838176;-4.152083996181988;-30.760000000000005;74.59285714285714;86.73666666666666;13.75418325975241;0;0;0
2021-11-02;69.25;2021;11;2;1;306;4;2;-0.5000000000000004;0.8660254037844384;0.7818314824680298;0.6234898018587336;63.7;89.31;86.76;77.7;8.712715855572984;5.726141078838176;-25.61;70.69142857142857;86.36633333333334;12.094413901427565;0;0;0
2021-11-03;76.84;2021;11;3;2;307;4;2;-0.5000000000000004;0.8660254037844384;0.9749279121818236;-0.22252093395631434;69.25;84.65;90.21;91.25;10.960288808664265;8.712715855572984;-15.400000000000006;67.82571428571428;86.08466666666666;8.903083467995359;0;0;0
2021-11-04;71.65;2021;11;4;3;308;4;2;-0.5000000000000004;0.8660254037844384;0.43388373911755823;-0.900968867902419;76.84;73.75;88.24;113.77;-6.754294638209258;10.960288808664265;3.0900000000000034;66.71000000000001;85.60433333333334;6.6467586085246895;0;0;0
2021-11-05;70.51;2021;11;5;4;309;4;2;-0.5000000000000004;0.8660254037844384;-0.433883739117558;-0.9009688679024191;71.65;60.32;88.4;111.66;-1.591067690160508;-6.754294638209258;11.330000000000005;66.41;84.20033333333332;6.315172206677909;0;0;0
2021-11-06;71.57;2021;11;6;5;310;4;2;-0.5000000000000004;0.8660254037844384;-0.9749279121818236;-0.2225209339563146;70.51;62.86;91.75;98.47;1.5033328605871255;-1.591067690160508;7.650000000000006;67.86571428571429;82.82866666666668;5.833474828215648;0;0;0
2021-11-07;73.47;2021;11;7;6;311;4;2;-0.5000000000000004;0.8660254037844384;-0.7818314824680299;0.6234898018587334;71.57;60.25;95.1;80.06;2.654743607656851;1.5033328605871255;11.319999999999993;69.11;81.932;5.507621991385838;0;0;0
2021-11-08;77.74;2021;11;8;0;312;4;2;-0.5000000000000004;0.8660254037844384;0.0;1.0;73.47;63.7;91.01;87.4;5.811896011977669;2.654743607656851;9.769999999999996;70.99857142857142;81.71233333333333;4.03208973350598;0;0;0
2021-11-09;71.0;2021;11;9;1;313;4;2;-0.5000000000000004;0.8660254037844384;0.7818314824680298;0.6234898018587336;77.74;69.25;89.31;86.0;-8.669925392333411;5.811896011977669;8.489999999999995;73.00428571428571;81.39033333333333;3.203226795710605;0;0;0
2021-11-10;72.96;2021;11;10;2;314;4;2;-0.5000000000000004;0.8660254037844384;0.9749279121818236;-0.22252093395631434;71.0;76.84;84.65;83.02;2.7605633802816776;-8.669925392333411;-5.840000000000003;73.25428571428571;80.89033333333333;2.916875366682369;0;0;0
2021-11-11;77.73;2021;11;11;3;315;4;2;-0.5000000000000004;0.8660254037844384;0.43388373911755823;-0.900968867902419;72.96;71.65;73.75;84.07;6.537828947368429;2.7605633802816776;1.309999999999988;72.7;80.555;2.4538269430958697;0;0;0
2021-11-12;76.9;2021;11;12;4;316;4;2;-0.5000000000000004;0.8660254037844384;-0.433883739117558;-0.9009688679024191;77.73;70.51;60.32;92.65;-1.0677987906857034;6.537828947368429;7.219999999999999;73.56857142857143;80.34366666666666;3.0288910433321;0;0;0
2021-11-13;79.0;2021;11;13;5;317;4;2;-0.5000000000000004;0.8660254037844384;-0.9749279121818236;-0.2225209339563146;76.9;71.57;62.86;98.52;2.730819245773719;-1.0677987906857034;5.3300000000000125;74.48142857142857;79.81866666666666;2.9142033134936427;0;0;0
2021-11-14;79.25;2021;11;14;6;318;4;2;-0.5000000000000004;0.8660254037844384;-0.7818314824680299;0.6234898018587334;79.0;73.47;60.25;89.95;0.31645569620253333;2.730819245773719;5.530000000000001;75.54285714285713;79.16799999999999;3.0279295141818263;0;0;0
2021-11-15;81.76;2021;11;15;0;319;4;2;-0.5000000000000004;0.8660254037844384;0.0;1.0;79.25;77.74;63.7;90.01;3.167192429022081;0.31645569620253333;1.5100000000000051;76.36857142857143;78.81133333333334;3.153931031645606;0;0;0
2021-11-16;93.64;2021;11;16;1;320;4;2;-0.5000000000000004;0.8660254037844384;0.7818314824680298;0.6234898018587336;81.76;71.0;69.25;94.49;14.5303326810176;3.167192429022081;10.760000000000005;76.94285714285715;78.53633333333333;3.7541475476491253;0;0;0
2021-11-17;95.1;2021;11;17;2;321;4;2;-0.5000000000000004;0.8660254037844384;0.9749279121818236;-0.22252093395631434;93.64;72.96;76.84;85.66;1.5591627509611294;14.5303326810176;20.680000000000007;80.17714285714285;78.50800000000001;6.516831321753411;0;0;0
2021-11-18;96.06;2021;11;18;3;322;4;2;-0.5000000000000004;0.8660254037844384;0.43388373911755823;-0.900968867902419;95.1;77.73;71.65;86.76;1.0094637223974745;1.5591627509611294;17.36999999999999;83.34;78.82266666666666;7.6962480036267555;0;0;0
2021-11-19;93.42;2021;11;19;4;323;4;2;-0.5000000000000004;0.8660254037844384;-0.433883739117558;-0.9009688679024191;96.06;76.9;70.51;90.21;-2.7482823235477793;1.0094637223974745;19.159999999999997;85.95857142857143;79.13266666666667;8.54128489274552;0;0;0
2021-11-20;95.7;2021;11;20;5;324;4;2;-0.5000000000000004;0.8660254037844384;-0.9749279121818236;-0.2225209339563146;93.42;79.0;71.57;88.24;2.440590879897231;-2.7482823235477793;14.420000000000002;88.31857142857143;79.23966666666666;7.877703617534064;0;0;0
2021-11-21;92.89;2021;11;21;6;325;4;2;-0.5000000000000004;0.8660254037844384;-0.7818314824680299;0.6234898018587334;95.7;79.25;73.47;88.4;-2.936259143155695;2.440590879897231;16.450000000000003;90.70428571428572;79.48833333333332;7.072924565182117;0;0;0
2021-11-22;87.39;2021;11;22;0;326;4;2;-0.5000000000000004;0.8660254037844384;0.0;1.0;92.89;81.76;77.74;91.75;-5.9209818064377195;-2.936259143155695;11.129999999999995;92.65285714285714;79.638;4.95236884155973;0;0;0
2021-11-23;93.9;2021;11;23;1;327;4;2;-0.5000000000000004;0.8660254037844384;0.7818314824680298;0.6234898018587336;87.39;93.64;71.0;95.1;7.449364915894274;-5.9209818064377195;-6.25;93.45714285714287;79.49266666666668;2.934590910078997;0;0;0
2021-11-24;97.83;2021;11;24;2;328;4;2;-0.5000000000000004;0.8660254037844384;0.9749279121818236;-0.22252093395631434;93.9;95.1;72.96;91.01;4.185303514376981;7.449364915894274;-1.1999999999999886;93.49428571428571;79.45266666666666;2.9389332369795396;0;0;0
2021-11-25;95.16;2021;11;25;3;329;4;2;-0.5000000000000004;0.8660254037844384;0.43388373911755823;-0.900968867902419;97.83;96.06;77.73;89.31;-2.7292241643667614;4.185303514376981;1.769999999999996;93.88428571428572;79.68;3.3411418065420366;0;0;0
2021-11-26;91.42;2021;11;26;4;330;4;2;-0.5000000000000004;0.8660254037844384;-0.433883739117558;-0.9009688679024191;95.16;93.42;76.9;84.65;-3.9302227826817915;-2.7292241643667614;1.7399999999999949;93.75571428571428;79.875;3.2597896514074334;0;0;0
2021-11-27;93.89;2021;11;27;5;331;4;2;-0.5000000000000004;0.8660254037844384;-0.9749279121818236;-0.2225209339563146;91.42;95.7;79.0;73.75;2.701815795230811;-3.9302227826817915;-4.280000000000001;93.47;80.10066666666667;3.379566047092604;0;0;0
2021-11-28;95.24;2021;11;28;6;332;4;2;-0.5000000000000004;0.8660254037844384;-0.7818314824680299;0.6234898018587334;93.89;92.89;79.25;60.32;1.437852806475659;2.701815795230811;1.0;93.21142857142857;80.77199999999999;3.2471599312386994;0;0;0
2021-11-29;98.26;2021;11;29;0;333;4;2;-0.5000000000000004;0.8660254037844384;0.0;1.0;95.24;87.39;81.76;62.86;3.170936581268391;1.437852806475659;7.849999999999994;93.54714285714284;81.93599999999999;3.3288422125695476;0;0;0
2021-11-30;95.5;2021;11;30;1;334;4;2;-0.5000000000000004;0.8660254037844384;0.7818314824680298;0.6234898018587336;98.26;93.9;93.64;60.25;-2.80887441481783;3.170936581268391;4.359999999999999;95.10000000000001;83.116;2.3772603279112894;0;0;0
2021-12-01;98.12;2021;12;1;2;335;4;2;-2.4492935982947064e-16;1.0;0.9749279121818236;-0.22252093395631434;95.5;97.83;95.1;63.7;2.7434554973821967;-2.80887441481783;-2.3299999999999983;95.32857142857144;84.291;2.318853370175688;0;0;0
2021-12-02;96.07;2021;12;2;3;336;4;2;-2.4492935982947064e-16;1.0;0.43388373911755823;-0.900968867902419;98.12;95.16;96.06;69.25;-2.08927843456993;2.7434554973821967;2.960000000000008;95.37;85.43833333333333;2.37295174834934;0;0;0
2021-12-03;92.7;2021;12;3;4;337;4;2;-2.4492935982947064e-16;1.0;-0.433883739117558;-0.9009688679024191;96.07;91.42;93.42;76.84;-3.507858852919732;-2.08927843456993;4.6499999999999915;95.5;86.33233333333332;2.3844286527372054;0;0;0
2021-12-04;89.77;2021;12;4;5;338;4;2;-2.4492935982947064e-16;1.0;-0.9749279121818236;-0.2225209339563146;92.7;93.89;95.7;71.65;-3.1607335490830724;-3.507858852919732;-1.1899999999999977;95.68285714285715;86.86100000000002;2.0442008567778456;0;0;0
2021-12-05;90.21;2021;12;5;6;339;4;2;-2.4492935982947064e-16;1.0;-0.7818314824680299;0.6234898018587334;89.77;95.24;92.89;70.51;0.490141472652339;-3.1607335490830724;-5.469999999999999;95.0942857142857;87.465;3.0109569749094978;0;0;0
2021-12-06;91.0;2021;12;6;0;340;4;2;-2.4492935982947064e-16;1.0;0.0;1.0;90.21;98.26;87.39;71.57;0.8757343975169141;0.490141472652339;-8.050000000000011;94.3757142857143;88.12166666666667;3.5264659228122843;0;0;0
2021-12-07;95.49;2021;12;7;1;341;4;2;-2.4492935982947064e-16;1.0;0.7818314824680298;0.6234898018587336;91.0;95.5;93.9;73.47;4.934065934065934;0.8757343975169141;-4.5;93.33857142857141;88.76933333333335;3.250484213012301;0;0;0
2021-12-08;103.98;2021;12;8;2;342;4;2;-2.4492935982947064e-16;1.0;0.9749279121818236;-0.22252093395631434;95.49;98.12;97.83;77.74;8.890983349041793;4.934065934065934;-2.6300000000000097;93.33714285714284;89.50333333333333;3.2493779624493846;0;0;0
2021-12-09;101.08;2021;12;9;3;343;4;2;-2.4492935982947064e-16;1.0;0.43388373911755823;-0.900968867902419;103.98;96.07;95.16;71.0;-2.7889978842085106;8.890983349041793;7.910000000000011;94.1742857142857;90.378;4.9806253193171415;0;0;0
2021-12-10;107.04;2021;12;10;4;344;4;2;-2.4492935982947064e-16;1.0;-0.433883739117558;-0.9009688679024191;101.08;92.7;91.42;72.96;5.896319746735257;-2.7889978842085106;8.379999999999995;94.89;91.38066666666667;5.617668555548135;0;0;0
2021-12-11;109.06;2021;12;11;5;345;4;2;-2.4492935982947064e-16;1.0;-0.9749279121818236;-0.2225209339563146;107.04;89.77;93.89;77.73;1.8871449925261574;5.896319746735257;17.27000000000001;96.93857142857142;92.51666666666667;7.103978764446596;0;0;0
2021-12-12;113.24;2021;12;12;6;346;4;2;-2.4492935982947064e-16;1.0;-0.7818314824680299;0.6234898018587334;109.06;90.21;95.24;76.9;3.832752613240409;1.8871449925261574;18.85000000000001;99.69428571428571;93.56099999999999;7.584874987198007;0;0;0
2021-12-13;118.21;2021;12;13;0;347;4;2;-2.4492935982947064e-16;1.0;0.0;1.0;113.24;91.0;98.26;79.0;4.388908512892975;3.832752613240409;22.239999999999995;102.98428571428573;94.77233333333334;7.777617152535943;0;0;0
2021-12-14;129.5;2021;12;14;1;348;4;2;-2.4492935982947064e-16;1.0;0.7818314824680298;0.6234898018587336;118.21;95.49;95.5;79.25;9.550799424752565;4.388908512892975;22.72;106.87142857142858;96.07933333333334;7.587029345251429;0;0;0
2021-12-15;125.08;2021;12;15;2;349;4;2;-2.4492935982947064e-16;1.0;0.9749279121818236;-0.22252093395631434;129.5;103.98;98.12;81.76;-3.4131274131274147;9.550799424752565;25.519999999999996;111.73;97.75433333333334;9.683778532507738;0;0;0
2021-12-16;138.68;2021;12;16;3;350;4;2;-2.4492935982947064e-16;1.0;0.43388373911755823;-0.900968867902419;125.08;101.08;96.07;93.64;10.873041253597716;-3.4131274131274147;24.0;114.74428571428572;99.19833333333332;10.142418937548985;0;0;0
2021-12-17;136.67;2021;12;17;4;351;4;2;-2.4492935982947064e-16;1.0;-0.433883739117558;-0.9009688679024191;138.68;107.04;92.7;95.1;-1.449379867320466;10.873041253597716;31.64;120.11571428571428;100.69966666666666;11.557479334674056;0;0;0
2021-12-18;146.5;2021;12;18;5;352;4;2;-2.4492935982947064e-16;1.0;-0.9749279121818236;-0.2225209339563146;136.67;109.06;89.77;96.06;7.19250749981708;-1.449379867320466;27.609999999999985;124.34857142857143;102.08533333333334;11.39519259537559;0;0;0
2021-12-19;162.27;2021;12;19;6;353;4;2;-2.4492935982947064e-16;1.0;-0.7818314824680299;0.6234898018587334;146.5;113.24;90.21;93.42;10.764505119453926;7.19250749981708;33.260000000000005;129.69714285714286;103.76666666666667;11.802523337949577;0;0;0
2021-12-20;148.44;2021;12;20;0;354;4;2;-2.4492935982947064e-16;1.0;0.0;1.0;162.27;118.21;91.0;95.7;-8.522832316509533;10.764505119453926;44.06000000000002;136.70142857142858;106.06166666666667;14.620366421047732;0;0;0
2021-12-21;183.0;2021;12;21;1;355;4;2;-2.4492935982947064e-16;1.0;0.7818314824680298;0.6234898018587336;148.44;129.5;95.49;92.89;23.282134195634608;-8.522832316509533;18.939999999999998;141.02;107.81966666666668;12.568753584451064;0;0;0
2021-12-22;171.25;2021;12;22;2;356;4;2;-2.4492935982947064e-16;1.0;0.9749279121818236;-0.22252093395631434;183.0;125.08;103.98;87.39;-6.420765027322406;23.282134195634608;57.92;148.66285714285715;110.82333333333332;19.011218367308995;0;0;0
2021-12-23;126.78;2021;12;23;3;357;4;2;-2.4492935982947064e-16;1.0;0.43388373911755823;-0.900968867902419;171.25;138.68;101.08;93.9;-25.96788321167883;-6.420765027322406;32.56999999999999;155.25857142857143;113.61866666666667;17.40719336804077;0;0;0
2021-12-24;100.97;2021;12;24;4;358;4;2;-2.4492935982947064e-16;1.0;-0.433883739117558;-0.9009688679024191;126.78;136.67;107.04;97.83;-20.358100646789712;-25.96788321167883;-9.889999999999986;153.5585714285714;114.71466666666667;19.723134832450686;0;0;0
2021-12-25;67.38;2021;12;25;5;359;4;2;-2.4492935982947064e-16;1.0;-0.9749279121818236;-0.2225209339563146;100.97;146.5;109.06;95.16;-33.267307120927015;-20.358100646789712;-45.53;148.45857142857145;114.81933333333333;27.785716611579957;0;0;0
2021-12-26;81.05;2021;12;26;6;360;4;2;-2.4492935982947064e-16;1.0;-0.7818314824680299;0.6234898018587334;67.38;162.27;113.24;91.42;20.287919263876518;-33.267307120927015;-94.89000000000001;137.15571428571428;113.89333333333335;41.44854836908944;0;0;0
2021-12-27;98.5;2021;12;27;0;361;4;2;-2.4492935982947064e-16;1.0;0.0;1.0;81.05;148.44;118.21;93.89;21.529919802591003;20.287919263876518;-67.39;125.55285714285715;113.54766666666666;44.50212119074974;0;0;0
2021-12-28;94.0;2021;12;28;1;362;4;2;-2.4492935982947064e-16;1.0;0.7818314824680298;0.6234898018587336;98.5;183.0;129.5;95.24;-4.5685279187817285;21.529919802591003;-84.5;118.41857142857144;113.70133333333334;44.22364052124575;0;0;0
2021-12-29;90.0;2021;12;29;2;363;4;2;-2.4492935982947064e-16;1.0;0.9749279121818236;-0.22252093395631434;94.0;171.25;125.08;98.26;-4.255319148936165;-4.5685279187817285;-77.25;105.70428571428572;113.66;34.22551818801413;0;0;0
2021-12-30;76.81;2021;12;30;3;364;4;2;-2.4492935982947064e-16;1.0;0.43388373911755823;-0.900968867902419;90.0;126.78;138.68;95.5;-14.655555555555555;-4.255319148936165;-36.78;94.09714285714287;113.38466666666666;18.41928402000243;0;0;0
2021-12-31;62.44;2021;12;31;4;365;4;2;-2.4492935982947064e-16;1.0;-0.433883739117558;-0.9009688679024191;76.81;100.97;136.67;98.12;-18.708501497200892;-14.655555555555555;-24.159999999999997;86.95857142857142;112.76166666666668;12.312472576715667;0;0;0
2022-01-01;48.56;2022;1;1;5;1;1;1;0.49999999999999994;0.8660254037844387;-0.9749279121818236;-0.2225209339563146;62.44;67.38;146.5;96.07;-22.229340166559886;-18.708501497200892;-4.939999999999998;81.4542857142857;111.57233333333332;13.55447018163223;0;1;0
2022-01-02;60.5;2022;1;2;6;2;1;1;0.49999999999999994;0.8660254037844387;-0.7818314824680299;0.6234898018587334;48.56;81.05;162.27;92.7;24.588138385502468;-22.229340166559886;-32.489999999999995;78.76571428571428;109.98866666666667;17.961493866178213;0;1;0
2022-01-03;78.2;2022;1;3;0;3;1;1;0.49999999999999994;0.8660254037844387;0.0;1.0;60.5;98.5;148.44;89.77;29.256198347107443;24.588138385502468;-38.0;75.83;108.91533333333334;19.164989781717324;0;1;0
2022-01-04;85.87;2022;1;4;1;4;1;1;0.49999999999999994;0.8660254037844387;0.7818314824680298;0.6234898018587336;78.2;94.0;183.0;90.21;9.808184143222508;29.256198347107443;-15.799999999999997;72.92999999999999;108.52966666666666;16.515644098853567;0;1;0
2022-01-05;92.8;2022;1;5;2;5;1;1;0.49999999999999994;0.8660254037844387;0.9749279121818236;-0.22252093395631434;85.87;90.0;171.25;91.0;8.070338884360062;9.808184143222508;-4.1299999999999955;71.76857142857143;108.38499999999999;15.003640034528658;0;1;0
2022-01-06;94.96;2022;1;6;3;6;1;1;0.49999999999999994;0.8660254037844387;0.43388373911755823;-0.900968867902419;92.8;76.81;126.78;95.49;2.327586206896548;8.070338884360062;15.989999999999995;72.16857142857143;108.445;15.596320536771197;0;1;0
2022-01-07;84.93;2022;1;7;4;7;1;1;0.49999999999999994;0.8660254037844387;-0.433883739117558;-0.9009688679024191;94.96;62.44;100.97;103.98;-10.562342038753147;2.327586206896548;32.519999999999996;74.76142857142857;108.42733333333334;17.843380125013045;0;1;0
2022-01-08;83.67;2022;1;8;5;8;1;1;0.49999999999999994;0.8660254037844387;-0.9749279121818236;-0.2225209339563146;84.93;48.56;67.38;101.08;-1.483574708583546;-10.562342038753147;36.370000000000005;77.9742857142857;107.79233333333333;17.270603017017798;0;1;0
2022-01-09;90.0;2022;1;9;6;9;1;1;0.49999999999999994;0.8660254037844387;-0.7818314824680299;0.6234898018587334;83.67;60.5;81.05;107.04;7.565435640014351;-1.483574708583546;23.17;82.99;107.212;11.4074653918678;0;1;0
2022-01-10;83.4;2022;1;10;0;10;1;1;0.49999999999999994;0.8660254037844387;0.0;1.0;90.0;78.2;98.5;109.06;-7.333333333333325;7.565435640014351;11.799999999999997;87.2042857142857;106.644;5.770617694096777;0;1;0
2022-01-11;81.0;2022;1;11;1;11;1;1;0.49999999999999994;0.8660254037844387;0.7818314824680298;0.6234898018587336;83.4;85.87;94.0;113.24;-2.877697841726623;-7.333333333333325;-2.469999999999999;87.94714285714288;105.78866666666667;4.642785493952014;0;1;0
2022-01-12;74.94;2022;1;12;2;12;1;1;0.49999999999999994;0.8660254037844387;0.9749279121818236;-0.22252093395631434;81.0;92.8;90.0;118.21;-7.481481481481489;-2.877697841726623;-11.799999999999997;87.25142857142858;104.714;5.321229270795912;0;1;0
2022-01-13;83.47;2022;1;13;3;13;1;1;0.49999999999999994;0.8660254037844387;0.43388373911755823;-0.900968867902419;74.94;94.96;76.81;129.5;11.382439284761148;-7.481481481481489;-20.019999999999996;84.7;103.27166666666668;6.391517816606216;0;1;0
2022-01-14;86.0;2022;1;14;4;14;1;1;0.49999999999999994;0.8660254037844387;-0.433883739117558;-0.9009688679024191;83.47;84.93;62.44;125.08;3.0310291122559008;11.382439284761148;-1.460000000000008;83.05857142857143;101.73733333333332;4.518375182043795;0;1;0
2022-01-15;89.76;2022;1;15;5;15;1;1;0.49999999999999994;0.8660254037844387;-0.9749279121818236;-0.2225209339563146;86.0;83.67;48.56;138.68;4.37209302325583;3.0310291122559008;2.3299999999999983;83.21142857142857;100.43466666666667;4.60941944490221;0;1;0
2022-01-16;94.99;2022;1;16;6;16;1;1;0.49999999999999994;0.8660254037844387;-0.7818314824680299;0.6234898018587334;89.76;90.0;60.5;136.67;5.826648841354709;4.37209302325583;-0.23999999999999488;84.08142857142856;98.80400000000002;5.241750434639414;0;1;0
2022-01-17;78.5;2022;1;17;0;17;1;1;0.49999999999999994;0.8660254037844387;0.0;1.0;94.99;83.4;78.2;146.5;-17.359722076007998;5.826648841354709;11.58999999999999;84.7942857142857;97.41466666666666;6.393564100308735;0;1;0
2022-01-18;80.5;2022;1;18;1;18;1;1;0.49999999999999994;0.8660254037844387;0.7818314824680298;0.6234898018587336;78.5;81.0;85.87;162.27;2.547770700636942;-17.359722076007998;-2.5;84.0942857142857;95.148;6.825320156453475;0;1;0
2022-01-19;74.4;2022;1;19;2;19;1;1;0.49999999999999994;0.8660254037844387;0.9749279121818236;-0.22252093395631434;80.5;74.94;92.8;148.44;-7.577639751552789;2.547770700636942;5.560000000000002;84.02285714285713;92.42233333333334;6.865597119662548;0;1;0
2022-01-20;76.0;2022;1;20;3;20;1;1;0.49999999999999994;0.8660254037844387;0.43388373911755823;-0.900968867902419;74.4;83.47;94.96;183.0;2.1505376344086002;-7.577639751552789;-9.069999999999993;83.94571428571429;89.95433333333334;6.986629748175447;0;1;0
2022-01-21;79.0;2022;1;21;4;21;1;1;0.49999999999999994;0.8660254037844387;-0.433883739117558;-0.9009688679024191;76.0;86.0;84.93;171.25;3.9473684210526327;2.1505376344086002;-10.0;82.87857142857142;86.38766666666668;7.613742900333318;0;1;0
2022-01-22;79.99;2022;1;22;5;22;1;1;0.49999999999999994;0.8660254037844387;-0.9749279121818236;-0.2225209339563146;79.0;89.76;83.67;126.78;1.2531645569620276;3.9473684210526327;-10.760000000000005;81.87857142857142;83.31266666666667;7.595113403961974;0;1;0
2022-01-23;87.0;2022;1;23;6;23;1;1;0.49999999999999994;0.8660254037844387;-0.7818314824680299;0.6234898018587334;79.99;94.99;90.0;100.97;8.763595449431193;1.2531645569620276;-15.0;80.48285714285714;81.75299999999999;6.756825473266711;0;1;0
2022-01-24;90.4;2022;1;24;0;24;1;1;0.49999999999999994;0.8660254037844387;0.0;1.0;87.0;78.5;83.4;67.38;3.9080459770115095;8.763595449431193;8.5;79.34142857142857;81.28733333333334;4.017131765208018;0;1;0
2022-01-25;91.52;2022;1;25;1;25;1;1;0.49999999999999994;0.8660254037844387;0.7818314824680298;0.6234898018587336;90.4;80.5;81.0;81.05;1.2389380530973382;3.9080459770115095;9.900000000000006;81.04142857142857;82.05466666666666;5.7471454612160615;0;1;0
2022-01-26;90.83;2022;1;26;2;26;1;1;0.49999999999999994;0.8660254037844387;0.9749279121818236;-0.22252093395631434;91.52;74.4;74.94;98.5;-0.7539335664335622;1.2389380530973382;17.11999999999999;82.61571428571428;82.40366666666667;6.956253438795706;0;1;0
2022-01-27;90.97;2022;1;27;3;27;1;1;0.49999999999999994;0.8660254037844387;0.43388373911755823;-0.900968867902419;90.83;76.0;83.47;94.0;0.1541340966640936;-0.7539335664335622;14.829999999999998;84.96285714285715;82.148;6.477521939459976;0;1;0
2022-01-28;91.99;2022;1;28;4;28;1;1;0.49999999999999994;0.8660254037844387;-0.433883739117558;-0.9009688679024191;90.97;79.0;86.0;90.0;1.121248763328575;0.1541340966640936;11.969999999999999;87.10142857142857;82.04700000000001;5.408146412500514;0;1;0
2022-01-29;93.12;2022;1;29;5;29;1;1;0.49999999999999994;0.8660254037844387;-0.9749279121818236;-0.2225209339563146;91.99;79.99;89.76;76.81;1.2283943906946426;1.121248763328575;12.0;88.95714285714287;82.11333333333333;4.274879001350188;0;1;0
2022-01-30;92.74;2022;1;30;6;30;1;1;0.49999999999999994;0.8660254037844387;-0.7818314824680299;0.6234898018587334;93.12;87.0;94.99;62.44;-0.4080756013745801;1.2283943906946426;6.1200000000000045;90.83285714285715;82.657;1.9122039142094234;0;1;0
2022-01-31;82.29;2022;1;31;0;31;1;1;0.49999999999999994;0.8660254037844387;0.0;1.0;92.74;90.4;78.5;48.56;-11.268061246495565;-0.4080756013745801;2.339999999999989;91.65285714285713;83.667;1.0147859262841463;0;1;0
2022-02-01;76.02;2022;2;1;1;32;1;1;0.8660254037844386;0.5000000000000001;0.7818314824680298;0.6234898018587336;82.29;91.52;80.5;60.5;-7.61939482318631;-11.268061246495565;-9.22999999999999;90.49428571428572;84.79133333333333;3.7165434530070147;0;1;0
2022-02-02;79.25;2022;2;2;2;33;1;1;0.8660254037844386;0.5000000000000001;0.9749279121818236;-0.22252093395631434;76.02;90.83;74.4;78.2;4.248881873191279;-7.61939482318631;-14.810000000000002;88.28;85.30866666666665;6.544814741457118;0;1;0
2022-02-03;78.66;2022;2;3;3;34;1;1;0.8660254037844386;0.5000000000000001;0.43388373911755823;-0.900968867902419;79.25;90.97;76.0;85.87;-0.7444794952681466;4.248881873191279;-11.719999999999999;86.62571428571428;85.34366666666666;7.221373039209595;0;1;0
2022-02-04;80.7;2022;2;4;4;35;1;1;0.8660254037844386;0.5000000000000001;-0.433883739117558;-0.9009688679024191;78.66;91.99;79.0;92.8;2.593440122044255;-0.7444794952681466;-13.329999999999998;84.86714285714285;85.10333333333332;7.481322775832186;0;1;0
2022-02-05;79.24;2022;2;5;5;36;1;1;0.8660254037844386;0.5000000000000001;-0.9749279121818236;-0.2225209339563146;80.7;93.12;79.99;94.96;-1.8091697645601035;2.593440122044255;-12.420000000000002;83.25428571428571;84.7;6.882852744666058;0;1;0
2022-02-06;81.58;2022;2;6;6;37;1;1;0.8660254037844386;0.5000000000000001;-0.7818314824680299;0.6234898018587334;79.24;92.74;87.0;84.93;2.9530540131246896;-1.8091697645601035;-13.5;81.27142857142857;84.17599999999999;5.408359050492407;0;1;0
2022-02-07;78.57;2022;2;7;0;38;1;1;0.8660254037844386;0.5000000000000001;0.0;1.0;81.58;82.29;90.4;83.67;-3.6896298112282455;2.9530540131246896;-0.710000000000008;79.67714285714285;84.06433333333332;2.092723220157476;0;1;0
2022-02-08;79.11;2022;2;8;1;39;1;1;0.8660254037844386;0.5000000000000001;0.7818314824680298;0.6234898018587336;78.57;76.02;91.52;90.0;0.6872852233676952;-3.6896298112282455;2.549999999999997;79.14571428571428;83.89433333333334;1.7653503631737761;0;1;0
2022-02-09;78.0;2022;2;9;2;40;1;1;0.8660254037844386;0.5000000000000001;0.9749279121818236;-0.22252093395631434;79.11;79.25;90.83;83.4;-1.403109594235874;0.6872852233676952;-0.14000000000000057;79.58714285714287;83.53133333333334;1.1229383225210032;0;1;0
2022-02-10;74.97;2022;2;10;3;41;1;1;0.8660254037844386;0.5000000000000001;0.43388373911755823;-0.900968867902419;78.0;78.66;90.97;81.0;-3.8846153846153864;-1.403109594235874;-0.6599999999999966;79.40857142857143;83.35133333333333;1.2746297314815727;0;1;0
2022-02-11;75.6;2022;2;11;4;42;1;1;0.8660254037844386;0.5000000000000001;-0.433883739117558;-0.9009688679024191;74.97;80.7;91.99;74.94;0.8403361344537785;-3.8846153846153864;-5.730000000000004;78.88142857142859;83.15033333333332;2.119099089796619;0;1;0
2022-02-12;77.27;2022;2;12;5;43;1;1;0.8660254037844386;0.5000000000000001;-0.9749279121818236;-0.2225209339563146;75.6;79.24;93.12;83.47;2.208994708994716;0.8403361344537785;-3.6400000000000006;78.15285714285713;83.17233333333333;2.2615755148833343;0;1;0
2022-02-13;79.44;2022;2;13;6;44;1;1;0.8660254037844386;0.5000000000000001;-0.7818314824680299;0.6234898018587334;77.27;81.58;92.74;86.0;2.808334411802771;2.208994708994716;-4.310000000000002;77.87142857142855;82.96566666666666;2.226038548418169;0;1;0
2022-02-14;79.38;2022;2;14;0;45;1;1;0.8660254037844386;0.5000000000000001;0.0;1.0;79.44;78.57;82.29;89.76;-0.07552870090634656;2.808334411802771;0.8700000000000045;77.56571428571428;82.747;1.7216354351094942;0;1;0
2022-02-15;68.5;2022;2;15;1;46;1;1;0.8660254037844386;0.5000000000000001;0.7818314824680298;0.6234898018587336;79.38;79.11;76.02;94.99;-13.706223230032744;-0.07552870090634656;0.269999999999996;77.68142857142857;82.401;1.8245312509547091;0;1;0
2022-02-16;69.17;2022;2;16;2;47;1;1;0.8660254037844386;0.5000000000000001;0.9749279121818236;-0.22252093395631434;68.5;78.0;79.25;78.5;0.9781021897810271;-13.706223230032744;-9.5;76.16571428571429;81.518;3.789229724463558;0;1;0
2022-02-17;71.93;2022;2;17;3;48;1;1;0.8660254037844386;0.5000000000000001;0.43388373911755823;-0.900968867902419;69.17;74.97;78.66;80.5;3.990169148474787;0.9781021897810271;-5.799999999999997;74.9042857142857;81.20700000000001;4.483052743918853;0;1;0
2022-02-18;69.5;2022;2;18;4;49;1;1;0.8660254037844386;0.5000000000000001;-0.433883739117558;-0.9009688679024191;71.93;75.6;80.7;74.4;-3.378284443208679;3.990169148474787;-3.6699999999999875;74.47;80.92133333333332;4.6207575136547145;0;1;0
2022-02-19;73.97;2022;2;19;5;50;1;1;0.8660254037844386;0.5000000000000001;-0.9749279121818236;-0.2225209339563146;69.5;77.27;79.24;76.0;6.431654676258991;-3.378284443208679;-7.769999999999996;73.59857142857142;80.758;4.936542071029502;0;1;0
2022-02-20;77.61;2022;2;20;6;51;1;1;0.8660254037844386;0.5000000000000001;-0.7818314824680299;0.6234898018587334;73.97;79.44;81.58;79.0;4.920913884007039;6.431654676258991;-5.469999999999999;73.12714285714286;80.69033333333333;4.678310643404003;0;1;0
2022-02-21;70.98;2022;2;21;0;52;1;1;0.8660254037844386;0.5000000000000001;0.0;1.0;77.61;79.38;78.57;79.99;-8.542713567839188;4.920913884007039;-1.769999999999996;72.86571428571429;80.64399999999999;4.302808606568346;0;1;0
2022-02-22;78.73;2022;2;22;1;53;1;1;0.8660254037844386;0.5000000000000001;0.7818314824680298;0.6234898018587336;70.98;68.5;79.11;87.0;10.9185686108763;-8.542713567839188;2.480000000000004;71.66571428571429;80.34366666666666;3.2177883561164835;0;1;0
2022-02-23;87.53;2022;2;23;2;54;1;1;0.8660254037844386;0.5000000000000001;0.9749279121818236;-0.22252093395631434;78.73;69.17;78.0;90.4;11.177441890003802;10.9185686108763;9.560000000000002;73.12714285714286;80.068;3.8091325096650555;0;1;0
2022-02-24;113.05;2022;2;24;3;55;1;1;0.8660254037844386;0.5000000000000001;0.43388373911755823;-0.900968867902419;87.53;71.93;74.97;91.52;29.155718039529297;11.177441890003802;15.599999999999994;75.75;79.97233333333334;6.20059943338785;1;1;0
2022-02-25;90.64;2022;2;25;4;56;1;1;0.8660254037844386;0.5000000000000001;-0.433883739117558;-0.9009688679024191;113.05;69.5;75.6;90.83;-19.82308712958868;29.155718039529297;43.55;81.62428571428572;80.69000000000001;15.087696816880001;1;1;0
2022-02-26;101.16;2022;2;26;5;57;1;1;0.8660254037844386;0.5000000000000001;-0.9749279121818236;-0.2225209339563146;90.64;73.97;77.27;90.97;11.606354810238306;-19.82308712958868;16.67;84.64428571428572;80.68366666666667;14.3542883919089;1;1;0
2022-02-27;107.54;2022;2;27;6;58;1;1;0.8660254037844386;0.5000000000000001;-0.7818314824680299;0.6234898018587334;101.16;77.61;79.44;91.99;6.306840648477663;11.606354810238306;23.549999999999997;88.52857142857142;81.02333333333333;14.659969791432355;1;1;0
2022-02-28;99.72;2022;2;28;0;59;1;1;0.8660254037844386;0.5000000000000001;0.0;1.0;107.54;70.98;79.38;93.12;-7.271712851032186;6.306840648477663;36.56;92.80428571428573;81.54166666666667;15.295616863601468;1;1;0
2022-03-01;122.1;2022;3;1;1;60;1;1;1.0;6.123233995736766e-17;0.7818314824680298;0.6234898018587336;99.72;78.73;68.5;92.74;22.442839951865224;-7.271712851032186;20.989999999999995;96.91;81.76166666666667;11.953136269057612;1;1;0
2022-03-02;163.73;2022;3;2;2;61;1;1;1.0;6.123233995736766e-17;0.9749279121818236;-0.22252093395631434;122.1;87.53;69.17;82.29;34.0950040950041;22.442839951865224;34.56999999999999;103.10571428571428;82.74033333333334;12.196860056509971;1;1;0
2022-03-03;151.58;2022;3;3;3;62;1;1;1.0;6.123233995736766e-17;0.43388373911755823;-0.900968867902419;163.73;113.05;71.93;76.02;-7.420753679838743;34.0950040950041;50.67999999999999;113.99142857142859;85.455;24.137764622109746;1;1;0
2022-03-04;195.08;2022;3;4;4;63;1;1;1.0;6.123233995736766e-17;-0.433883739117558;-0.9009688679024191;151.58;90.64;69.5;79.25;28.69771737696265;-7.420753679838743;60.94000000000001;119.49571428571429;87.97366666666667;27.975359310854614;1;1;0
2022-03-05;189.8;2022;3;5;5;64;1;1;1.0;6.123233995736766e-17;-0.9749279121818236;-0.2225209339563146;195.08;101.16;73.97;78.66;-2.70658191511175;28.69771737696265;93.92000000000002;134.41571428571427;91.83466666666666;36.55546373076697;1;1;0
2022-03-06;194.15;2022;3;6;6;65;1;1;1.0;6.123233995736766e-17;-0.7818314824680299;0.6234898018587334;189.8;107.54;77.61;80.7;2.291886195995785;-2.70658191511175;82.26;147.07857142857142;95.53933333333335;38.4205944898354;1;1;0
2022-03-07;214.36;2022;3;7;0;66;1;1;1.0;6.123233995736766e-17;0.0;1.0;194.15;99.72;70.98;79.24;10.409477208344065;2.291886195995785;94.43;159.45142857142858;99.321;37.50035574434422;1;1;0
2022-03-08;200.9;2022;3;8;1;67;1;1;1.0;6.123233995736766e-17;0.7818314824680298;0.6234898018587336;214.36;122.1;78.73;81.58;-6.279156559059529;10.409477208344065;92.26000000000002;175.82857142857145;103.825;31.641987099723007;1;1;0
2022-03-09;143.9;2022;3;9;2;68;1;1;1.0;6.123233995736766e-17;0.9749279121818236;-0.22252093395631434;200.9;163.73;87.53;78.57;-28.372324539571924;-6.279156559059529;37.170000000000016;187.08571428571432;107.80233333333334;21.840506600612958;1;1;0
2022-03-10;118.0;2022;3;10;3;69;1;1;1.0;6.123233995736766e-17;0.43388373911755823;-0.900968867902419;143.9;151.58;113.05;79.11;-17.99861014593468;-28.372324539571924;-7.680000000000007;184.25285714285718;109.98;26.221452231767156;1;1;0
2022-03-11;119.17;2022;3;11;4;70;1;1;1.0;6.123233995736766e-17;-0.433883739117558;-0.9009688679024191;118.0;195.08;90.64;78.0;0.9915254237288229;-17.99861014593468;-77.08000000000001;179.4557142857143;111.27633333333333;34.84782339312005;1;1;0
2022-03-12;110.47;2022;3;12;5;71;1;1;1.0;6.123233995736766e-17;-0.9749279121818236;-0.2225209339563146;119.17;189.8;101.16;74.97;-7.300495091046411;0.9915254237288229;-70.63000000000001;168.61142857142858;112.64866666666667;40.524239836000675;1;1;0
2022-03-13;119.85;2022;3;13;6;72;1;1;1.0;6.123233995736766e-17;-0.7818314824680299;0.6234898018587334;110.47;194.15;107.54;75.6;8.490993029781846;-7.300495091046411;-83.68;157.27857142857144;113.83200000000001;44.50789945937355;1;1;0
2022-03-14;105.08;2022;3;14;0;73;1;1;1.0;6.123233995736766e-17;0.0;1.0;119.85;214.36;99.72;77.27;-12.323738005840635;8.490993029781846;-94.51000000000002;146.66428571428574;115.307;43.08610172555359;1;1;0
2022-03-15;108.33;2022;3;15;1;74;1;1;1.0;6.123233995736766e-17;0.7818314824680298;0.6234898018587336;105.08;200.9;122.1;79.44;3.0928816140083804;-12.323738005840635;-95.82000000000001;131.05285714285714;116.23400000000001;33.11343922250976;1;1;0
2022-03-16;100.5;2022;3;16;2;75;1;1;1.0;6.123233995736766e-17;0.9749279121818236;-0.22252093395631434;108.33;143.9;163.73;79.38;-7.2279147050678505;3.0928816140083804;-35.57000000000001;117.82857142857144;117.19700000000002;12.861647676420473;1;1;0
2022-03-17;100.8;2022;3;17;3;76;1;1;1.0;6.123233995736766e-17;0.43388373911755823;-0.900968867902419;100.5;118.0;151.58;68.5;0.29850746268655914;-7.2279147050678505;-17.5;111.62857142857145;117.90100000000001;7.572008603118844;1;1;0
2022-03-18;97.76;2022;3;18;4;77;1;1;1.0;6.123233995736766e-17;-0.433883739117558;-0.9009688679024191;100.8;119.17;195.08;69.17;-3.015873015873005;0.29850746268655914;-18.370000000000005;109.17142857142858;118.97766666666666;7.941577149347555;1;1;0
2022-03-19;91.0;2022;3;19;5;78;1;1;1.0;6.123233995736766e-17;-0.9749279121818236;-0.2225209339563146;97.76;110.47;189.8;71.93;-6.914893617021278;-3.015873015873005;-12.709999999999994;106.11285714285714;119.93066666666667;7.562816305860022;1;1;0
2022-03-20;98.01;2022;3;20;6;79;1;1;1.0;6.123233995736766e-17;-0.7818314824680299;0.6234898018587334;91.0;119.85;194.15;69.5;7.703296703296703;-6.914893617021278;-28.849999999999994;103.33142857142856;120.56633333333335;9.114425248968777;1;1;0
2022-03-21;93.34;2022;3;21;0;80;1;1;1.0;6.123233995736766e-17;0.0;1.0;98.01;105.08;214.36;73.97;-4.764819916335073;7.703296703296703;-7.069999999999993;100.21142857142857;121.51666666666667;5.564022611298398;1;1;0
2022-03-22;92.4;2022;3;22;1;81;1;1;1.0;6.123233995736766e-17;0.7818314824680298;0.6234898018587336;93.34;108.33;200.9;77.61;-1.0070709235054598;-4.764819916335073;-14.989999999999995;98.53428571428572;122.16233333333334;5.621001859522401;1;1;0
2022-03-23;102.0;2022;3;23;2;82;1;1;1.0;6.123233995736766e-17;0.9749279121818236;-0.22252093395631434;92.4;100.5;143.9;70.98;10.389610389610393;-1.0070709235054598;-8.099999999999994;96.25857142857141;122.65533333333335;3.9790133976954922;1;1;0
2022-03-24;102.64;2022;3;24;3;83;1;1;1.0;6.123233995736766e-17;0.43388373911755823;-0.900968867902419;102.0;100.8;118.0;78.73;0.6274509803921635;10.389610389610393;1.2000000000000028;96.47285714285714;123.68933333333334;4.274890697571466;1;1;0
2022-03-25;95.2;2022;3;25;4;84;1;1;1.0;6.123233995736766e-17;-0.433883739117558;-0.9009688679024191;102.64;97.76;119.17;87.53;-7.248636009353071;0.6274509803921635;4.8799999999999955;96.73571428571428;124.48633333333333;4.627345737182508;1;1;0
2022-03-26;91.46;2022;3;26;5;85;1;1;1.0;6.123233995736766e-17;-0.9749279121818236;-0.2225209339563146;95.2;91.0;110.47;113.05;-3.928571428571437;-7.248636009353071;4.200000000000003;96.37;124.742;4.634058696217883;1;1;0
2022-03-27;96.2;2022;3;27;6;86;1;1;1.0;6.123233995736766e-17;-0.7818314824680299;0.6234898018587334;91.46;98.01;119.85;90.64;5.182593483490061;-3.928571428571437;-6.550000000000011;96.4357142857143;124.02233333333334;4.547672874275498;1;1;0
2022-03-28;102.5;2022;3;28;0;87;1;1;1.0;6.123233995736766e-17;0.0;1.0;96.2;93.34;105.08;101.16;6.548856548856552;5.182593483490061;2.8599999999999994;96.17714285714285;124.20766666666667;4.494388035040637;1;1;0
2022-03-29;102.25;2022;3;29;1;88;1;1;1.0;6.123233995736766e-17;0.7818314824680298;0.6234898018587336;102.5;92.4;108.33;107.54;-0.24390243902439046;6.548856548856552;10.099999999999994;97.48571428571428;124.25233333333334;4.85008198261511;1;1;0
2022-03-30;112.46;2022;3;30;2;89;1;1;1.0;6.123233995736766e-17;0.9749279121818236;-0.22252093395631434;102.25;102.0;100.5;99.72;9.98533007334963;-0.24390243902439046;0.25;98.89285714285714;124.07600000000001;4.548137766476456;1;1;0
2022-03-31;119.99;2022;3;31;3;90;1;1;1.0;6.123233995736766e-17;0.43388373911755823;-0.900968867902419;112.46;102.64;100.8;122.1;6.695714031655697;9.98533007334963;9.819999999999993;100.38714285714286;124.50066666666666;6.866538949343348;1;1;0
2022-04-01;113.29;2022;4;1;4;91;2;1;0.8660254037844387;-0.4999999999999998;-0.433883739117558;-0.9009688679024191;119.99;95.2;97.76;163.73;-5.583798649887484;6.695714031655697;24.789999999999992;102.86571428571429;124.43033333333332;10.157834180477993;1;1;0
2022-04-02;115.04;2022;4;2;5;92;2;1;0.8660254037844387;-0.4999999999999998;-0.9749279121818236;-0.2225209339563146;113.29;91.46;91.0;151.58;1.5447082708094362;-5.583798649887484;21.830000000000013;105.45;122.749;10.183666661210891;1;1;0
2022-04-03;115.98;2022;4;3;6;93;2;1;0.8660254037844387;-0.4999999999999998;-0.7818314824680299;0.6234898018587334;115.04;96.2;98.01;195.08;0.8171070931849878;1.5447082708094362;18.840000000000003;108.81857142857143;121.531;8.554331122441548;1;1;0
2022-04-04;107.0;2022;4;4;0;94;2;1;0.8660254037844387;-0.4999999999999998;0.0;1.0;115.98;102.5;93.34;189.8;-7.742714261079497;0.8171070931849878;13.480000000000004;111.64428571428572;118.89433333333334;6.772795722945786;1;1;0
2022-04-05;101.95;2022;4;5;1;95;2;1;0.8660254037844387;-0.4999999999999998;0.7818314824680298;0.6234898018587336;107.0;102.25;92.4;194.15;-4.7196261682243;-7.742714261079497;4.75;112.28714285714285;116.13433333333333;5.920066762814525;1;1;0
2022-04-06;101.18;2022;4;6;2;96;2;1;0.8660254037844387;-0.4999999999999998;0.9749279121818236;-0.22252093395631434;101.95;112.46;102.0;214.36;-0.7552721922510996;-4.7196261682243;-10.509999999999991;112.24428571428572;113.06099999999999;6.005311141377494;1;1;0
2022-04-07;94.33;2022;4;7;3;97;2;1;0.8660254037844387;-0.4999999999999998;0.43388373911755823;-0.900968867902419;101.18;119.99;102.64;200.9;-6.770112670488249;-0.7552721922510996;-18.809999999999988;110.63285714285715;109.28833333333334;7.309554738572066;1;1;0
2022-04-08;96.16;2022;4;8;4;98;2;1;0.8660254037844387;-0.4999999999999998;-0.433883739117558;-0.9009688679024191;94.33;113.29;95.2;143.9;1.9399978797837392;-6.770112670488249;-18.960000000000008;106.96714285714286;105.736;8.213224527726512;1;1;0
2022-04-09;100.77;2022;4;9;5;99;2;1;0.8660254037844387;-0.4999999999999998;-0.9749279121818236;-0.2225209339563146;96.16;115.04;91.46;118.0;4.794093178036607;1.9399978797837392;-18.88000000000001;104.52;104.14466666666667;8.559970794342203;1;1;0
2022-04-10;97.01;2022;4;10;6;100;2;1;0.8660254037844387;-0.4999999999999998;-0.7818314824680299;0.6234898018587334;100.77;115.98;96.2;119.17;-3.7312692269524605;4.794093178036607;-15.210000000000008;102.48142857142855;103.57033333333334;7.233490233101347;1;1;0
2022-04-11;94.0;2022;4;11;0;101;2;1;0.8660254037844387;-0.4999999999999998;0.0;1.0;97.01;107.0;102.5;110.47;-3.102772910009277;-3.7312692269524605;-9.989999999999995;99.77142857142859;102.83166666666666;4.286737020824363;1;1;0
2022-04-12;94.2;2022;4;12;1;102;2;1;0.8660254037844387;-0.4999999999999998;0.7818314824680298;0.6234898018587336;94.0;101.95;102.25;119.85;0.21276595744681437;-3.102772910009277;-7.950000000000003;97.91428571428573;102.28266666666667;3.3459171993272547;1;1;0
2022-04-13;91.02;2022;4;13;2;103;2;1;0.8660254037844387;-0.4999999999999998;0.9749279121818236;-0.22252093395631434;94.2;101.18;112.46;105.08;-3.3757961783439594;0.21276595744681437;-6.980000000000004;96.80714285714285;101.42766666666668;3.057764511782415;1;1;0
2022-04-14;77.43;2022;4;14;3;104;2;1;0.8660254037844387;-0.4999999999999998;0.43388373911755823;-0.900968867902419;91.02;94.33;119.99;108.33;-14.93078444297955;-3.3757961783439594;-3.3100000000000023;95.35571428571428;100.959;3.047462644794989;1;1;0
2022-04-15;71.5;2022;4;15;4;105;2;1;0.8660254037844387;-0.4999999999999998;-0.433883739117558;-0.9009688679024191;77.43;96.16;113.29;100.5;-7.658530285419096;-14.93078444297955;-18.72999999999999;92.94142857142857;99.929;7.474399482168458;1;1;0
2022-04-16;71.19;2022;4;16;5;106;2;1;0.8660254037844387;-0.4999999999999998;-0.9749279121818236;-0.2225209339563146;71.5;100.77;115.04;100.8;-0.43356643356643465;-7.658530285419096;-29.269999999999996;89.41857142857144;98.96233333333333;10.783489584500954;1;1;0
2022-04-17;55.13;2022;4;17;6;107;2;1;0.8660254037844387;-0.4999999999999998;-0.7818314824680299;0.6234898018587334;71.19;97.01;115.98;97.76;-22.559348223065033;-0.43356643356643465;-25.820000000000007;85.19285714285715;97.97533333333334;11.37344233186171;1;1;0
2022-04-18;64.66;2022;4;18;0;108;2;1;0.8660254037844387;-0.4999999999999998;0.0;1.0;55.13;94.0;107.0;91.0;17.286413930709223;-22.559348223065033;-38.87;79.21000000000001;96.55433333333333;14.661170940048663;1;1;0
2022-04-19;78.23;2022;4;19;1;109;2;1;0.8660254037844387;-0.4999999999999998;0.7818314824680298;0.6234898018587336;64.66;94.2;101.95;98.01;20.986699659758745;17.286413930709223;-29.540000000000006;75.01857142857143;95.67633333333333;13.90252666313006;1;1;0
2022-04-20;80.99;2022;4;20;2;110;2;1;0.8660254037844387;-0.4999999999999998;0.9749279121818236;-0.22252093395631434;78.23;91.02;101.18;93.34;3.5280582896586976;20.986699659758745;-12.789999999999992;72.73714285714286;95.01700000000001;11.296261497040454;1;1;0
2022-04-21;86.5;2022;4;21;3;111;2;1;0.8660254037844387;-0.4999999999999998;0.43388373911755823;-0.900968867902419;80.99;77.43;94.33;92.4;6.8033090505000615;3.5280582896586976;3.559999999999988;71.30428571428571;94.60533333333333;8.991740389829449;1;1;0
2022-04-22;72.46;2022;4;22;4;112;2;1;0.8660254037844387;-0.4999999999999998;-0.433883739117558;-0.9009688679024191;86.5;71.5;96.16;102.0;-16.231213872832374;6.8033090505000615;15.0;72.6;94.40866666666668;10.541517917263855;1;1;0
2022-04-23;83.56;2022;4;23;5;113;2;1;0.8660254037844387;-0.4999999999999998;-0.9749279121818236;-0.2225209339563146;72.46;71.19;100.77;102.64;15.318796577422034;-16.231213872832374;1.269999999999996;72.73714285714286;93.42399999999999;10.531061539220632;1;1;0
2022-04-24;89.27;2022;4;24;6;114;2;1;0.8660254037844387;-0.4999999999999998;-0.7818314824680299;0.6234898018587334;83.56;55.13;97.01;95.2;6.8334131163235945;15.318796577422034;28.43;74.50428571428571;92.78800000000001;11.242038452675002;1;1;0
2022-04-25;79.95;2022;4;25;0;115;2;1;0.8660254037844387;-0.4999999999999998;0.0;1.0;89.27;64.66;94.0;91.46;-10.440237481796789;6.8334131163235945;24.61;79.38142857142857;92.59033333333333;8.509389771641018;1;1;0
2022-04-26;82.79;2022;4;26;1;116;2;1;0.8660254037844387;-0.4999999999999998;0.7818314824680298;0.6234898018587336;79.95;78.23;94.2;96.2;3.552220137586004;-10.440237481796789;1.7199999999999989;81.5657142857143;92.20666666666666;5.54772282755933;1;1;0
2022-04-27;90.08;2022;4;27;2;117;2;1;0.8660254037844387;-0.4999999999999998;0.9749279121818236;-0.22252093395631434;82.79;80.99;91.02;102.5;8.805411281555742;3.552220137586004;1.8000000000000114;82.21714285714286;91.75966666666666;5.355133718484666;1;1;0
2022-04-28;76.88;2022;4;28;3;118;2;1;0.8660254037844387;-0.4999999999999998;0.43388373911755823;-0.900968867902419;90.08;86.5;77.43;102.25;-14.653641207815282;8.805411281555742;3.5799999999999983;83.51571428571428;91.34566666666666;6.0632688025043615;1;1;0
2022-04-29;77.47;2022;4;29;4;119;2;1;0.8660254037844387;-0.4999999999999998;-0.433883739117558;-0.9009688679024191;76.88;72.46;71.5;112.46;0.7674297606659719;-14.653641207815282;4.420000000000002;82.14142857142858;90.5;6.357220117240075;1;1;0
2022-04-30;75.55;2022;4;30;5;120;2;1;0.8660254037844387;-0.4999999999999998;-0.9749279121818236;-0.2225209339563146;77.47;83.56;71.19;119.99;-2.478378727249264;0.7674297606659719;-6.090000000000003;82.85714285714286;89.33366666666666;5.275603328168699;1;1;0
2022-05-01;85.0;2022;5;1;6;121;2;1;0.49999999999999994;-0.8660254037844387;-0.7818314824680299;0.6234898018587334;75.55;89.27;55.13;113.29;12.508272667107878;-2.478378727249264;-13.719999999999999;81.71285714285715;87.85233333333333;5.926304959769187;1;1;0
2022-05-02;83.12;2022;5;2;0;122;2;1;0.49999999999999994;-0.8660254037844387;0.0;1.0;85.0;79.95;64.66;115.04;-2.2117647058823464;12.508272667107878;5.049999999999997;81.10285714285715;86.90933333333334;5.193212603278596;1;1;0
2022-05-03;81.99;2022;5;3;1;123;2;1;0.49999999999999994;-0.8660254037844387;0.7818314824680298;0.6234898018587336;83.12;82.79;78.23;115.98;-1.35948026948991;-2.2117647058823464;0.3299999999999983;81.55571428571429;85.84533333333333;5.214099018183583;1;1;0
2022-05-04;82.0;2022;5;4;2;124;2;1;0.49999999999999994;-0.8660254037844387;0.9749279121818236;-0.22252093395631434;81.99;90.08;80.99;107.0;0.012196609342618459;-1.35948026948991;-8.090000000000003;81.44142857142857;84.71233333333335;5.19125363334414;1;1;0
2022-05-05;87.0;2022;5;5;3;125;2;1;0.49999999999999994;-0.8660254037844387;0.43388373911755823;-0.900968867902419;82.0;76.88;86.5;101.95;6.0975609756097615;0.012196609342618459;5.1200000000000045;80.28714285714285;83.879;3.606825540026178;1;1;0
2022-05-06;77.88;2022;5;6;4;126;2;1;0.49999999999999994;-0.8660254037844387;-0.433883739117558;-0.9009688679024191;87.0;77.47;72.46;101.18;-10.482758620689658;6.0975609756097615;9.530000000000001;81.73285714285714;83.38066666666667;4.018257144109235;1;1;0
2022-05-07;80.64;2022;5;7;5;127;2;1;0.49999999999999994;-0.8660254037844387;-0.9749279121818236;-0.2225209339563146;77.88;75.55;83.56;94.33;3.5439137134052556;-10.482758620689658;2.3299999999999983;81.79142857142857;82.604;3.948140611187588;1;1;0
2022-05-08;84.0;2022;5;8;6;128;2;1;0.49999999999999994;-0.8660254037844387;-0.7818314824680299;0.6234898018587334;80.64;85.0;89.27;96.16;4.166666666666674;3.5439137134052556;-4.359999999999999;82.51857142857143;82.14766666666668;2.9494656497477494;1;1;0
2022-05-09;72.7;2022;5;9;0;129;2;1;0.49999999999999994;-0.8660254037844387;0.0;1.0;84.0;83.12;79.95;100.77;-13.452380952380949;4.166666666666674;0.8799999999999955;82.37571428571428;81.74233333333333;2.831088466430575;1;1;0
2022-05-10;64.25;2022;5;10;1;130;2;1;0.49999999999999994;-0.8660254037844387;0.7818314824680298;0.6234898018587336;72.7;81.99;82.79;97.01;-11.62310866574966;-13.452380952380949;-9.289999999999992;80.88714285714286;80.80666666666666;4.576114488244194;1;1;0
2022-05-11;71.94;2022;5;11;2;131;2;1;0.49999999999999994;-0.8660254037844387;0.9749279121818236;-0.22252093395631434;64.25;82.0;90.08;94.0;11.968871595330732;-11.62310866574966;-17.75;78.35285714285715;79.71466666666667;7.705679105451096;1;1;0
2022-05-12;79.0;2022;5;12;3;132;2;1;0.49999999999999994;-0.8660254037844387;0.43388373911755823;-0.900968867902419;71.94;87.0;76.88;94.2;9.81373366694469;11.968871595330732;-15.060000000000002;76.91571428571429;78.97933333333334;7.8488892147078575;1;1;0
2022-05-13;73.19;2022;5;13;4;133;2;1;0.49999999999999994;-0.8660254037844387;-0.433883739117558;-0.9009688679024191;79.0;77.88;77.47;91.02;-7.354430379746835;9.81373366694469;1.1200000000000045;75.77285714285713;78.47266666666665;6.622423308441263;1;1;0
2022-05-14;71.91;2022;5;14;5;134;2;1;0.49999999999999994;-0.8660254037844387;-0.9749279121818236;-0.2225209339563146;73.19;80.64;75.55;77.43;-1.7488727968301698;-7.354430379746835;-7.450000000000003;75.10285714285715;77.87833333333333;6.610947270211706;1;1;0
2022-05-15;80.0;2022;5;15;6;135;2;1;0.49999999999999994;-0.8660254037844387;-0.7818314824680299;0.6234898018587334;71.91;84.0;85.0;71.5;11.250173828396616;-1.7488727968301698;-12.090000000000003;73.85571428571428;77.69433333333333;6.20315204054288;1;1;0
2022-05-16;68.0;2022;5;16;0;136;2;1;0.49999999999999994;-0.8660254037844387;0.0;1.0;80.0;72.7;83.12;71.19;-15.000000000000002;11.250173828396616;7.299999999999997;73.28428571428572;77.97766666666666;5.219108663181043;1;1;0
2022-05-17;71.76;2022;5;17;1;137;2;1;0.49999999999999994;-0.8660254037844387;0.7818314824680298;0.6234898018587336;68.0;64.25;81.99;55.13;5.529411764705894;-15.000000000000002;3.75;72.61285714285715;77.87133333333333;5.595550953765571;1;1;0
2022-05-18;77.05;2022;5;18;2;138;2;1;0.49999999999999994;-0.8660254037844387;0.9749279121818236;-0.22252093395631434;71.76;71.94;82.0;64.66;7.371794871794868;5.529411764705894;-0.1799999999999926;73.68571428571428;78.42566666666667;4.293288782672866;1;1;0
2022-05-19;75.99;2022;5;19;3;139;2;1;0.49999999999999994;-0.8660254037844387;0.43388373911755823;-0.900968867902419;77.05;79.0;87.0;78.23;-1.3757300454250498;7.371794871794868;-1.9500000000000028;74.41571428571429;78.83866666666667;4.380535953292835;1;1;0
2022-05-20;73.6;2022;5;20;4;140;2;1;0.49999999999999994;-0.8660254037844387;-0.433883739117558;-0.9009688679024191;75.99;73.19;77.88;80.99;-3.145150677720754;-1.3757300454250498;2.799999999999997;73.98571428571428;78.764;3.9854521163131014;1;1;0
2022-05-21;77.67;2022;5;21;5;141;2;1;0.49999999999999994;-0.8660254037844387;-0.9749279121818236;-0.2225209339563146;73.6;71.91;80.64;86.5;5.529891304347845;-3.145150677720754;1.6899999999999977;74.0442857142857;78.51766666666667;3.974807572460739;1;1;0
2022-05-22;81.0;2022;5;22;6;142;2;1;0.49999999999999994;-0.8660254037844387;-0.7818314824680299;0.6234898018587334;77.67;80.0;84.0;72.46;4.2873696407879525;5.529891304347845;-2.3299999999999983;74.86714285714285;78.22333333333333;4.054740905350134;1;1;0
2022-05-23;75.0;2022;5;23;0;143;2;1;0.49999999999999994;-0.8660254037844387;0.0;1.0;81.0;68.0;72.7;83.56;-7.4074074074074066;4.2873696407879525;13.0;75.00999999999999;78.50800000000001;4.2772343089114395;1;1;0
2022-05-24;77.78;2022;5;24;1;144;2;1;0.49999999999999994;-0.8660254037844387;0.7818314824680298;0.6234898018587336;75.0;71.76;64.25;89.27;3.706666666666658;-7.4074074074074066;3.239999999999995;76.00999999999999;78.22266666666665;2.989659958366878;1;1;0
2022-05-25;74.83;2022;5;25;2;145;2;1;0.49999999999999994;-0.8660254037844387;0.9749279121818236;-0.22252093395631434;77.78;77.05;71.94;79.95;-3.792748778606325;3.706666666666658;0.730000000000004;76.87;77.83966666666666;2.3636694636367284;1;1;0
2022-05-26;74.59;2022;5;26;3;146;2;1;0.49999999999999994;-0.8660254037844387;0.43388373911755823;-0.900968867902419;74.83;75.99;79.0;82.79;-0.32072698115728215;-3.792748778606325;-1.1599999999999966;76.55285714285715;77.66900000000001;2.481489568018764;1;1;0
2022-05-27;71.89;2022;5;27;4;147;2;1;0.49999999999999994;-0.8660254037844387;-0.433883739117558;-0.9009688679024191;74.59;73.6;73.19;90.08;-3.619788175358629;-0.32072698115728215;0.9900000000000091;76.35285714285715;77.39566666666666;2.588524124448651;1;1;0
2022-05-28;78.14;2022;5;28;5;148;2;1;0.49999999999999994;-0.8660254037844387;-0.9749279121818236;-0.2225209339563146;71.89;77.67;71.91;76.88;8.69383780776185;-3.619788175358629;-5.780000000000001;76.10857142857142;76.78933333333335;2.947425026308529;1;1;0
2022-05-29;81.25;2022;5;29;6;149;2;1;0.49999999999999994;-0.8660254037844387;-0.7818314824680299;0.6234898018587334;78.14;81.0;80.0;77.47;3.9800358331200325;8.69383780776185;-2.8599999999999994;76.17571428571429;76.83133333333333;2.99390969103792;1;1;0
2022-05-30;79.78;2022;5;30;0;150;2;1;0.49999999999999994;-0.8660254037844387;0.0;1.0;81.25;75.0;68.0;75.55;-1.809230769230763;3.9800358331200325;6.25;76.21142857142857;76.95733333333334;3.0617719737176965;1;1;0
2022-05-31;82.13;2022;5;31;1;151;2;1;0.49999999999999994;-0.8660254037844387;0.7818314824680298;0.6234898018587336;79.78;77.78;71.76;85.0;2.9456004011030323;-1.809230769230763;2.0;76.89428571428572;77.09833333333333;3.2723531652452595;1;1;0
2022-06-01;74.64;2022;6;1;2;152;2;1;1.2246467991473532e-16;-1.0;0.9749279121818236;-0.22252093395631434;82.13;74.83;77.05;83.12;-9.11968829903811;2.9456004011030323;7.299999999999997;77.51571428571428;77.00266666666667;3.8335095197599998;1;1;0
2022-06-02;76.1;2022;6;2;3;153;2;1;1.2246467991473532e-16;-1.0;0.43388373911755823;-0.900968867902419;74.64;74.59;75.99;81.99;1.9560557341907758;-9.11968829903811;0.04999999999999716;77.48857142857142;76.72;3.856299731483916;1;1;0
2022-06-03;74.73;2022;6;3;4;154;2;1;1.2246467991473532e-16;-1.0;-0.433883739117558;-0.9009688679024191;76.1;71.89;73.6;82.0;-1.8002628120893482;1.9560557341907758;4.209999999999994;77.7042857142857;76.52366666666667;3.7064576850982456;1;1;0
2022-06-04;78.96;2022;6;4;5;155;2;1;1.2246467991473532e-16;-1.0;-0.9749279121818236;-0.2225209339563146;74.73;78.14;77.67;87.0;5.660377358490543;-1.8002628120893482;-3.4099999999999966;78.11;76.28133333333334;3.063636183795632;1;1;0
2022-06-05;78.4;2022;6;5;6;156;2;1;1.2246467991473532e-16;-1.0;-0.7818314824680299;0.6234898018587334;78.96;81.25;81.0;77.88;-0.7092198581560183;5.660377358490543;-2.2900000000000063;78.22714285714287;76.01333333333332;3.080604455219623;1;1;0
2022-06-06;72.88;2022;6;6;0;157;2;1;1.2246467991473532e-16;-1.0;0.0;1.0;78.4;79.78;75.0;80.64;-7.04081632653063;-0.7092198581560183;-1.3799999999999955;77.82000000000001;76.03066666666668;2.789044041721448;1;1;0
2022-06-07;73.9;2022;6;7;1;158;2;1;1.2246467991473532e-16;-1.0;0.7818314824680298;0.6234898018587336;72.88;82.13;77.78;84.0;1.3995609220636807;-7.04081632653063;-9.25;76.83428571428571;75.77199999999999;3.1736722007936864;1;1;0
2022-06-08;71.25;2022;6;8;2;159;2;1;1.2246467991473532e-16;-1.0;0.9749279121818236;-0.22252093395631434;73.9;74.64;74.83;72.7;-3.5859269282814688;1.3995609220636807;-0.7399999999999949;75.65857142857143;75.43533333333333;2.2848225939249405;1;1;0
2022-06-09;80.0;2022;6;9;3;160;2;1;1.2246467991473532e-16;-1.0;0.43388373911755823;-0.900968867902419;71.25;76.1;74.59;64.25;12.280701754385959;-3.5859269282814688;-4.849999999999994;75.17428571428572;75.387;2.8307469988369256;1;1;0
2022-06-10;77.1;2022;6;10;4;161;2;1;1.2246467991473532e-16;-1.0;-0.433883739117558;-0.9009688679024191;80.0;74.73;71.89;71.94;-3.6250000000000115;12.280701754385959;5.269999999999996;75.73142857142857;75.912;3.374820630153533;1;1;0
2022-06-11;75.31;2022;6;11;5;162;2;1;1.2246467991473532e-16;-1.0;-0.9749279121818236;-0.2225209339563146;77.1;78.96;78.14;79.0;-2.3216601815823523;-3.6250000000000115;-1.8599999999999994;76.07000000000001;76.084;3.3764922626885365;1;1;0
2022-06-12;80.31;2022;6;12;6;163;2;1;1.2246467991473532e-16;-1.0;-0.7818314824680299;0.6234898018587334;75.31;78.4;81.25;73.19;6.639224538573885;-2.3216601815823523;-3.0900000000000034;75.54857142857144;75.961;3.128537616689826;1;1;0
2022-06-13;78.75;2022;6;13;0;164;2;1;1.2246467991473532e-16;-1.0;0.0;1.0;80.31;72.88;79.78;71.91;-1.942472917444904;6.639224538573885;7.430000000000007;75.82142857142857;76.19833333333332;3.4819986050700646;1;1;0
2022-06-14;89.5;2022;6;14;1;165;2;1;1.2246467991473532e-16;-1.0;0.7818314824680298;0.6234898018587336;78.75;73.9;82.13;80.0;13.650793650793647;-1.942472917444904;4.849999999999994;76.66;76.42633333333333;3.3602579266075363;1;1;0
2022-06-15;105.5;2022;6;15;2;166;2;1;1.2246467991473532e-16;-1.0;0.9749279121818236;-0.22252093395631434;89.5;71.25;74.64;68.0;17.87709497206704;13.650793650793647;18.25;78.88857142857144;76.743;5.630723543119723;1;1;0
2022-06-16;109.0;2022;6;16;3;167;2;1;1.2246467991473532e-16;-1.0;0.43388373911755823;-0.900968867902419;105.5;80.0;76.1;71.76;3.3175355450236976;17.87709497206704;25.5;83.78142857142858;77.993;10.586707748510644;1;1;0
2022-06-17;106.0;2022;6;17;4;168;2;1;1.2246467991473532e-16;-1.0;-0.433883739117558;-0.9009688679024191;109.0;77.1;74.73;77.05;-2.752293577981646;3.3175355450236976;31.900000000000006;87.92428571428572;79.23433333333332;13.988117406263868;1;1;0
2022-06-18;106.94;2022;6;18;5;169;2;1;1.2246467991473532e-16;-1.0;-0.9749279121818236;-0.2225209339563146;106.0;75.31;78.96;75.99;0.8867924528301874;-2.752293577981646;30.689999999999998;92.05285714285715;80.19933333333333;14.515825518246745;1;1;0
2022-06-19;114.98;2022;6;19;6;170;2;1;1.2246467991473532e-16;-1.0;-0.7818314824680299;0.6234898018587334;106.94;80.31;78.4;73.6;7.518234524032175;0.8867924528301874;26.629999999999995;96.57142857142857;81.231;13.308120864809316;1;1;0
2022-06-20;108.38;2022;6;20;0;171;2;1;1.2246467991473532e-16;-1.0;0.0;1.0;114.98;78.75;72.88;77.67;-5.740128718037929;7.518234524032175;36.230000000000004;101.52428571428571;82.61033333333333;12.684389168242195;1;1;0
2022-06-21;112.94;2022;6;21;1;172;2;1;1.2246467991473532e-16;-1.0;0.7818314824680298;0.6234898018587336;108.38;89.5;73.9;81.0;4.207418342867686;-5.740128718037929;18.879999999999995;105.75714285714285;83.634;7.834491505059395;1;1;0
2022-06-22;114.91;2022;6;22;2;173;2;1;1.2246467991473532e-16;-1.0;0.9749279121818236;-0.22252093395631434;112.94;105.5;71.25;75.0;1.7442890030104463;4.207418342867686;7.439999999999998;109.10571428571428;84.69866666666667;3.5843123800926473;1;1;0
2022-06-23;117.75;2022;6;23;3;174;2;1;1.2246467991473532e-16;-1.0;0.43388373911755823;-0.900968867902419;114.91;109.0;80.0;77.78;2.47149943433993;1.7442890030104463;5.909999999999997;110.45;86.029;3.766576695089321;1;1;0
2022-06-24;110.93;2022;6;24;4;175;2;1;1.2246467991473532e-16;-1.0;-0.433883739117558;-0.9009688679024191;117.75;106.0;77.1;74.83;-5.79193205944798;2.47149943433993;11.75;111.7;87.36133333333333;4.5711522981982515;1;1;0
2022-06-25;120.46;2022;6;25;5;176;2;1;1.2246467991473532e-16;-1.0;-0.9749279121818236;-0.2225209339563146;110.93;106.94;75.31;74.59;8.591003335436742;-5.79193205944798;3.990000000000009;112.4042857142857;88.56466666666665;3.8730558871195786;1;1;0
2022-06-26;124.05;2022;6;26;6;177;2;1;1.2246467991473532e-16;-1.0;-0.7818314824680299;0.6234898018587334;120.46;114.98;80.31;71.89;2.9802424041175613;8.591003335436742;5.47999999999999;114.33571428571429;90.09366666666666;4.060512517497194;1;1;0
2022-06-27;115.47;2022;6;27;0;178;2;1;1.2246467991473532e-16;-1.0;0.0;1.0;124.05;108.38;78.75;78.14;-6.916565900846427;2.9802424041175613;15.670000000000002;115.63142857142857;91.83233333333332;5.494340811450479;1;1;0
2022-06-28;113.43;2022;6;28;1;179;2;1;1.2246467991473532e-16;-1.0;0.7818314824680298;0.6234898018587336;115.47;112.94;89.5;81.25;-1.7666926474408817;-6.916565900846427;2.530000000000001;116.64428571428572;93.07666666666665;4.497932329202439;1;1;0
2022-06-29;115.88;2022;6;29;2;180;2;1;1.2246467991473532e-16;-1.0;0.9749279121818236;-0.22252093395631434;113.43;114.91;105.5;79.78;2.1599224191130917;-1.7666926474408817;-1.4799999999999898;116.71428571428571;94.14933333333333;4.434034495214389;1;1;0
2022-06-30;121.21;2022;6;30;3;181;2;1;1.2246467991473532e-16;-1.0;0.43388373911755823;-0.900968867902419;115.88;117.75;109.0;82.13;4.599585778391435;2.1599224191130917;-1.8700000000000045;116.85285714285715;95.35266666666666;4.383114244025551;1;1;0
2022-07-01;120.53;2022;7;1;4;182;3;2;-0.4999999999999997;-0.8660254037844388;-0.433883739117558;-0.9009688679024191;121.21;110.93;106.0;74.64;-0.5610098176717981;4.599585778391435;10.279999999999987;117.34714285714286;96.65533333333333;4.68578956095053;1;1;0
2022-07-02;129.0;2022;7;2;5;183;3;2;-0.4999999999999997;-0.8660254037844388;-0.9749279121818236;-0.2225209339563146;120.53;120.46;106.94;76.1;7.0272961088525765;-0.5610098176717981;0.07000000000000739;118.71857142857142;98.185;3.8193560913287454;1;1;0
2022-07-03;138.18;2022;7;3;6;184;3;2;-0.4999999999999997;-0.8660254037844388;-0.7818314824680299;0.6234898018587334;129.0;124.05;114.98;74.73;7.116279069767439;7.0272961088525765;4.950000000000003;119.93857142857142;99.94833333333332;5.473896931714788;1;1;0
2022-07-04;138.3;2022;7;4;0;185;3;2;-0.4999999999999997;-0.8660254037844388;0.0;1.0;138.18;115.47;108.38;78.96;0.08684324793748477;7.116279069767439;22.710000000000008;121.95714285714287;102.06333333333332;8.823309496791966;1;1;0
2022-07-05;137.83;2022;7;5;1;186;3;2;-0.4999999999999997;-0.8660254037844388;0.7818314824680298;0.6234898018587336;138.3;113.43;112.94;78.4;-0.3398409255242263;0.08684324793748477;24.870000000000005;125.21857142857142;104.04133333333334;10.146036054491239;1;1;0
2022-07-06;141.44;2022;7;6;2;187;3;2;-0.4999999999999997;-0.8660254037844388;0.9749279121818236;-0.22252093395631434;137.83;115.88;114.91;72.88;2.6191685409562293;-0.3398409255242263;21.950000000000017;128.7042857142857;106.02233333333334;9.59755673273586;1;1;0
2022-07-07;154.5;2022;7;7;3;188;3;2;-0.4999999999999997;-0.8660254037844388;0.43388373911755823;-0.900968867902419;141.44;121.21;117.75;73.9;9.233597285067873;2.6191685409562293;20.230000000000004;132.3557142857143;108.30766666666666;8.72815531702335;1;1;0
2022-07-08;130.0;2022;7;8;4;189;3;2;-0.4999999999999997;-0.8660254037844388;-0.433883739117558;-0.9009688679024191;154.5;120.53;110.93;71.25;-15.857605177993527;9.233597285067873;33.97;137.11142857142858;110.99433333333333;10.527019883092972;1;1;0
2022-07-09;145.89;2022;7;9;5;190;3;2;-0.4999999999999997;-0.8660254037844388;-0.9749279121818236;-0.2225209339563146;130.0;129.0;120.46;80.0;12.223076923076913;-15.857605177993527;1.0;138.46428571428572;112.95266666666666;8.443202112039534;1;1;0
2022-07-10;145.59;2022;7;10;6;191;3;2;-0.4999999999999997;-0.8660254037844388;-0.7818314824680299;0.6234898018587334;145.89;138.18;124.05;77.1;-0.20563438206867568;12.223076923076913;7.7099999999999795;140.87714285714284;115.14899999999999;7.665304330303995;1;1;0
2022-07-11;134.03;2022;7;11;0;192;3;2;-0.4999999999999997;-0.8660254037844388;0.0;1.0;145.59;138.3;115.47;75.31;-7.940105776495643;-0.20563438206867568;7.289999999999992;141.93571428571428;117.432;7.742025697758211;1;1;0
2022-07-12;139.63;2022;7;12;1;193;3;2;-0.4999999999999997;-0.8660254037844388;0.7818314824680298;0.6234898018587336;134.03;137.83;113.43;80.31;4.178169066626869;-7.940105776495643;-3.8000000000000114;141.3257142857143;119.38933333333334;8.22912481604708;1;1;0
2022-07-13;137.5;2022;7;13;2;194;3;2;-0.4999999999999997;-0.8660254037844388;0.9749279121818236;-0.22252093395631434;139.63;141.44;115.88;78.75;-1.525460144668045;4.178169066626869;-1.8100000000000023;141.58285714285714;121.36666666666666;8.129201917132486;1;1;0
2022-07-14;123.2;2022;7;14;3;195;3;2;-0.4999999999999997;-0.8660254037844388;0.43388373911755823;-0.900968867902419;137.5;154.5;121.21;89.5;-10.399999999999999;-1.525460144668045;-17.0;141.02;123.325;8.275820201042714;1;1;0
2022-07-15;94.75;2022;7;15;4;196;3;2;-0.4999999999999997;-0.8660254037844388;-0.433883739117558;-0.9009688679024191;123.2;130.0;120.53;105.5;-23.092532467532468;-10.399999999999999;-6.799999999999997;136.54857142857142;124.44833333333334;8.234292984365307;1;1;0
2022-07-16;97.24;2022;7;16;5;197;3;2;-0.4999999999999997;-0.8660254037844388;-0.9749279121818236;-0.2225209339563146;94.75;145.89;129.0;109.0;2.6279683377308682;-23.092532467532468;-51.139999999999986;131.51285714285714;124.09;17.951552128145092;1;1;0
2022-07-17;102.0;2022;7;17;6;198;3;2;-0.4999999999999997;-0.8660254037844388;-0.7818314824680299;0.6234898018587334;97.24;145.59;138.18;106.0;4.895104895104896;2.6279683377308682;-48.35000000000001;124.56285714285714;123.69800000000001;20.669455495396523;1;1;0
2022-07-18;107.3;2022;7;18;0;199;3;2;-0.4999999999999997;-0.8660254037844388;0.0;1.0;102.0;134.03;138.3;106.94;5.196078431372553;4.895104895104896;-32.03;118.33571428571427;123.56466666666667;19.827838054229442;1;1;0
2022-07-19;111.0;2022;7;19;1;200;3;2;-0.4999999999999997;-0.8660254037844388;0.7818314824680298;0.6234898018587336;107.3;139.63;137.83;114.98;3.4482758620689724;5.196078431372553;-32.33;114.51714285714286;123.57666666666667;18.851458576889428;1;1;0
2022-07-20;115.17;2022;7;20;2;201;3;2;-0.4999999999999997;-0.8660254037844388;0.9749279121818236;-0.22252093395631434;111.0;137.5;141.44;108.38;3.7567567567567517;3.4482758620689724;-26.5;110.42714285714285;123.444;15.258237899885806;1;1;0
2022-07-21;126.91;2022;7;21;3;202;3;2;-0.4999999999999997;-0.8660254037844388;0.43388373911755823;-0.900968867902419;115.17;123.2;154.5;112.94;10.193626812537993;3.7567567567567517;-8.030000000000001;107.23714285714286;123.67033333333333;10.125918418075068;1;1;0
2022-07-22;115.05;2022;7;22;4;203;3;2;-0.4999999999999997;-0.8660254037844388;-0.433883739117558;-0.9009688679024191;126.91;94.75;130.0;114.91;-9.345205263572609;10.193626812537993;32.16;107.76714285714286;124.136;11.146356227164334;1;1;0
2022-07-23;128.0;2022;7;23;5;204;3;2;-0.4999999999999997;-0.8660254037844388;-0.9749279121818236;-0.2225209339563146;115.05;97.24;145.89;117.75;11.255975662755336;-9.345205263572609;17.810000000000002;110.66714285714286;124.14066666666668;9.748260894958554;1;1;0
2022-07-24;132.73;2022;7;24;6;205;3;2;-0.4999999999999997;-0.8660254037844388;-0.7818314824680299;0.6234898018587334;128.0;102.0;145.59;110.93;3.695312499999992;11.255975662755336;26.0;115.06142857142858;124.48233333333334;9.618931729617108;1;1;0
2022-07-25;120.2;2022;7;25;0;206;3;2;-0.4999999999999997;-0.8660254037844388;0.0;1.0;132.73;107.3;134.03;120.46;-9.44021698184283;3.695312499999992;25.429999999999993;119.45142857142858;125.20900000000002;9.676568655901098;1;1;0
2022-07-26;134.0;2022;7;26;1;207;3;2;-0.4999999999999997;-0.8660254037844388;0.7818314824680298;0.6234898018587336;120.2;111.0;139.63;124.05;11.480865224625614;-9.44021698184283;9.200000000000003;121.2942857142857;125.20033333333335;8.072031667311622;1;1;0
2022-07-27;134.34;2022;7;27;2;208;3;2;-0.4999999999999997;-0.8660254037844388;0.9749279121818236;-0.22252093395631434;134.0;115.17;137.5;115.47;0.2537313432835919;11.480865224625614;18.83;124.58;125.532;7.861696169825737;1;1;0
2022-07-28;127.1;2022;7;28;3;209;3;2;-0.4999999999999997;-0.8660254037844388;0.43388373911755823;-0.900968867902419;134.34;126.91;123.2;113.43;-5.389310704183425;0.2537313432835919;7.430000000000007;127.31857142857143;126.16100000000002;7.3603519584573265;1;1;0
2022-07-29;109.66;2022;7;29;4;210;3;2;-0.4999999999999997;-0.8660254037844388;-0.433883739117558;-0.9009688679024191;127.1;115.05;94.75;115.88;-13.721479150275373;-5.389310704183425;12.049999999999997;127.3457142857143;126.61666666666666;7.358944347170153;1;1;0
2022-07-30;110.0;2022;7;30;5;211;3;2;-0.4999999999999997;-0.8660254037844388;-0.9749279121818236;-0.2225209339563146;109.66;128.0;97.24;121.21;0.31004924311508475;-13.721479150275373;-18.340000000000003;126.57571428571428;126.40933333333332;8.96636280242706;1;1;0
2022-07-31;129.22;2022;7;31;6;212;3;2;-0.4999999999999997;-0.8660254037844388;-0.7818314824680299;0.6234898018587334;110.0;132.73;102.0;120.53;17.472727272727262;0.31004924311508475;-22.72999999999999;124.00428571428571;126.03566666666667;10.869023042792207;1;1;0
2022-08-01;122.0;2022;8;1;0;213;3;2;-0.8660254037844385;-0.5000000000000004;0.0;1.0;129.22;120.2;107.3;129.0;-5.587370376102774;17.472727272727262;9.019999999999996;123.50285714285714;126.32533333333335;10.473136611167481;1;1;0
2022-08-02;126.76;2022;8;2;1;214;3;2;-0.8660254037844385;-0.5000000000000004;0.7818314824680298;0.6234898018587336;122.0;134.0;111.0;138.18;3.9016393442623087;-5.587370376102774;-12.0;123.75999999999999;126.09200000000001;10.400371788225625;1;1;0
2022-08-03;129.0;2022;8;3;2;215;3;2;-0.8660254037844385;-0.5000000000000004;0.9749279121818236;-0.22252093395631434;126.76;134.34;115.17;138.3;1.767118964973169;3.9016393442623087;-7.579999999999998;122.72571428571429;125.71133333333334;9.536426404655723;1;1;0
2022-08-04;134.56;2022;8;4;3;216;3;2;-0.8660254037844385;-0.5000000000000004;0.43388373911755823;-0.900968867902419;129.0;127.1;126.91;137.83;4.31007751937984;1.767118964973169;1.9000000000000057;121.96285714285715;125.40133333333333;8.622276795768247;1;1;0
2022-08-05;125.91;2022;8;5;4;217;3;2;-0.8660254037844385;-0.5000000000000004;-0.433883739117558;-0.9009688679024191;134.56;109.66;115.05;141.44;-6.428359096313918;4.31007751937984;24.900000000000006;123.02857142857144;125.29233333333333;9.75029474523893;1;1;0
2022-08-06;120.61;2022;8;6;5;218;3;2;-0.8660254037844385;-0.5000000000000004;-0.9749279121818236;-0.2225209339563146;125.91;110.0;128.0;154.5;-4.209355889127153;-6.428359096313918;15.909999999999997;125.35;124.77466666666666;7.770351772387951;1;1;0
2022-08-07;130.39;2022;8;7;6;219;3;2;-0.8660254037844385;-0.5000000000000004;-0.7818314824680299;0.6234898018587334;120.61;129.22;132.73;130.0;8.108780366470425;-4.209355889127153;-8.61;126.86571428571428;123.645;4.708743134292586;1;1;0
2022-08-08;123.05;2022;8;8;0;220;3;2;-0.8660254037844385;-0.5000000000000004;0.0;1.0;130.39;122.0;120.2;145.89;-5.629266048009807;8.108780366470425;8.389999999999986;127.03285714285713;123.65799999999999;4.825555975861859;1;1;0
2022-08-09;123.55;2022;8;9;1;221;3;2;-0.8660254037844385;-0.5000000000000004;0.7818314824680298;0.6234898018587336;123.05;126.76;134.0;145.59;0.406338886631441;-5.629266048009807;-3.710000000000008;127.18285714285715;122.89666666666668;4.656392431504895;1;1;0
2022-08-10;145.0;2022;8;10;2;222;3;2;-0.8660254037844385;-0.5000000000000004;0.9749279121818236;-0.22252093395631434;123.55;129.0;134.34;134.03;17.361392148927557;0.406338886631441;-5.450000000000003;126.7242857142857;122.162;4.858648156097287;1;1;0
2022-08-11;153.92;2022;8;11;3;223;3;2;-0.8660254037844385;-0.5000000000000004;0.43388373911755823;-0.900968867902419;145.0;134.56;127.1;139.63;6.151724137931036;17.361392148927557;10.439999999999998;129.01;122.52766666666666;8.503824629736828;1;1;0
2022-08-12;148.76;2022;8;12;4;224;3;2;-0.8660254037844385;-0.5000000000000004;-0.433883739117558;-0.9009688679024191;153.92;125.91;109.66;137.5;-3.352390852390852;6.151724137931036;28.00999999999999;131.7757142857143;123.00399999999999;12.7151587447718;1;1;0
2022-08-13;148.48;2022;8;13;5;225;3;2;-0.8660254037844385;-0.5000000000000004;-0.9749279121818236;-0.2225209339563146;148.76;120.61;110.0;123.2;-0.18822264049476178;-3.352390852390852;28.14999999999999;135.04;123.37933333333334;13.841495583931113;1;1;0
2022-08-14;146.28;2022;8;14;6;226;3;2;-0.8660254037844385;-0.5000000000000004;-0.7818314824680299;0.6234898018587334;148.48;130.39;129.22;94.75;-1.4816810344827513;-0.18822264049476178;18.090000000000003;139.02142857142857;124.222;12.980551386042826;1;1;0
2022-08-15;147.59;2022;8;15;0;227;3;2;-0.8660254037844385;-0.5000000000000004;0.0;1.0;146.28;123.05;122.0;97.24;0.8955427946404138;-1.4816810344827513;23.230000000000004;141.29142857142855;125.93966666666665;12.60346040917724;1;1;0
2022-08-16;153.38;2022;8;16;1;228;3;2;-0.8660254037844385;-0.5000000000000004;0.7818314824680298;0.6234898018587336;147.59;123.55;126.76;102.0;3.9230300155837172;0.8955427946404138;24.040000000000006;144.79714285714286;127.618;9.780723753528708;1;1;0
2022-08-17;158.0;2022;8;17;2;229;3;2;-0.8660254037844385;-0.5000000000000004;0.9749279121818236;-0.22252093395631434;153.38;145.0;129.0;107.3;3.012126744034438;3.9230300155837172;8.379999999999995;149.0585714285714;129.33066666666667;3.39316189107311;1;1;0
2022-08-18;162.95;2022;8;18;3;230;3;2;-0.8660254037844385;-0.5000000000000004;0.43388373911755823;-0.900968867902419;158.0;153.92;134.56;111.0;3.132911392405058;3.012126744034438;4.0800000000000125;150.91571428571427;131.02066666666667;4.250795443766373;1;1;0
2022-08-19;172.0;2022;8;19;4;231;3;2;-0.8660254037844385;-0.5000000000000004;-0.433883739117558;-0.9009688679024191;162.95;148.76;125.91;115.17;5.553850874501398;3.132911392405058;14.189999999999998;152.2057142857143;132.75233333333333;6.225822187048456;1;1;0
2022-08-20;187.56;2022;8;20;5;232;3;2;-0.8660254037844385;-0.5000000000000004;-0.9749279121818236;-0.2225209339563146;172.0;148.48;120.61;126.91;9.046511627906973;5.553850874501398;23.52000000000001;155.5257142857143;134.64666666666665;9.445891271063022;1;1;0
2022-08-21;189.56;2022;8;21;6;233;3;2;-0.8660254037844385;-0.5000000000000004;-0.7818314824680299;0.6234898018587334;187.56;146.28;130.39;115.05;1.0663254425250512;9.046511627906973;41.28;161.10857142857142;136.66833333333335;14.684030360191638;1;1;0
2022-08-22;216.0;2022;8;22;0;234;3;2;-0.8660254037844385;-0.5000000000000004;0.0;1.0;189.56;147.59;123.05;128.0;13.948090314412331;1.0663254425250512;41.97;167.29142857142855;139.152;16.409995357069086;1;1;0
2022-08-23;193.54;2022;8;23;1;235;3;2;-0.8660254037844385;-0.5000000000000004;0.7818314824680298;0.6234898018587336;216.0;153.38;123.55;132.73;-10.398148148148156;13.948090314412331;62.620000000000005;177.06428571428572;142.08533333333332;22.104091519552252;1;1;0
2022-08-24;208.62;2022;8;24;2;236;3;2;-0.8660254037844385;-0.5000000000000004;0.9749279121818236;-0.22252093395631434;193.54;158.0;145.0;120.2;7.791670972408804;-10.398148148148156;35.53999999999999;182.8014285714286;144.11233333333334;20.04846330650706;1;1;0
2022-08-25;218.0;2022;8;25;3;237;3;2;-0.8660254037844385;-0.5000000000000004;0.43388373911755823;-0.900968867902419;208.62;162.95;153.92;134.0;4.496213210622191;7.791670972408804;45.670000000000016;190.03285714285715;147.05966666666666;18.695267417437545;1;1;0
2022-08-26;205.0;2022;8;26;4;238;3;2;-0.8660254037844385;-0.5000000000000004;-0.433883739117558;-0.9009688679024191;218.0;172.0;148.76;134.34;-5.9633027522935755;4.496213210622191;46.0;197.89714285714285;149.85966666666667;16.895902574574144;1;1;0
2022-08-27;222.8;2022;8;27;5;239;3;2;-0.8660254037844385;-0.5000000000000004;-0.9749279121818236;-0.2225209339563146;205.0;187.56;148.48;127.1;8.6829268292683;-5.9633027522935755;17.439999999999998;202.61142857142858;152.215;12.496974872038356;1;1;0
2022-08-28;227.83;2022;8;28;6;240;3;2;-0.8660254037844385;-0.5000000000000004;-0.7818314824680299;0.6234898018587334;222.8;189.56;146.28;109.66;2.2576301615798933;8.6829268292683;33.24000000000001;207.6457142857143;155.405;12.521121964028305;1;1;0
2022-08-29;240.0;2022;8;29;0;241;3;2;-0.8660254037844385;-0.5000000000000004;0.0;1.0;227.83;216.0;147.59;110.0;5.341702146337179;2.2576301615798933;11.830000000000013;213.11285714285714;159.344;11.631535745958072;1;1;0
2022-08-30;188.38;2022;8;30;1;242;3;2;-0.8660254037844385;-0.5000000000000004;0.7818314824680298;0.6234898018587336;240.0;193.54;153.38;129.22;-21.50833333333334;5.341702146337179;46.46000000000001;216.54142857142855;163.67733333333334;15.513719120583477;1;1;0
2022-08-31;172.0;2022;8;31;2;243;3;2;-0.8660254037844385;-0.5000000000000004;0.9749279121818236;-0.22252093395631434;188.38;208.62;158.0;122.0;-8.69519057224758;-21.50833333333334;-20.24000000000001;215.8042857142857;165.64933333333332;16.853533612808672;1;1;0
2022-09-01;154.18;2022;9;1;3;244;3;2;-1.0;-1.8369701987210297e-16;0.43388373911755823;-0.900968867902419;172.0;218.0;162.95;126.76;-10.36046511627906;-8.69519057224758;-46.0;210.57285714285715;167.31599999999997;23.73420928693785;1;1;0
2022-09-02;100.0;2022;9;2;4;245;3;2;-1.0;-1.8369701987210297e-16;-0.433883739117558;-0.9009688679024191;154.18;205.0;172.0;129.0;-35.14074458425217;-10.36046511627906;-50.81999999999999;201.4557142857143;168.23;31.419240313934043;1;1;0
2022-09-03;126.67;2022;9;3;5;246;3;2;-1.0;-1.8369701987210297e-16;-0.9749279121818236;-0.2225209339563146;100.0;222.8;187.56;134.56;26.669999999999995;-35.14074458425217;-122.80000000000001;186.4557142857143;167.26333333333332;49.377309180480246;1;1;0
2022-09-04;133.0;2022;9;4;6;247;3;2;-1.0;-1.8369701987210297e-16;-0.7818314824680299;0.6234898018587334;126.67;227.83;189.56;125.91;4.997236914818037;26.669999999999995;-101.16000000000001;172.72285714285712;167.00033333333334;50.92804882520863;1;1;0
2022-09-05;111.15;2022;9;5;0;248;3;2;-1.0;-1.8369701987210297e-16;0.0;1.0;133.0;240.0;216.0;120.61;-16.428571428571427;4.997236914818037;-107.0;159.1757142857143;167.23666666666668;46.22126056882704;1;1;0
2022-09-06;107.2;2022;9;6;1;249;3;2;-1.0;-1.8369701987210297e-16;0.7818314824680298;0.6234898018587336;111.15;188.38;193.54;130.39;-3.553756185335133;-16.428571428571427;-77.22999999999999;140.76857142857142;166.9213333333333;32.19879212463864;1;1;0
2022-09-07;105.0;2022;9;7;2;250;3;2;-1.0;-1.8369701987210297e-16;0.9749279121818236;-0.22252093395631434;107.2;172.0;208.62;123.05;-2.0522388059701524;-3.553756185335133;-64.8;129.17142857142855;166.14833333333334;26.265053098855372;1;1;0
2022-09-08;144.0;2022;9;8;3;251;3;2;-1.0;-1.8369701987210297e-16;0.43388373911755823;-0.900968867902419;105.0;154.18;218.0;123.55;37.142857142857146;-2.0522388059701524;-49.18000000000001;119.6;165.54666666666665;19.355463483643202;1;1;0
2022-09-09;134.73;2022;9;9;4;252;3;2;-1.0;-1.8369701987210297e-16;-0.433883739117558;-0.9009688679024191;144.0;100.0;205.0;145.0;-6.437500000000007;37.142857142857146;44.0;118.14571428571428;166.22833333333332;16.495366881988634;1;1;0
2022-09-10;142.5;2022;9;10;5;253;3;2;-1.0;-1.8369701987210297e-16;-0.9749279121818236;-0.2225209339563146;134.73;126.67;222.8;153.92;5.767089735025621;-6.437500000000007;8.059999999999988;123.10714285714286;165.886;15.308189218285598;1;1;0
2022-09-11;148.94;2022;9;11;6;254;3;2;-1.0;-1.8369701987210297e-16;-0.7818314824680299;0.6234898018587334;142.5;133.0;227.83;148.76;4.519298245614034;5.767089735025621;9.5;125.36857142857141;165.50533333333334;16.99820816887354;1;1;0
2022-09-12;131.78;2022;9;12;0;255;3;2;-1.0;-1.8369701987210297e-16;0.0;1.0;148.94;111.15;240.0;148.48;-11.521418020679464;4.519298245614034;37.78999999999999;127.64571428571428;165.51133333333334;19.125508147621588;1;1;0
2022-09-13;138.53;2022;9;13;1;256;3;2;-1.0;-1.8369701987210297e-16;0.7818314824680298;0.6234898018587336;131.78;107.2;188.38;146.28;5.1221733191683105;-11.521418020679464;24.58;130.59285714285713;164.95466666666667;17.69601905729557;1;1;0
2022-09-14;167.5;2022;9;14;2;257;3;2;-1.0;-1.8369701987210297e-16;0.9749279121818236;-0.22252093395631434;138.53;105.0;172.0;147.59;20.912437739117884;5.1221733191683105;33.53;135.06857142857143;164.69633333333334;14.459384989884287;1;1;0
2022-09-15;135.0;2022;9;15;3;258;3;2;-1.0;-1.8369701987210297e-16;0.43388373911755823;-0.900968867902419;167.5;144.0;154.18;153.38;-19.402985074626866;20.912437739117884;23.5;143.99714285714285;165.36;11.860900351273175;1;1;0
2022-09-16;107.59;2022;9;16;4;259;3;2;-1.0;-1.8369701987210297e-16;-0.433883739117558;-0.9009688679024191;135.0;134.73;100.0;158.0;-20.3037037037037;-19.402985074626866;0.27000000000001023;142.71142857142857;164.74733333333333;12.338712018913867;1;1;0
2022-09-17;118.16;2022;9;17;5;260;3;2;-1.0;-1.8369701987210297e-16;-0.9749279121818236;-0.2225209339563146;107.59;142.5;126.67;162.95;9.824333116460625;-20.3037037037037;-34.91;138.83428571428573;163.067;18.156948951794497;1;1;0
2022-09-18;114.73;2022;9;18;6;261;3;2;-1.0;-1.8369701987210297e-16;-0.7818314824680299;0.6234898018587334;118.16;148.94;133.0;172.0;-2.9028436018957327;9.824333116460625;-30.78;135.35714285714286;161.574;19.61038731071284;1;1;0
2022-09-19;104.85;2022;9;19;0;262;3;2;-1.0;-1.8369701987210297e-16;0.0;1.0;114.73;131.78;111.15;187.56;-8.611522705482443;-2.9028436018957327;-17.049999999999997;130.47;159.665;19.921510986869894;1;1;0
2022-09-20;118.08;2022;9;20;1;263;3;2;-1.0;-1.8369701987210297e-16;0.7818314824680298;0.6234898018587336;104.85;138.53;107.2;189.56;12.61802575107296;-8.611522705482443;-33.68000000000001;126.62285714285714;156.908;22.106802659125144;1;1;0
2022-09-21;104.05;2022;9;21;2;264;3;2;-1.0;-1.8369701987210297e-16;0.9749279121818236;-0.22252093395631434;118.08;167.5;105.0;216.0;-11.881775067750677;12.61802575107296;-49.42;123.70142857142858;154.52533333333335;21.61682017054529;1;1;0
2022-09-22;105.63;2022;9;22;3;265;3;2;-1.0;-1.8369701987210297e-16;0.43388373911755823;-0.900968867902419;104.05;135.0;144.0;193.54;1.5185007208073031;-11.881775067750677;-30.950000000000003;114.63714285714286;150.79366666666667;10.773859899907668;1;1;0
2022-09-23;95.0;2022;9;23;4;266;3;2;-1.0;-1.8369701987210297e-16;-0.433883739117558;-0.9009688679024191;105.63;107.59;134.73;208.62;-10.063428950108866;1.5185007208073031;-1.960000000000008;110.44142857142857;147.86333333333334;6.320744757201995;1;1;0
2022-09-24;95.49;2022;9;24;5;267;3;2;-1.0;-1.8369701987210297e-16;-0.9749279121818236;-0.2225209339563146;95.0;118.16;142.5;218.0;0.5157894736842028;-10.063428950108866;-23.159999999999997;108.64285714285714;144.07600000000002;8.634947817416526;1;1;0
2022-09-25;94.16;2022;9;25;6;268;3;2;-1.0;-1.8369701987210297e-16;-0.7818314824680299;0.6234898018587334;95.49;114.73;148.94;205.0;-1.3928160016755675;0.5157894736842028;-19.24000000000001;105.40428571428572;139.99233333333333;8.721402519362657;1;1;0
2022-09-26;83.7;2022;9;26;0;269;3;2;-1.0;-1.8369701987210297e-16;0.0;1.0;94.16;104.85;131.78;222.8;-11.108751062022082;-1.3928160016755675;-10.689999999999998;102.46571428571428;136.29766666666666;8.51856571875489;1;1;0
2022-09-27;91.95;2022;9;27;1;270;3;2;-1.0;-1.8369701987210297e-16;0.7818314824680298;0.6234898018587336;83.7;118.08;138.53;227.83;9.856630824372758;-11.108751062022082;-34.379999999999995;99.44428571428571;131.661;10.938919594948429;1;1;0
2022-09-28;92.3;2022;9;28;2;271;3;2;-1.0;-1.8369701987210297e-16;0.9749279121818236;-0.22252093395631434;91.95;104.05;167.5;240.0;0.38064165307232223;9.856630824372758;-12.099999999999994;95.71142857142856;127.13166666666666;7.408268867895742;1;1;0
2022-09-29;85.0;2022;9;29;3;272;3;2;-1.0;-1.8369701987210297e-16;0.43388373911755823;-0.900968867902419;92.3;105.63;135.0;188.38;-7.908992416034666;0.38064165307232223;-13.329999999999998;94.03285714285714;122.20833333333333;6.4765930197012676;1;1;0
2022-09-30;80.0;2022;9;30;4;273;3;2;-1.0;-1.8369701987210297e-16;-0.433883739117558;-0.9009688679024191;85.0;95.0;107.59;172.0;-5.882352941176472;-7.908992416034666;-10.0;91.08571428571429;118.76233333333334;4.795427881995023;1;1;0
2022-10-01;97.48;2022;10;1;5;274;4;2;-0.8660254037844386;0.5000000000000001;-0.9749279121818236;-0.2225209339563146;80.0;95.49;118.16;154.18;21.850000000000016;-5.882352941176472;-15.489999999999995;88.94285714285715;115.69566666666668;5.963854218778683;1;1;0
2022-10-02;125.5;2022;10;2;6;275;4;2;-0.8660254037844386;0.5000000000000001;-0.7818314824680299;0.6234898018587334;97.48;94.16;114.73;100.0;28.7443578169881;21.850000000000016;3.3200000000000074;89.22714285714285;113.80566666666667;6.362092722486126;1;1;0
2022-10-03;107.24;2022;10;3;0;276;4;2;-0.8660254037844386;0.5000000000000001;0.0;1.0;125.5;83.7;104.85;126.67;-14.54980079681275;28.7443578169881;41.8;93.70428571428572;114.65566666666668;15.242105997469027;1;1;0
2022-10-04;94.57;2022;10;4;1;277;4;2;-0.8660254037844386;0.5000000000000001;0.7818314824680298;0.6234898018587336;107.24;91.95;118.08;133.0;-11.814621409921678;-14.54980079681275;15.289999999999992;97.06714285714284;114.008;15.26378580637328;1;1;0
2022-10-05;88.7;2022;10;5;2;278;4;2;-0.8660254037844386;0.5000000000000001;0.9749279121818236;-0.22252093395631434;94.57;92.3;104.05;111.15;-6.2070424024532;-11.814621409921678;2.269999999999996;97.44142857142857;112.727;15.149086252500494;1;1;0
2022-10-06;78.85;2022;10;6;3;279;4;2;-0.8660254037844386;0.5000000000000001;0.43388373911755823;-0.900968867902419;88.7;85.0;105.63;107.2;-11.104847801578366;-6.2070424024532;3.700000000000003;96.92714285714285;111.97866666666667;15.411552716804445;1;1;0
2022-10-07;78.47;2022;10;7;4;280;4;2;-0.8660254037844386;0.5000000000000001;-0.433883739117558;-0.9009688679024191;78.85;80.0;95.0;105.0;-0.48192771084336616;-11.104847801578366;-1.1500000000000057;96.04857142857142;111.03366666666666;16.351446856033867;1;1;0
2022-10-08;79.19;2022;10;8;5;281;4;2;-0.8660254037844386;0.5000000000000001;-0.9749279121818236;-0.2225209339563146;78.47;97.48;95.49;144.0;0.9175481075570202;-0.48192771084336616;-19.010000000000005;95.83;110.14933333333333;16.609906682458682;1;1;0
2022-10-09;93.74;2022;10;9;6;282;4;2;-0.8660254037844386;0.5000000000000001;-0.7818314824680299;0.6234898018587334;79.19;125.5;94.16;134.73;18.37353201161762;0.9175481075570202;-46.31;93.21714285714286;107.989;17.709281666483356;1;1;0
2022-10-10;80.9;2022;10;10;0;283;4;2;-0.8660254037844386;0.5000000000000001;0.0;1.0;93.74;107.24;83.7;142.5;-13.697461062513327;18.37353201161762;-13.5;88.67999999999998;106.62266666666666;10.76802984146377;1;1;0
2022-10-11;80.0;2022;10;11;1;284;4;2;-0.8660254037844386;0.5000000000000001;0.7818314824680298;0.6234898018587336;80.9;94.57;91.95;148.94;-1.1124845488257207;-13.697461062513327;-13.669999999999987;84.91714285714286;104.56933333333333;7.218540282461027;1;1;0
2022-10-12;75.45;2022;10;12;2;285;4;2;-0.8660254037844386;0.5000000000000001;0.9749279121818236;-0.22252093395631434;80.0;88.7;92.3;131.78;-5.687500000000001;-1.1124845488257207;-8.700000000000003;82.83571428571429;102.27133333333333;5.962636042172788;1;1;0
2022-10-13;68.0;2022;10;13;3;286;4;2;-0.8660254037844386;0.5000000000000001;0.43388373911755823;-0.900968867902419;75.45;78.85;85.0;138.53;-9.874088800530156;-5.687500000000001;-3.3999999999999915;80.94285714285715;100.39366666666666;5.893453187748287;1;1;0
2022-10-14;52.37;2022;10;14;4;287;4;2;-0.8660254037844386;0.5000000000000001;-0.433883739117558;-0.9009688679024191;68.0;78.47;80.0;167.5;-22.985294117647058;-9.874088800530156;-10.469999999999999;79.39285714285714;98.04266666666666;7.688917813505852;1;1;0
2022-10-15;64.43;2022;10;15;5;288;4;2;-0.8660254037844386;0.5000000000000001;-0.9749279121818236;-0.2225209339563146;52.37;79.19;97.48;135.0;23.02845140347529;-22.985294117647058;-26.82;75.66428571428571;94.20499999999998;12.824352949424787;1;1;0
2022-10-16;52.68;2022;10;16;6;289;4;2;-0.8660254037844386;0.5000000000000001;-0.7818314824680299;0.6234898018587334;64.43;93.74;125.5;107.59;-18.236846189663215;23.02845140347529;-29.309999999999988;73.55571428571429;91.85266666666666;13.350656484661004;1;1;0
2022-10-17;34.3;2022;10;17;0;290;4;2;-0.8660254037844386;0.5000000000000001;0.0;1.0;52.68;80.9;107.24;118.16;-34.88990129081245;-18.236846189663215;-28.220000000000006;67.69;90.02233333333334;11.951178463509814;1;1;0
2022-10-18;27.78;2022;10;18;1;291;4;2;-0.8660254037844386;0.5000000000000001;0.7818314824680298;0.6234898018587336;34.3;80.0;94.57;114.73;-19.008746355685126;-34.88990129081245;-45.7;61.03285714285715;87.227;15.743512647315614;1;1;0
2022-10-19;33.06;2022;10;19;2;292;4;2;-0.8660254037844386;0.5000000000000001;0.9749279121818236;-0.22252093395631434;27.78;75.45;88.7;104.85;19.00647948164147;-19.008746355685126;-47.67;53.57285714285715;84.32866666666665;17.52896623143691;1;1;0
2022-10-20;46.9;2022;10;20;3;293;4;2;-0.8660254037844386;0.5000000000000001;0.43388373911755823;-0.900968867902419;33.06;68.0;78.85;118.08;41.86327888687234;19.00647948164147;-34.94;47.517142857142865;81.93566666666666;15.96378267024634;1;1;0
2022-10-21;44.95;2022;10;21;4;294;4;2;-0.8660254037844386;0.5000000000000001;-0.433883739117558;-0.9009688679024191;46.9;52.37;78.47;104.05;-4.157782515991459;41.86327888687234;-5.469999999999999;44.50285714285714;79.563;13.205340730534934;1;1;0
2022-10-22;36.99;2022;10;22;5;295;4;2;-0.8660254037844386;0.5000000000000001;-0.9749279121818236;-0.2225209339563146;44.95;64.43;79.19;105.63;-17.708565072302562;-4.157782515991459;-19.480000000000004;43.44285714285714;77.593;12.75884623086502;1;1;0
2022-10-23;45.96;2022;10;23;6;296;4;2;-0.8660254037844386;0.5000000000000001;-0.7818314824680299;0.6234898018587334;36.99;52.68;93.74;95.0;24.249797242497962;-17.708565072302562;-15.689999999999998;39.52285714285715;75.305;8.853844201411025;1;1;0
2022-10-24;31.6;2022;10;24;0;297;4;2;-0.8660254037844386;0.5000000000000001;0.0;1.0;45.96;34.3;80.9;95.49;-31.244560487380323;24.249797242497962;11.660000000000004;38.56285714285714;73.67033333333333;7.44108575026924;1;1;0
2022-10-25;47.0;2022;10;25;1;298;4;2;-0.8660254037844386;0.5000000000000001;0.7818314824680298;0.6234898018587336;31.6;27.78;80.0;94.16;48.73417721518987;-31.244560487380323;3.8200000000000003;38.17714285714286;71.54066666666667;7.761942871656556;1;1;0
2022-10-26;44.64;2022;10;26;2;299;4;2;-0.8660254037844386;0.5000000000000001;0.9749279121818236;-0.22252093395631434;47.0;33.06;75.45;83.7;-5.021276595744684;48.73417721518987;13.939999999999998;40.92285714285715;69.96866666666666;6.812441349682157;1;1;0
2022-10-27;47.46;2022;10;27;3;300;4;2;-0.8660254037844386;0.5000000000000001;0.43388373911755823;-0.900968867902419;44.64;46.9;68.0;91.95;6.317204301075274;-5.021276595744684;-2.259999999999998;42.57714285714286;68.66666666666667;5.934252871496021;1;1;0
2022-10-28;48.73;2022;10;28;4;301;4;2;-0.8660254037844386;0.5000000000000001;-0.433883739117558;-0.9009688679024191;47.46;44.95;52.37;92.3;2.6759376316898287;6.317204301075274;2.509999999999998;42.65714285714286;67.18366666666667;6.005588270618632;1;1;0
2022-10-29;67.06;2022;10;29;5;302;4;2;-0.8660254037844386;0.5000000000000001;-0.9749279121818236;-0.2225209339563146;48.73;36.99;64.43;85.0;37.615431972091116;2.6759376316898287;11.739999999999995;43.19714285714286;65.73133333333334;6.40291265567413;1;1;0
2022-10-30;79.89;2022;10;30;6;303;4;2;-0.8660254037844386;0.5000000000000001;-0.7818314824680299;0.6234898018587334;67.06;45.96;52.68;80.0;19.132120489114214;37.615431972091116;21.1;47.49285714285715;65.13333333333334;10.390050872967725;1;1;0
2022-10-31;56.06;2022;10;31;0;304;4;2;-0.8660254037844386;0.5000000000000001;0.0;1.0;79.89;31.6;34.3;97.48;-29.828514207034672;19.132120489114214;48.29;52.339999999999996;65.12966666666667;15.971227254034014;1;1;0
2022-11-01;58.15;2022;11;1;1;305;4;2;-0.5000000000000004;0.8660254037844384;0.7818314824680298;0.6234898018587336;56.06;47.0;27.78;125.5;3.7281484124152664;-29.828514207034672;9.060000000000002;55.83428571428572;63.749;13.093899160986886;1;1;0
2022-11-02;64.45;2022;11;2;2;306;4;2;-0.5000000000000004;0.8660254037844384;0.9749279121818236;-0.22252093395631434;58.15;44.64;33.06;107.24;10.834049871023232;3.7281484124152664;13.509999999999998;57.42714285714286;61.504000000000005;12.50505726267795;1;1;0
2022-11-03;48.84;2022;11;3;3;307;4;2;-0.5000000000000004;0.8660254037844384;0.43388373911755823;-0.900968867902419;64.45;47.46;46.9;94.57;-24.220325833979828;10.834049871023232;16.990000000000002;60.25714285714287;60.077666666666666;11.313752272176862;1;1;0
2022-11-04;43.64;2022;11;4;4;308;4;2;-0.5000000000000004;0.8660254037844384;-0.433883739117558;-0.9009688679024191;48.84;48.73;44.95;88.7;-10.647010647010656;-24.220325833979828;0.11000000000000654;60.45428571428572;58.553333333333335;11.062836973613887;1;1;0
2022-11-05;48.56;2022;11;5;5;309;4;2;-0.5000000000000004;0.8660254037844384;-0.9749279121818236;-0.2225209339563146;43.64;67.06;36.99;78.85;11.27406049495876;-10.647010647010656;-23.42;59.72714285714286;57.05133333333333;12.08220690972972;1;1;0
2022-11-06;43.01;2022;11;6;6;310;4;2;-0.5000000000000004;0.8660254037844384;-0.7818314824680299;0.6234898018587334;48.56;79.89;45.96;78.47;-11.429159802306433;11.27406049495876;-31.33;57.08428571428571;56.04166666666667;12.233286362956306;1;1;0
2022-11-07;47.75;2022;11;7;0;311;4;2;-0.5000000000000004;0.8660254037844384;0.0;1.0;43.01;56.06;31.6;79.19;11.020692862125102;-11.429159802306433;-13.050000000000004;51.815714285714286;54.859666666666676;7.974958426522422;1;1;0
2022-11-08;45.0;2022;11;8;1;312;4;2;-0.5000000000000004;0.8660254037844384;0.7818314824680298;0.6234898018587336;47.75;58.15;47.0;93.74;-5.759162303664922;11.020692862125102;-10.399999999999999;50.628571428571426;53.811666666666675;7.8554724631333945;1;1;0
2022-11-09;48.5;2022;11;9;2;313;4;2;-0.5000000000000004;0.8660254037844384;0.9749279121818236;-0.22252093395631434;45.0;64.45;44.64;80.9;7.777777777777772;-5.759162303664922;-19.450000000000003;48.75;52.187000000000005;7.3104537022905305;1;1;0
2022-11-10;64.85;2022;11;10;3;314;4;2;-0.5000000000000004;0.8660254037844384;0.43388373911755823;-0.900968867902419;48.5;48.84;47.46;80.0;33.71134020618556;7.777777777777772;-0.3400000000000034;46.47142857142857;51.107;2.5128233030560674;1;1;0
2022-11-11;50.85;2022;11;11;4;315;4;2;-0.5000000000000004;0.8660254037844384;-0.433883739117558;-0.9009688679024191;64.85;43.64;48.73;75.45;-21.588280647648407;33.71134020618556;21.209999999999994;48.75857142857143;50.602;7.454643806763288;1;1;0
2022-11-12;53.65;2022;11;12;5;316;4;2;-0.5000000000000004;0.8660254037844384;-0.9749279121818236;-0.2225209339563146;50.85;48.56;67.06;68.0;5.506391347099315;-21.588280647648407;2.289999999999999;49.78857142857144;49.782000000000004;7.120139110465512;1;1;0
2022-11-13;57.5;2022;11;13;6;317;4;2;-0.5000000000000004;0.8660254037844384;-0.7818314824680299;0.6234898018587334;53.65;43.01;79.89;52.37;7.176141658900281;5.506391347099315;10.64;50.51571428571429;49.30366666666667;7.232776915180045;1;1;0
2022-11-14;55.0;2022;11;14;0;318;4;2;-0.5000000000000004;0.8660254037844384;0.0;1.0;57.5;47.75;56.06;64.43;-4.347826086956519;7.176141658900281;9.75;52.58571428571429;49.474666666666664;6.786365883502065;1;1;0
2022-11-15;51.9;2022;11;15;1;319;4;2;-0.5000000000000004;0.8660254037844384;0.7818314824680298;0.6234898018587336;55.0;45.0;58.15;52.68;-5.636363636363639;-4.347826086956519;10.0;53.621428571428574;49.160333333333334;6.471273518588093;1;1;0
2022-11-16;53.8;2022;11;16;2;320;4;2;-0.5000000000000004;0.8660254037844384;0.9749279121818236;-0.22252093395631434;51.9;48.5;64.45;34.3;3.6608863198458463;-5.636363636363639;3.3999999999999986;54.607142857142854;49.13433333333334;5.371175272649562;1;1;0
2022-11-17;52.97;2022;11;17;3;321;4;2;-0.5000000000000004;0.8660254037844384;0.43388373911755823;-0.900968867902419;53.8;64.85;48.84;27.78;-1.5427509293680308;3.6608863198458463;-11.049999999999997;55.364285714285714;49.78433333333333;4.69820127688175;1;1;0
2022-11-18;47.99;2022;11;18;4;322;4;2;-0.5000000000000004;0.8660254037844384;-0.433883739117558;-0.9009688679024191;52.97;50.85;43.64;33.06;-9.401548046063802;-1.5427509293680308;2.1199999999999974;53.667142857142856;50.624;2.1614170836565463;1;1;0
2022-11-19;48.54;2022;11;19;5;323;4;2;-0.5000000000000004;0.8660254037844384;-0.9749279121818236;-0.2225209339563146;47.99;53.65;48.56;46.9;1.146072098353823;-9.401548046063802;-5.659999999999997;53.25857142857142;51.12166666666667;2.9199168285608685;1;1;0
2022-11-20;51.58;2022;11;20;6;324;4;2;-0.5000000000000004;0.8660254037844384;-0.7818314824680299;0.6234898018587334;48.54;57.5;43.01;44.95;6.262875978574378;1.146072098353823;-8.96;52.528571428571425;51.17633333333333;3.4043326735763997;1;1;0
2022-11-21;51.17;2022;11;21;0;325;4;2;-0.5000000000000004;0.8660254037844384;0.0;1.0;51.58;55.0;47.75;36.99;-0.7948817371074002;6.262875978574378;-3.4200000000000017;51.68285714285714;51.397333333333336;2.6049613834993677;1;1;0
2022-11-22;65.0;2022;11;22;1;326;4;2;-0.5000000000000004;0.8660254037844384;0.7818314824680298;0.6234898018587336;51.17;51.9;45.0;45.96;27.027555208129762;-0.7948817371074002;-0.7299999999999969;51.135714285714286;51.870000000000005;2.155573064893539;1;1;0
2022-11-23;85.5;2022;11;23;2;327;4;2;-0.5000000000000004;0.8660254037844384;0.9749279121818236;-0.22252093395631434;65.0;53.8;48.5;31.6;31.538461538461537;27.027555208129762;11.200000000000003;53.00714285714286;52.50466666666667;5.700841207768309;1;1;0
2022-11-24;89.99;2022;11;24;3;328;4;2;-0.5000000000000004;0.8660254037844384;0.43388373911755823;-0.900968867902419;85.5;52.97;64.85;47.0;5.251461988304085;31.538461538461537;32.53;57.535714285714285;54.30133333333333;13.580617140055137;1;1;0
2022-11-25;87.85;2022;11;25;4;329;4;2;-0.5000000000000004;0.8660254037844384;-0.433883739117558;-0.9009688679024191;89.99;47.99;50.85;44.64;-2.3780420046671913;5.251461988304085;41.99999999999999;62.824285714285715;55.73433333333333;17.9965319410368;1;1;0
2022-11-26;82.64;2022;11;26;5;330;4;2;-0.5000000000000004;0.8660254037844384;-0.9749279121818236;-0.2225209339563146;87.85;48.54;53.65;47.46;-5.930563460443928;-2.3780420046671913;39.309999999999995;68.51857142857142;57.17466666666667;18.80827426832072;1;1;0
2022-11-27;87.93;2022;11;27;6;331;4;2;-0.5000000000000004;0.8660254037844384;-0.7818314824680299;0.6234898018587334;82.64;51.58;57.5;48.73;6.401258470474347;-5.930563460443928;31.060000000000002;73.39;58.34733333333334;17.110731525371037;1;1;0
2022-11-28;95.0;2022;11;28;0;332;4;2;-0.5000000000000004;0.8660254037844384;0.0;1.0;87.93;51.17;55.0;67.06;8.040486750824517;6.401258470474347;36.760000000000005;78.58285714285715;59.653999999999996;14.740182850839473;1;1;0
2022-11-29;103.78;2022;11;29;1;333;4;2;-0.5000000000000004;0.8660254037844384;0.7818314824680298;0.6234898018587336;95.0;65.0;51.9;79.89;9.242105263157896;8.040486750824517;30.0;84.8442857142857;60.58533333333333;9.550369726076143;1;1;0
2022-11-30;105.45;2022;11;30;2;334;4;2;-0.5000000000000004;0.8660254037844384;0.9749279121818236;-0.22252093395631434;103.78;85.5;53.8;56.06;1.6091732511081203;9.242105263157896;18.28;90.38428571428572;61.38166666666666;7.037776299235675;1;1;0
2022-12-01;101.0;2022;12;1;3;335;4;2;-2.4492935982947064e-16;1.0;0.43388373911755823;-0.900968867902419;105.45;89.99;52.97;58.15;-4.220009483167376;1.6091732511081203;15.460000000000008;93.23428571428572;63.028;8.596935223559765;1;1;0
2022-12-02;117.9;2022;12;2;4;336;4;2;-2.4492935982947064e-16;1.0;-0.433883739117558;-0.9009688679024191;101.0;87.85;47.99;64.45;16.732673267326746;-4.220009483167376;13.150000000000006;94.80714285714285;64.45633333333333;8.906061071512516;1;1;0
2022-12-03;141.6;2022;12;3;5;337;4;2;-2.4492935982947064e-16;1.0;-0.9749279121818236;-0.2225209339563146;117.9;82.64;48.54;48.84;20.101781170483445;16.732673267326746;35.260000000000005;99.1;66.238;11.77416239059007;1;1;0
2022-12-04;144.13;2022;12;4;6;338;4;2;-2.4492935982947064e-16;1.0;-0.7818314824680299;0.6234898018587334;141.6;87.93;51.58;43.64;1.786723163841808;20.101781170483445;53.66999999999999;107.52285714285713;69.33;17.656406499516645;1;1;0
2022-12-05;120.56;2022;12;5;0;339;4;2;-2.4492935982947064e-16;1.0;0.0;1.0;144.13;95.0;51.17;48.56;-16.353292166793864;1.786723163841808;49.129999999999995;115.55142857142857;72.67966666666666;19.89760993065152;1;1;0
2022-12-06;122.85;2022;12;6;1;340;4;2;-2.4492935982947064e-16;1.0;0.7818314824680298;0.6234898018587336;120.56;103.78;65.0;43.01;1.899469143994681;-16.353292166793864;16.78;119.20285714285716;75.07966666666668;17.724198819960915;1;1;0
2022-12-07;123.6;2022;12;7;2;341;4;2;-2.4492935982947064e-16;1.0;0.9749279121818236;-0.22252093395631434;122.85;105.45;85.5;47.75;0.6105006105006083;1.899469143994681;17.39999999999999;121.92714285714285;77.741;16.37258044647116;1;1;0
2022-12-08;131.5;2022;12;8;3;342;4;2;-2.4492935982947064e-16;1.0;0.43388373911755823;-0.900968867902419;123.6;101.0;89.99;45.0;6.391585760517815;0.6105006105006083;22.599999999999994;124.52;80.26933333333334;14.677705315658574;1;1;0
2022-12-09;131.89;2022;12;9;4;343;4;2;-2.4492935982947064e-16;1.0;-0.433883739117558;-0.9009688679024191;131.5;117.9;87.85;48.5;0.2965779467680507;6.391585760517815;13.599999999999994;128.87714285714284;83.15266666666666;10.450257914337232;1;1;0
2022-12-10;137.63;2022;12;10;5;344;4;2;-2.4492935982947064e-16;1.0;-0.9749279121818236;-0.2225209339563146;131.89;141.6;82.64;64.85;4.3521116081583155;0.2965779467680507;-9.710000000000008;130.87571428571428;85.93233333333333;9.272423015124227;1;1;0
2022-12-11;131.99;2022;12;11;6;345;4;2;-2.4492935982947064e-16;1.0;-0.7818314824680299;0.6234898018587334;137.63;144.13;87.93;50.85;-4.097943762261124;4.3521116081583155;-6.5;130.3085714285714;88.35833333333333;8.604509338268977;1;1;0
2022-12-12;119.81;2022;12;12;0;346;4;2;-2.4492935982947064e-16;1.0;0.0;1.0;131.99;120.56;95.0;53.65;-9.227971816046676;-4.097943762261124;11.430000000000007;128.5742857142857;91.063;6.257882648154475;1;1;0
2022-12-13;119.9;2022;12;13;1;347;4;2;-2.4492935982947064e-16;1.0;0.7818314824680298;0.6234898018587336;119.81;122.85;103.78;57.5;0.07511893831901872;-9.227971816046676;-3.039999999999992;128.46714285714285;93.26833333333335;6.422228881743589;1;1;0
2022-12-14;116.85;2022;12;14;2;348;4;2;-2.4492935982947064e-16;1.0;0.9749279121818236;-0.22252093395631434;119.9;123.6;105.45;55.0;-2.543786488740629;0.07511893831901872;-3.6999999999999886;128.0457142857143;95.34833333333333;6.929052020640319;1;1;0
2022-12-15;116.09;2022;12;15;3;349;4;2;-2.4492935982947064e-16;1.0;0.43388373911755823;-0.900968867902419;116.85;131.5;101.0;51.9;-0.6504065040650375;-2.543786488740629;-14.650000000000006;127.08142857142856;97.41000000000001;8.03265507905236;1;1;0
2022-12-16;112.85;2022;12;16;4;350;4;2;-2.4492935982947064e-16;1.0;-0.433883739117558;-0.9009688679024191;116.09;131.89;117.9;53.8;-2.7909380652941795;-0.6504065040650375;-15.799999999999983;124.88;99.54966666666665;8.703495466380849;1;1;0
2022-12-17;102.72;2022;12;17;5;351;4;2;-2.4492935982947064e-16;1.0;-0.9749279121818236;-0.2225209339563146;112.85;137.63;141.6;52.97;-8.976517501107661;-2.7909380652941795;-24.78;122.16;101.518;9.113149839653659;1;1;0
2022-12-18;97.8;2022;12;18;6;352;4;2;-2.4492935982947064e-16;1.0;-0.7818314824680299;0.6234898018587334;102.72;131.99;144.13;47.99;-4.789719626168221;-8.976517501107661;-29.27000000000001;117.17285714285715;103.17633333333333;8.782449761285562;1;1;0
2022-12-19;87.5;2022;12;19;0;353;4;2;-2.4492935982947064e-16;1.0;0.0;1.0;97.8;119.81;120.56;48.54;-10.53169734151329;-4.789719626168221;-22.010000000000005;112.28857142857143;104.83666666666666;8.675201109236411;1;1;0
2022-12-20;84.93;2022;12;20;1;354;4;2;-2.4492935982947064e-16;1.0;0.7818314824680298;0.6234898018587336;87.5;119.9;122.85;51.58;-2.9371428571428493;-10.53169734151329;-32.400000000000006;107.67285714285715;106.13533333333334;11.974433478993518;1;1;0
2022-12-21;80.7;2022;12;21;2;355;4;2;-2.4492935982947064e-16;1.0;0.9749279121818236;-0.22252093395631434;84.93;116.85;123.6;51.17;-4.980572235959024;-2.9371428571428493;-31.919999999999987;102.67714285714285;107.247;13.249885174704051;1;1;0
2022-12-22;71.05;2022;12;22;3;356;4;2;-2.4492935982947064e-16;1.0;0.43388373911755823;-0.900968867902419;80.7;116.09;131.5;65.0;-11.95786864931847;-4.980572235959024;-35.39;97.51285714285714;108.23133333333334;13.837104362649132;1;1;0
2022-12-23;70.5;2022;12;23;4;357;4;2;-2.4492935982947064e-16;1.0;-0.433883739117558;-0.9009688679024191;71.05;112.85;131.89;85.5;-0.7741027445460902;-11.95786864931847;-41.8;91.07857142857144;108.433;14.225359314233009;1;1;0
2022-12-24;62.1;2022;12;24;5;358;4;2;-2.4492935982947064e-16;1.0;-0.9749279121818236;-0.2225209339563146;70.5;102.72;137.63;89.99;-11.91489361702127;-0.7741027445460902;-32.22;85.02857142857144;107.933;12.29790013047095;1;1;0
2022-12-25;71.81;2022;12;25;6;359;4;2;-2.4492935982947064e-16;1.0;-0.7818314824680299;0.6234898018587334;62.1;97.8;131.99;87.85;15.636070853462169;-11.91489361702127;-35.699999999999996;79.22571428571428;107.00333333333333;12.141188652877162;1;1;0
2022-12-26;72.2;2022;12;26;0;360;4;2;-2.4492935982947064e-16;1.0;0.0;1.0;71.81;87.5;119.81;82.64;0.543099846817996;15.636070853462169;-15.689999999999998;75.51285714285714;106.46866666666666;9.10990617274309;1;1;0
2022-12-27;71.95;2022;12;27;1;361;4;2;-2.4492935982947064e-16;1.0;0.7818314824680298;0.6234898018587336;72.2;84.93;119.9;87.93;-0.3462603878116366;0.543099846817996;-12.730000000000004;73.32714285714287;106.12066666666668;7.436221518767656;1;1;0
2022-12-28;69.83;2022;12;28;2;362;4;2;-2.4492935982947064e-16;1.0;0.9749279121818236;-0.22252093395631434;71.95;80.7;116.85;95.0;-2.9464906184850648;-0.3462603878116366;-8.75;71.47285714285715;105.588;5.400400337893192;1;1;0
2022-12-29;64.78;2022;12;29;3;363;4;2;-2.4492935982947064e-16;1.0;0.43388373911755823;-0.900968867902419;69.83;71.05;116.09;103.78;-7.231848775597882;-2.9464906184850648;-1.2199999999999989;69.92;104.749;3.5511782082373946;1;1;0
2022-12-30;52.85;2022;12;30;4;364;4;2;-2.4492935982947064e-16;1.0;-0.433883739117558;-0.9009688679024191;64.78;70.5;112.85;105.45;-18.416177832664403;-7.231848775597882;-5.719999999999999;69.02428571428571;103.44900000000001;3.983126314603763;1;1;0
2022-12-31;62.49;2022;12;31;5;365;4;2;-2.4492935982947064e-16;1.0;-0.9749279121818236;-0.2225209339563146;52.85;62.1;102.72;101.0;18.240302743614013;-18.416177832664403;-9.25;66.50285714285715;101.69566666666667;7.189324758013428;1;1;0
2023-01-01;70.45;2023;1;1;6;1;1;1;0.49999999999999994;0.8660254037844387;-0.7818314824680299;0.6234898018587334;62.49;71.81;97.8;117.9;12.738038086093773;18.240302743614013;-9.32;66.55857142857143;100.41199999999999;7.150926346917718;1;1;0
2023-01-02;71.49;2023;1;2;0;2;1;1;0.49999999999999994;0.8660254037844387;0.0;1.0;70.45;72.2;87.5;141.6;1.4762242725337105;12.738038086093773;-1.75;66.36428571428571;98.83033333333334;7.001380476122046;1;1;0
2023-01-03;63.0;2023;1;3;1;3;1;1;0.49999999999999994;0.8660254037844387;0.7818314824680298;0.6234898018587336;71.49;71.95;84.93;144.13;-11.875786823331925;1.4762242725337105;-0.46000000000000796;66.26285714285714;96.49333333333333;6.907258776788243;1;1;0
2023-01-04;58.0;2023;1;4;2;4;1;1;0.49999999999999994;0.8660254037844387;0.9749279121818236;-0.22252093395631434;63.0;69.83;80.7;120.56;-7.936507936507942;-11.875786823331925;-6.829999999999998;64.98428571428572;93.789;6.495136275559581;1;1;0
2023-01-05;59.3;2023;1;5;3;5;1;1;0.49999999999999994;0.8660254037844387;0.43388373911755823;-0.900968867902419;58.0;64.78;71.05;122.85;2.2413793103448265;-7.936507936507942;-6.780000000000001;63.294285714285714;91.70366666666665;6.56286740468096;1;1;0
2023-01-06;63.9;2023;1;6;4;6;1;1;0.49999999999999994;0.8660254037844387;-0.433883739117558;-0.9009688679024191;59.3;52.85;70.5;123.6;7.757166947723437;2.2413793103448265;6.449999999999996;62.511428571428574;89.58533333333334;6.68186957014101;1;1;0
2023-01-07;62.34;2023;1;7;5;7;1;1;0.49999999999999994;0.8660254037844387;-0.9749279121818236;-0.2225209339563146;63.9;62.49;62.1;131.5;-2.4413145539906034;7.757166947723437;1.4099999999999966;64.09;87.59533333333334;5.148235943828559;1;1;0
2023-01-08;64.55;2023;1;8;6;8;1;1;0.49999999999999994;0.8660254037844387;-0.7818314824680299;0.6234898018587334;62.34;70.45;71.81;131.89;3.5450753930060808;-2.4413145539906034;-8.11;64.06857142857142;85.28999999999999;5.1563114354199575;1;1;0
2023-01-09;69.78;2023;1;9;0;9;1;1;0.49999999999999994;0.8660254037844387;0.0;1.0;64.55;71.49;72.2;137.63;8.102246320681639;3.5450753930060808;-6.939999999999998;63.22571428571428;83.04533333333333;4.3600759058481;1;1;0
2023-01-10;63.25;2023;1;10;1;10;1;1;0.49999999999999994;0.8660254037844387;0.7818314824680298;0.6234898018587336;69.78;63.0;71.95;131.99;-9.357982229865291;8.102246320681639;6.780000000000001;62.98142857142857;80.78366666666666;3.836319540789444;1;1;0
2023-01-11;61.7;2023;1;11;2;11;1;1;0.49999999999999994;0.8660254037844387;0.9749279121818236;-0.22252093395631434;63.25;58.0;69.83;119.81;-2.450592885375491;-9.357982229865291;5.25;63.01714285714286;78.49233333333333;3.8376846938641416;1;1;0
2023-01-12;63.18;2023;1;12;3;12;1;1;0.49999999999999994;0.8660254037844387;0.43388373911755823;-0.900968867902419;61.7;59.3;64.78;119.9;2.3987034035656274;-2.450592885375491;2.4000000000000057;63.54571428571428;76.55533333333334;3.2397111864213652;1;1;0
2023-01-13;60.0;2023;1;13;4;13;1;1;0.49999999999999994;0.8660254037844387;-0.433883739117558;-0.9009688679024191;63.18;63.9;52.85;116.85;-5.033238366571702;2.3987034035656274;-0.7199999999999989;64.1;74.66466666666666;2.6749267902745184;1;1;0
2023-01-14;61.79;2023;1;14;5;14;1;1;0.49999999999999994;0.8660254037844387;-0.9749279121818236;-0.2225209339563146;60.0;62.34;62.49;116.09;2.983333333333338;-5.033238366571702;-2.3400000000000034;63.542857142857144;72.76966666666667;3.0964641893917726;1;1;0
2023-01-15;60.13;2023;1;15;6;15;1;1;0.49999999999999994;0.8660254037844387;-0.7818314824680299;0.6234898018587334;61.79;64.55;70.45;112.85;-2.686518854183517;2.983333333333338;-2.759999999999998;63.464285714285715;70.95966666666666;3.1387622674270457;1;1;0
2023-01-16;52.9;2023;1;16;0;16;1;1;0.49999999999999994;0.8660254037844387;0.0;1.0;60.13;69.78;71.49;102.72;-12.023948112423088;-2.686518854183517;-9.649999999999999;62.832857142857144;69.20233333333334;3.323119590011651;1;1;0
2023-01-17;55.8;2023;1;17;1;17;1;1;0.49999999999999994;0.8660254037844387;0.7818314824680298;0.6234898018587336;52.9;63.25;63.0;97.8;5.482041587901709;-12.023948112423088;-10.350000000000001;60.42142857142857;67.54166666666667;3.5579180643147352;1;1;0
2023-01-18;57.52;2023;1;18;2;18;1;1;0.49999999999999994;0.8660254037844387;0.9749279121818236;-0.22252093395631434;55.8;61.7;58.0;87.5;3.082437275985672;5.482041587901709;-5.900000000000006;59.357142857142854;66.14166666666667;3.6828553880814154;1;1;0
2023-01-19;60.0;2023;1;19;3;19;1;1;0.49999999999999994;0.8660254037844387;0.43388373911755823;-0.900968867902419;57.52;63.18;59.3;84.93;4.311543810848395;3.082437275985672;-5.659999999999997;58.76;65.14233333333333;3.5770239026314443;1;1;0
2023-01-20;64.04;2023;1;20;4;20;1;1;0.49999999999999994;0.8660254037844387;-0.433883739117558;-0.9009688679024191;60.0;60.0;63.9;80.7;6.733333333333347;4.311543810848395;0.0;58.30571428571428;64.31133333333334;3.0910400468815347;1;1;0
2023-01-21;66.0;2023;1;21;5;21;1;1;0.49999999999999994;0.8660254037844387;-0.9749279121818236;-0.2225209339563146;64.04;61.79;62.34;71.05;3.0605871330418477;6.733333333333347;2.250000000000007;58.882857142857134;63.756;3.7640169778469996;1;1;0
2023-01-22;67.62;2023;1;22;6;22;1;1;0.49999999999999994;0.8660254037844387;-0.7818314824680299;0.6234898018587334;66.0;60.13;64.55;70.5;2.454545454545465;3.0605871330418477;5.869999999999997;59.48428571428571;63.587666666666664;4.558456819080886;1;1;0
2023-01-23;62.23;2023;1;23;0;23;1;1;0.49999999999999994;0.8660254037844387;0.0;1.0;67.62;52.9;69.78;62.1;-7.971014492753636;2.454545454545465;14.720000000000006;60.55428571428571;63.49166666666667;5.514160126869552;1;1;0
2023-01-24;54.66;2023;1;24;1;24;1;1;0.49999999999999994;0.8660254037844387;0.7818314824680298;0.6234898018587336;62.23;55.8;63.25;71.81;-12.164550859713962;-7.971014492753636;6.43;61.887142857142855;63.496;4.3631055999352295;1;1;0
2023-01-25;52.15;2023;1;25;2;25;1;1;0.49999999999999994;0.8660254037844387;0.9749279121818236;-0.22252093395631434;54.66;57.52;61.7;72.2;-4.592023417489932;-12.164550859713962;-2.8600000000000065;61.72428571428571;62.92433333333334;4.640631627780602;1;1;0
2023-01-26;50.09;2023;1;26;3;26;1;1;0.49999999999999994;0.8660254037844387;0.43388373911755823;-0.900968867902419;52.15;60.0;63.18;71.95;-3.950143815915619;-4.592023417489932;-7.850000000000001;60.957142857142856;62.256;5.760268264255273;1;1;0
2023-01-27;53.75;2023;1;27;4;27;1;1;0.49999999999999994;0.8660254037844387;-0.433883739117558;-0.9009688679024191;50.09;64.04;60.0;69.83;7.306847674186456;-3.950143815915619;-13.950000000000003;59.54142857142857;61.52733333333333;7.0973361870759195;1;1;0
2023-01-28;56.18;2023;1;28;5;28;1;1;0.49999999999999994;0.8660254037844387;-0.9749279121818236;-0.2225209339563146;53.75;66.0;61.79;64.78;4.520930232558129;7.306847674186456;-12.25;58.07142857142857;60.99133333333334;7.075901423308396;1;1;0
2023-01-29;56.83;2023;1;29;6;29;1;1;0.49999999999999994;0.8660254037844387;-0.7818314824680299;0.6234898018587334;56.18;67.62;60.13;52.85;1.156995372018499;4.520930232558129;-11.440000000000005;56.66857142857143;60.70466666666667;6.1556137754393125;1;1;0
2023-01-30;54.2;2023;1;30;0;30;1;1;0.49999999999999994;0.8660254037844387;0.0;1.0;56.83;62.23;52.9;62.49;-4.627837409818747;1.156995372018499;-5.399999999999999;55.12714285714286;60.837333333333326;3.890367224678781;1;1;0
2023-01-31;54.89;2023;1;31;1;31;1;1;0.49999999999999994;0.8660254037844387;0.7818314824680298;0.6234898018587336;54.2;54.66;55.8;70.45;1.2730627306273057;-4.627837409818747;-0.45999999999999375;53.980000000000004;60.561;2.309660869766694;1;1;0
2023-02-01;57.57;2023;2;1;2;32;1;1;0.8660254037844386;0.5000000000000001;0.9749279121818236;-0.22252093395631434;54.89;52.15;57.52;71.49;4.882492257241755;1.2730627306273057;2.740000000000002;54.012857142857136;60.04233333333334;2.3225468368844377;1;1;0
2023-02-02;54.8;2023;2;2;3;33;1;1;0.8660254037844386;0.5000000000000001;0.43388373911755823;-0.900968867902419;57.57;50.09;60.0;63.0;-4.811533784957445;4.882492257241755;7.479999999999997;54.787142857142854;59.57833333333334;2.495053201073739;1;1;0
2023-02-03;56.56;2023;2;3;4;34;1;1;0.8660254037844386;0.5000000000000001;-0.433883739117558;-0.9009688679024191;54.8;53.75;64.04;58.0;3.2116788321167933;-4.811533784957445;1.0499999999999972;55.459999999999994;59.305;1.4212435869093467;1;1;0
2023-02-04;58.25;2023;2;4;5;35;1;1;0.8660254037844386;0.5000000000000001;-0.9749279121818236;-0.2225209339563146;56.56;56.18;66.0;59.3;2.987977369165473;3.2116788321167933;0.38000000000000256;55.861428571428576;59.257;1.2434820541709064;1;1;0
2023-02-05;60.63;2023;2;5;6;36;1;1;0.8660254037844386;0.5000000000000001;-0.7818314824680299;0.6234898018587334;58.25;56.83;67.62;63.9;4.085836909871254;2.987977369165473;1.4200000000000017;56.15714285714286;59.221999999999994;1.5421382805014117;1;1;0
2023-02-06;55.64;2023;2;6;0;37;1;1;0.8660254037844386;0.5000000000000001;0.0;1.0;60.63;54.2;62.23;62.34;-8.230249051624616;4.085836909871254;6.43;56.699999999999996;59.11300000000001;2.3007245235643765;1;1;0
2023-02-07;53.13;2023;2;7;1;38;1;1;0.8660254037844386;0.5000000000000001;0.7818314824680298;0.6234898018587336;55.64;54.89;54.66;64.55;-4.511143062544932;-8.230249051624616;0.75;56.90571428571428;58.88966666666666;2.095128135642074;1;1;0
2023-02-08;52.65;2023;2;8;2;39;1;1;0.8660254037844386;0.5000000000000001;0.9749279121818236;-0.22252093395631434;53.13;57.57;52.15;69.78;-0.903444381705254;-4.511143062544932;-4.439999999999998;56.65428571428572;58.509;2.452473969571498;1;1;0
2023-02-09;52.49;2023;2;9;3;40;1;1;0.8660254037844386;0.5000000000000001;0.43388373911755823;-0.900968867902419;52.65;54.8;50.09;63.25;-0.3038936372269596;-0.903444381705254;-2.1499999999999986;55.95142857142857;57.937999999999995;2.823280766362378;1;1;0
2023-02-10;51.61;2023;2;10;4;41;1;1;0.8660254037844386;0.5000000000000001;-0.433883739117558;-0.9009688679024191;52.49;56.56;53.75;61.7;-1.6765098113926458;-0.3038936372269596;-4.07;55.621428571428574;57.57933333333333;3.1015825453648405;1;1;0
2023-02-11;55.07;2023;2;11;5;42;1;1;0.8660254037844386;0.5000000000000001;-0.9749279121818236;-0.2225209339563146;51.61;58.25;56.18;63.18;6.704127107149782;-1.6765098113926458;-6.640000000000001;54.91428571428571;57.243;3.40169495566936;1;1;0
2023-02-12;56.13;2023;2;12;6;43;1;1;0.8660254037844386;0.5000000000000001;-0.7818314824680299;0.6234898018587334;55.07;60.63;56.83;60.0;1.924822952605787;6.704127107149782;-5.560000000000002;54.46;56.97266666666667;3.0790095810175635;1;1;0
2023-02-13;51.04;2023;2;13;0;44;1;1;0.8660254037844386;0.5000000000000001;0.0;1.0;56.13;55.64;54.2;61.79;-9.068234455727776;1.924822952605787;0.490000000000002;53.81714285714286;56.84366666666667;1.765830440007;1;1;0
2023-02-14;51.72;2023;2;14;1;45;1;1;0.8660254037844386;0.5000000000000001;0.7818314824680298;0.6234898018587336;51.04;53.13;54.89;60.13;1.3322884012539227;-9.068234455727776;-2.0900000000000034;53.160000000000004;56.48533333333333;1.8291983672267682;1;1;0
2023-02-15;53.43;2023;2;15;2;46;1;1;0.8660254037844386;0.5000000000000001;0.9749279121818236;-0.22252093395631434;51.72;52.65;57.57;52.9;3.3062645011600944;1.3322884012539227;-0.9299999999999997;52.95857142857143;56.205000000000005;1.9089476033614523;1;1;0
2023-02-16;49.59;2023;2;16;3;47;1;1;0.8660254037844386;0.5000000000000001;0.43388373911755823;-0.900968867902419;53.43;52.49;54.8;55.8;-7.186973610331271;3.3062645011600944;0.9399999999999977;53.07;56.22266666666666;1.9106979527557744;1;1;0
2023-02-17;47.69;2023;2;17;4;48;1;1;0.8660254037844386;0.5000000000000001;-0.433883739117558;-0.9009688679024191;49.59;51.61;56.56;57.52;-3.831417624521083;-7.186973610331271;-2.019999999999996;52.65571428571428;56.01566666666667;2.32655580306179;1;1;0
2023-02-18;47.95;2023;2;18;5;49;1;1;0.8660254037844386;0.5000000000000001;-0.9749279121818236;-0.2225209339563146;47.69;55.07;58.25;60.0;0.54518767037115;-3.831417624521083;-7.380000000000003;52.09571428571429;55.688;2.995740627083842;1;1;0
2023-02-19;49.69;2023;2;19;6;50;1;1;0.8660254037844386;0.5000000000000001;-0.7818314824680299;0.6234898018587334;47.95;56.13;60.63;64.04;3.628779979144925;0.54518767037115;-8.18;51.07857142857142;55.28633333333333;3.0261440182262915;1;1;0
2023-02-20;49.52;2023;2;20;0;51;1;1;0.8660254037844386;0.5000000000000001;0.0;1.0;49.69;51.04;55.64;66.0;-0.34212115113704256;3.628779979144925;-1.3500000000000014;50.15857142857143;54.808;2.05878951952689;1;1;0
2023-02-21;48.5;2023;2;21;1;52;1;1;0.8660254037844386;0.5000000000000001;0.7818314824680298;0.6234898018587336;49.52;51.72;53.13;67.62;-2.059773828756062;-0.34212115113704256;-2.1999999999999957;49.941428571428574;54.25866666666666;2.0302908541340843;1;1;0
2023-02-22;48.1;2023;2;22;2;53;1;1;0.8660254037844386;0.5000000000000001;0.9749279121818236;-0.22252093395631434;48.5;53.43;52.65;62.23;-0.8247422680412342;-2.059773828756062;-4.93;49.48142857142857;53.62133333333333;1.9220512356284059;1;1;0
2023-02-23;49.54;2023;2;23;3;54;1;1;0.8660254037844386;0.5000000000000001;0.43388373911755823;-0.900968867902419;48.1;49.59;52.49;54.66;2.993762993762994;-0.8247422680412342;-1.490000000000002;48.71999999999999;53.150333333333336;0.8587199776411445;1;1;0
2023-02-24;49.29;2023;2;24;4;55;1;1;0.8660254037844386;0.5000000000000001;-0.433883739117558;-0.9009688679024191;49.54;47.69;51.61;52.15;-0.5046427129592246;2.993762993762994;1.8500000000000014;48.712857142857146;52.97966666666667;0.8504452615290135;1;1;0
2023-02-25;49.28;2023;2;25;5;56;1;1;0.8660254037844386;0.5000000000000001;-0.9749279121818236;-0.2225209339563146;49.29;47.95;55.07;50.09;-0.020288090890641097;-0.5046427129592246;1.3399999999999963;48.941428571428574;52.88433333333333;0.7371889981867243;1;1;0
2023-02-26;50.52;2023;2;26;6;57;1;1;0.8660254037844386;0.5000000000000001;-0.7818314824680299;0.6234898018587334;49.28;49.69;56.13;53.75;2.5162337662337775;-0.020288090890641097;-0.4099999999999966;49.131428571428565;52.85733333333334;0.5971719063336349;1;1;0
2023-02-27;45.41;2023;2;27;0;58;1;1;0.8660254037844386;0.5000000000000001;0.0;1.0;50.52;49.52;51.04;56.18;-10.114806017418854;2.5162337662337775;1.0;49.25000000000001;52.74966666666667;0.7807475050658099;1;1;0
2023-02-28;46.31;2023;2;28;1;59;1;1;0.8660254037844386;0.5000000000000001;0.7818314824680298;0.6234898018587336;45.41;48.5;51.72;56.83;1.9819423034574069;-10.114806017418854;-3.0900000000000034;48.66285714285714;52.39066666666667;1.6287491548804707;1;1;0
2023-03-01;48.45;2023;3;1;2;60;1;1;1.0;6.123233995736766e-17;0.9749279121818236;-0.22252093395631434;46.31;48.1;53.43;54.2;4.621032174476358;1.9819423034574069;-1.7899999999999991;48.35;52.04;1.8592650877878651;1;1;0
2023-03-02;47.63;2023;3;2;3;61;1;1;1.0;6.123233995736766e-17;0.43388373911755823;-0.900968867902419;48.45;49.54;49.59;54.89;-1.692466460268316;4.621032174476358;-1.0899999999999963;48.4;51.848333333333336;1.8561249957909982;1;1;0
2023-03-03;46.25;2023;3;3;4;62;1;1;1.0;6.123233995736766e-17;-0.433883739117558;-0.9009688679024191;47.63;49.29;47.69;57.57;-2.8973336132689487;-1.692466460268316;-1.6599999999999966;48.12714285714286;51.606333333333325;1.8001547552522736;1;1;0
2023-03-04;48.16;2023;3;4;5;63;1;1;1.0;6.123233995736766e-17;-0.9749279121818236;-0.2225209339563146;46.25;49.28;47.95;54.8;4.129729729729714;-2.8973336132689487;-3.030000000000001;47.69285714285714;51.229;1.8391367022394498;1;1;0
2023-03-05;50.45;2023;3;5;6;64;1;1;1.0;6.123233995736766e-17;-0.7818314824680299;0.6234898018587334;48.16;50.52;49.69;56.56;4.754983388704326;4.129729729729714;-2.3600000000000065;47.53285714285715;51.007666666666665;1.7231048941346903;1;1;0
2023-03-06;44.2;2023;3;6;0;65;1;1;1.0;6.123233995736766e-17;0.0;1.0;50.45;45.41;49.52;58.25;-12.388503468780975;4.754983388704326;5.040000000000006;47.52285714285714;50.804;1.7029652011097949;1;1;0
2023-03-07;43.9;2023;3;7;1;66;1;1;1.0;6.123233995736766e-17;0.7818314824680298;0.6234898018587336;44.2;46.31;48.5;60.63;-0.6787330316742168;-12.388503468780975;-2.1099999999999994;47.35000000000001;50.335666666666675;1.9903349801814367;1;1;0
2023-03-08;41.4;2023;3;8;2;67;1;1;1.0;6.123233995736766e-17;0.9749279121818236;-0.22252093395631434;43.9;48.45;48.1;55.64;-5.6947608200455635;-0.6787330316742168;-4.550000000000004;47.00571428571429;49.778;2.3720515532823505;1;1;0
2023-03-09;46.25;2023;3;9;3;68;1;1;1.0;6.123233995736766e-17;0.43388373911755823;-0.900968867902419;41.4;47.63;49.54;53.13;11.714975845410635;-5.6947608200455635;-6.230000000000004;45.99857142857143;49.303333333333335;3.0549818797687327;1;1;0
2023-03-10;52.51;2023;3;10;4;69;1;1;1.0;6.123233995736766e-17;-0.433883739117558;-0.9009688679024191;46.25;46.25;49.29;52.65;13.535135135135135;11.714975845410635;0.0;45.80142857142857;49.074;2.9756535896699017;1;1;0
2023-03-11;53.09;2023;3;11;5;70;1;1;1.0;6.123233995736766e-17;-0.9749279121818236;-0.2225209339563146;52.51;48.16;49.28;52.49;1.1045515139973539;13.535135135135135;4.350000000000001;46.69571428571429;49.06933333333334;3.9228512468308883;1;1;0
2023-03-12;49.52;2023;3;12;6;71;1;1;1.0;6.123233995736766e-17;-0.7818314824680299;0.6234898018587334;53.09;50.45;50.52;51.61;-6.72443021284611;1.1045515139973539;2.6400000000000006;47.4;49.089333333333336;4.611637453226402;1;1;0
2023-03-13;47.38;2023;3;13;0;72;1;1;1.0;6.123233995736766e-17;0.0;1.0;49.52;44.2;45.41;55.07;-4.321486268174479;-6.72443021284611;5.32;47.26714285714286;49.019666666666666;4.521643190573277;1;1;0
2023-03-14;46.48;2023;3;14;1;73;1;1;1.0;6.123233995736766e-17;0.7818314824680298;0.6234898018587336;47.38;43.9;46.31;56.13;-1.8995356690586829;-4.321486268174479;3.480000000000004;47.72142857142857;48.763333333333335;4.317257727506508;1;1;0
2023-03-15;42.24;2023;3;15;2;74;1;1;1.0;6.123233995736766e-17;0.9749279121818236;-0.22252093395631434;46.48;41.4;48.45;51.04;-9.122203098106707;-1.8995356690586829;5.079999999999998;48.089999999999996;48.44166666666667;4.037722130112502;1;1;0
2023-03-16;42.83;2023;3;16;3;75;1;1;1.0;6.123233995736766e-17;0.43388373911755823;-0.900968867902419;42.24;46.25;47.63;51.72;1.3967803030302983;-9.122203098106707;-4.009999999999998;48.21;48.14833333333333;3.8119286457120607;1;1;0
2023-03-17;42.09;2023;3;17;4;76;1;1;1.0;6.123233995736766e-17;-0.433883739117558;-0.9009688679024191;42.83;52.51;46.25;53.43;-1.7277609152463125;1.3967803030302983;-9.68;47.721428571428575;47.852;4.293729647487677;1;1;0
2023-03-18;41.34;2023;3;18;5;77;1;1;1.0;6.123233995736766e-17;-0.9749279121818236;-0.2225209339563146;42.09;53.09;48.16;49.59;-1.781895937277267;-1.7277609152463125;-11.0;46.23285714285715;47.474000000000004;4.1610964672216735;1;1;0
2023-03-19;44.27;2023;3;19;6;78;1;1;1.0;6.123233995736766e-17;-0.7818314824680299;0.6234898018587334;41.34;49.52;50.45;47.69;7.087566521528776;-1.781895937277267;-8.18;44.55428571428571;47.199;3.1907358458663877;1;1;0
2023-03-20;38.99;2023;3;20;0;79;1;1;1.0;6.123233995736766e-17;0.0;1.0;44.27;47.38;44.2;47.95;-11.926812740004522;7.087566521528776;-3.1099999999999994;43.80428571428571;47.085;2.329870219153192;1;1;0
2023-03-21;40.18;2023;3;21;1;80;1;1;1.0;6.123233995736766e-17;0.7818314824680298;0.6234898018587336;38.99;46.48;43.9;49.69;3.052064631956908;-11.926812740004522;-7.489999999999995;42.605714285714285;46.78633333333334;2.3418429860754295;1;1;0
2023-03-22;38.57;2023;3;22;2;81;1;1;1.0;6.123233995736766e-17;0.9749279121818236;-0.22252093395631434;40.18;42.24;41.4;49.52;-4.006968641114983;3.052064631956908;-2.0600000000000023;41.705714285714286;46.46933333333334;1.7373049736390553;1;1;0
2023-03-23;41.73;2023;3;23;3;82;1;1;1.0;6.123233995736766e-17;0.43388373911755823;-0.900968867902419;38.57;42.83;46.25;48.5;8.192896033186404;-4.006968641114983;-4.259999999999998;41.18142857142857;46.10433333333334;2.070929168042749;1;1;0
2023-03-24;40.0;2023;3;24;4;83;1;1;1.0;6.123233995736766e-17;-0.433883739117558;-0.9009688679024191;41.73;42.09;52.51;48.1;-4.1456985382218985;8.192896033186404;-0.36000000000000654;41.02428571428572;45.87866666666667;1.9639573751564063;1;1;0
2023-03-25;38.86;2023;3;25;5;84;1;1;1.0;6.123233995736766e-17;-0.9749279121818236;-0.2225209339563146;40.0;41.34;53.09;49.54;-2.849999999999997;-4.1456985382218985;-1.3400000000000034;40.72571428571429;45.608666666666664;1.9335705929957698;1;1;0
2023-03-26;38.71;2023;3;26;6;85;1;1;1.0;6.123233995736766e-17;-0.7818314824680299;0.6234898018587334;38.86;44.27;49.52;49.29;-0.3860010293360694;-2.849999999999997;-5.410000000000004;40.371428571428574;45.25266666666666;2.0271936971382845;1;1;0
2023-03-27;40.39;2023;3;27;0;86;1;1;1.0;6.123233995736766e-17;0.0;1.0;38.71;38.99;47.38;49.28;4.339963833634708;-0.3860010293360694;-0.28000000000000114;39.57714285714286;44.9;1.1403466473812476;1;1;0
2023-03-28;39.88;2023;3;28;1;87;1;1;1.0;6.123233995736766e-17;0.7818314824680298;0.6234898018587336;40.39;40.18;46.48;50.52;-1.2626887843525614;4.339963833634708;0.21000000000000085;39.777142857142856;44.60366666666667;1.1429743987481007;1;1;0
2023-03-29;36.69;2023;3;29;2;88;1;1;1.0;6.123233995736766e-17;0.9749279121818236;-0.22252093395631434;39.88;38.57;42.24;45.41;-7.998996990972929;-1.2626887843525614;1.3100000000000023;39.73428571428571;44.249;1.1309119792296063;1;1;0
2023-03-30;34.87;2023;3;30;3;89;1;1;1.0;6.123233995736766e-17;0.43388373911755823;-0.900968867902419;36.69;41.73;42.83;46.31;-4.960479694739717;-7.998996990972929;-5.039999999999999;39.465714285714284;43.958333333333336;1.5854006553860303;1;1;0
2023-03-31;41.5;2023;3;31;4;90;1;1;1.0;6.123233995736766e-17;-0.433883739117558;-0.9009688679024191;34.87;40.0;42.09;48.45;19.013478634929747;-4.960479694739717;-5.130000000000003;38.48571428571428;43.577;2.0146038249323706;1;1;0
2023-04-01;43.13;2023;4;1;5;91;2;1;0.8660254037844387;-0.4999999999999998;-0.9749279121818236;-0.2225209339563146;41.5;38.86;41.34;47.63;3.927710843373511;19.013478634929747;2.6400000000000006;38.699999999999996;43.34533333333333;2.266539212103662;1;1;0
2023-04-02;43.81;2023;4;2;6;92;2;1;0.8660254037844387;-0.4999999999999998;-0.7818314824680299;0.6234898018587334;43.13;38.71;44.27;46.25;1.5766287966612502;3.927710843373511;4.420000000000002;39.309999999999995;43.19533333333334;2.823053901953806;1;1;0
2023-04-03;44.14;2023;4;3;0;93;2;1;0.8660254037844387;-0.4999999999999998;0.0;1.0;43.81;40.39;38.99;48.16;0.7532526820360541;1.5766287966612502;3.4200000000000017;40.03857142857142;43.114000000000004;3.265784380367241;1;1;0
2023-04-04;41.74;2023;4;4;1;94;2;1;0.8660254037844387;-0.4999999999999998;0.7818314824680298;0.6234898018587336;44.14;39.88;40.18;50.45;-5.437245129134571;0.7532526820360541;4.259999999999998;40.574285714285715;42.980000000000004;3.621265235351416;1;1;0
2023-04-05;41.3;2023;4;5;2;95;2;1;0.8660254037844387;-0.4999999999999998;0.9749279121818236;-0.22252093395631434;41.74;36.69;38.57;44.2;-1.0541447053186492;-5.437245129134571;5.050000000000004;40.839999999999996;42.68966666666667;3.630059687296626;1;1;0
2023-04-06;39.42;2023;4;6;3;96;2;1;0.8660254037844387;-0.4999999999999998;0.43388373911755823;-0.900968867902419;41.3;34.87;41.73;43.9;-4.552058111380131;-1.0541447053186492;6.43;41.49857142857143;42.592999999999996;3.13626863523893;1;1;0
2023-04-07;41.31;2023;4;7;4;97;2;1;0.8660254037844387;-0.4999999999999998;-0.433883739117558;-0.9009688679024191;39.42;41.5;40.0;41.4;4.794520547945202;-4.552058111380131;-2.0799999999999983;42.14857142857143;42.44366666666667;1.655399534568586;1;1;0
2023-04-08;41.92;2023;4;8;5;98;2;1;0.8660254037844387;-0.4999999999999998;-0.9749279121818236;-0.2225209339563146;41.31;43.13;38.86;46.25;1.476640038731536;4.794520547945202;-1.8200000000000003;42.121428571428574;42.440666666666665;1.6693055299684456;1;1;0
2023-04-09;41.78;2023;4;9;6;99;2;1;0.8660254037844387;-0.4999999999999998;-0.7818314824680299;0.6234898018587334;41.92;43.81;38.71;52.51;-0.33396946564885344;1.476640038731536;-1.8900000000000006;41.94857142857143;42.29633333333333;1.60902070187116;1;1;0
2023-04-10;40.09;2023;4;10;0;100;2;1;0.8660254037844387;-0.4999999999999998;0.0;1.0;41.78;44.14;40.39;53.09;-4.044997606510281;-0.33396946564885344;-2.3599999999999994;41.65857142857143;41.93866666666667;1.3849479962740103;1;1;0
2023-04-11;38.94;2023;4;11;1;101;2;1;0.8660254037844387;-0.4999999999999998;0.7818314824680298;0.6234898018587336;40.09;41.74;39.88;49.52;-2.868545772012987;-4.044997606510281;-1.6499999999999986;41.08;41.50533333333333;0.9546552606408865;1;1;0
2023-04-12;37.9;2023;4;12;2;102;2;1;0.8660254037844387;-0.4999999999999998;0.9749279121818236;-0.22252093395631434;38.94;41.3;36.69;47.38;-2.670775552131477;-2.868545772012987;-2.3599999999999994;40.68;41.15266666666667;1.189691836850815;1;1;0
2023-04-13;36.82;2023;4;13;3;103;2;1;0.8660254037844387;-0.4999999999999998;0.43388373911755823;-0.900968867902419;37.9;39.42;34.87;46.48;-2.849604221635882;-2.670775552131477;-1.5200000000000031;40.19428571428572;40.836666666666666;1.5375722979527022;1;1;0
2023-04-14;37.3;2023;4;14;4;104;2;1;0.8660254037844387;-0.4999999999999998;-0.433883739117558;-0.9009688679024191;36.82;41.31;41.5;42.24;1.30363932645301;-2.849604221635882;-4.490000000000002;39.82285714285714;40.51466666666667;2.000222606659968;1;1;0
2023-04-15;36.93;2023;4;15;5;105;2;1;0.8660254037844387;-0.4999999999999998;-0.9749279121818236;-0.2225209339563146;37.3;41.92;43.13;42.83;-0.9919571045576392;1.30363932645301;-4.6200000000000045;39.25;40.35;2.0761101447988426;1;1;0
2023-04-16;37.67;2023;4;16;6;106;2;1;0.8660254037844387;-0.4999999999999998;-0.7818314824680299;0.6234898018587334;36.93;41.78;43.81;42.09;2.00379095586245;-0.9919571045576392;-4.850000000000001;38.537142857142854;40.15333333333333;1.8510241695326632;1;1;0
2023-04-17;36.02;2023;4;17;0;107;2;1;0.8660254037844387;-0.4999999999999998;0.0;1.0;37.67;40.09;44.14;41.34;-4.380143350146004;2.00379095586245;-2.4200000000000017;37.949999999999996;40.006;1.1818347318204732;1;1;0
2023-04-18;36.49;2023;4;18;1;108;2;1;0.8660254037844387;-0.4999999999999998;0.7818314824680298;0.6234898018587336;36.02;38.94;41.74;44.27;1.3048306496390882;-4.380143350146004;-2.9199999999999946;37.36857142857143;39.82866666666666;0.9272976611557956;1;1;0
2023-04-19;35.66;2023;4;19;2;109;2;1;0.8660254037844387;-0.4999999999999998;0.9749279121818236;-0.22252093395631434;36.49;37.9;41.3;38.99;-2.274595779665678;1.3048306496390882;-1.4099999999999966;37.01857142857143;39.56933333333333;0.6588229041645473;1;1;0
2023-04-20;36.4;2023;4;20;3;110;2;1;0.8660254037844387;-0.4999999999999998;0.43388373911755823;-0.900968867902419;35.66;36.82;39.42;40.18;2.0751542344363383;-2.274595779665678;-1.1600000000000037;36.69857142857143;39.458333333333336;0.7019360980307232;1;1;0
2023-04-21;34.69;2023;4;21;4;111;2;1;0.8660254037844387;-0.4999999999999998;-0.433883739117558;-0.9009688679024191;36.4;37.3;41.31;38.57;-4.697802197802203;2.0751542344363383;-0.8999999999999986;36.638571428571424;39.332333333333324;0.7077529835462508;1;1;0
2023-04-22;34.03;2023;4;22;5;112;2;1;0.8660254037844387;-0.4999999999999998;-0.9749279121818236;-0.2225209339563146;34.69;36.93;41.92;41.73;-1.902565580859028;-4.697802197802203;-2.240000000000002;36.26571428571429;39.202999999999996;0.9479602161657664;1;1;0
2023-04-23;34.54;2023;4;23;6;113;2;1;0.8660254037844387;-0.4999999999999998;-0.7818314824680299;0.6234898018587334;34.03;37.67;41.78;40.0;1.498677637378787;-1.902565580859028;-3.6400000000000006;35.85142857142857;38.94633333333333;1.207441214187637;1;1;0
2023-04-24;33.34;2023;4;24;0;114;2;1;0.8660254037844387;-0.4999999999999998;0.0;1.0;34.54;36.02;40.09;38.86;-3.47423277359582;1.498677637378787;-1.480000000000004;35.40428571428571;38.764333333333326;0.979844496897358;1;1;0
2023-04-25;34.86;2023;4;25;1;115;2;1;0.8660254037844387;-0.4999999999999998;0.7818314824680298;0.6234898018587336;33.34;36.49;38.94;38.71;4.559088182363524;-3.47423277359582;-3.1499999999999986;35.02142857142857;38.580333333333336;1.1983798586922372;1;1;0
2023-04-26;35.78;2023;4;26;2;116;2;1;0.8660254037844387;-0.4999999999999998;0.9749279121818236;-0.22252093395631434;34.86;35.66;37.9;40.39;2.639127940332764;4.559088182363524;-0.7999999999999972;34.78857142857142;38.452;1.008834782832475;1;1;0
2023-04-27;35.19;2023;4;27;3;117;2;1;0.8660254037844387;-0.4999999999999998;0.43388373911755823;-0.900968867902419;35.78;36.4;36.82;39.88;-1.6489659027389747;2.639127940332764;-0.6199999999999974;34.80571428571428;38.298333333333325;1.0269673338363434;1;1;0
2023-04-28;34.42;2023;4;28;4;118;2;1;0.8660254037844387;-0.4999999999999998;-0.433883739117558;-0.9009688679024191;35.19;34.69;37.3;36.69;-2.1881216254617697;-1.6489659027389747;0.5;34.63285714285714;38.142;0.7879025803965654;1;1;0
2023-04-29;35.66;2023;4;29;5;119;2;1;0.8660254037844387;-0.4999999999999998;-0.9749279121818236;-0.2225209339563146;34.42;34.03;36.93;34.87;3.602556653108646;-2.1881216254617697;0.39000000000000057;34.59428571428571;38.06633333333333;0.7912407375552709;1;1;0
2023-04-30;34.92;2023;4;30;6;120;2;1;0.8660254037844387;-0.4999999999999998;-0.7818314824680299;0.6234898018587334;35.66;34.54;37.67;41.5;-2.075154234436327;3.602556653108646;1.1199999999999974;34.82714285714285;38.09266666666667;0.8360764376113149;1;1;0
2023-05-01;36.47;2023;5;1;0;121;2;1;0.49999999999999994;-0.8660254037844387;0.0;1.0;34.92;33.34;36.02;43.13;4.438717067583031;-2.075154234436327;1.5799999999999983;34.88142857142857;37.873333333333335;0.8266081008470396;1;1;0
2023-05-02;34.25;2023;5;2;1;122;2;1;0.49999999999999994;-0.8660254037844387;0.7818314824680298;0.6234898018587336;36.47;34.86;36.49;43.81;-6.087194954757336;4.438717067583031;1.6099999999999994;35.32857142857143;37.65133333333333;0.6889225542244369;1;1;0
2023-05-03;33.21;2023;5;3;2;123;2;1;0.49999999999999994;-0.8660254037844387;0.9749279121818236;-0.22252093395631434;34.25;35.78;35.66;44.14;-3.036496350364959;-6.087194954757336;-1.5300000000000011;35.24142857142857;37.33266666666667;0.7893336550866733;1;1;0
2023-05-04;33.33;2023;5;4;3;124;2;1;0.49999999999999994;-0.8660254037844387;0.43388373911755823;-0.900968867902419;33.21;35.19;36.4;41.74;0.3613369467027949;-3.036496350364959;-1.9799999999999969;34.87428571428571;36.968333333333334;1.0512985168036584;1;1;0
2023-05-05;33.77;2023;5;5;4;125;2;1;0.49999999999999994;-0.8660254037844387;-0.433883739117558;-0.9009688679024191;33.33;34.42;34.69;41.3;1.320132013201336;0.3613369467027949;-1.0900000000000034;34.60857142857143;36.687999999999995;1.1847844891453387;1;1;0
2023-05-06;34.0;2023;5;6;5;126;2;1;0.49999999999999994;-0.8660254037844387;-0.9749279121818236;-0.2225209339563146;33.77;35.66;34.03;39.42;0.6810778797749384;1.320132013201336;-1.8899999999999935;34.51571428571429;36.437;1.226755302182835;1;1;0
2023-05-07;34.23;2023;5;7;6;127;2;1;0.49999999999999994;-0.8660254037844387;-0.7818314824680299;0.6234898018587334;34.0;34.92;34.54;41.31;0.6764705882352784;0.6810778797749384;-0.9200000000000017;34.278571428571425;36.25633333333333;1.124906345310355;1;1;0
2023-05-08;33.86;2023;5;8;0;128;2;1;0.49999999999999994;-0.8660254037844387;0.0;1.0;34.23;36.47;33.34;41.92;-1.0809231668127306;0.6764705882352784;-2.240000000000002;34.18;36.02033333333333;1.0889903580864473;1;1;0
2023-05-09;31.92;2023;5;9;1;129;2;1;0.49999999999999994;-0.8660254037844387;0.7818314824680298;0.6234898018587336;33.86;34.25;34.86;41.78;-5.729474305965732;-1.0809231668127306;-0.39000000000000057;33.80714285714286;35.75166666666667;0.40835908568626594;1;1;0
2023-05-10;28.94;2023;5;10;2;130;2;1;0.49999999999999994;-0.8660254037844387;0.9749279121818236;-0.22252093395631434;31.92;33.21;35.78;40.09;-9.335839598997497;-5.729474305965732;-1.2899999999999991;33.47428571428571;35.422999999999995;0.7735385606208645;1;1;0
2023-05-11;27.0;2023;5;11;3;131;2;1;0.49999999999999994;-0.8660254037844387;0.43388373911755823;-0.900968867902419;28.94;33.33;35.19;38.94;-6.703524533517625;-9.335839598997497;-4.389999999999997;32.864285714285714;35.05133333333333;1.8918849255264645;1;1;0
2023-05-12;26.19;2023;5;12;4;132;2;1;0.49999999999999994;-0.8660254037844387;-0.433883739117558;-0.9009688679024191;27.0;33.77;34.42;37.9;-2.9999999999999916;-6.703524533517625;-6.770000000000003;31.96;34.653333333333336;2.884562358488028;1;1;0
2023-05-13;29.4;2023;5;13;5;133;2;1;0.49999999999999994;-0.8660254037844387;-0.9749279121818236;-0.2225209339563146;26.19;34.0;35.66;36.82;12.256586483390585;-2.9999999999999916;-7.809999999999999;30.877142857142854;34.263;3.457671250451213;1;1;0
2023-05-14;28.19;2023;5;14;6;134;2;1;0.49999999999999994;-0.8660254037844387;-0.7818314824680299;0.6234898018587334;29.4;34.23;34.92;37.3;-4.115646258503391;12.256586483390585;-4.829999999999998;30.22;34.01566666666667;3.1921727188034907;1;1;0
2023-05-15;25.2;2023;5;15;0;135;2;1;0.49999999999999994;-0.8660254037844387;0.0;1.0;28.19;33.86;36.47;36.93;-10.60659808442711;-4.115646258503391;-5.669999999999998;29.357142857142858;33.711999999999996;2.7070569153351838;1;1;0
2023-05-16;26.6;2023;5;16;1;136;2;1;0.49999999999999994;-0.8660254037844387;0.7818314824680298;0.6234898018587336;25.2;31.92;34.25;37.67;5.555555555555558;-10.60659808442711;-6.720000000000002;28.12;33.321;2.2457886513815115;1;1;0
2023-05-17;26.6;2023;5;17;2;137;2;1;0.49999999999999994;-0.8660254037844387;0.9749279121818236;-0.22252093395631434;26.6;28.94;33.21;36.02;0.0;5.555555555555558;-2.34;27.359999999999996;32.952000000000005;1.532351134697129;1;1;0
2023-05-18;25.67;2023;5;18;3;138;2;1;0.49999999999999994;-0.8660254037844387;0.43388373911755823;-0.900968867902419;26.6;27.0;33.33;36.49;-3.496240601503753;0.0;-0.3999999999999986;27.025714285714287;32.638;1.3776532841888287;1;1;0
2023-05-19;26.8;2023;5;19;4;139;2;1;0.49999999999999994;-0.8660254037844387;-0.433883739117558;-0.9009688679024191;25.67;26.19;33.77;35.66;4.402025710946633;-3.496240601503753;-0.5199999999999996;26.835714285714285;32.27733333333334;1.4703838177279873;1;1;0
2023-05-20;27.93;2023;5;20;5;140;2;1;0.49999999999999994;-0.8660254037844387;-0.9749279121818236;-0.2225209339563146;26.8;29.4;34.0;36.4;4.216417910447756;4.402025710946633;-2.599999999999998;26.922857142857143;31.981999999999996;1.4435686600221709;1;1;0
2023-05-21;28.94;2023;5;21;6;141;2;1;0.49999999999999994;-0.8660254037844387;-0.7818314824680299;0.6234898018587334;27.93;28.19;34.23;34.69;3.6161833154314316;4.216417910447756;-0.26000000000000156;26.712857142857143;31.699666666666666;1.0857211779265792;1;1;0
2023-05-22;27.58;2023;5;22;0;142;2;1;0.49999999999999994;-0.8660254037844387;0.0;1.0;28.94;25.2;33.86;34.03;-4.699378023496903;3.6161833154314316;3.740000000000002;26.82;31.508;1.276100831964739;1;1;0
2023-05-23;27.75;2023;5;23;1;143;2;1;0.49999999999999994;-0.8660254037844387;0.7818314824680298;0.6234898018587336;27.58;26.6;31.92;34.54;0.6163886874546831;-4.699378023496903;0.9799999999999969;27.16;31.293;1.0735144774715335;1;1;0
2023-05-24;25.8;2023;5;24;2;144;2;1;0.49999999999999994;-0.8660254037844387;0.9749279121818236;-0.22252093395631434;27.75;26.6;28.94;33.34;-7.027027027027022;0.6163886874546831;1.1499999999999986;27.32428571428571;31.066666666666666;1.0614590138591444;1;1;0
2023-05-25;23.78;2023;5;25;3;145;2;1;0.49999999999999994;-0.8660254037844387;0.43388373911755823;-0.900968867902419;25.8;25.67;27.0;34.86;-7.829457364341086;-7.027027027027022;0.129999999999999;27.21;30.81533333333333;1.187967451858129;1;1;0
2023-05-26;25.04;2023;5;26;4;146;2;1;0.49999999999999994;-0.8660254037844387;-0.433883739117558;-0.9009688679024191;23.78;26.8;26.19;35.78;5.298570227081578;-7.829457364341086;-3.0199999999999996;26.94;30.446;1.7005195284601675;1;1;0
2023-05-27;27.74;2023;5;27;5;147;2;1;0.49999999999999994;-0.8660254037844387;-0.9749279121818236;-0.2225209339563146;25.04;27.93;29.4;35.19;10.782747603833865;5.298570227081578;-2.8900000000000006;26.68857142857143;30.088;1.848354480537242;1;1;0
2023-05-28;28.68;2023;5;28;6;148;2;1;0.49999999999999994;-0.8660254037844387;-0.7818314824680299;0.6234898018587334;27.74;28.94;28.19;34.42;3.388608507570301;10.782747603833865;-1.2000000000000028;26.66142857142857;29.83966666666667;1.8283729430987106;1;1;0
2023-05-29;27.28;2023;5;29;0;149;2;1;0.49999999999999994;-0.8660254037844387;0.0;1.0;28.68;27.58;25.2;35.66;-4.881450488145045;3.388608507570301;1.1000000000000014;26.624285714285715;29.64833333333333;1.7762681586507159;1;1;0
2023-05-30;25.07;2023;5;30;1;150;2;1;0.49999999999999994;-0.8660254037844387;0.7818314824680298;0.6234898018587336;27.28;27.75;26.6;34.92;-8.101173020527863;-4.881450488145045;-0.46999999999999886;26.58142857142857;29.369000000000003;1.7528303642172949;1;1;0
2023-05-31;26.1;2023;5;31;2;151;2;1;0.49999999999999994;-0.8660254037844387;0.9749279121818236;-0.22252093395631434;25.07;25.8;26.6;36.47;4.108496210610291;-8.101173020527863;-0.7300000000000004;26.19857142857143;29.040666666666667;1.7477264142466917;1;1;0
2023-06-01;24.28;2023;6;1;3;152;2;1;1.2246467991473532e-16;-1.0;0.43388373911755823;-0.900968867902419;26.1;23.78;25.67;34.25;-6.973180076628349;4.108496210610291;2.3200000000000003;26.24142857142857;28.695;1.7399849479393732;1;1;0
2023-06-02;23.96;2023;6;2;4;153;2;1;1.2246467991473532e-16;-1.0;-0.433883739117558;-0.9009688679024191;24.28;25.04;26.8;33.21;-1.317957166392092;-6.973180076628349;-0.759999999999998;26.312857142857144;28.362666666666666;1.6288105505342692;1;1;0
2023-06-03;23.84;2023;6;3;5;154;2;1;1.2246467991473532e-16;-1.0;-0.9749279121818236;-0.2225209339563146;23.96;27.74;27.93;33.33;-0.5008347245409106;-1.317957166392092;-3.7799999999999976;26.15857142857143;28.054333333333332;1.8104919089542884;1;1;0
2023-06-04;24.61;2023;6;4;6;155;2;1;1.2246467991473532e-16;-1.0;-0.7818314824680299;0.6234898018587334;23.84;28.68;28.94;33.77;3.2298657718120793;-0.5008347245409106;-4.84;25.601428571428574;27.738000000000003;1.8425202719072409;1;1;0
2023-06-05;27.84;2023;6;5;0;156;2;1;1.2246467991473532e-16;-1.0;0.0;1.0;24.61;27.28;27.58;34.0;13.124746038195866;3.2298657718120793;-2.6700000000000017;25.020000000000003;27.432666666666666;1.2588486803458059;1;1;0
2023-06-06;24.68;2023;6;6;1;157;2;1;1.2246467991473532e-16;-1.0;0.7818314824680298;0.6234898018587336;27.84;25.07;27.75;34.23;-11.35057471264368;13.124746038195866;2.7699999999999996;25.1;27.22733333333333;1.4322592875157125;1;1;0
2023-06-07;26.1;2023;6;7;2;158;2;1;1.2246467991473532e-16;-1.0;0.9749279121818236;-0.22252093395631434;24.68;26.1;25.8;33.86;5.753646677471647;-11.35057471264368;-1.4200000000000017;25.044285714285714;26.909000000000002;1.4411784199409894;1;1;0
2023-06-08;26.36;2023;6;8;3;159;2;1;1.2246467991473532e-16;-1.0;0.43388373911755823;-0.900968867902419;26.1;24.28;23.78;31.92;0.9961685823754785;5.753646677471647;1.8200000000000003;25.044285714285714;26.650333333333332;1.4411784199409894;1;1;0
2023-06-09;26.93;2023;6;9;4;160;2;1;1.2246467991473532e-16;-1.0;-0.433883739117558;-0.9009688679024191;26.36;23.96;25.04;28.94;2.1623672230652424;0.9961685823754785;2.3999999999999986;25.34142857142857;26.464999999999996;1.4714440590983697;1;1;0
2023-06-10;24.94;2023;6;10;5;161;2;1;1.2246467991473532e-16;-1.0;-0.9749279121818236;-0.2225209339563146;26.93;23.84;27.74;27.0;-7.389528406981061;2.1623672230652424;3.09;25.765714285714285;26.398000000000003;1.4344552641229453;1;1;0
2023-06-11;28.83;2023;6;11;6;162;2;1;1.2246467991473532e-16;-1.0;-0.7818314824680299;0.6234898018587334;24.94;24.61;28.68;26.19;15.597433841218923;-7.389528406981061;0.33000000000000185;25.92285714285714;26.329333333333334;1.234675588781069;1;1;0
2023-06-12;29.03;2023;6;12;0;163;2;1;1.2246467991473532e-16;-1.0;0.0;1.0;28.83;27.84;27.28;29.4;0.6937218175511628;15.597433841218923;0.9899999999999984;26.525714285714287;26.417333333333332;1.4905464002963593;1;1;0
2023-06-13;34.99;2023;6;13;1;164;2;1;1.2246467991473532e-16;-1.0;0.7818314824680298;0.6234898018587336;29.03;24.68;25.07;28.19;20.53048570444369;0.6937218175511628;4.350000000000001;26.695714285714285;26.404999999999998;1.7162056708826332;1;1;0
2023-06-14;39.5;2023;6;14;2;165;2;1;1.2246467991473532e-16;-1.0;0.9749279121818236;-0.22252093395631434;34.99;26.1;26.1;25.2;12.889396970563016;20.53048570444369;8.89;28.16857142857143;26.631666666666668;3.3471153180594553;1;1;0
2023-06-15;39.88;2023;6;15;3;166;2;1;1.2246467991473532e-16;-1.0;0.43388373911755823;-0.900968867902419;39.5;26.36;24.28;26.6;0.9620253164557058;12.889396970563016;13.14;30.08285714285714;27.108333333333334;5.254996715146178;1;1;0
2023-06-16;34.86;2023;6;16;4;167;2;1;1.2246467991473532e-16;-1.0;-0.433883739117558;-0.9009688679024191;39.88;26.93;23.96;26.6;-12.587763289869613;0.9620253164557058;12.950000000000003;32.01428571428571;27.551;6.078669967306546;1;1;0
2023-06-17;34.27;2023;6;17;5;168;2;1;1.2246467991473532e-16;-1.0;-0.9749279121818236;-0.2225209339563146;34.86;24.94;23.84;25.67;-1.6924842226046954;-12.587763289869613;9.919999999999998;33.14714285714286;27.82633333333333;5.700379268919693;1;1;0
2023-06-18;34.15;2023;6;18;6;169;2;1;1.2246467991473532e-16;-1.0;-0.7818314824680299;0.6234898018587334;34.27;28.83;24.61;26.8;-0.35016049022470463;-1.6924842226046954;5.440000000000005;34.480000000000004;28.113;4.405186337338276;1;1;0
2023-06-19;35.31;2023;6;19;0;170;2;1;1.2246467991473532e-16;-1.0;0.0;1.0;34.15;29.03;27.84;27.93;3.3967789165446627;-0.35016049022470463;5.119999999999997;35.24;28.358;3.6646327692332576;1;1;0
2023-06-20;38.93;2023;6;20;1;171;2;1;1.2246467991473532e-16;-1.0;0.7818314824680298;0.6234898018587336;35.31;34.99;24.68;28.94;10.252053242707436;3.3967789165446627;0.3200000000000003;36.137142857142855;28.604;2.4625171017061094;1;1;0
2023-06-21;38.67;2023;6;21;2;172;2;1;1.2246467991473532e-16;-1.0;0.9749279121818236;-0.22252093395631434;38.93;39.5;26.1;27.58;-0.6678653994348749;10.252053242707436;-0.5700000000000003;36.7;28.937;2.6028958232459205;1;1;0
2023-06-22;34.34;2023;6;22;3;173;2;1;1.2246467991473532e-16;-1.0;0.43388373911755823;-0.900968867902419;38.67;39.88;26.36;27.75;-11.197310576674424;-0.6678653994348749;-1.2100000000000009;36.58142857142858;29.30666666666667;2.4695777545399777;1;1;0
2023-06-23;30.73;2023;6;23;4;174;2;1;1.2246467991473532e-16;-1.0;-0.433883739117558;-0.9009688679024191;34.34;34.86;26.93;25.8;-10.512521840419343;-11.197310576674424;-0.519999999999996;35.79;29.526333333333334;2.0957019508201458;1;1;0
2023-06-24;32.23;2023;6;24;5;175;2;1;1.2246467991473532e-16;-1.0;-0.9749279121818236;-0.2225209339563146;30.73;34.27;24.94;23.78;4.881223560039039;-10.512521840419343;-3.5400000000000027;35.2;29.69066666666667;2.847624741195996;1;1;0
2023-06-25;32.15;2023;6;25;6;176;2;1;1.2246467991473532e-16;-1.0;-0.7818314824680299;0.6234898018587334;32.23;34.15;28.83;25.04;-0.24821594787464152;4.881223560039039;-1.9200000000000017;34.90857142857143;29.97233333333333;3.0554673868961437;1;1;0
2023-06-26;30.96;2023;6;26;0;177;2;1;1.2246467991473532e-16;-1.0;0.0;1.0;32.15;35.31;29.03;27.74;-3.701399688958007;-0.24821594787464152;-3.1600000000000037;34.62285714285714;30.209333333333333;3.226921723489571;1;1;0
2023-06-27;33.78;2023;6;27;1;178;2;1;1.2246467991473532e-16;-1.0;0.7818314824680298;0.6234898018587336;30.96;38.93;34.99;28.68;9.108527131782939;-3.701399688958007;-7.969999999999999;34.00142857142857;30.316666666666666;3.4813619392970687;1;1;0
2023-06-28;33.25;2023;6;28;2;179;2;1;1.2246467991473532e-16;-1.0;0.9749279121818236;-0.22252093395631434;33.78;38.67;39.5;27.28;-1.5689757252812297;9.108527131782939;-4.890000000000001;33.26571428571428;30.486666666666668;2.729119865103175;1;1;0
2023-06-29;32.52;2023;6;29;3;180;2;1;1.2246467991473532e-16;-1.0;0.43388373911755823;-0.900968867902419;33.25;34.34;39.88;25.07;-2.195488721804506;-1.5689757252812297;-1.0900000000000034;32.49142857142857;30.685666666666666;1.3714885899586375;1;1;0
2023-06-30;35.5;2023;6;30;4;181;2;1;1.2246467991473532e-16;-1.0;-0.433883739117558;-0.9009688679024191;32.52;30.73;34.86;26.1;9.163591635916358;-2.195488721804506;1.7900000000000027;32.23142857142857;30.934;1.1102766707988354;1;1;0
2023-07-01;37.17;2023;7;1;5;182;3;2;-0.4999999999999997;-0.8660254037844388;-0.9749279121818236;-0.2225209339563146;35.5;32.23;34.27;24.28;4.704225352112679;9.163591635916358;3.270000000000003;32.91285714285714;31.247333333333334;1.447707547422057;1;1;0
2023-07-02;37.96;2023;7;2;6;183;3;2;-0.4999999999999997;-0.8660254037844388;-0.7818314824680299;0.6234898018587334;37.17;32.15;34.15;23.96;2.1253699219800914;4.704225352112679;5.020000000000003;33.61857142857143;31.677000000000003;2.111314192405536;1;1;0
2023-07-03;34.51;2023;7;3;0;184;3;2;-0.4999999999999997;-0.8660254037844388;0.0;1.0;37.96;30.96;35.31;23.84;-9.088514225500532;2.1253699219800914;7.0;34.448571428571434;32.14366666666667;2.53689067279602;1;1;0
2023-07-04;34.48;2023;7;4;1;185;3;2;-0.4999999999999997;-0.8660254037844388;0.7818314824680298;0.6234898018587336;34.51;33.78;38.93;24.61;-0.0869313242538472;-9.088514225500532;0.7299999999999969;34.955714285714286;32.49933333333333;2.026827217952621;1;1;0
2023-07-05;34.61;2023;7;5;2;186;3;2;-0.4999999999999997;-0.8660254037844388;0.9749279121818236;-0.22252093395631434;34.48;33.25;38.67;27.84;0.3770301624129946;-0.0869313242538472;1.2299999999999969;35.05571428571428;32.82833333333333;1.9757771225773915;1;1;0
2023-07-06;31.65;2023;7;6;3;187;3;2;-0.4999999999999997;-0.8660254037844388;0.43388373911755823;-0.900968867902419;34.61;32.52;34.34;24.68;-8.552441490898588;0.3770301624129946;2.0899999999999963;35.25;33.054;1.8301183932571756;1;1;0
2023-07-07;32.06;2023;7;7;4;188;3;2;-0.4999999999999997;-0.8660254037844388;-0.433883739117558;-0.9009688679024191;31.65;35.5;30.73;26.1;1.2954186413902224;-8.552441490898588;-3.8500000000000014;35.12571428571429;33.28633333333333;2.061349534835576;1;1;0
2023-07-08;32.77;2023;7;8;5;189;3;2;-0.4999999999999997;-0.8660254037844388;-0.9749279121818236;-0.2225209339563146;32.06;37.17;32.23;26.36;2.2145976294448033;1.2954186413902224;-5.109999999999999;34.63428571428572;33.485;2.3474444057528485;1;1;0
2023-07-09;34.27;2023;7;9;6;190;3;2;-0.4999999999999997;-0.8660254037844388;-0.7818314824680299;0.6234898018587334;32.77;37.96;32.15;26.93;4.577357339029597;2.2145976294448033;-5.189999999999998;34.00571428571429;33.69866666666667;2.134751017043257;1;1;0
2023-07-10;31.52;2023;7;10;0;191;3;2;-0.4999999999999997;-0.8660254037844388;0.0;1.0;34.27;34.51;30.96;24.94;-8.024511234315735;4.577357339029597;-0.23999999999999488;33.47857142857143;33.943333333333335;1.2800576623938136;1;1;0
2023-07-11;29.98;2023;7;11;1;192;3;2;-0.4999999999999997;-0.8660254037844388;0.7818314824680298;0.6234898018587336;31.52;34.48;33.78;28.83;-4.885786802030456;-8.024511234315735;-2.9599999999999973;33.05142857142857;34.162666666666674;1.37394115074843;1;1;0
2023-07-12;28.9;2023;7;12;2;193;3;2;-0.4999999999999997;-0.8660254037844388;0.9749279121818236;-0.22252093395631434;29.98;34.61;33.25;29.03;-3.6024016010673843;-4.885786802030456;-4.629999999999999;32.40857142857143;34.201;1.6241041486678527;1;1;0
2023-07-13;28.44;2023;7;13;3;194;3;2;-0.4999999999999997;-0.8660254037844388;0.43388373911755823;-0.900968867902419;28.9;31.65;32.52;34.99;-1.5916955017300949;-3.6024016010673843;-2.75;31.592857142857145;34.19666666666667;1.762211813658218;1;1;0
2023-07-14;24.68;2023;7;14;4;195;3;2;-0.4999999999999997;-0.8660254037844388;-0.433883739117558;-0.9009688679024191;28.44;32.06;35.5;39.5;-13.220815752461323;-1.5916955017300949;-3.620000000000001;31.134285714285713;33.97833333333333;2.1251498546615863;1;1;0
2023-07-15;25.46;2023;7;15;5;196;3;2;-0.4999999999999997;-0.8660254037844388;-0.9749279121818236;-0.2225209339563146;24.68;32.77;37.17;39.88;3.1604538087520284;-13.220815752461323;-8.090000000000003;30.080000000000002;33.48433333333333;3.165380440537903;1;1;0
2023-07-16;40.0;2023;7;16;6;197;3;2;-0.4999999999999997;-0.8660254037844388;-0.7818314824680299;0.6234898018587334;25.46;34.27;37.96;34.86;57.10919088766693;3.1604538087520284;-8.810000000000002;29.03571428571429;33.00366666666667;3.331475434613842;1;1;0
2023-07-17;26.15;2023;7;17;0;198;3;2;-0.4999999999999997;-0.8660254037844388;0.0;1.0;40.0;31.52;34.51;34.27;-34.62500000000001;57.10919088766693;8.48;29.854285714285716;33.175;5.07805362037811;1;1;0
2023-07-18;29.85;2023;7;18;1;199;3;2;-0.4999999999999997;-0.8660254037844388;0.7818314824680298;0.6234898018587336;26.15;29.98;34.48;34.15;14.149139579349912;-34.62500000000001;-3.830000000000002;29.087142857142855;32.904333333333334;5.188887852214966;1;1;0
2023-07-19;30.01;2023;7;19;2;200;3;2;-0.4999999999999997;-0.8660254037844388;0.9749279121818236;-0.22252093395631434;29.85;28.9;34.61;35.31;0.5360134003350003;14.149139579349912;0.9500000000000028;29.06857142857143;32.761;5.185391108912409;1;1;0
2023-07-20;29.0;2023;7;20;3;201;3;2;-0.4999999999999997;-0.8660254037844388;0.43388373911755823;-0.900968867902419;30.01;28.44;31.65;38.93;-3.365544818393873;0.5360134003350003;1.5700000000000003;29.22714285714286;32.58433333333333;5.196337538067621;1;1;0
2023-07-21;28.62;2023;7;21;4;202;3;2;-0.4999999999999997;-0.8660254037844388;-0.433883739117558;-0.9009688679024191;29.0;24.68;32.06;38.67;-1.3103448275862073;-3.365544818393873;4.32;29.307142857142857;32.25333333333334;5.1865007930393014;1;1;0
2023-07-22;28.5;2023;7;22;5;203;3;2;-0.4999999999999997;-0.8660254037844388;-0.9749279121818236;-0.2225209339563146;28.62;25.46;32.77;34.34;-0.41928721174004924;-1.3103448275862073;3.16;29.87;31.918333333333333;4.800048610865657;1;1;0
2023-07-23;28.15;2023;7;23;6;204;3;2;-0.4999999999999997;-0.8660254037844388;-0.7818314824680299;0.6234898018587334;28.5;40.0;34.27;30.73;-1.2280701754386003;-0.41928721174004924;-11.5;30.304285714285715;31.723666666666666;4.460033098319087;1;1;0
2023-07-24;29.75;2023;7;24;0;205;3;2;-0.4999999999999997;-0.8660254037844388;0.0;1.0;28.15;26.15;31.52;32.23;5.683836589698044;-1.2280701754386003;2.0;28.61142857142857;31.637666666666668;1.2861496617377002;1;1;0
2023-07-25;32.14;2023;7;25;1;206;3;2;-0.4999999999999997;-0.8660254037844388;0.7818314824680298;0.6234898018587336;29.75;29.85;29.98;32.15;8.033613445378162;5.683836589698044;-0.10000000000000142;29.125714285714285;31.555;0.7428965191075579;1;1;0
2023-07-26;28.59;2023;7;26;2;207;3;2;-0.4999999999999997;-0.8660254037844388;0.9749279121818236;-0.22252093395631434;32.14;30.01;28.9;30.96;-11.045426260112013;8.033613445378162;2.129999999999999;29.45285714285714;31.55466666666667;1.3615887079182891;1;1;0
2023-07-27;27.65;2023;7;27;3;208;3;2;-0.4999999999999997;-0.8660254037844388;0.43388373911755823;-0.900968867902419;28.59;29.0;28.44;33.78;-3.287862889122073;-11.045426260112013;-0.41000000000000014;29.25;31.475666666666665;1.3704986926931073;1;1;0
2023-07-28;25.9;2023;7;28;4;209;3;2;-0.4999999999999997;-0.8660254037844388;-0.433883739117558;-0.9009688679024191;27.65;28.62;24.68;33.25;-6.329113924050633;-3.287862889122073;-0.9700000000000024;29.057142857142857;31.271333333333335;1.500374556412738;1;1;0
2023-07-29;24.03;2023;7;29;5;210;3;2;-0.4999999999999997;-0.8660254037844388;-0.9749279121818236;-0.2225209339563146;25.9;28.5;25.46;32.52;-7.220077220077215;-6.329113924050633;-2.6000000000000014;28.668571428571425;31.026333333333337;1.9246768436254404;1;1;0
2023-07-30;24.8;2023;7;30;6;211;3;2;-0.4999999999999997;-0.8660254037844388;-0.7818314824680299;0.6234898018587334;24.03;28.15;40.0;35.5;3.20432792342904;-7.220077220077215;-4.119999999999997;28.029999999999998;30.743333333333336;2.6095912834530055;1;1;0
2023-07-31;26.74;2023;7;31;0;212;3;2;-0.4999999999999997;-0.8660254037844388;0.0;1.0;24.8;29.75;26.15;37.17;7.822580645161281;3.20432792342904;-4.949999999999999;27.551428571428573;30.386666666666667;2.877356591107251;1;1;0
2023-08-01;26.42;2023;8;1;1;213;3;2;-0.8660254037844385;-0.5000000000000004;0.7818314824680298;0.6234898018587336;26.74;32.14;29.85;37.96;-1.1967090501121769;7.822580645161281;-5.400000000000002;27.121428571428574;30.038999999999998;2.7143288217142145;1;1;0
2023-08-02;27.24;2023;8;2;2;214;3;2;-0.8660254037844385;-0.5000000000000004;0.9749279121818236;-0.22252093395631434;26.42;28.59;30.01;34.51;3.1037093111279113;-1.1967090501121769;-2.169999999999998;26.304285714285715;29.654333333333337;1.5725441927345074;1;1;0
2023-08-03;29.67;2023;8;3;3;215;3;2;-0.8660254037844385;-0.5000000000000004;0.43388373911755823;-0.900968867902419;27.24;27.65;29.0;34.48;8.920704845814997;3.1037093111279113;-0.41000000000000014;26.111428571428572;29.411999999999995;1.3056343103598336;1;1;0
2023-08-04;28.26;2023;8;4;4;216;3;2;-0.8660254037844385;-0.5000000000000004;-0.433883739117558;-0.9009688679024191;29.67;25.9;28.62;34.61;-4.752275025278063;8.920704845814997;3.770000000000003;26.4;29.25166666666667;1.8230651844282537;1;1;0
2023-08-05;29.15;2023;8;5;5;217;3;2;-0.8660254037844385;-0.5000000000000004;-0.9749279121818236;-0.2225209339563146;28.26;24.03;28.5;31.65;3.149327671620661;-4.752275025278063;4.23;26.73714285714286;29.040000000000003;1.930256582995671;1;1;0
2023-08-06;28.07;2023;8;6;6;218;3;2;-0.8660254037844385;-0.5000000000000004;-0.7818314824680299;0.6234898018587334;29.15;24.8;28.15;32.06;-3.704974271011996;3.149327671620661;4.349999999999998;27.46857142857143;28.956666666666667;1.6883762275398504;1;1;0
2023-08-07;29.46;2023;8;7;0;219;3;2;-0.8660254037844385;-0.5000000000000004;0.0;1.0;28.07;26.74;29.75;32.77;4.951905949412194;-3.704974271011996;1.3300000000000018;27.935714285714287;28.823666666666668;1.2121998892244752;1;1;0
2023-08-08;29.94;2023;8;8;1;220;3;2;-0.8660254037844385;-0.5000000000000004;0.7818314824680298;0.6234898018587336;29.46;26.42;32.14;34.27;1.6293279022403295;4.951905949412194;3.039999999999999;28.32428571428571;28.71333333333333;1.2009282124405705;1;1;0
2023-08-09;38.54;2023;8;9;2;221;3;2;-0.8660254037844385;-0.5000000000000004;0.9749279121818236;-0.22252093395631434;29.94;27.24;28.59;31.52;28.724114896459586;1.6293279022403295;2.700000000000003;28.82714285714286;28.569000000000003;0.9889003031300885;1;1;0
2023-08-10;36.54;2023;8;10;3;222;3;2;-0.8660254037844385;-0.5000000000000004;0.43388373911755823;-0.900968867902419;38.54;29.67;27.65;29.98;-5.189413596263625;28.724114896459586;8.869999999999997;30.44142857142857;28.803;3.6388341932163843;1;1;0
2023-08-11;33.37;2023;8;11;4;223;3;2;-0.8660254037844385;-0.5000000000000004;-0.433883739117558;-0.9009688679024191;36.54;28.26;25.9;28.9;-8.67542419266558;-5.189413596263625;8.279999999999998;31.422857142857143;29.02166666666667;4.268132746630929;1;1;0
2023-08-12;32.25;2023;8;12;5;224;3;2;-0.8660254037844385;-0.5000000000000004;-0.9749279121818236;-0.2225209339563146;33.37;29.15;24.03;28.44;-3.356308061132751;-8.67542419266558;4.219999999999999;32.152857142857144;29.170666666666662;4.069380437224203;1;1;0
2023-08-13;33.38;2023;8;13;6;225;3;2;-0.8660254037844385;-0.5000000000000004;-0.7818314824680299;0.6234898018587334;32.25;28.07;24.8;24.68;3.503875968992265;-3.356308061132751;4.18;32.59571428571429;29.297666666666665;3.850942989031085;1;1;0
2023-08-14;31.87;2023;8;14;0;226;3;2;-0.8660254037844385;-0.5000000000000004;0.0;1.0;33.38;29.46;26.74;25.46;-4.523666866387066;3.503875968992265;3.9200000000000017;33.354285714285716;29.58766666666667;3.2935181652402385;1;1;0
2023-08-15;35.81;2023;8;15;1;227;3;2;-0.8660254037844385;-0.5000000000000004;0.7818314824680298;0.6234898018587336;31.87;29.94;26.42;40.0;12.362723564480715;-4.523666866387066;1.9299999999999997;33.698571428571434;29.801333333333332;2.923795641351558;1;1;0
2023-08-16;36.87;2023;8;16;2;228;3;2;-0.8660254037844385;-0.5000000000000004;0.9749279121818236;-0.22252093395631434;35.81;38.54;27.24;26.15;2.9600670203853596;12.362723564480715;-2.729999999999997;34.537142857142854;29.66166666666667;2.4732011259759994;1;1;0
2023-08-17;35.55;2023;8;17;3;229;3;2;-0.8660254037844385;-0.5000000000000004;0.43388373911755823;-0.900968867902419;36.87;36.54;29.67;29.85;-3.580146460537026;2.9600670203853596;0.3299999999999983;34.29857142857143;30.019000000000002;2.070478435624524;1;1;0
2023-08-18;35.08;2023;8;18;4;230;3;2;-0.8660254037844385;-0.5000000000000004;-0.433883739117558;-0.9009688679024191;35.55;33.37;28.26;30.01;-1.3220815752461257;-3.580146460537026;2.1799999999999997;34.15714285714286;30.209;1.9202145217472655;1;1;0
2023-08-19;37.45;2023;8;19;5;231;3;2;-0.8660254037844385;-0.5000000000000004;-0.9749279121818236;-0.2225209339563146;35.08;32.25;29.15;29.0;6.755986316989748;-1.3220815752461257;2.8299999999999983;34.401428571428575;30.378;1.9121404112632892;1;1;0
2023-08-20;40.95;2023;8;20;6;232;3;2;-0.8660254037844385;-0.5000000000000004;-0.7818314824680299;0.6234898018587334;37.45;33.38;28.07;28.62;9.345794392523366;6.755986316989748;4.07;35.144285714285715;30.65966666666667;1.946791010380978;1;1;0
2023-08-21;40.0;2023;8;21;0;233;3;2;-0.8660254037844385;-0.5000000000000004;0.0;1.0;40.95;31.87;29.46;28.5;-2.3199023199023228;9.345794392523366;9.080000000000002;36.22571428571429;31.070666666666668;2.74308741592994;1;1;0
2023-08-22;43.93;2023;8;22;1;234;3;2;-0.8660254037844385;-0.5000000000000004;0.7818314824680298;0.6234898018587336;40.0;35.81;29.94;28.15;9.824999999999996;-2.3199023199023228;4.189999999999998;37.387142857142855;31.454;2.272214149868233;1;1;0
2023-08-23;36.8;2023;8;23;2;235;3;2;-0.8660254037844385;-0.5000000000000004;0.9749279121818236;-0.22252093395631434;43.93;36.87;38.54;29.75;-16.230366492146597;9.824999999999996;7.060000000000002;38.54714285714285;31.980000000000004;3.2114415988557337;1;1;0
2023-08-24;31.51;2023;8;24;3;236;3;2;-0.8660254037844385;-0.5000000000000004;0.43388373911755823;-0.900968867902419;36.8;35.55;36.54;32.14;-14.374999999999993;-16.230366492146597;1.25;38.537142857142854;32.215;3.2176374059540036;1;1;0
2023-08-25;35.0;2023;8;25;4;237;3;2;-0.8660254037844385;-0.5000000000000004;-0.433883739117558;-0.9009688679024191;31.51;35.08;33.37;28.59;11.075848936845434;-14.374999999999993;-3.5699999999999967;37.96;32.193999999999996;4.087484964294967;1;1;0
2023-08-26;34.66;2023;8;26;5;238;3;2;-0.8660254037844385;-0.5000000000000004;-0.9749279121818236;-0.2225209339563146;35.0;37.45;32.25;27.65;-0.9714285714285786;11.075848936845434;-2.450000000000003;37.94857142857143;32.407666666666664;4.096980304938227;1;1;0
2023-08-27;34.75;2023;8;27;6;239;3;2;-0.8660254037844385;-0.5000000000000004;-0.7818314824680299;0.6234898018587334;34.66;40.95;33.38;25.9;0.259665320253899;-0.9714285714285786;-6.290000000000006;37.550000000000004;32.641333333333336;4.284965966415319;1;1;0
2023-08-28;37.94;2023;8;28;0;240;3;2;-0.8660254037844385;-0.5000000000000004;0.0;1.0;34.75;40.0;31.87;24.03;9.1798561151079;0.259665320253899;-5.25;36.66428571428571;32.93633333333333;4.101913606854701;1;1;0
2023-08-29;35.63;2023;8;29;1;241;3;2;-0.8660254037844385;-0.5000000000000004;0.7818314824680298;0.6234898018587336;37.94;43.93;35.81;24.8;-6.088560885608841;9.1798561151079;-5.990000000000002;36.37;33.4;3.891195189142353;1;1;0
2023-08-30;36.69;2023;8;30;2;242;3;2;-0.8660254037844385;-0.5000000000000004;0.9749279121818236;-0.22252093395631434;35.63;36.8;36.87;26.74;2.975021049677218;-6.088560885608841;-1.1699999999999946;35.184285714285714;33.761;2.0166379376163523;1;1;0
2023-08-31;34.48;2023;8;31;3;243;3;2;-0.8660254037844385;-0.5000000000000004;0.43388373911755823;-0.900968867902419;36.69;31.51;35.55;26.42;-6.023439629326798;2.975021049677218;5.179999999999996;35.16857142857143;34.092666666666666;2.0023272174445554;1;1;0
2023-09-01;34.51;2023;9;1;4;244;3;2;-1.0;-1.8369701987210297e-16;-0.433883739117558;-0.9009688679024191;34.48;35.0;35.08;27.24;0.08700696055685686;-6.023439629326798;-0.5200000000000031;35.59285714285714;34.36133333333333;1.2835330704200751;1;1;0
2023-09-02;33.39;2023;9;2;5;245;3;2;-1.0;-1.8369701987210297e-16;-0.9749279121818236;-0.2225209339563146;34.51;34.66;37.45;29.67;-3.2454361054766623;0.08700696055685686;-0.14999999999999858;35.52285714285714;34.60366666666667;1.3336380604179456;1;1;0
2023-09-03;33.62;2023;9;3;6;246;3;2;-1.0;-1.8369701987210297e-16;-0.7818314824680299;0.6234898018587334;33.39;34.75;40.95;28.26;0.6888289907157841;-3.2454361054766623;-1.3599999999999994;35.34142857142857;34.727666666666664;1.5408701932303932;1;1;0
2023-09-04;33.04;2023;9;4;0;247;3;2;-1.0;-1.8369701987210297e-16;0.0;1.0;33.62;37.94;40.0;29.15;-1.7251635930993436;0.6888289907157841;-4.32;35.18;34.906333333333336;1.6671732563448936;1;1;0
2023-09-05;34.58;2023;9;5;1;248;3;2;-1.0;-1.8369701987210297e-16;0.7818314824680298;0.6234898018587336;33.04;35.63;43.93;28.07;4.66101694915253;-1.7251635930993436;-2.5900000000000034;34.48;35.035999999999994;1.3044028007758401;1;1;0
2023-09-06;31.67;2023;9;6;2;249;3;2;-1.0;-1.8369701987210297e-16;0.9749279121818236;-0.22252093395631434;34.58;36.69;36.8;29.46;-8.415268941584719;4.66101694915253;-2.1099999999999994;34.33;35.253;1.2068416079469173;1;1;0
2023-09-07;31.78;2023;9;7;3;250;3;2;-1.0;-1.8369701987210297e-16;0.43388373911755823;-0.900968867902419;31.67;34.48;31.51;29.94;0.347331859804223;-8.415268941584719;-2.809999999999995;33.612857142857145;35.32666666666667;1.052357896754993;1;1;0
2023-09-08;34.5;2023;9;8;4;251;3;2;-1.0;-1.8369701987210297e-16;-0.433883739117558;-0.9009688679024191;31.78;34.51;35.0;38.54;8.558842039018245;0.347331859804223;-2.729999999999997;33.22714285714286;35.388000000000005;1.1698107295040119;1;1;0
2023-09-09;36.13;2023;9;9;5;252;3;2;-1.0;-1.8369701987210297e-16;-0.9749279121818236;-0.2225209339563146;34.5;33.39;34.66;36.54;4.724637681159427;8.558842039018245;1.1099999999999994;33.22571428571429;35.25333333333333;1.1679876874782562;1;1;0
2023-09-10;39.13;2023;9;10;6;253;3;2;-1.0;-1.8369701987210297e-16;-0.7818314824680299;0.6234898018587334;36.13;33.62;34.75;33.37;8.303349017437034;4.724637681159427;2.510000000000005;33.61714285714286;35.23966666666667;1.6083398716883792;1;1;0
2023-09-11;36.96;2023;9;11;0;254;3;2;-1.0;-1.8369701987210297e-16;0.0;1.0;39.13;33.04;37.94;32.25;-5.545617173524153;8.303349017437034;6.090000000000003;34.40428571428571;35.431666666666665;2.6323301283781113;1;1;0
2023-09-12;35.19;2023;9;12;1;255;3;2;-1.0;-1.8369701987210297e-16;0.7818314824680298;0.6234898018587336;36.96;34.58;35.63;33.38;-4.788961038961048;-5.545617173524153;2.3800000000000026;34.964285714285715;35.58866666666667;2.7095562806666873;1;1;0
2023-09-13;36.89;2023;9;13;2;256;3;2;-1.0;-1.8369701987210297e-16;0.9749279121818236;-0.22252093395631434;35.19;31.67;36.69;31.87;4.8309178743961345;-4.788961038961048;3.519999999999996;35.05142857142857;35.649;2.7049425660666646;1;1;0
2023-09-14;36.1;2023;9;14;3;257;3;2;-1.0;-1.8369701987210297e-16;0.43388373911755823;-0.900968867902419;36.89;31.78;34.48;35.81;-2.1415017619951238;4.8309178743961345;5.109999999999999;35.79714285714285;35.81633333333333;2.3077385343365795;1;1;0
2023-09-15;36.66;2023;9;15;4;258;3;2;-1.0;-1.8369701987210297e-16;-0.433883739117558;-0.9009688679024191;36.1;34.5;34.51;36.87;1.5512465373961115;-2.1415017619951238;1.6000000000000014;36.41428571428572;35.826;1.485607138995094;1;1;0
2023-09-16;38.03;2023;9;16;5;259;3;2;-1.0;-1.8369701987210297e-16;-0.9749279121818236;-0.2225209339563146;36.66;36.13;33.39;35.55;3.7370430987452297;1.5512465373961115;0.529999999999994;36.722857142857144;35.818999999999996;1.2228070750783477;1;1;0
2023-09-17;36.78;2023;9;17;6;260;3;2;-1.0;-1.8369701987210297e-16;-0.7818314824680299;0.6234898018587334;38.03;39.13;33.62;35.08;-3.286878779910596;3.7370430987452297;-1.1000000000000014;36.99428571428571;35.901666666666664;1.2788648240137317;1;1;0
2023-09-18;35.64;2023;9;18;0;261;3;2;-1.0;-1.8369701987210297e-16;0.0;1.0;36.78;36.96;33.04;37.45;-3.0995106035889064;-3.286878779910596;-0.17999999999999972;36.65857142857143;35.958333333333336;0.8668607841240478;1;1;0
2023-09-19;37.7;2023;9;19;1;262;3;2;-1.0;-1.8369701987210297e-16;0.7818314824680298;0.6234898018587336;35.64;35.19;34.58;40.95;5.780022446689115;-3.0995106035889064;0.45000000000000284;36.47;35.898;0.9315220519869254;1;1;0
2023-09-20;37.67;2023;9;20;2;263;3;2;-1.0;-1.8369701987210297e-16;0.9749279121818236;-0.22252093395631434;37.7;36.89;31.67;40.0;-0.07957559681698312;5.780022446689115;0.8100000000000023;36.82857142857143;35.78966666666667;0.8347540270755036;1;1;0
2023-09-21;38.76;2023;9;21;3;264;3;2;-1.0;-1.8369701987210297e-16;0.43388373911755823;-0.900968867902419;37.67;36.1;31.78;43.93;2.8935492434297716;-0.07957559681698312;1.5700000000000003;36.940000000000005;35.712;0.89425947017879;1;1;0
2023-09-22;40.28;2023;9;22;4;265;3;2;-1.0;-1.8369701987210297e-16;-0.433883739117558;-0.9009688679024191;38.76;36.66;34.5;36.8;3.9215686274509887;2.8935492434297716;2.1000000000000014;37.32;35.53966666666667;1.0323274674270424;1;1;0
2023-09-23;41.18;2023;9;23;5;266;3;2;-1.0;-1.8369701987210297e-16;-0.9749279121818236;-0.2225209339563146;40.28;38.03;36.13;31.51;2.2343594836147007;3.9215686274509887;2.25;37.83714285714286;35.65566666666667;1.4633376721937121;1;1;0
2023-09-24;41.11;2023;9;24;6;267;3;2;-1.0;-1.8369701987210297e-16;-0.7818314824680299;0.6234898018587334;41.18;36.78;39.13;35.0;-0.1699854298202963;2.2343594836147007;4.399999999999999;38.287142857142854;35.977999999999994;1.9394218578899156;1;1;0
2023-09-25;44.81;2023;9;25;0;268;3;2;-1.0;-1.8369701987210297e-16;0.0;1.0;41.11;35.64;36.96;34.66;9.000243249817563;-0.1699854298202963;5.469999999999999;38.90571428571428;36.181666666666665;2.0650573611320695;1;1;0
2023-09-26;40.03;2023;9;26;1;269;3;2;-1.0;-1.8369701987210297e-16;0.7818314824680298;0.6234898018587336;44.81;37.7;35.19;34.75;-10.667261771925906;9.000243249817563;7.109999999999999;40.215714285714284;36.519999999999996;2.5089762662817976;1;1;0
2023-09-27;39.52;2023;9;27;2;270;3;2;-1.0;-1.8369701987210297e-16;0.9749279121818236;-0.22252093395631434;40.03;37.67;36.89;37.94;-1.274044466650004;-10.667261771925906;2.3599999999999994;40.54857142857143;36.696;2.262000799966915;1;1;0
2023-09-28;39.93;2023;9;28;3;271;3;2;-1.0;-1.8369701987210297e-16;0.43388373911755823;-0.900968867902419;39.52;38.76;36.1;35.63;1.0374493927125528;-1.274044466650004;0.7600000000000051;40.81285714285714;36.748666666666665;1.9571553701381001;1;1;0
2023-09-29;37.95;2023;9;29;4;272;3;2;-1.0;-1.8369701987210297e-16;-0.433883739117558;-0.9009688679024191;39.93;40.28;36.66;36.69;-4.958677685950407;1.0374493927125528;-0.3500000000000014;40.980000000000004;36.892;1.7959398653638727;1;1;0
2023-09-30;38.44;2023;9;30;5;273;3;2;-1.0;-1.8369701987210297e-16;-0.9749279121818236;-0.2225209339563146;37.95;41.18;38.03;34.48;1.2911725955204068;-4.958677685950407;-3.229999999999997;40.64714285714285;36.934;2.131812329809338;1;1;0
2023-10-01;41.28;2023;10;1;6;274;4;2;-0.8660254037844386;0.5000000000000001;-0.7818314824680299;0.6234898018587334;38.44;41.11;36.78;34.51;7.388137356919877;1.2911725955204068;-2.6700000000000017;40.25571428571429;37.066;2.265052296253961;1;1;0
2023-10-02;36.46;2023;10;2;0;275;4;2;-0.8660254037844386;0.5000000000000001;0.0;1.0;41.28;44.81;35.64;33.39;-11.676356589147286;7.388137356919877;-3.530000000000001;40.279999999999994;37.291666666666664;2.2766203021152713;1;1;0
2023-10-03;33.32;2023;10;3;1;276;4;2;-0.8660254037844386;0.5000000000000001;0.7818314824680298;0.6234898018587336;36.46;40.03;37.7;33.62;-8.6121777290181;-11.676356589147286;-3.5700000000000003;39.08714285714286;37.394000000000005;1.5921234697287046;1;1;0
2023-10-04;34.95;2023;10;4;2;277;4;2;-0.8660254037844386;0.5000000000000001;0.9749279121818236;-0.22252093395631434;33.32;39.52;37.67;33.04;4.891956782713103;-8.6121777290181;-6.200000000000003;38.128571428571426;37.384;2.6187810686879542;1;1;0
2023-10-05;34.36;2023;10;5;3;278;4;2;-0.8660254037844386;0.5000000000000001;0.43388373911755823;-0.900968867902419;34.95;39.93;38.76;34.58;-1.6881258941344846;4.891956782713103;-4.979999999999997;37.47571428571429;37.44766666666667;2.7788418279503158;1;1;0
2023-10-06;34.5;2023;10;6;4;279;4;2;-0.8660254037844386;0.5000000000000001;-0.433883739117558;-0.9009688679024191;34.36;37.95;40.28;31.67;0.4074505238649717;-1.6881258941344846;-3.5900000000000034;36.68;37.440333333333335;2.7563200104495493;1;1;0
2023-10-07;36.78;2023;10;7;5;280;4;2;-0.8660254037844386;0.5000000000000001;-0.9749279121818236;-0.2225209339563146;34.5;38.44;41.18;31.78;6.608695652173924;0.4074505238649717;-3.9399999999999977;36.18714285714286;37.534666666666666;2.7994923009113455;1;1;1
2023-10-08;38.43;2023;10;8;6;281;4;2;-0.8660254037844386;0.5000000000000001;-0.7818314824680299;0.6234898018587334;36.78;41.28;41.11;34.5;4.486133768352363;6.608695652173924;-4.5;35.95;37.70133333333333;2.642770011434625;1;1;1
2023-10-09;41.38;2023;10;9;0;282;4;2;-0.8660254037844386;0.5000000000000001;0.0;1.0;38.43;36.46;44.81;36.13;7.676294561540464;4.486133768352363;1.9699999999999989;35.542857142857144;37.83233333333333;1.7553035282239473;1;1;1
2023-10-10;46.6;2023;10;10;1;283;4;2;-0.8660254037844386;0.5000000000000001;0.7818314824680298;0.6234898018587336;41.38;33.32;40.03;39.13;12.614789753504096;7.676294561540464;8.060000000000002;36.24571428571429;38.007333333333335;2.836064509979745;1;1;1
2023-10-11;44.55;2023;10;11;2;284;4;2;-0.8660254037844386;0.5000000000000001;0.9749279121818236;-0.22252093395631434;46.6;34.95;39.52;36.96;-4.399141630901293;12.614789753504096;11.649999999999999;38.142857142857146;38.25633333333334;4.504015668585233;1;1;1
2023-10-12;48.49;2023;10;12;3;285;4;2;-0.8660254037844386;0.5000000000000001;0.43388373911755823;-0.900968867902419;44.55;34.36;39.93;35.19;8.843995510662195;-4.399141630901293;10.189999999999998;39.51428571428572;38.50933333333333;4.820241547000759;1;1;1
2023-10-13;51.34;2023;10;13;4;286;4;2;-0.8660254037844386;0.5000000000000001;-0.433883739117558;-0.9009688679024191;48.49;34.5;37.95;36.89;5.877500515570233;8.843995510662195;13.990000000000002;41.53285714285715;38.952666666666666;5.242180571371057;1;1;1
2023-10-14;51.9;2023;10;14;5;287;4;2;-0.8660254037844386;0.5000000000000001;-0.9749279121818236;-0.2225209339563146;51.34;36.78;38.44;36.1;1.090767432800921;5.877500515570233;14.560000000000002;43.93857142857143;39.434333333333335;5.339935794156757;1;1;1
2023-10-15;52.56;2023;10;15;6;288;4;2;-0.8660254037844386;0.5000000000000001;-0.7818314824680299;0.6234898018587334;51.9;38.43;41.28;36.66;1.2716763005780507;1.090767432800921;13.469999999999999;46.09857142857144;39.961;5.009482436910608;1;1;1
2023-10-16;45.14;2023;10;16;0;289;4;2;-0.8660254037844386;0.5000000000000001;0.0;1.0;52.56;41.38;36.46;38.03;-14.117199391171997;1.2716763005780507;11.18;48.117142857142866;40.491;4.183103769076026;1;1;1
2023-10-17;41.56;2023;10;17;1;290;4;2;-0.8660254037844386;0.5000000000000001;0.7818314824680298;0.6234898018587336;45.14;46.6;33.32;36.78;-7.9308817013735045;-14.117199391171997;-1.4600000000000009;48.65428571428572;40.728;3.327781328667693;1;1;1
2023-10-18;42.96;2023;10;18;2;291;4;2;-0.8660254037844386;0.5000000000000001;0.9749279121818236;-0.22252093395631434;41.56;44.55;34.95;35.64;3.368623676612126;-7.9308817013735045;-2.989999999999995;47.934285714285714;40.88733333333334;4.260766195349087;1;1;1
2023-10-19;40.59;2023;10;19;3;292;4;2;-0.8660254037844386;0.5000000000000001;0.43388373911755823;-0.900968867902419;42.96;48.49;34.36;37.7;-5.516759776536306;3.368623676612126;-5.530000000000001;47.707142857142856;41.13133333333334;4.506546032479661;1;1;1
2023-10-20;44.0;2023;10;20;4;293;4;2;-0.8660254037844386;0.5000000000000001;-0.433883739117558;-0.9009688679024191;40.59;51.34;34.5;37.67;8.401084010840098;-5.516759776536306;-10.75;46.57857142857143;41.227666666666664;5.211827665900802;1;1;1
2023-10-21;44.18;2023;10;21;5;294;4;2;-0.8660254037844386;0.5000000000000001;-0.9749279121818236;-0.2225209339563146;44.0;51.9;36.78;38.76;0.4090909090909145;8.401084010840098;-7.899999999999999;45.53000000000001;41.43866666666666;4.817679247660126;1;1;1
2023-10-22;48.49;2023;10;22;6;295;4;2;-0.8660254037844386;0.5000000000000001;-0.7818314824680299;0.6234898018587334;44.18;52.56;38.43;40.28;9.755545495699414;0.4090909090909145;-8.380000000000003;44.42714285714286;41.61933333333333;3.915604313877898;1;1;1
2023-10-23;45.44;2023;10;23;0;296;4;2;-0.8660254037844386;0.5000000000000001;0.0;1.0;48.49;45.14;41.38;41.18;-6.289956692101473;9.755545495699414;3.3500000000000014;43.84571428571428;41.893;2.5816264714511807;1;1;1
2023-10-24;45.47;2023;10;24;1;297;4;2;-0.8660254037844386;0.5000000000000001;0.7818314824680298;0.6234898018587336;45.44;41.56;46.6;41.11;0.0660211267605737;-6.289956692101473;3.8799999999999955;43.888571428571424;42.035000000000004;2.609038319454732;1;1;1
2023-10-25;45.9;2023;10;25;2;298;4;2;-0.8660254037844386;0.5000000000000001;0.9749279121818236;-0.22252093395631434;45.47;42.96;44.55;44.81;0.9456784693204323;0.0660211267605737;2.509999999999998;44.44714285714286;42.18033333333334;2.4405307775548577;1;1;1
2023-10-26;45.02;2023;10;26;3;299;4;2;-0.8660254037844386;0.5000000000000001;0.43388373911755823;-0.900968867902419;45.9;40.59;48.49;40.03;-1.9172113289760206;0.9456784693204323;5.309999999999995;44.86714285714286;42.21666666666667;2.394491694742829;1;1;1
2023-10-27;44.85;2023;10;27;4;300;4;2;-0.8660254037844386;0.5000000000000001;-0.433883739117558;-0.9009688679024191;45.02;44.0;51.34;39.52;-0.377609951132829;-1.9172113289760206;1.0200000000000031;45.5;42.383;1.4903802646757787;1;1;1
2023-10-28;45.62;2023;10;28;5;301;4;2;-0.8660254037844386;0.5000000000000001;-0.9749279121818236;-0.2225209339563146;44.85;44.18;51.9;39.93;1.7168338907469272;-0.377609951132829;0.6700000000000017;45.62142857142857;42.56066666666667;1.3782044910133213;1;1;1
2023-10-29;45.98;2023;10;29;6;302;4;2;-0.8660254037844386;0.5000000000000001;-0.7818314824680299;0.6234898018587334;45.62;48.49;52.56;37.95;0.7891275756247262;1.7168338907469272;-2.8700000000000045;45.82714285714285;42.75033333333333;1.2262913504514659;1;1;1
2023-10-30;45.89;2023;10;30;0;303;4;2;-0.8660254037844386;0.5000000000000001;0.0;1.0;45.98;45.44;45.14;38.44;-0.1957372770769794;0.7891275756247262;0.5399999999999991;45.46857142857143;43.018;0.4193816309552313;1;1;1
2023-10-31;36.45;2023;10;31;1;304;4;2;-0.8660254037844386;0.5000000000000001;0.7818314824680298;0.6234898018587336;45.89;45.47;41.56;41.28;-20.57093048594465;-0.1957372770769794;0.4200000000000017;45.53285714285715;43.266333333333336;0.4477988494017223;1;1;1
2023-11-01;35.18;2023;11;1;2;305;4;2;-0.5000000000000004;0.8660254037844384;0.9749279121818236;-0.22252093395631434;36.45;45.9;42.96;36.46;-3.4842249657064506;-20.57093048594465;-9.449999999999996;44.24428571428571;43.10533333333333;3.4658950606489327;1;1;1
2023-11-02;34.33;2023;11;2;3;306;4;2;-0.5000000000000004;0.8660254037844384;0.43388373911755823;-0.900968867902419;35.18;45.02;40.59;33.32;-2.416145537237069;-3.4842249657064506;-9.840000000000003;42.712857142857146;43.062666666666665;4.744778583825212;1;1;1
2023-11-03;35.03;2023;11;3;4;307;4;2;-0.5000000000000004;0.8660254037844384;-0.433883739117558;-0.9009688679024191;34.33;44.85;44.0;34.95;2.039032915817085;-2.416145537237069;-10.520000000000003;41.18571428571429;43.09633333333333;5.533259609377184;1;1;1
2023-11-04;38.1;2023;11;4;5;308;4;2;-0.5000000000000004;0.8660254037844384;-0.9749279121818236;-0.2225209339563146;35.03;45.62;44.18;34.36;8.763916642877545;2.039032915817085;-10.589999999999996;39.78285714285714;43.099000000000004;5.691975972910809;1;1;1
2023-11-05;37.92;2023;11;5;6;309;4;2;-0.5000000000000004;0.8660254037844384;-0.7818314824680299;0.6234898018587334;38.1;45.98;48.49;34.5;-0.47244094488189115;8.763916642877545;-7.8799999999999955;38.70857142857143;43.22366666666667;5.083841816879379;1;1;1
2023-11-06;39.25;2023;11;6;0;310;4;2;-0.5000000000000004;0.8660254037844384;0.0;1.0;37.92;45.89;45.44;36.78;3.507383966244726;-0.47244094488189115;-7.969999999999999;37.55714285714286;43.33766666666667;3.9484246406461034;1;1;1
2023-11-07;40.4;2023;11;7;1;311;4;2;-0.5000000000000004;0.8660254037844384;0.7818314824680298;0.6234898018587336;39.25;36.45;45.47;38.43;2.9299363057324834;3.507383966244726;2.799999999999997;36.60857142857143;43.42;1.8561198647677366;1;1;1
2023-11-08;38.98;2023;11;8;2;312;4;2;-0.5000000000000004;0.8660254037844384;0.9749279121818236;-0.22252093395631434;40.4;35.18;45.9;41.38;-3.514851485148518;2.9299363057324834;5.219999999999999;37.17285714285715;43.48566666666667;2.337803201625;1;1;1
2023-11-09;35.98;2023;11;9;3;313;4;2;-0.5000000000000004;0.8660254037844384;0.43388373911755823;-0.900968867902419;38.98;34.33;45.02;46.6;-7.696254489481791;-3.514851485148518;4.649999999999999;37.715714285714284;43.40566666666667;2.2369388096457574;1;1;1
2023-11-10;34.89;2023;11;10;4;314;4;2;-0.5000000000000004;0.8660254037844384;-0.433883739117558;-0.9009688679024191;35.98;35.03;44.85;44.55;-3.029460811561968;-7.696254489481791;0.9499999999999957;37.951428571428565;43.05166666666666;1.879010631259181;1;1;1
2023-11-11;33.04;2023;11;11;5;315;4;2;-0.5000000000000004;0.8660254037844384;-0.9749279121818236;-0.2225209339563146;34.89;38.1;45.62;48.49;-5.3023789051304115;-3.029460811561968;-3.210000000000001;37.93142857142857;42.72966666666667;1.9156759344206327;1;1;1
2023-11-12;30.56;2023;11;12;6;316;4;2;-0.5000000000000004;0.8660254037844384;-0.7818314824680299;0.6234898018587334;33.04;37.92;45.98;51.34;-7.506053268765134;-5.3023789051304115;-4.880000000000003;37.208571428571425;42.214666666666666;2.6538929177817057;1;1;1
2023-11-13;30.04;2023;11;13;0;317;4;2;-0.5000000000000004;0.8660254037844384;0.0;1.0;30.56;39.25;45.89;51.9;-1.7015706806282727;-7.506053268765134;-8.690000000000001;36.15714285714285;41.522000000000006;3.610580351715641;1;1;1
2023-11-14;37.83;2023;11;14;1;318;4;2;-0.5000000000000004;0.8660254037844384;0.7818314824680298;0.6234898018587336;30.04;40.4;36.45;52.56;25.932090545938745;-1.7015706806282727;-10.36;34.84142857142857;40.79333333333333;3.9571388172583153;1;1;1
2023-11-15;40.17;2023;11;15;2;319;4;2;-0.5000000000000004;0.8660254037844384;0.9749279121818236;-0.22252093395631434;37.83;38.98;35.18;45.14;6.185567010309279;25.932090545938745;-1.1499999999999986;34.47428571428571;40.30233333333334;3.4410262865556436;1;1;1
2023-11-16;39.77;2023;11;16;3;320;4;2;-0.5000000000000004;0.8660254037844384;0.43388373911755823;-0.900968867902419;40.17;35.98;34.33;41.56;-0.9957679860592483;6.185567010309279;4.190000000000005;34.644285714285715;40.13666666666666;3.718901527525776;1;1;1
2023-11-17;37.05;2023;11;17;4;321;4;2;-0.5000000000000004;0.8660254037844384;-0.433883739117558;-0.9009688679024191;39.77;34.89;35.03;42.96;-6.839326125220024;-0.9957679860592483;4.880000000000003;35.18571428571428;40.077;4.191622029489309;1;1;1
2023-11-18;37.81;2023;11;18;5;322;4;2;-0.5000000000000004;0.8660254037844384;-0.9749279121818236;-0.2225209339563146;37.05;33.04;38.1;40.59;2.051282051282066;-6.839326125220024;4.009999999999998;35.494285714285716;39.879999999999995;4.2453851695811995;1;1;1
2023-11-19;38.0;2023;11;19;6;323;4;2;-0.5000000000000004;0.8660254037844384;-0.7818314824680299;0.6234898018587334;37.81;30.56;37.92;44.0;0.5025125628140614;2.051282051282066;7.2500000000000036;36.175714285714285;39.787333333333336;4.1679005792004915;1;1;1
2023-11-20;40.13;2023;11;20;0;324;4;2;-0.5000000000000004;0.8660254037844384;0.0;1.0;38.0;30.04;39.25;44.18;5.605263157894735;0.5025125628140614;7.960000000000001;37.23857142857143;39.58733333333334;3.369284931908429;1;1;1
2023-11-21;38.05;2023;11;21;1;325;4;2;-0.5000000000000004;0.8660254037844384;0.7818314824680298;0.6234898018587336;40.13;37.83;40.4;48.49;-5.183154747072027;5.605263157894735;2.3000000000000043;38.68;39.45233333333333;1.2980369794438864;1;1;1
2023-11-22;39.29;2023;11;22;2;326;4;2;-0.5000000000000004;0.8660254037844384;0.9749279121818236;-0.22252093395631434;38.05;40.17;38.98;45.44;3.2588699080157824;-5.183154747072027;-2.1200000000000045;38.71142857142858;39.10433333333333;1.2765112425610483;1;1;1
2023-11-23;41.3;2023;11;23;3;327;4;2;-0.5000000000000004;0.8660254037844384;0.43388373911755823;-0.900968867902419;39.29;39.77;35.98;45.47;5.115805548485608;3.2588699080157824;-0.480000000000004;38.58571428571428;38.89933333333333;1.1455400057465208;1;1;1
2023-11-24;43.1;2023;11;24;4;328;4;2;-0.5000000000000004;0.8660254037844384;-0.433883739117558;-0.9009688679024191;41.3;37.05;34.89;45.9;4.358353510895885;5.115805548485608;4.25;38.80428571428571;38.76033333333333;1.500220618697686;1;1;1
2023-11-25;43.53;2023;11;25;5;329;4;2;-0.5000000000000004;0.8660254037844384;-0.9749279121818236;-0.2225209339563146;43.1;37.81;33.04;45.02;0.997679814385144;4.358353510895885;5.289999999999999;39.66857142857143;38.667;1.9853918888684041;1;1;1
2023-11-26;44.53;2023;11;26;6;330;4;2;-0.5000000000000004;0.8660254037844384;-0.7818314824680299;0.6234898018587334;43.53;38.0;30.56;44.85;2.2972662531587362;0.997679814385144;5.530000000000001;40.48571428571428;38.617333333333335;2.2521460664808473;1;1;1
2023-11-27;41.16;2023;11;27;0;331;4;2;-0.5000000000000004;0.8660254037844384;0.0;1.0;44.53;40.13;30.04;45.62;-7.5679317314170325;2.2972662531587362;4.399999999999999;41.41857142857143;38.60666666666666;2.398571995803043;1;1;1
2023-11-28;40.58;2023;11;28;1;332;4;2;-0.5000000000000004;0.8660254037844384;0.7818314824680298;0.6234898018587336;41.16;38.05;37.83;45.98;-1.4091350826044624;-7.5679317314170325;3.1099999999999994;41.565714285714286;38.458;2.3371553731188204;1;1;1
2023-11-29;37.13;2023;11;29;2;333;4;2;-0.5000000000000004;0.8660254037844384;0.9749279121818236;-0.22252093395631434;40.58;39.29;40.17;45.89;-8.50172498767865;-1.4091350826044624;1.2899999999999991;41.92714285714286;38.278;1.847103266250509;1;1;1
2023-11-30;38.12;2023;11;30;3;334;4;2;-0.5000000000000004;0.8660254037844384;0.43388373911755823;-0.900968867902419;37.13;41.3;39.77;36.45;2.6663075680043002;-8.50172498767865;-4.169999999999995;41.61857142857143;37.986;2.4448001184249253;1;1;1
2023-12-01;40.98;2023;12;1;4;335;4;2;-2.4492935982947064e-16;1.0;-0.433883739117558;-0.9009688679024191;38.12;43.1;37.05;35.18;7.502623294858335;2.6663075680043002;-4.980000000000004;41.16428571428571;38.041666666666664;2.785563121662288;1;1;1
2023-12-02;42.2;2023;12;2;5;336;4;2;-2.4492935982947064e-16;1.0;-0.9749279121818236;-0.2225209339563146;40.98;43.53;37.81;34.33;2.9770619814543764;7.502623294858335;-2.5500000000000043;40.86142857142857;38.235;2.652077352891016;1;1;1
2023-12-03;42.02;2023;12;3;6;337;4;2;-2.4492935982947064e-16;1.0;-0.7818314824680299;0.6234898018587334;42.2;44.53;38.0;35.03;-0.4265402843601884;2.9770619814543764;-2.3299999999999983;40.67142857142857;38.49733333333334;2.470454941716365;1;1;1
2023-12-04;37.87;2023;12;4;0;338;4;2;-2.4492935982947064e-16;1.0;0.0;1.0;42.02;41.16;40.13;38.1;-9.876249405045234;-0.4265402843601884;0.8600000000000065;40.31285714285714;38.73033333333333;1.9428905809455932;1;1;1
2023-12-05;36.42;2023;12;5;1;339;4;2;-2.4492935982947064e-16;1.0;0.7818314824680298;0.6234898018587336;37.87;40.58;38.05;37.92;-3.8288883020860753;-9.876249405045234;-2.710000000000001;39.84285714285715;38.72266666666667;2.095731489526727;1;1;1
2023-12-06;36.17;2023;12;6;2;340;4;2;-2.4492935982947064e-16;1.0;0.9749279121818236;-0.22252093395631434;36.42;37.13;39.29;39.25;-0.6864360241625511;-3.8288883020860753;-0.7100000000000009;39.24857142857143;38.672666666666665;2.4170534994185036;1;1;1
2023-12-07;37.5;2023;12;7;3;341;4;2;-2.4492935982947064e-16;1.0;0.43388373911755823;-0.900968867902419;36.17;38.12;41.3;40.4;3.6770804534144164;-0.6864360241625511;-1.9499999999999957;39.111428571428576;38.57;2.579098218186208;1;1;1
2023-12-08;37.29;2023;12;8;4;342;4;2;-2.4492935982947064e-16;1.0;-0.433883739117558;-0.9009688679024191;37.5;40.98;43.1;38.98;-0.5600000000000049;3.6770804534144164;-3.479999999999997;39.02285714285715;38.473333333333336;2.6289840514656646;1;1;1
2023-12-09;35.11;2023;12;9;5;343;4;2;-2.4492935982947064e-16;1.0;-0.9749279121818236;-0.2225209339563146;37.29;42.2;43.53;35.98;-5.846071332796998;-0.5600000000000049;-4.910000000000004;38.49571428571429;38.417;2.539572517458875;1;1;1
2023-12-10;36.18;2023;12;10;6;344;4;2;-2.4492935982947064e-16;1.0;-0.7818314824680299;0.6234898018587334;35.11;42.02;44.53;34.89;3.0475647963543073;-5.846071332796998;-6.910000000000004;37.48285714285714;38.388000000000005;2.2081946946607633;1;1;1
2023-12-11;33.56;2023;12;11;0;345;4;2;-2.4492935982947064e-16;1.0;0.0;1.0;36.18;37.87;41.16;33.04;-7.241569928137082;3.0475647963543073;-1.6899999999999977;36.64857142857143;38.431;0.957103766083905;1;1;1
2023-12-12;32.07;2023;12;12;1;346;4;2;-2.4492935982947064e-16;1.0;0.7818314824680298;0.6234898018587336;33.56;36.42;40.58;30.56;-4.439809296781894;-7.241569928137082;-2.8599999999999994;36.03285714285715;38.44833333333334;1.3472158239105703;1;1;1
2023-12-13;32.87;2023;12;13;2;347;4;2;-2.4492935982947064e-16;1.0;0.9749279121818236;-0.22252093395631434;32.07;36.17;37.13;30.04;2.494543186778908;-4.439809296781894;-4.100000000000001;35.41142857142857;38.498666666666665;1.9891826510032644;1;1;1
2023-12-14;31.78;2023;12;14;3;348;4;2;-2.4492935982947064e-16;1.0;0.43388373911755823;-0.900968867902419;32.87;37.5;38.12;37.83;-3.31609370246424;2.494543186778908;-4.630000000000003;34.940000000000005;38.592999999999996;2.1628992887645606;1;1;1
2023-12-15;30.76;2023;12;15;4;349;4;2;-2.4492935982947064e-16;1.0;-0.433883739117558;-0.9009688679024191;31.78;37.29;40.98;40.17;-3.2095657646318387;-3.31609370246424;-5.509999999999998;34.12285714285714;38.391333333333336;2.114503206317973;1;1;1
2023-12-16;32.49;2023;12;16;5;350;4;2;-2.4492935982947064e-16;1.0;-0.9749279121818236;-0.2225209339563146;30.76;35.11;42.2;39.77;5.62418725617686;-3.2095657646318387;-4.349999999999998;33.19;38.07766666666667;1.915428585636165;1;1;1
2023-12-17;34.49;2023;12;17;6;351;4;2;-2.4492935982947064e-16;1.0;-0.7818314824680299;0.6234898018587334;32.49;36.18;42.02;37.05;6.155740227762396;5.62418725617686;-3.6899999999999977;32.815714285714286;37.83500000000001;1.724150584520059;1;1;1
2023-12-18;33.94;2023;12;18;0;352;4;2;-2.4492935982947064e-16;1.0;0.0;1.0;34.49;33.56;37.87;37.81;-1.5946651203247453;6.155740227762396;0.9299999999999997;32.574285714285715;37.74966666666667;1.2188089424109698;1;1;1
2023-12-19;30.81;2023;12;19;1;353;4;2;-2.4492935982947064e-16;1.0;0.7818314824680298;0.6234898018587336;33.94;32.07;36.42;38.0;-9.222156747200938;-1.5946651203247453;1.8699999999999974;32.628571428571426;37.620666666666665;1.277098646302094;1;1;1
2023-12-20;31.5;2023;12;20;2;354;4;2;-2.4492935982947064e-16;1.0;0.9749279121818236;-0.22252093395631434;30.81;32.87;36.17;40.13;2.2395326192794496;-9.222156747200938;-2.0599999999999987;32.448571428571434;37.38099999999999;1.4465064646888726;1;1;1
2023-12-21;31.31;2023;12;21;3;355;4;2;-2.4492935982947064e-16;1.0;0.43388373911755823;-0.900968867902419;31.5;31.78;37.5;38.05;-0.6031746031746055;2.2395326192794496;-0.28000000000000114;32.252857142857145;37.093333333333334;1.472432389912337;1;1;1
2023-12-22;33.5;2023;12;22;4;356;4;2;-2.4492935982947064e-16;1.0;-0.433883739117558;-0.9009688679024191;31.31;30.76;37.29;39.29;6.994570424784419;-0.6031746031746055;0.5499999999999972;32.18571428571429;36.86866666666667;1.5078777265087095;1;1;1
2023-12-23;32.26;2023;12;23;5;357;4;2;-2.4492935982947064e-16;1.0;-0.9749279121818236;-0.2225209339563146;33.5;32.49;35.11;41.3;-3.7014925373134333;6.994570424784419;1.009999999999998;32.57714285714286;36.675666666666665;1.4297052643334756;1;1;1
2023-12-24;33.55;2023;12;24;6;358;4;2;-2.4492935982947064e-16;1.0;-0.7818314824680299;0.6234898018587334;32.26;34.49;36.18;43.1;3.9987600743955243;-3.7014925373134333;-2.230000000000004;32.544285714285714;36.37433333333333;1.434676004574189;1;1;1
2023-12-25;33.81;2023;12;25;0;359;4;2;-2.4492935982947064e-16;1.0;0.0;1.0;33.55;33.94;33.56;43.53;0.7749627421758776;3.9987600743955243;-0.39000000000000057;32.41;36.056000000000004;1.2549369174075753;1;1;1
2023-12-26;34.85;2023;12;26;1;360;4;2;-2.4492935982947064e-16;1.0;0.7818314824680298;0.6234898018587336;33.81;30.81;32.07;44.53;3.076013013901213;0.7749627421758776;3.0000000000000036;32.39142857142857;35.732;1.229219651806267;1;1;1
2023-12-27;33.26;2023;12;27;2;361;4;2;-2.4492935982947064e-16;1.0;0.9749279121818236;-0.22252093395631434;34.85;31.5;32.87;41.16;-4.562410329985667;3.076013013901213;3.3500000000000014;32.96857142857142;35.40933333333334;1.3088089823906845;1;1;1
2023-12-28;31.35;2023;12;28;3;362;4;2;-2.4492935982947064e-16;1.0;0.43388373911755823;-0.900968867902419;33.26;31.31;31.78;40.58;-5.742633794347551;-4.562410329985667;1.9499999999999993;33.22;35.146;1.1375119047020297;1;1;1
2023-12-29;31.59;2023;12;29;4;363;4;2;-2.4492935982947064e-16;1.0;-0.433883739117558;-0.9009688679024191;31.35;33.5;30.76;37.13;0.765550239234436;-5.742633794347551;-2.1499999999999986;33.22571428571429;34.83833333333334;1.1263637237148307;1;1;1
2023-12-30;30.99;2023;12;30;5;364;4;2;-2.4492935982947064e-16;1.0;-0.9749279121818236;-0.2225209339563146;31.59;32.26;32.49;38.12;-1.8993352326685753;0.765550239234436;-0.6699999999999982;32.95285714285714;34.653666666666666;1.2709145563449182;1;1;1
2023-12-31;31.18;2023;12;31;6;365;4;2;-2.4492935982947064e-16;1.0;-0.7818314824680299;0.6234898018587334;30.99;33.55;34.49;40.98;0.61310100032268;-1.8993352326685753;-2.5599999999999987;32.771428571428565;34.416000000000004;1.4625141431976891;1;1;1
2024-01-01;31.32;2024;1;1;0;1;1;1;0.49999999999999994;0.8660254037844387;0.0;1.0;31.18;33.81;33.94;42.2;0.4490057729313657;0.61310100032268;-2.6300000000000026;32.432857142857145;34.08933333333333;1.525218173310377;1;0;1
2024-01-02;30.11;2024;1;2;1;2;1;1;0.49999999999999994;0.8660254037844387;0.7818314824680298;0.6234898018587336;31.32;34.85;30.81;42.02;-3.863346104725418;0.4490057729313657;-3.530000000000001;32.07714285714286;33.72666666666667;1.4383985804346313;1;0;1
2024-01-03;32.82;2024;1;3;2;3;1;1;0.49999999999999994;0.8660254037844387;0.9749279121818236;-0.22252093395631434;30.11;33.26;31.5;37.87;9.000332115576226;-3.863346104725418;-3.1499999999999986;31.4;33.32966666666667;0.9473823585751675;1;0;1
2024-01-04;32.77;2024;1;4;3;4;1;1;0.49999999999999994;0.8660254037844387;0.43388373911755823;-0.900968867902419;32.82;31.35;31.31;36.42;-0.15234613040827627;9.000332115576226;1.4699999999999989;31.337142857142855;33.16133333333333;0.8077069246927459;1;0;1
2024-01-05;34.28;2024;1;5;4;5;1;1;0.49999999999999994;0.8660254037844387;-0.433883739117558;-0.9009688679024191;32.77;31.59;33.5;36.17;4.607873054623135;-0.15234613040827627;1.1800000000000033;31.54;33.03966666666666;0.9728994466744254;1;0;1
2024-01-06;34.68;2024;1;6;5;6;1;1;0.49999999999999994;0.8660254037844387;-0.9749279121818236;-0.2225209339563146;34.28;30.99;32.26;37.5;1.1668611435239118;4.607873054623135;3.2900000000000027;31.924285714285713;32.97666666666667;1.423058409940076;1;0;1
2024-01-07;37.67;2024;1;7;6;7;1;1;0.49999999999999994;0.8660254037844387;-0.7818314824680299;0.6234898018587334;34.68;31.18;33.55;37.29;8.62168396770473;1.1668611435239118;3.5;32.45142857142857;32.882666666666665;1.6796073804275549;1;0;1
2024-01-08;32.37;2024;1;8;0;8;1;1;0.49999999999999994;0.8660254037844387;0.0;1.0;37.67;31.32;33.81;35.11;-14.069551367135658;8.62168396770473;6.350000000000001;33.378571428571426;32.89533333333333;2.4673293833049015;1;0;1
2024-01-09;31.24;2024;1;9;1;9;1;1;0.49999999999999994;0.8660254037844387;0.7818314824680298;0.6234898018587336;32.37;30.11;34.85;36.18;-3.4908866234167446;-14.069551367135658;2.259999999999998;33.528571428571425;32.804;2.350471077405484;1;0;1
2024-01-10;30.85;2024;1;10;2;10;1;1;0.49999999999999994;0.8660254037844387;0.9749279121818236;-0.22252093395631434;31.24;32.82;33.26;33.56;-1.2483994878360938;-3.4908866234167446;-1.5800000000000018;33.690000000000005;32.63933333333333;2.1022527599392107;1;0;1
2024-01-11;30.43;2024;1;11;3;11;1;1;0.49999999999999994;0.8660254037844387;0.43388373911755823;-0.900968867902419;30.85;32.77;31.35;32.07;-1.3614262560778023;-1.2483994878360938;-1.9200000000000017;33.40857142857143;32.549;2.3548207898662703;1;0;1
2024-01-12;31.09;2024;1;12;4;12;1;1;0.49999999999999994;0.8660254037844387;-0.433883739117558;-0.9009688679024191;30.43;34.28;31.59;32.87;2.1689122576404873;-1.3614262560778023;-3.8500000000000014;33.074285714285715;32.49433333333333;2.6125648772998544;1;0;1
2024-01-13;32.18;2024;1;13;5;13;1;1;0.49999999999999994;0.8660254037844387;-0.9749279121818236;-0.2225209339563146;31.09;34.68;30.99;31.78;3.505950466387908;2.1689122576404873;-3.59;32.61857142857143;32.434999999999995;2.645212206809377;1;0;1
2024-01-14;32.01;2024;1;14;6;14;1;1;0.49999999999999994;0.8660254037844387;-0.7818314824680299;0.6234898018587334;32.18;37.67;31.18;30.76;-0.5282784338098256;3.505950466387908;-5.490000000000002;32.26142857142857;32.44833333333334;2.484380731501002;1;0;1
2024-01-15;29.47;2024;1;15;0;15;1;1;0.49999999999999994;0.8660254037844387;0.0;1.0;32.01;32.37;31.32;32.49;-7.935020306154328;-0.5282784338098256;-0.35999999999999943;31.452857142857145;32.49;0.7378959792522007;1;0;1
2024-01-16;28.51;2024;1;16;1;16;1;1;0.49999999999999994;0.8660254037844387;0.7818314824680298;0.6234898018587336;29.47;31.24;30.11;34.49;-3.257550050899205;-7.935020306154328;-1.7699999999999996;31.038571428571426;32.38933333333333;0.9270100425852145;1;0;1
2024-01-17;26.55;2024;1;17;2;17;1;1;0.49999999999999994;0.8660254037844387;0.9749279121818236;-0.22252093395631434;28.51;30.85;32.82;33.94;-6.87478077867415;-3.257550050899205;-2.34;30.648571428571426;32.19;1.3193739496647505;1;0;1
2024-01-18;27.46;2024;1;18;3;18;1;1;0.49999999999999994;0.8660254037844387;0.43388373911755823;-0.900968867902419;26.55;30.43;32.77;30.81;3.427495291902072;-6.87478077867415;-3.879999999999999;30.034285714285716;31.94366666666667;2.0232305614458386;1;0;1
2024-01-19;27.98;2024;1;19;4;19;1;1;0.49999999999999994;0.8660254037844387;-0.433883739117558;-0.9009688679024191;27.46;31.09;34.28;31.5;1.8936635105608168;3.427495291902072;-3.629999999999999;29.609999999999996;31.832;2.227517302590489;1;0;1
2024-01-20;27.84;2024;1;20;5;20;1;1;0.49999999999999994;0.8660254037844387;-0.9749279121818236;-0.2225209339563146;27.98;32.18;34.68;31.31;-0.5003573981415266;1.8936635105608168;-4.199999999999999;29.16571428571429;31.714666666666666;2.193010542177592;1;0;1
2024-01-21;27.48;2024;1;21;6;21;1;1;0.49999999999999994;0.8660254037844387;-0.7818314824680299;0.6234898018587334;27.84;32.01;37.67;33.5;-1.2931034482758563;-0.5003573981415266;-4.169999999999998;28.545714285714286;31.599;1.7718432694331592;1;0;1
2024-01-22;27.48;2024;1;22;0;22;1;1;0.49999999999999994;0.8660254037844387;0.0;1.0;27.48;29.47;32.37;32.26;0.0;-1.2931034482758563;-1.9899999999999984;27.898571428571433;31.398333333333333;0.9164683768256898;1;0;1
2024-01-23;26.92;2024;1;23;1;23;1;1;0.49999999999999994;0.8660254037844387;0.7818314824680298;0.6234898018587336;27.48;28.51;31.24;33.55;-2.0378457059679667;0.0;-1.0300000000000011;27.61428571428571;31.239;0.6027121242925406;1;0;1
2024-01-24;27.94;2024;1;24;2;24;1;1;0.49999999999999994;0.8660254037844387;0.9749279121818236;-0.22252093395631434;26.92;26.55;30.85;33.81;3.789004457652312;-2.0378457059679667;0.370000000000001;27.38714285714286;31.017999999999997;0.49969038033353536;1;0;1
2024-01-25;26.58;2024;1;25;3;25;1;1;0.49999999999999994;0.8660254037844387;0.43388373911755823;-0.900968867902419;27.94;27.46;30.43;34.85;-4.867573371510392;3.789004457652312;0.4800000000000004;27.58571428571429;30.822333333333336;0.37125270562771956;1;0;1
2024-01-26;26.94;2024;1;26;4;26;1;1;0.49999999999999994;0.8660254037844387;-0.433883739117558;-0.9009688679024191;26.58;27.98;31.09;33.26;1.3544018058690765;-4.867573371510392;-1.4000000000000021;27.46;30.546666666666667;0.5341660166471726;1;0;1
2024-01-27;27.09;2024;1;27;5;27;1;1;0.49999999999999994;0.8660254037844387;-0.9749279121818236;-0.2225209339563146;26.94;27.84;32.18;31.35;0.556792873051215;1.3544018058690765;-0.8999999999999986;27.31142857142857;30.336000000000002;0.5094908756674426;1;0;1
2024-01-28;28.02;2024;1;28;6;28;1;1;0.49999999999999994;0.8660254037844387;-0.7818314824680299;0.6234898018587334;27.09;27.48;32.01;31.59;3.4330011074197087;0.556792873051215;-0.39000000000000057;27.204285714285714;30.194000000000003;0.4558456296847655;1;0;1
2024-01-29;27.41;2024;1;29;0;29;1;1;0.49999999999999994;0.8660254037844387;0.0;1.0;28.02;27.48;29.47;30.99;-2.1770164168451123;3.4330011074197087;0.5399999999999991;27.28142857142857;30.075;0.5468829421259982;1;0;1
2024-01-30;28.71;2024;1;30;1;30;1;1;0.49999999999999994;0.8660254037844387;0.7818314824680298;0.6234898018587336;27.41;26.92;28.51;31.18;4.742794600510769;-2.1770164168451123;0.48999999999999844;27.271428571428572;29.955666666666666;0.5432749019189622;1;0;1
2024-01-31;28.91;2024;1;31;2;31;1;1;0.49999999999999994;0.8660254037844387;0.9749279121818236;-0.22252093395631434;28.71;27.94;26.55;31.32;0.6966213862765525;4.742794600510769;0.7699999999999996;27.527142857142856;29.873333333333335;0.7370145698680789;1;0;1
2024-02-01;27.63;2024;2;1;3;32;1;1;0.8660254037844386;0.5000000000000001;0.43388373911755823;-0.900968867902419;28.91;26.58;27.46;30.11;-4.427533725354548;0.6966213862765525;2.330000000000002;27.665714285714284;29.793;0.900608260067908;1;0;1
2024-02-02;28.19;2024;2;2;4;33;1;1;0.8660254037844386;0.5000000000000001;-0.433883739117558;-0.9009688679024191;27.63;26.94;27.98;32.82;2.0267824828085423;-4.427533725354548;0.6899999999999977;27.815714285714286;29.710333333333335;0.7671996077309304;1;0;1
2024-02-03;28.31;2024;2;3;5;34;1;1;0.8660254037844386;0.5000000000000001;-0.9749279121818236;-0.2225209339563146;28.19;27.09;27.84;32.77;0.4256828662646317;2.0267824828085423;1.1000000000000014;27.994285714285713;29.556;0.6685271658173421;1;0;1
2024-02-04;29.48;2024;2;4;6;35;1;1;0.8660254037844386;0.5000000000000001;-0.7818314824680299;0.6234898018587334;28.31;28.02;27.48;34.28;4.1328152596255885;0.4256828662646317;0.28999999999999915;28.16857142857143;29.407333333333334;0.5401983762669265;1;0;1
2024-02-05;27.68;2024;2;5;0;36;1;1;0.8660254037844386;0.5000000000000001;0.0;1.0;29.48;27.41;27.48;34.68;-6.105834464043425;4.1328152596255885;2.0700000000000003;28.377142857142854;29.247333333333337;0.7238948884547249;1;0;1
2024-02-06;27.56;2024;2;6;1;37;1;1;0.8660254037844386;0.5000000000000001;0.7818314824680298;0.6234898018587336;27.68;28.71;26.92;37.67;-0.43352601156069204;-6.105834464043425;-1.0300000000000011;28.415714285714284;29.014;0.668876100710957;1;0;1
2024-02-07;27.27;2024;2;7;2;38;1;1;0.8660254037844386;0.5000000000000001;0.9749279121818236;-0.22252093395631434;27.56;28.91;27.94;32.37;-1.0522496371552892;-0.43352601156069204;-1.3500000000000014;28.25142857142857;28.677000000000003;0.7235428706865931;1;0;1
2024-02-08;26.86;2024;2;8;3;39;1;1;0.8660254037844386;0.5000000000000001;0.43388373911755823;-0.900968867902419;27.27;27.63;26.58;31.24;-1.5034836817015007;-1.0522496371552892;-0.35999999999999943;28.017142857142858;28.507;0.7400836503605495;1;0;1
2024-02-09;26.44;2024;2;9;4;40;1;1;0.8660254037844386;0.5000000000000001;-0.433883739117558;-0.9009688679024191;26.86;28.19;26.94;30.85;-1.5636634400595595;-1.5034836817015007;-1.3300000000000018;27.907142857142855;28.361;0.8554475297747366;1;0;1
2024-02-10;25.81;2024;2;10;5;41;1;1;0.8660254037844386;0.5000000000000001;-0.9749279121818236;-0.2225209339563146;26.44;28.31;27.09;30.43;-2.3827534039334464;-1.5636634400595595;-1.8699999999999974;27.657142857142855;28.214;1.002142941998685;1;0;1
2024-02-11;25.62;2024;2;11;6;42;1;1;0.8660254037844386;0.5000000000000001;-0.7818314824680299;0.6234898018587334;25.81;29.48;28.02;31.09;-0.7361487795428001;-2.3827534039334464;-3.6700000000000017;27.3;28.060000000000002;1.1632282665098113;1;0;1
2024-02-12;25.36;2024;2;12;0;43;1;1;0.8660254037844386;0.5000000000000001;0.0;1.0;25.62;27.68;27.41;32.18;-1.014832162373147;-0.7361487795428001;-2.0599999999999987;26.74857142857143;27.877666666666666;0.8226061952043351;1;0;1
2024-02-13;25.15;2024;2;13;1;44;1;1;0.8660254037844386;0.5000000000000001;0.7818314824680298;0.6234898018587336;25.36;27.56;28.71;32.01;-0.8280757097791858;-1.014832162373147;-2.1999999999999993;26.41714285714286;27.650333333333332;0.8516398747112454;1;0;1
2024-02-14;24.43;2024;2;14;2;45;1;1;0.8660254037844386;0.5000000000000001;0.9749279121818236;-0.22252093395631434;25.15;27.27;28.91;29.47;-2.8628230616302153;-0.8280757097791858;-2.120000000000001;26.072857142857142;27.421666666666667;0.7980750650982857;1;0;1
2024-02-15;24.45;2024;2;15;3;46;1;1;0.8660254037844386;0.5000000000000001;0.43388373911755823;-0.900968867902419;24.43;26.86;27.63;28.51;0.08186655751125649;-2.8628230616302153;-2.4299999999999997;25.667142857142856;27.253666666666668;0.809850074313203;1;0;1
2024-02-16;24.65;2024;2;16;4;47;1;1;0.8660254037844386;0.5000000000000001;-0.433883739117558;-0.9009688679024191;24.45;26.44;28.19;26.55;0.8179959100204526;0.08186655751125649;-1.990000000000002;25.322857142857142;27.118333333333336;0.7261706476661535;1;0;1
2024-02-17;24.51;2024;2;17;5;48;1;1;0.8660254037844386;0.5000000000000001;-0.9749279121818236;-0.2225209339563146;24.65;25.81;28.31;27.46;-0.567951318458404;0.8179959100204526;-1.1600000000000001;25.06714285714286;27.055;0.5643496045879991;1;0;1
2024-02-18;24.07;2024;2;18;6;49;1;1;0.8660254037844386;0.5000000000000001;-0.7818314824680299;0.6234898018587334;24.51;25.62;29.48;27.98;-1.7951856385148957;-0.567951318458404;-1.1099999999999994;24.881428571428575;26.956666666666663;0.4878670779244095;1;0;1
2024-02-19;23.3;2024;2;19;0;50;1;1;0.8660254037844386;0.5000000000000001;0.0;1.0;24.07;25.36;27.68;27.84;-3.199002908184456;-1.7951856385148957;-1.2899999999999991;24.66;26.826333333333334;0.4468034616491045;1;0;1
2024-02-20;23.86;2024;2;20;1;51;1;1;0.8660254037844386;0.5000000000000001;0.7818314824680298;0.6234898018587336;23.3;25.15;27.56;27.48;2.403433476394845;-3.199002908184456;-1.8499999999999979;24.365714285714287;26.675;0.570258921985115;1;0;1
2024-02-21;23.78;2024;2;21;2;52;1;1;0.8660254037844386;0.5000000000000001;0.9749279121818236;-0.22252093395631434;23.86;24.43;27.27;27.48;-0.3352891869237151;2.403433476394845;-0.5700000000000003;24.181428571428572;26.554333333333332;0.4750588936009951;1;0;1
2024-02-22;22.91;2024;2;22;3;53;1;1;0.8660254037844386;0.5000000000000001;0.43388373911755823;-0.900968867902419;23.78;24.45;26.86;26.92;-3.658536585365857;-0.3352891869237151;-0.6699999999999982;24.08857142857143;26.430999999999997;0.4818515875136582;1;0;1
2024-02-23;22.72;2024;2;23;4;54;1;1;0.8660254037844386;0.5000000000000001;-0.433883739117558;-0.9009688679024191;22.91;24.65;26.44;27.94;-0.8293321693583655;-3.658536585365857;-1.7399999999999984;23.868571428571432;26.297333333333334;0.6208442792328636;1;0;1
2024-02-24;23.62;2024;2;24;5;55;1;1;0.8660254037844386;0.5000000000000001;-0.9749279121818236;-0.2225209339563146;22.72;24.51;25.81;26.58;3.9612676056338225;-0.8293321693583655;-1.7900000000000027;23.592857142857145;26.12333333333333;0.6440940481527462;1;0;1
2024-02-25;23.39;2024;2;25;6;56;1;1;0.8660254037844386;0.5000000000000001;-0.7818314824680299;0.6234898018587334;23.62;24.07;25.62;26.94;-0.9737510584250653;3.9612676056338225;-0.4499999999999993;23.465714285714284;26.02466666666667;0.5058938341562023;1;0;1
2024-02-26;23.99;2024;2;26;0;57;1;1;0.8660254037844386;0.5000000000000001;0.0;1.0;23.39;23.3;25.36;27.09;2.5651988029072204;-0.9737510584250653;0.08999999999999986;23.368571428571425;25.906333333333333;0.43013286984722526;1;0;1
2024-02-27;24.4;2024;2;27;1;58;1;1;0.8660254037844386;0.5000000000000001;0.7818314824680298;0.6234898018587336;23.99;23.86;25.15;28.02;1.7090454355981777;2.5651988029072204;0.129999999999999;23.467142857142854;25.802999999999997;0.4870904873489457;1;0;1
2024-02-28;25.06;2024;2;28;2;59;1;1;0.8660254037844386;0.5000000000000001;0.9749279121818236;-0.22252093395631434;24.4;23.78;24.43;27.41;2.704918032786896;1.7090454355981777;0.6199999999999974;23.544285714285714;25.68233333333333;0.5912939805521746;1;0;1
2024-02-29;24.45;2024;2;29;3;60;1;1;0.8660254037844386;0.5000000000000001;0.43388373911755823;-0.900968867902419;25.06;22.91;24.45;28.71;-2.434158020750199;2.704918032786896;2.1499999999999986;23.72714285714286;25.604;0.8271983697189839;1;0;1
2024-03-01;25.22;2024;3;1;4;61;1;1;1.0;6.123233995736766e-17;-0.433883739117558;-0.9009688679024191;24.45;22.72;24.65;28.91;3.1492842535787213;-2.434158020750199;1.7300000000000004;23.947142857142858;25.462;0.7769108547310974;1;0;1
2024-03-02;24.72;2024;3;2;5;62;1;1;1.0;6.123233995736766e-17;-0.9749279121818236;-0.2225209339563146;25.22;23.62;24.51;27.63;-1.9825535289452856;3.1492842535787213;1.5999999999999979;24.304285714285715;25.339;0.6883520693925308;1;0;1
2024-03-03;25.03;2024;3;3;6;63;1;1;1.0;6.123233995736766e-17;-0.7818314824680299;0.6234898018587334;24.72;23.39;24.07;28.19;1.2540453074433744;-1.9825535289452856;1.3299999999999983;24.46142857142857;25.242;0.6291112400754799;1;0;1
2024-03-04;26.52;2024;3;4;0;64;1;1;1.0;6.123233995736766e-17;0.0;1.0;25.03;23.99;23.3;28.31;5.952856572113463;1.2540453074433744;1.0400000000000027;24.69571428571428;25.136666666666663;0.44078933528786235;1;0;1
2024-03-05;27.29;2024;3;5;1;65;1;1;1.0;6.123233995736766e-17;0.7818314824680298;0.6234898018587336;26.52;24.4;23.86;29.48;2.903469079939658;5.952856572113463;2.120000000000001;25.057142857142857;25.076999999999998;0.7166290134130051;1;0;1
2024-03-06;26.01;2024;3;6;2;66;1;1;1.0;6.123233995736766e-17;0.9749279121818236;-0.22252093395631434;27.29;25.06;23.78;27.68;-4.690362770245504;2.903469079939658;2.2300000000000004;25.47;25.004;1.0361788777400747;1;0;1
2024-03-07;25.81;2024;3;7;3;67;1;1;1.0;6.123233995736766e-17;0.43388373911755823;-0.900968867902419;26.01;24.45;22.91;27.56;-0.7689350249904026;-4.690362770245504;1.5600000000000023;25.60571428571428;24.948333333333334;1.0357421999560863;1;0;1
2024-03-08;26.28;2024;3;8;4;68;1;1;1.0;6.123233995736766e-17;-0.433883739117558;-0.9009688679024191;25.81;25.22;22.72;27.27;1.8209996125532868;-0.7689350249904026;0.5899999999999999;25.8;24.889999999999997;0.9017020941944015;1;0;1
2024-03-09;26.86;2024;3;9;5;69;1;1;1.0;6.123233995736766e-17;-0.9749279121818236;-0.2225209339563146;26.28;24.72;23.62;26.86;2.2070015220700068;1.8209996125532868;1.5600000000000023;25.951428571428572;24.857000000000003;0.8767255095270524;1;0;1
2024-03-10;26.75;2024;3;10;6;70;1;1;1.0;6.123233995736766e-17;-0.7818314824680299;0.6234898018587334;26.86;25.03;23.39;26.44;-0.4095309009679804;2.2070015220700068;1.8299999999999983;26.25714285714286;24.856999999999996;0.7378733921648678;1;0;1
2024-03-11;24.92;2024;3;11;0;71;1;1;1.0;6.123233995736766e-17;0.0;1.0;26.75;26.52;23.99;25.81;-6.841121495327096;-0.4095309009679804;0.23000000000000043;26.502857142857145;24.86733333333333;0.5133457017755898;1;0;1
2024-03-12;24.76;2024;3;12;1;72;1;1;1.0;6.123233995736766e-17;0.7818314824680298;0.6234898018587336;24.92;27.29;24.4;25.62;-0.6420545746388395;-6.841121495327096;-2.3699999999999974;26.274285714285714;24.837666666666667;0.7874612613347899;1;0;1
2024-03-13;24.84;2024;3;13;2;73;1;1;1.0;6.123233995736766e-17;0.9749279121818236;-0.22252093395631434;24.76;26.01;25.06;25.36;0.3231017770597644;-0.6420545746388395;-1.25;25.912857142857145;24.809;0.8233612873651961;1;0;1
2024-03-14;25.71;2024;3;14;3;74;1;1;1.0;6.123233995736766e-17;0.43388373911755823;-0.900968867902419;24.84;25.81;24.45;25.15;3.5024154589371914;0.3231017770597644;-0.9699999999999989;25.74571428571429;24.791666666666668;0.9141089859000181;1;0;1
2024-03-15;27.23;2024;3;15;4;75;1;1;1.0;6.123233995736766e-17;-0.433883739117558;-0.9009688679024191;25.71;26.28;25.22;24.43;5.912096460521199;3.5024154589371914;-0.5700000000000003;25.731428571428573;24.810333333333332;0.9137182018482936;1;0;1
2024-03-16;27.74;2024;3;16;5;76;1;1;1.0;6.123233995736766e-17;-0.9749279121818236;-0.2225209339563146;27.23;26.86;24.72;24.45;1.8729342636797597;5.912096460521199;0.370000000000001;25.86714285714286;24.903666666666666;1.0665476124072892;1;0;1
2024-03-17;28.02;2024;3;17;6;77;1;1;1.0;6.123233995736766e-17;-0.7818314824680299;0.6234898018587334;27.74;26.75;25.03;24.65;1.0093727469358438;1.8729342636797597;0.9899999999999984;25.99285714285714;25.013333333333332;1.240721756155792;1;0;1
2024-03-18;28.65;2024;3;18;0;78;1;1;1.0;6.123233995736766e-17;0.0;1.0;28.02;24.92;26.52;24.51;2.24839400428265;1.0093727469358438;3.099999999999998;26.174285714285713;25.125666666666667;1.44579686382159;1;0;1
2024-03-19;28.75;2024;3;19;1;79;1;1;1.0;6.123233995736766e-17;0.7818314824680298;0.6234898018587336;28.65;24.76;27.29;24.07;0.3490401396160525;2.24839400428265;3.889999999999997;26.70714285714286;25.263666666666666;1.58694375331896;1;0;1
2024-03-20;27.89;2024;3;20;2;80;1;1;1.0;6.123233995736766e-17;0.9749279121818236;-0.22252093395631434;28.75;24.84;26.01;23.3;-2.991304347826085;0.3490401396160525;3.91;27.277142857142856;25.419666666666664;1.4842474443966136;1;0;1
2024-03-21;26.38;2024;3;21;3;81;1;1;1.0;6.123233995736766e-17;0.43388373911755823;-0.900968867902419;27.89;25.71;25.81;23.86;-5.414126927214058;-2.991304347826085;2.1799999999999997;27.712857142857143;25.57266666666667;1.026721550793787;1;0;1
2024-03-22;27.57;2024;3;22;4;82;1;1;1.0;6.123233995736766e-17;-0.433883739117558;-0.9009688679024191;26.38;27.23;26.28;23.78;4.510993176648981;-5.414126927214058;-0.8500000000000014;27.80857142857143;25.65666666666667;0.8191342700608841;1;0;1
2024-03-23;26.97;2024;3;23;5;83;1;1;1.0;6.123233995736766e-17;-0.9749279121818236;-0.2225209339563146;27.57;27.74;26.86;22.91;-2.1762785636561532;4.510993176648981;-0.16999999999999815;27.857142857142858;25.783;0.7886214614953229;1;0;1
2024-03-24;27.24;2024;3;24;6;84;1;1;1.0;6.123233995736766e-17;-0.7818314824680299;0.6234898018587334;26.97;28.02;26.75;22.72;1.0011123470522687;-2.1762785636561532;-1.0500000000000007;27.747142857142858;25.918333333333333;0.8583067494769702;1;0;1
2024-03-25;28.16;2024;3;25;0;85;1;1;1.0;6.123233995736766e-17;0.0;1.0;27.24;28.65;24.92;23.62;3.3773861967694607;1.0011123470522687;-1.4100000000000001;27.635714285714283;26.069000000000003;0.8675608939833495;1;0;1
2024-03-26;27.12;2024;3;26;1;86;1;1;1.0;6.123233995736766e-17;0.7818314824680298;0.6234898018587336;28.16;28.75;24.76;23.39;-3.693181818181812;3.3773861967694607;-0.5899999999999999;27.565714285714282;26.220333333333333;0.7882228353089915;1;0;1
2024-03-27;27.58;2024;3;27;2;87;1;1;1.0;6.123233995736766e-17;0.9749279121818236;-0.22252093395631434;27.12;27.89;24.84;23.99;1.6961651917404064;-3.693181818181812;-0.7699999999999996;27.33285714285714;26.34466666666667;0.5978214417347884;1;0;1
2024-03-28;27.31;2024;3;28;3;88;1;1;1.0;6.123233995736766e-17;0.43388373911755823;-0.900968867902419;27.58;26.38;25.71;24.4;-0.978970268310364;1.6961651917404064;1.1999999999999993;27.28857142857143;26.464333333333336;0.5599532293460039;1;0;1
2024-03-29;27.79;2024;3;29;4;89;1;1;1.0;6.123233995736766e-17;-0.433883739117558;-0.9009688679024191;27.31;27.57;27.23;25.06;1.7575979494690586;-0.978970268310364;-0.26000000000000156;27.42142857142857;26.561333333333334;0.3942684606394158;1;0;1
2024-03-30;28.64;2024;3;30;5;90;1;1;1.0;6.123233995736766e-17;-0.9749279121818236;-0.2225209339563146;27.79;26.97;27.74;24.45;3.058654192155452;1.7575979494690586;0.8200000000000003;27.452857142857145;26.65233333333333;0.41624168804252165;1;0;1
2024-03-31;29.11;2024;3;31;6;91;1;1;1.0;6.123233995736766e-17;-0.7818314824680299;0.6234898018587334;28.64;27.24;28.02;25.22;1.64106145251397;3.058654192155452;1.4000000000000021;27.691428571428567;26.791999999999998;0.5503462113871767;1;0;1
2024-04-01;29.67;2024;4;1;0;92;2;1;0.8660254037844387;-0.4999999999999998;0.0;1.0;29.11;28.16;28.65;24.72;1.9237375472346274;1.64106145251397;0.9499999999999993;27.958571428571428;26.921666666666667;0.7218362827226106;1;0;1
2024-04-02;26.8;2024;4;2;1;93;2;1;0.8660254037844387;-0.4999999999999998;0.7818314824680298;0.6234898018587336;29.67;27.12;28.75;25.03;-9.673070441523423;1.9237375472346274;2.5500000000000007;28.174285714285713;27.086666666666666;0.973736054980513;1;0;1
2024-04-03;26.0;2024;4;3;2;94;2;1;0.8660254037844387;-0.4999999999999998;0.9749279121818236;-0.22252093395631434;26.8;27.58;27.89;26.52;-2.985074626865669;-9.673070441523423;-0.7799999999999976;28.12857142857143;27.145666666666667;1.0369414733024915;1;0;1
2024-04-04;26.33;2024;4;4;3;95;2;1;0.8660254037844387;-0.4999999999999998;0.43388373911755823;-0.900968867902419;26.0;27.31;26.38;27.29;1.2692307692307558;-2.985074626865669;-1.3099999999999987;27.90285714285714;27.128333333333334;1.3117890364680107;1;0;1
2024-04-05;26.83;2024;4;5;4;96;2;1;0.8660254037844387;-0.4999999999999998;-0.433883739117558;-0.9009688679024191;26.33;27.79;27.57;26.01;1.898974553740973;1.2692307692307558;-1.4600000000000009;27.76285714285714;27.096333333333334;1.4323606888156295;1;0;1
2024-04-06;27.55;2024;4;6;5;97;2;1;0.8660254037844387;-0.4999999999999998;-0.9749279121818236;-0.2225209339563146;26.83;28.64;26.97;25.81;2.6835631755497635;1.898974553740973;-1.8100000000000023;27.625714285714285;27.123666666666665;1.4746621889218758;1;0;1
2024-04-07;27.01;2024;4;7;6;98;2;1;0.8660254037844387;-0.4999999999999998;-0.7818314824680299;0.6234898018587334;27.55;29.11;27.24;26.28;-1.9600725952813036;2.6835631755497635;-1.5599999999999987;27.470000000000002;27.18166666666667;1.405643387684327;1;0;1
2024-04-08;27.86;2024;4;8;0;99;2;1;0.8660254037844387;-0.4999999999999998;0.0;1.0;27.01;29.67;28.16;26.86;3.1469825990373845;-1.9600725952813036;-2.66;27.169999999999998;27.206;1.2074076914368117;1;0;1
2024-04-09;27.61;2024;4;9;1;100;2;1;0.8660254037844387;-0.4999999999999998;0.7818314824680298;0.6234898018587336;27.86;26.8;27.12;26.75;-0.8973438621679874;3.1469825990373845;1.0599999999999987;26.91142857142857;27.239333333333335;0.6461534536948699;1;0;1
2024-04-10;27.87;2024;4;10;2;101;2;1;0.8660254037844387;-0.4999999999999998;0.9749279121818236;-0.22252093395631434;27.61;26.0;27.58;24.92;0.9416877942774349;-0.8973438621679874;1.6099999999999994;27.027142857142856;27.268000000000004;0.6936549162693411;1;0;1
2024-04-11;29.62;2024;4;11;3;102;2;1;0.8660254037844387;-0.4999999999999998;0.43388373911755823;-0.900968867902419;27.87;26.33;27.31;24.76;6.279153211338362;0.9416877942774349;1.5400000000000027;27.294285714285714;27.366333333333333;0.5834911351248611;1;0;1
2024-04-12;30.13;2024;4;12;4;103;2;1;0.8660254037844387;-0.4999999999999998;-0.433883739117558;-0.9009688679024191;29.62;26.83;27.79;24.84;1.721809588116141;6.279153211338362;2.7900000000000027;27.764285714285716;27.528333333333332;0.9106381854332382;1;0;1
2024-04-13;29.54;2024;4;13;5;104;2;1;0.8660254037844387;-0.4999999999999998;-0.9749279121818236;-0.2225209339563146;30.13;27.55;28.64;25.71;-1.9581812147361433;1.721809588116141;2.5799999999999983;28.235714285714288;27.704666666666665;1.165015838848975;1;0;1
2024-04-14;31.1;2024;4;14;6;105;2;1;0.8660254037844387;-0.4999999999999998;-0.7818314824680299;0.6234898018587334;29.54;27.01;29.11;27.23;5.280974949221395;-1.9581812147361433;2.5299999999999976;28.520000000000003;27.832333333333334;1.2116655204058229;1;0;1
2024-04-15;31.05;2024;4;15;0;106;2;1;0.8660254037844387;-0.4999999999999998;0.0;1.0;31.1;27.86;29.67;27.74;-0.1607717041800627;5.280974949221395;3.240000000000002;29.104285714285712;27.961333333333336;1.3413532612385735;1;0;1
2024-04-16;33.05;2024;4;16;1;107;2;1;0.8660254037844387;-0.4999999999999998;0.7818314824680298;0.6234898018587336;31.05;27.61;26.8;28.02;6.4412238325281646;-0.1607717041800627;3.4400000000000013;29.560000000000002;28.071666666666665;1.3891964104018188;1;0;1
2024-04-17;30.7;2024;4;17;2;108;2;1;0.8660254037844387;-0.4999999999999998;0.9749279121818236;-0.22252093395631434;33.05;27.87;26.0;28.65;-7.110438729198176;6.4412238325281646;5.179999999999996;30.337142857142858;28.239333333333335;1.619112043538117;1;0;1
2024-04-18;32.18;2024;4;18;3;109;2;1;0.8660254037844387;-0.4999999999999998;0.43388373911755823;-0.900968867902419;30.7;29.62;26.33;28.75;4.820846905537457;-7.110438729198176;1.0799999999999983;30.74142857142857;28.307666666666666;1.1992974133718959;1;0;1
2024-04-19;30.5;2024;4;19;4;110;2;1;0.8660254037844387;-0.4999999999999998;-0.433883739117558;-0.9009688679024191;32.18;30.13;26.83;27.89;-5.220633934120567;4.820846905537457;2.0500000000000007;31.107142857142858;28.422000000000004;1.190626085803847;1;0;1
2024-04-20;30.49;2024;4;20;5;111;2;1;0.8660254037844387;-0.4999999999999998;-0.9749279121818236;-0.2225209339563146;30.5;29.54;27.55;26.38;-0.03278688524590567;-5.220633934120567;0.9600000000000009;31.16;28.509;1.1474464402922817;1;0;1
2024-04-21;30.61;2024;4;21;6;112;2;1;0.8660254037844387;-0.4999999999999998;-0.7818314824680299;0.6234898018587334;30.49;31.1;27.01;27.57;0.39357166284028633;-0.03278688524590567;-0.610000000000003;31.295714285714286;28.646;0.9656924483332957;1;0;1
2024-04-22;29.15;2024;4;22;0;113;2;1;0.8660254037844387;-0.4999999999999998;0.0;1.0;30.61;31.05;27.86;26.97;-4.769683110094746;0.39357166284028633;-0.4400000000000013;31.225714285714286;28.747333333333334;0.9994141140861708;1;0;1
2024-04-23;28.65;2024;4;23;1;114;2;1;0.8660254037844387;-0.4999999999999998;0.7818314824680298;0.6234898018587336;29.15;33.05;27.61;27.24;-1.715265866209259;-4.769683110094746;-3.8999999999999986;30.95428571428571;28.82;1.2750798294360774;1;0;1
2024-04-24;29.43;2024;4;24;2;115;2;1;0.8660254037844387;-0.4999999999999998;0.9749279121818236;-0.22252093395631434;28.65;30.7;27.87;28.16;2.7225130890052407;-1.715265866209259;-2.0500000000000007;30.325714285714287;28.867;1.1479671473674449;1;0;1
2024-04-25;30.27;2024;4;25;3;116;2;1;0.8660254037844387;-0.4999999999999998;0.43388373911755823;-0.900968867902419;29.43;32.18;29.62;27.12;2.854230377166167;2.7225130890052407;-2.75;30.14428571428571;28.909333333333333;1.178895770669179;1;0;1
2024-04-26;29.21;2024;4;26;4;117;2;1;0.8660254037844387;-0.4999999999999998;-0.433883739117558;-0.9009688679024191;30.27;30.5;30.13;27.58;-3.501816980508754;2.854230377166167;-0.23000000000000043;29.871428571428567;29.014333333333333;0.7841434514089147;1;0;1
2024-04-27;29.67;2024;4;27;5;118;2;1;0.8660254037844387;-0.4999999999999998;-0.9749279121818236;-0.2225209339563146;29.21;30.49;29.54;27.31;1.5748031496062964;-3.501816980508754;-1.2799999999999976;29.687142857142852;29.068666666666665;0.7631014411796142;1;0;1
2024-04-28;29.99;2024;4;28;6;119;2;1;0.8660254037844387;-0.4999999999999998;-0.7818314824680299;0.6234898018587334;29.67;30.61;31.1;27.79;1.0785305021907554;1.5748031496062964;-0.9399999999999977;29.57;29.147333333333332;0.6774461848294431;1;0;1
2024-04-29;28.26;2024;4;29;0;120;2;1;0.8660254037844387;-0.4999999999999998;0.0;1.0;29.99;29.15;31.05;28.64;-5.768589529843271;1.0785305021907554;0.8399999999999999;29.48142857142857;29.220666666666666;0.546730542151205;1;0;1
2024-04-30;29.52;2024;4;30;1;121;2;1;0.8660254037844387;-0.4999999999999998;0.7818314824680298;0.6234898018587336;28.26;28.65;33.05;29.11;4.458598726114649;-5.768589529843271;-0.389999999999997;29.354285714285716;29.207999999999995;0.7144195112830736;1;0;1
2024-05-01;29.12;2024;5;1;2;122;2;1;0.49999999999999994;-0.8660254037844387;0.9749279121818236;-0.22252093395631434;29.52;29.43;30.7;29.67;-1.3550135501354976;4.458598726114649;0.08999999999999986;29.478571428571428;29.22166666666667;0.6436466052016565;1;0;1
2024-05-02;30.56;2024;5;2;3;123;2;1;0.49999999999999994;-0.8660254037844387;0.43388373911755823;-0.900968867902419;29.12;30.27;32.18;26.8;4.9450549450549275;-1.3550135501354976;-1.1499999999999986;29.434285714285714;29.203333333333333;0.6580490646108779;1;0;1
2024-05-03;30.63;2024;5;3;4;124;2;1;0.49999999999999994;-0.8660254037844387;-0.433883739117558;-0.9009688679024191;30.56;29.21;30.5;26.0;0.22905759162303863;4.9450549450549275;1.3499999999999979;29.475714285714282;29.328666666666667;0.7251403805024494;1;0;1
2024-05-04;29.76;2024;5;4;5;125;2;1;0.49999999999999994;-0.8660254037844387;-0.9749279121818236;-0.2225209339563146;30.63;29.67;30.49;26.33;-2.8403525954945996;0.22905759162303863;0.9599999999999973;29.678571428571427;29.483;0.8295265431081048;1;0;1
2024-05-05;30.41;2024;5;5;6;126;2;1;0.49999999999999994;-0.8660254037844387;-0.7818314824680299;0.6234898018587334;29.76;29.99;30.61;26.83;2.1841397849462263;-2.8403525954945996;-0.22999999999999687;29.69142857142857;29.59733333333333;0.8300688439646908;1;0;1
2024-05-06;32.15;2024;5;6;0;127;2;1;0.49999999999999994;-0.8660254037844387;0.0;1.0;30.41;28.26;29.15;27.55;5.721802038803014;2.1841397849462263;2.1499999999999986;29.751428571428573;29.716666666666665;0.8694908198025196;1;0;1
2024-05-07;30.72;2024;5;7;1;128;2;1;0.49999999999999994;-0.8660254037844387;0.7818314824680298;0.6234898018587336;32.15;29.52;28.65;27.01;-4.447900466562982;5.721802038803014;2.629999999999999;30.307142857142853;29.87;0.9918957318506443;1;0;1
2024-05-08;30.25;2024;5;8;2;129;2;1;0.49999999999999994;-0.8660254037844387;0.9749279121818236;-0.22252093395631434;30.72;29.12;29.43;27.86;-1.529947916666663;-4.447900466562982;1.5999999999999979;30.47857142857143;29.993666666666666;0.9352616135181695;1;0;1
2024-05-09;30.77;2024;5;9;3;130;2;1;0.49999999999999994;-0.8660254037844387;0.43388373911755823;-0.900968867902419;30.25;30.56;30.27;27.61;1.7190082644628069;-1.529947916666663;-0.3099999999999987;30.640000000000004;30.07333333333333;0.7385120175097153;1;0;1
2024-05-10;30.13;2024;5;10;4;131;2;1;0.49999999999999994;-0.8660254037844387;-0.433883739117558;-0.9009688679024191;30.77;30.63;29.21;27.87;-2.0799480012999694;1.7190082644628069;0.14000000000000057;30.669999999999998;30.17866666666667;0.7389857914779282;1;0;1
2024-05-11;29.35;2024;5;11;5;132;2;1;0.49999999999999994;-0.8660254037844387;-0.9749279121818236;-0.2225209339563146;30.13;29.76;29.67;29.62;-2.588781944905405;-2.0799480012999694;0.36999999999999744;30.59857142857143;30.254;0.7671251217286762;1;0;1
2024-05-12;30.0;2024;5;12;6;133;2;1;0.49999999999999994;-0.8660254037844387;-0.7818314824680299;0.6234898018587334;29.35;30.41;29.99;30.13;2.2146507666098714;-2.588781944905405;-1.0599999999999987;30.539999999999996;30.244999999999997;0.8527015890722285;1;0;1
2024-05-13;29.23;2024;5;13;0;134;2;1;0.49999999999999994;-0.8660254037844387;0.0;1.0;30.0;32.15;28.26;29.54;-2.5666666666666615;2.2146507666098714;-2.1499999999999986;30.481428571428573;30.240666666666662;0.876858570344885;1;0;1
2024-05-14;29.81;2024;5;14;1;135;2;1;0.49999999999999994;-0.8660254037844387;0.7818314824680298;0.6234898018587336;29.23;30.72;29.52;31.1;1.9842627437564042;-2.5666666666666615;-1.4899999999999984;30.064285714285717;30.23033333333333;0.6023801995155289;1;0;1
2024-05-15;29.85;2024;5;15;2;136;2;1;0.49999999999999994;-0.8660254037844387;0.9749279121818236;-0.22252093395631434;29.81;30.25;29.12;31.05;0.13418316001343467;1.9842627437564042;-0.4400000000000013;29.934285714285718;30.187333333333335;0.5312832622701497;1;0;1
2024-05-16;30.81;2024;5;16;3;137;2;1;0.49999999999999994;-0.8660254037844387;0.43388373911755823;-0.900968867902419;29.85;30.77;30.56;33.05;3.2160804020100464;0.13418316001343467;-0.9199999999999982;29.87714285714286;30.147333333333336;0.5128584692976581;1;0;1
2024-05-17;30.98;2024;5;17;4;138;2;1;0.49999999999999994;-0.8660254037844387;-0.433883739117558;-0.9009688679024191;30.81;30.13;30.63;30.7;0.5517689061993014;3.2160804020100464;0.6799999999999997;29.882857142857144;30.072666666666667;0.5245542325285998;1;0;1
2024-05-18;31.65;2024;5;18;5;139;2;1;0.49999999999999994;-0.8660254037844387;-0.9749279121818236;-0.2225209339563146;30.98;29.35;29.76;32.18;2.162685603615233;0.5517689061993014;1.629999999999999;30.004285714285714;30.082;0.6696232060657117;1;0;1
2024-05-19;31.61;2024;5;19;6;140;2;1;0.49999999999999994;-0.8660254037844387;-0.7818314824680299;0.6234898018587334;31.65;30.0;30.41;30.5;-0.1263823064770908;2.162685603615233;1.6499999999999986;30.332857142857144;30.06433333333333;0.8381470492681151;1;0;1
2024-05-20;32.35;2024;5;20;0;141;2;1;0.49999999999999994;-0.8660254037844387;0.0;1.0;31.61;29.23;32.15;30.49;2.34103131920278;-0.1263823064770908;2.379999999999999;30.562857142857144;30.101333333333333;0.9455988276554892;1;0;1
2024-05-21;33.46;2024;5;21;1;142;2;1;0.49999999999999994;-0.8660254037844387;0.7818314824680298;0.6234898018587336;32.35;29.81;30.72;30.61;3.431221020092723;2.34103131920278;2.5400000000000027;31.00857142857143;30.163333333333334;0.947952681161052;1;0;1
2024-05-22;35.13;2024;5;22;2;143;2;1;0.49999999999999994;-0.8660254037844387;0.9749279121818236;-0.22252093395631434;33.46;29.85;30.25;29.15;4.9910340705319856;3.431221020092723;3.6099999999999994;31.529999999999998;30.258333333333333;1.1591232318751232;1;0;1
2024-05-23;35.88;2024;5;23;3;144;2;1;0.49999999999999994;-0.8660254037844387;0.43388373911755823;-0.900968867902419;35.13;30.81;30.77;28.65;2.1349274124679685;4.9910340705319856;4.320000000000004;32.284285714285716;30.457666666666665;1.539284001768661;1;0;1
2024-05-24;34.62;2024;5;24;4;145;2;1;0.49999999999999994;-0.8660254037844387;-0.433883739117558;-0.9009688679024191;35.88;30.98;30.13;29.43;-3.511705685618738;2.1349274124679685;4.900000000000002;33.00857142857143;30.698666666666668;1.8841393134230813;1;0;1
2024-05-25;34.3;2024;5;25;5;146;2;1;0.49999999999999994;-0.8660254037844387;-0.9749279121818236;-0.2225209339563146;34.62;31.65;29.35;30.27;-0.9243212016175617;-3.511705685618738;2.969999999999999;33.52857142857143;30.871666666666666;1.7266868908556865;1;0;1
2024-05-26;34.48;2024;5;26;6;147;2;1;0.49999999999999994;-0.8660254037844387;-0.7818314824680299;0.6234898018587334;34.3;31.61;30.0;29.21;0.5247813411078717;-0.9243212016175617;2.6899999999999977;33.90714285714286;31.006000000000004;1.5248793863326582;1;0;1
2024-05-27;35.74;2024;5;27;0;148;2;1;0.49999999999999994;-0.8660254037844387;0.0;1.0;34.48;32.35;29.23;29.67;3.6542923433874774;0.5247813411078717;2.1299999999999955;34.31714285714286;31.18166666666667;1.1420845602940786;1;0;1
2024-05-28;34.22;2024;5;28;1;149;2;1;0.49999999999999994;-0.8660254037844387;0.7818314824680298;0.6234898018587336;35.74;33.46;29.81;29.99;-4.252937884723007;3.6542923433874774;2.280000000000001;34.801428571428566;31.384000000000004;0.850420064273585;1;0;1
2024-05-29;34.35;2024;5;29;2;150;2;1;0.49999999999999994;-0.8660254037844387;0.9749279121818236;-0.22252093395631434;34.22;35.13;29.85;28.26;0.3798947983635337;-4.252937884723007;-0.9100000000000037;34.91;31.525;0.6825686778667504;1;0;1
2024-05-30;35.34;2024;5;30;3;151;2;1;0.49999999999999994;-0.8660254037844387;0.43388373911755823;-0.900968867902419;34.35;35.88;30.81;29.52;2.882096069869;0.3798947983635337;-1.5300000000000011;34.79857142857143;31.728;0.7039987824698922;1;0;1
2024-05-31;34.5;2024;5;31;4;152;2;1;0.49999999999999994;-0.8660254037844387;-0.433883739117558;-0.9009688679024191;35.34;34.62;30.98;29.12;-2.37691001697794;2.882096069869;0.720000000000006;34.721428571428575;31.922;0.5853326282714123;1;0;1
2024-06-01;33.85;2024;6;1;5;153;2;1;1.2246467991473532e-16;-1.0;-0.9749279121818236;-0.2225209339563146;34.5;34.3;31.65;30.56;-1.8840579710144856;-2.37691001697794;0.20000000000000284;34.70428571428572;32.10133333333333;0.5905324474009973;1;0;1
2024-06-02;34.85;2024;6;2;6;154;2;1;1.2246467991473532e-16;-1.0;-0.7818314824680299;0.6234898018587334;33.85;34.48;31.61;30.63;2.954209748892178;-1.8840579710144856;-0.6299999999999955;34.64;32.211;0.6620422947250908;1;0;1
2024-06-03;36.47;2024;6;3;0;155;2;1;1.2246467991473532e-16;-1.0;0.0;1.0;34.85;35.74;32.35;29.76;4.648493543758958;2.954209748892178;-0.8900000000000006;34.69285714285714;32.35166666666667;0.6619092154734313;1;0;1
2024-06-04;34.8;2024;6;4;1;156;2;1;1.2246467991473532e-16;-1.0;0.7818314824680298;0.6234898018587336;36.47;34.22;33.46;30.41;-4.579106114614762;4.648493543758958;2.25;34.79714285714286;32.57533333333333;0.8769590314615301;1;0;1
2024-06-05;34.04;2024;6;5;2;157;2;1;1.2246467991473532e-16;-1.0;0.9749279121818236;-0.22252093395631434;34.8;34.35;35.13;32.15;-2.183908045977001;-4.579106114614762;0.44999999999999574;34.88;32.72166666666667;0.8399603165257886;1;0;1
2024-06-06;33.96;2024;6;6;3;158;2;1;1.2246467991473532e-16;-1.0;0.43388373911755823;-0.900968867902419;34.04;35.34;35.88;30.72;-0.235017626321965;-2.183908045977001;-1.3000000000000043;34.83571428571428;32.784666666666666;0.879788935730246;1;0;1
2024-06-07;33.4;2024;6;7;4;159;2;1;1.2246467991473532e-16;-1.0;-0.433883739117558;-0.9009688679024191;33.96;34.5;34.62;30.25;-1.6489988221437102;-0.235017626321965;-0.5399999999999991;34.638571428571424;32.89266666666667;0.9022828191421741;1;0;1
2024-06-08;33.78;2024;6;8;5;160;2;1;1.2246467991473532e-16;-1.0;-0.9749279121818236;-0.2225209339563146;33.4;33.85;34.3;30.77;1.1377245508982003;-1.6489988221437102;-0.45000000000000284;34.481428571428566;32.99766666666667;1.0187153441398031;1;0;1
2024-06-09;33.86;2024;6;9;6;161;2;1;1.2246467991473532e-16;-1.0;-0.7818314824680299;0.6234898018587334;33.78;34.85;34.48;30.13;0.2368265245707546;1.1377245508982003;-1.0700000000000003;34.47142857142857;33.098;1.0262622889491821;1;0;1
2024-06-10;35.02;2024;6;10;0;162;2;1;1.2246467991473532e-16;-1.0;0.0;1.0;33.86;36.47;35.74;29.35;3.4258712344949815;0.2368265245707546;-2.6099999999999994;34.33;33.22233333333333;1.0335859906195444;1;0;1
2024-06-11;34.55;2024;6;11;1;163;2;1;1.2246467991473532e-16;-1.0;0.7818314824680298;0.6234898018587336;35.02;34.8;34.22;30.0;-1.342090234151927;3.4258712344949815;0.22000000000000597;34.12285714285714;33.41133333333333;0.578207410475581;1;0;1
2024-06-12;35.26;2024;6;12;2;164;2;1;1.2246467991473532e-16;-1.0;0.9749279121818236;-0.22252093395631434;34.55;34.04;34.35;29.23;2.0549927641099863;-1.342090234151927;0.509999999999998;34.08714285714286;33.563;0.535559342677253;1;0;1
2024-06-13;35.75;2024;6;13;3;165;2;1;1.2246467991473532e-16;-1.0;0.43388373911755823;-0.900968867902419;35.26;33.96;35.34;29.81;1.3896766874645472;2.0549927641099863;1.2999999999999972;34.26142857142857;33.764;0.693023053286083;1;0;1
2024-06-14;35.5;2024;6;14;4;166;2;1;1.2246467991473532e-16;-1.0;-0.433883739117558;-0.9009688679024191;35.75;33.4;34.5;29.85;-0.6993006993006978;1.3896766874645472;2.3500000000000014;34.51714285714286;33.962;0.8707221961464273;1;0;1
2024-06-15;34.19;2024;6;15;5;167;2;1;1.2246467991473532e-16;-1.0;-0.9749279121818236;-0.2225209339563146;35.5;33.78;33.85;30.81;-3.690140845070433;-0.6993006993006978;1.7199999999999989;34.817142857142855;34.150333333333336;0.778560943575994;1;0;1
2024-06-16;34.77;2024;6;16;6;168;2;1;1.2246467991473532e-16;-1.0;-0.7818314824680299;0.6234898018587334;34.19;33.86;34.85;30.98;1.6964024568587366;-3.690140845070433;0.3299999999999983;34.87571428571429;34.263000000000005;0.6988766496552518;1;0;1
2024-06-17;34.09;2024;6;17;0;169;2;1;1.2246467991473532e-16;-1.0;0.0;1.0;34.77;35.02;36.47;31.65;-1.9557089444923736;1.6964024568587366;-0.25;35.005714285714284;34.38933333333333;0.5464691861699987;1;0;1
2024-06-18;34.22;2024;6;18;1;170;2;1;1.2246467991473532e-16;-1.0;0.7818314824680298;0.6234898018587336;34.09;34.55;34.8;31.61;0.381343502493392;-1.9557089444923736;-0.45999999999999375;34.87285714285714;34.470666666666666;0.6463413516570958;1;0;1
2024-06-19;35.38;2024;6;19;2;171;2;1;1.2246467991473532e-16;-1.0;0.9749279121818236;-0.22252093395631434;34.22;35.26;34.04;32.35;3.3898305084745894;0.381343502493392;-1.0399999999999991;34.825714285714284;34.55766666666667;0.6847105749390533;1;0;1
2024-06-20;34.49;2024;6;20;3;172;2;1;1.2246467991473532e-16;-1.0;0.43388373911755823;-0.900968867902419;35.38;35.75;33.96;33.46;-2.515545505935557;3.3898305084745894;-0.36999999999999744;34.84285714285714;34.65866666666667;0.6987539930919424;1;0;1
2024-06-21;34.0;2024;6;21;4;173;2;1;1.2246467991473532e-16;-1.0;-0.433883739117558;-0.9009688679024191;34.49;35.5;33.4;35.13;-1.4207016526529448;-2.515545505935557;-1.009999999999998;34.66285714285714;34.693;0.5779767667147226;1;0;1
2024-06-22;34.38;2024;6;22;5;174;2;1;1.2246467991473532e-16;-1.0;-0.9749279121818236;-0.2225209339563146;34.0;34.19;33.78;35.88;1.1176470588235343;-1.4207016526529448;-0.18999999999999773;34.448571428571434;34.65533333333334;0.4867384161120146;1;0;1
2024-06-23;34.35;2024;6;23;6;175;2;1;1.2246467991473532e-16;-1.0;-0.7818314824680299;0.6234898018587334;34.38;34.77;33.86;34.62;-0.08726003490401313;1.1176470588235343;-0.39000000000000057;34.47571428571429;34.60533333333333;0.4750739290891199;1;0;1
2024-06-24;34.25;2024;6;24;0;176;2;1;1.2246467991473532e-16;-1.0;0.0;1.0;34.35;34.09;35.02;34.3;-0.29112081513829047;-0.08726003490401313;0.259999999999998;34.41571428571429;34.596333333333334;0.45792492627088777;1;0;1
2024-06-25;35.31;2024;6;25;1;177;2;1;1.2246467991473532e-16;-1.0;0.7818314824680298;0.6234898018587336;34.25;34.22;34.55;34.48;3.094890510948911;-0.29112081513829047;0.030000000000001137;34.43857142857143;34.59466666666666;0.44269735981356784;1;0;1
2024-06-26;34.37;2024;6;26;2;178;2;1;1.2246467991473532e-16;-1.0;0.9749279121818236;-0.22252093395631434;35.31;35.38;35.26;35.74;-2.6621353724157637;3.094890510948911;-0.07000000000000028;34.59428571428572;34.62233333333334;0.5350656390576086;1;0;1
2024-06-27;34.39;2024;6;27;3;179;2;1;1.2246467991473532e-16;-1.0;0.43388373911755823;-0.900968867902419;34.37;34.49;35.75;34.22;0.058190282222869705;-2.6621353724157637;-0.12000000000000455;34.45;34.57666666666667;0.40926763859966625;1;0;1
2024-06-28;34.06;2024;6;28;4;180;2;1;1.2246467991473532e-16;-1.0;-0.433883739117558;-0.9009688679024191;34.39;34.0;35.5;34.35;-0.9595812736260534;0.058190282222869705;0.39000000000000057;34.43571428571429;34.58233333333333;0.4093839739171416;1;0;1
2024-06-29;34.71;2024;6;29;5;181;2;1;1.2246467991473532e-16;-1.0;-0.9749279121818236;-0.2225209339563146;34.06;34.38;34.19;35.34;1.9083969465648831;-0.9595812736260534;-0.3200000000000003;34.44428571428572;34.57266666666667;0.3992433319420464;1;0;1
2024-06-30;34.2;2024;6;30;6;182;2;1;1.2246467991473532e-16;-1.0;-0.7818314824680299;0.6234898018587334;34.71;34.35;34.77;34.5;-1.4693171996542742;1.9083969465648831;0.35999999999999943;34.49142857142857;34.55166666666666;0.40973278168323574;1;0;1
2024-07-01;33.33;2024;7;1;0;183;3;2;-0.4999999999999997;-0.8660254037844388;0.0;1.0;34.2;34.25;34.09;33.85;-2.543859649122815;-1.4693171996542742;-0.04999999999999716;34.47;34.541666666666664;0.4220979349293301;1;0;1
2024-07-02;33.33;2024;7;2;1;184;3;2;-0.4999999999999997;-0.8660254037844388;0.7818314824680298;0.6234898018587336;33.33;35.31;34.22;34.85;0.0;-2.543859649122815;-1.980000000000004;34.33857142857143;34.52433333333333;0.6054317625072311;1;0;1
2024-07-03;32.49;2024;7;3;2;185;3;2;-0.4999999999999997;-0.8660254037844388;0.9749279121818236;-0.22252093395631434;33.33;34.37;35.38;36.47;-2.5202520252025074;0.0;-1.0399999999999991;34.05571428571429;34.47366666666667;0.5342863509084013;1;0;1
2024-07-04;32.95;2024;7;4;3;186;3;2;-0.4999999999999997;-0.8660254037844388;0.43388373911755823;-0.900968867902419;32.49;34.39;34.49;34.8;1.415820252385358;-2.5202520252025074;-1.8999999999999986;33.78714285714286;34.341;0.7703400609659559;1;0;1
2024-07-05;32.38;2024;7;5;4;187;3;2;-0.4999999999999997;-0.8660254037844388;-0.433883739117558;-0.9009688679024191;32.95;34.06;34.0;34.04;-1.7298937784521962;1.415820252385358;-1.1099999999999994;33.58142857142857;34.27933333333333;0.774778002002033;1;0;1
2024-07-06;32.58;2024;7;6;5;188;3;2;-0.4999999999999997;-0.8660254037844388;-0.9749279121818236;-0.2225209339563146;32.38;34.71;34.38;33.96;0.6176652254477943;-1.7298937784521962;-2.3299999999999983;33.34142857142857;34.224000000000004;0.8576018612307007;1;0;1
2024-07-07;32.09;2024;7;7;6;189;3;2;-0.4999999999999997;-0.8660254037844388;-0.7818314824680299;0.6234898018587334;32.58;34.2;34.35;33.4;-1.5039901780233067;0.6176652254477943;-1.6200000000000045;33.03714285714286;34.178;0.6418129085094397;1;0;1
2024-07-08;31.66;2024;7;8;0;190;3;2;-0.4999999999999997;-0.8660254037844388;0.0;1.0;32.09;33.33;34.25;33.78;-1.3399813025864904;-1.5039901780233067;-1.2399999999999949;32.73571428571429;34.13433333333333;0.4796476881707744;1;0;1
2024-07-09;30.69;2024;7;9;1;191;3;2;-0.4999999999999997;-0.8660254037844388;0.7818314824680298;0.6234898018587336;31.66;33.33;35.31;33.86;-3.0638029058749128;-1.3399813025864904;-1.6699999999999982;32.497142857142855;34.06366666666667;0.5455796393405008;1;0;1
2024-07-10;30.38;2024;7;10;2;192;3;2;-0.4999999999999997;-0.8660254037844388;0.9749279121818236;-0.22252093395631434;30.69;32.49;34.37;35.02;-1.0101010101010166;-3.0638029058749128;-1.8000000000000007;32.12;33.958;0.7485986908924799;1;0;1
2024-07-11;30.58;2024;7;11;3;193;3;2;-0.4999999999999997;-0.8660254037844388;0.43388373911755823;-0.900968867902419;30.38;32.95;34.39;34.55;0.6583278472679366;-1.0101010101010166;-2.570000000000004;31.818571428571428;33.803333333333335;0.9675644435318087;1;0;1
2024-07-12;31.45;2024;7;12;4;194;3;2;-0.4999999999999997;-0.8660254037844388;-0.433883739117558;-0.9009688679024191;30.58;32.38;34.06;35.26;2.844996729888827;0.6583278472679366;-1.8000000000000043;31.48;33.671;0.9191118901814299;1;0;1
2024-07-13;31.78;2024;7;13;5;195;3;2;-0.4999999999999997;-0.8660254037844388;-0.9749279121818236;-0.2225209339563146;31.45;32.58;34.71;35.75;1.0492845786963523;2.844996729888827;-1.129999999999999;31.34714285714286;33.544;0.8302552676918594;1;0;1
2024-07-14;31.46;2024;7;14;6;196;3;2;-0.4999999999999997;-0.8660254037844388;-0.7818314824680299;0.6234898018587334;31.78;32.09;34.2;35.5;-1.0069225928256764;1.0492845786963523;-0.3100000000000023;31.232857142857142;33.41166666666667;0.6723023696200979;1;0;1
2024-07-15;31.07;2024;7;15;0;197;3;2;-0.4999999999999997;-0.8660254037844388;0.0;1.0;31.46;31.66;33.33;34.19;-1.2396694214876103;-1.0069225928256764;-0.1999999999999993;31.142857142857142;33.277;0.5733153374861317;1;0;1
2024-07-16;32.74;2024;7;16;1;198;3;2;-0.4999999999999997;-0.8660254037844388;0.7818314824680298;0.6234898018587336;31.07;30.69;33.33;34.77;5.374959768265208;-1.2396694214876103;0.379999999999999;31.05857142857143;33.173;0.5260363920116962;1;0;1
2024-07-17;32.11;2024;7;17;2;199;3;2;-0.4999999999999997;-0.8660254037844388;0.9749279121818236;-0.22252093395631434;32.74;30.38;32.49;34.09;-1.9242516799022669;5.374959768265208;2.360000000000003;31.351428571428574;33.105333333333334;0.7907049296169566;1;0;1
2024-07-18;32.65;2024;7;18;3;200;3;2;-0.4999999999999997;-0.8660254037844388;0.43388373911755823;-0.900968867902419;32.11;30.58;32.95;34.22;1.6817190906259771;-1.9242516799022669;1.5300000000000011;31.59857142857143;33.03933333333334;0.7018411161987551;1;0;1
2024-07-19;32.1;2024;7;19;4;201;3;2;-0.4999999999999997;-0.8660254037844388;-0.433883739117558;-0.9009688679024191;32.65;31.45;32.38;35.38;-1.6845329249617014;1.6817190906259771;1.1999999999999993;31.89428571428571;32.987;0.6339520787104248;1;0;1
2024-07-20;30.7;2024;7;20;5;202;3;2;-0.4999999999999997;-0.8660254037844388;-0.9749279121818236;-0.2225209339563146;32.1;31.78;32.58;34.49;-4.3613707165109155;-1.6845329249617014;0.3200000000000003;31.98714285714286;32.87766666666667;0.6049714672581391;1;0;1
2024-07-21;31.82;2024;7;21;6;203;3;2;-0.4999999999999997;-0.8660254037844388;-0.7818314824680299;0.6234898018587334;30.7;31.46;32.09;34.0;3.6482084690553807;-4.3613707165109155;-0.7600000000000016;31.832857142857144;32.751333333333335;0.7792242784953087;1;0;1
2024-07-22;31.88;2024;7;22;0;204;3;2;-0.4999999999999997;-0.8660254037844388;0.0;1.0;31.82;31.07;31.66;34.38;0.18856065367693908;3.6482084690553807;0.75;31.884285714285713;32.678666666666665;0.7622085703847343;1;0;1
2024-07-23;32.04;2024;7;23;1;205;3;2;-0.4999999999999997;-0.8660254037844388;0.7818314824680298;0.6234898018587336;31.88;32.74;30.69;34.35;0.5018820577164407;0.18856065367693908;-0.860000000000003;32.0;32.595333333333336;0.6744133252978611;1;0;1
2024-07-24;33.17;2024;7;24;2;206;3;2;-0.4999999999999997;-0.8660254037844388;0.9749279121818236;-0.22252093395631434;32.04;32.11;30.38;34.25;3.526841448189777;0.5018820577164407;-0.07000000000000028;31.900000000000002;32.51833333333333;0.5934363206551269;1;0;1
2024-07-25;32.2;2024;7;25;3;207;3;2;-0.4999999999999997;-0.8660254037844388;0.43388373911755823;-0.900968867902419;33.17;32.65;30.58;35.31;-2.9243292131444054;3.526841448189777;0.5200000000000031;32.051428571428566;32.48233333333334;0.7660815572684904;1;0;1
2024-07-26;32.93;2024;7;26;4;208;3;2;-0.4999999999999997;-0.8660254037844388;-0.433883739117558;-0.9009688679024191;32.2;32.1;31.45;34.37;2.2670807453416097;-2.9243292131444054;0.10000000000000142;31.98714285714286;32.37866666666667;0.7252749889040714;1;0;1
2024-07-27;32.92;2024;7;27;5;209;3;2;-0.4999999999999997;-0.8660254037844388;-0.9749279121818236;-0.2225209339563146;32.93;30.7;31.78;34.39;-0.03036744609777875;2.2670807453416097;2.2300000000000004;32.105714285714285;32.330666666666666;0.8097295256861042;1;0;1
2024-07-28;34.23;2024;7;28;6;210;3;2;-0.4999999999999997;-0.8660254037844388;-0.7818314824680299;0.6234898018587334;32.92;31.82;31.46;34.06;3.979343863912499;-0.03036744609777875;1.1000000000000014;32.42285714285715;32.281666666666666;0.5652348858627475;1;0;1
2024-07-29;35.57;2024;7;29;0;211;3;2;-0.4999999999999997;-0.8660254037844388;0.0;1.0;34.23;31.88;31.07;34.71;3.9146947122407294;3.979343863912499;2.349999999999998;32.76714285714286;32.287333333333336;0.8154286048020722;1;0;1
2024-07-30;35.41;2024;7;30;1;212;3;2;-0.4999999999999997;-0.8660254037844388;0.7818314824680298;0.6234898018587336;35.57;32.04;32.74;34.2;-0.44981726173742853;3.9146947122407294;3.530000000000001;33.294285714285714;32.316;1.2324346790400902;1;0;1
2024-07-31;36.39;2024;7;31;2;213;3;2;-0.4999999999999997;-0.8660254037844388;0.9749279121818236;-0.22252093395631434;35.41;33.17;32.11;33.33;2.7675797797232615;-0.44981726173742853;2.239999999999995;33.77571428571428;32.35633333333333;1.3161795361704136;1;0;1
2024-08-01;37.64;2024;8;1;3;214;3;2;-0.8660254037844385;-0.5000000000000004;0.43388373911755823;-0.900968867902419;36.39;32.2;32.65;33.33;3.4350096180269407;2.7675797797232615;4.189999999999998;34.23571428571429;32.458333333333336;1.6010606603437063;1;0;1
2024-08-02;37.53;2024;8;2;4;215;3;2;-0.8660254037844385;-0.5000000000000004;-0.433883739117558;-0.9009688679024191;37.64;32.93;32.1;32.49;-0.2922422954303894;3.4350096180269407;4.710000000000001;35.012857142857136;32.602000000000004;1.7605748520095506;1;0;1
2024-08-03;37.03;2024;8;3;5;216;3;2;-0.8660254037844385;-0.5000000000000004;-0.9749279121818236;-0.2225209339563146;37.53;32.92;30.7;32.95;-1.3322675193178757;-0.2922422954303894;4.609999999999999;35.67;32.77;1.7113639784309507;1;0;1
2024-08-04;38.81;2024;8;4;6;217;3;2;-0.8660254037844385;-0.5000000000000004;-0.7818314824680299;0.6234898018587334;37.03;34.23;31.82;32.38;4.806913313529582;-1.3322675193178757;2.8000000000000043;36.25714285714285;32.906;1.2547604590231125;1;0;1
2024-08-05;36.18;2024;8;5;0;218;3;2;-0.8660254037844385;-0.5000000000000004;0.0;1.0;38.81;35.57;31.88;32.58;-6.776603968049477;4.806913313529582;3.240000000000002;36.91142857142857;33.120333333333335;1.2150230254545542;1;0;1
2024-08-06;36.01;2024;8;6;1;219;3;2;-0.8660254037844385;-0.5000000000000004;0.7818314824680298;0.6234898018587336;36.18;35.41;32.04;32.09;-0.46987285793256284;-6.776603968049477;0.7700000000000031;36.99857142857143;33.24033333333333;1.1210178198336989;1;0;1
2024-08-07;37.96;2024;8;7;2;220;3;2;-0.8660254037844385;-0.5000000000000004;0.9749279121818236;-0.22252093395631434;36.01;36.39;33.17;31.66;5.4151624548736566;-0.46987285793256284;-0.38000000000000256;37.08428571428572;33.371;0.9951860319050632;1;0;1
2024-08-08;39.96;2024;8;8;3;221;3;2;-0.8660254037844385;-0.5000000000000004;0.43388373911755823;-0.900968867902419;37.96;37.64;32.2;30.69;5.268703898840887;5.4151624548736566;0.3200000000000003;37.308571428571426;33.580999999999996;0.9895357256736903;1;0;1
2024-08-09;39.35;2024;8;9;4;222;3;2;-0.8660254037844385;-0.5000000000000004;-0.433883739117558;-0.9009688679024191;39.96;37.53;32.93;30.38;-1.5265265265265282;5.268703898840887;2.4299999999999997;37.64;33.89;1.415768342633586;1;0;1
2024-08-10;39.78;2024;8;10;5;223;3;2;-0.8660254037844385;-0.5000000000000004;-0.9749279121818236;-0.2225209339563146;39.35;37.03;32.92;30.58;1.0927573062261775;-1.5265265265265282;2.3200000000000003;37.9;34.189;1.5526965790746106;1;0;1
2024-08-11;41.0;2024;8;11;6;224;3;2;-0.8660254037844385;-0.5000000000000004;-0.7818314824680299;0.6234898018587334;39.78;38.81;34.23;31.45;3.066867772750115;1.0927573062261775;0.9699999999999989;38.292857142857144;34.495666666666665;1.6412567774504279;1;0;1
2024-08-12;39.6;2024;8;12;0;225;3;2;-0.8660254037844385;-0.5000000000000004;0.0;1.0;41.0;36.18;35.57;31.78;-3.4146341463414553;3.066867772750115;4.82;38.605714285714285;34.814;1.9381422130737083;1;0;1
2024-08-13;39.16;2024;8;13;1;226;3;2;-0.8660254037844385;-0.5000000000000004;0.7818314824680298;0.6234898018587336;39.6;36.01;35.41;31.46;-1.1111111111111183;-3.4146341463414553;3.5900000000000034;39.09428571428572;35.074666666666666;1.631562207854188;1;0;1
2024-08-14;38.75;2024;8;14;2;227;3;2;-0.8660254037844385;-0.5000000000000004;0.9749279121818236;-0.22252093395631434;39.16;37.96;36.39;31.07;-1.0469867211440165;-1.1111111111111183;1.1999999999999957;39.544285714285714;35.33133333333333;0.9170579251594883;1;0;1
2024-08-15;39.22;2024;8;15;3;228;3;2;-0.8660254037844385;-0.5000000000000004;0.43388373911755823;-0.900968867902419;38.75;39.96;37.64;32.74;1.2129032258064498;-1.0469867211440165;-1.2100000000000009;39.65714285714286;35.58733333333334;0.7162102644193805;1;0;1
2024-08-16;39.5;2024;8;16;4;229;3;2;-0.8660254037844385;-0.5000000000000004;-0.433883739117558;-0.9009688679024191;39.22;39.35;37.53;32.11;0.7139214686384454;1.2129032258064498;-0.13000000000000256;39.55142857142857;35.803333333333335;0.7186660924125592;1;0;1
2024-08-17;39.39;2024;8;17;5;230;3;2;-0.8660254037844385;-0.5000000000000004;-0.9749279121818236;-0.2225209339563146;39.5;39.78;37.03;32.65;-0.2784810126582271;0.7139214686384454;-0.28000000000000114;39.57285714285714;36.04966666666667;0.7138794082521114;1;0;1
2024-08-18;39.76;2024;8;18;6;231;3;2;-0.8660254037844385;-0.5000000000000004;-0.7818314824680299;0.6234898018587334;39.39;41.0;38.81;32.1;0.9393247017009276;-0.2784810126582271;-1.6099999999999994;39.51714285714286;36.27433333333333;0.7102279982698583;1;0;1
2024-08-19;39.91;2024;8;19;0;232;3;2;-0.8660254037844385;-0.5000000000000004;0.0;1.0;39.76;39.6;36.18;30.7;0.37726358148892913;0.9393247017009276;0.1599999999999966;39.339999999999996;36.529666666666664;0.33341665625662176;1;0;1
2024-08-20;37.89;2024;8;20;1;233;3;2;-0.8660254037844385;-0.5000000000000004;0.7818314824680298;0.6234898018587336;39.91;39.16;36.01;31.82;-5.061388123277366;0.37726358148892913;0.75;39.38428571428572;36.836666666666666;0.3895663034254428;1;0;1
2024-08-21;37.45;2024;8;21;2;234;3;2;-0.8660254037844385;-0.5000000000000004;0.9749279121818236;-0.22252093395631434;37.89;38.75;37.96;31.88;-1.1612562681446281;-5.061388123277366;-0.8599999999999994;39.20285714285715;37.039;0.6907414925473557;1;0;1
2024-08-22;36.98;2024;8;22;3;235;3;2;-0.8660254037844385;-0.5000000000000004;0.43388373911755823;-0.900968867902419;37.45;39.22;39.96;32.04;-1.2550066755674383;-1.1612562681446281;-1.769999999999996;39.01714285714286;37.224666666666664;0.9564467973668463;1;0;1
2024-08-23;36.65;2024;8;23;4;236;3;2;-0.8660254037844385;-0.5000000000000004;-0.433883739117558;-0.9009688679024191;36.98;39.5;39.35;33.17;-0.8923742563547776;-1.2550066755674383;-2.520000000000003;38.69714285714286;37.389333333333326;1.216603390397535;1;0;1
2024-08-24;37.02;2024;8;24;5;237;3;2;-0.8660254037844385;-0.5000000000000004;-0.9749279121818236;-0.2225209339563146;36.65;39.39;39.78;32.2;1.0095497953615418;-0.8923742563547776;-2.740000000000002;38.29;37.50533333333333;1.370316265199322;1;0;1
2024-08-25;37.47;2024;8;25;6;238;3;2;-0.8660254037844385;-0.5000000000000004;-0.7818314824680299;0.6234898018587334;37.02;39.76;41.0;32.93;1.2155591572122981;1.0095497953615418;-2.739999999999995;37.951428571428565;37.666000000000004;1.3458012306370706;1;0;1
2024-08-26;38.08;2024;8;26;0;239;3;2;-0.8660254037844385;-0.5000000000000004;0.0;1.0;37.47;39.91;39.6;32.92;1.6279690419001902;1.2155591572122981;-2.4399999999999977;37.62428571428571;37.81733333333333;1.0861837957264362;1;0;1
2024-08-27;39.15;2024;8;27;1;240;3;2;-0.8660254037844385;-0.5000000000000004;0.7818314824680298;0.6234898018587336;38.08;37.89;39.16;34.23;2.809873949579833;1.6279690419001902;0.18999999999999773;37.362857142857145;37.989333333333335;0.5137351550433187;1;0;1
2024-08-28;39.06;2024;8;28;2;241;3;2;-0.8660254037844385;-0.5000000000000004;0.9749279121818236;-0.22252093395631434;39.15;37.45;38.75;35.57;-0.22988505747125743;2.809873949579833;1.6999999999999957;37.542857142857144;38.153333333333336;0.8438742853810025;1;0;1
2024-08-29;39.22;2024;8;29;3;242;3;2;-0.8660254037844385;-0.5000000000000004;0.43388373911755823;-0.900968867902419;39.06;36.98;39.22;35.41;0.4096262160778297;-0.22988505747125743;2.0800000000000054;37.77285714285714;38.269666666666666;1.0161645910943067;1;0;1
2024-08-30;40.01;2024;8;30;4;243;3;2;-0.8660254037844385;-0.5000000000000004;-0.433883739117558;-0.9009688679024191;39.22;36.65;39.5;36.39;2.0142784293727622;0.4096262160778297;2.5700000000000003;38.09285714285714;38.39666666666667;1.0758208383340189;1;0;1
2024-08-31;41.36;2024;8;31;5;244;3;2;-0.8660254037844385;-0.5000000000000004;-0.9749279121818236;-0.2225209339563146;40.01;37.02;39.39;37.64;3.374156460884792;2.0142784293727622;2.989999999999995;38.57285714285714;38.51733333333333;1.0743325724343877;1;0;1
2024-09-01;42.1;2024;9;1;6;245;3;2;-1.0;-1.8369701987210297e-16;-0.7818314824680299;0.6234898018587334;41.36;37.47;39.76;37.53;1.7891682785299956;3.374156460884792;3.8900000000000006;39.192857142857136;38.641333333333336;1.2643274138950502;1;0;1
2024-09-02;39.64;2024;9;2;0;246;3;2;-1.0;-1.8369701987210297e-16;0.0;1.0;42.1;38.08;39.91;37.03;-5.843230403800481;1.7891682785299956;4.020000000000003;39.854285714285716;38.79366666666667;1.4149188097193695;1;0;1
2024-09-03;37.48;2024;9;3;1;247;3;2;-1.0;-1.8369701987210297e-16;0.7818314824680298;0.6234898018587336;39.64;39.15;37.89;38.81;-5.4490413723511715;-5.843230403800481;0.490000000000002;40.07714285714286;38.88066666666666;1.194581018401911;1;0;1
2024-09-04;36.3;2024;9;4;2;248;3;2;-1.0;-1.8369701987210297e-16;0.9749279121818236;-0.22252093395631434;37.48;39.06;37.45;36.18;-3.1483457844183604;-5.4490413723511715;-1.5800000000000054;39.83857142857143;38.83633333333333;1.5302116255766942;1;0;1
2024-09-05;36.43;2024;9;5;3;249;3;2;-1.0;-1.8369701987210297e-16;0.43388373911755823;-0.900968867902419;36.3;39.22;36.98;36.01;0.3581267217630968;-3.1483457844183604;-2.9200000000000017;39.44428571428572;38.84033333333333;2.03618808187371;1;0;1
2024-09-06;36.32;2024;9;6;4;250;3;2;-1.0;-1.8369701987210297e-16;-0.433883739117558;-0.9009688679024191;36.43;40.01;36.65;37.96;-0.30194894317869814;0.3581267217630968;-3.5799999999999983;39.04571428571428;38.85433333333333;2.338089370568354;1;0;1
2024-09-07;35.85;2024;9;7;5;251;3;2;-1.0;-1.8369701987210297e-16;-0.9749279121818236;-0.2225209339563146;36.32;41.36;37.02;39.96;-1.2940528634361237;-0.30194894317869814;-5.039999999999999;38.51857142857143;38.79966666666667;2.495144809234662;1;0;1
2024-09-08;36.14;2024;9;8;6;252;3;2;-1.0;-1.8369701987210297e-16;-0.7818314824680299;0.6234898018587334;35.85;42.1;37.47;39.35;0.8089260808926024;-1.2940528634361237;-6.25;37.73142857142857;38.662666666666674;2.3117412526169616;1;0;1
2024-09-09;36.7;2024;9;9;0;253;3;2;-1.0;-1.8369701987210297e-16;0.0;1.0;36.14;39.64;38.08;39.78;1.5495296070835662;0.8089260808926024;-3.5;36.879999999999995;38.55566666666666;1.3190021480916803;1;0;1
2024-09-10;34.75;2024;9;10;1;254;3;2;-1.0;-1.8369701987210297e-16;0.7818314824680298;0.6234898018587336;36.7;37.48;39.15;41.0;-5.3133514986376085;1.5495296070835662;-0.779999999999994;36.46;38.452999999999996;0.5193906686403379;1;0;1
2024-09-11;35.58;2024;9;11;2;255;3;2;-1.0;-1.8369701987210297e-16;0.9749279121818236;-0.22252093395631434;34.75;36.3;39.06;39.6;2.3884892086330822;-5.3133514986376085;-1.5499999999999972;36.07;38.24466666666667;0.6373905134772875;1;0;1
2024-09-12;35.14;2024;9;12;3;256;3;2;-1.0;-1.8369701987210297e-16;0.43388373911755823;-0.900968867902419;35.58;36.43;39.22;39.16;-1.236649803260248;2.3884892086330822;-0.8500000000000014;35.96714285714286;38.110666666666674;0.6520151911788802;1;0;1
2024-09-13;35.17;2024;9;13;4;257;3;2;-1.0;-1.8369701987210297e-16;-0.433883739117558;-0.9009688679024191;35.14;36.32;40.01;38.75;0.08537279453615376;-1.236649803260248;-1.1799999999999997;35.78285714285715;37.97666666666667;0.6810461140980972;1;0;1
2024-09-14;36.58;2024;9;14;5;258;3;2;-1.0;-1.8369701987210297e-16;-0.9749279121818236;-0.2225209339563146;35.17;35.85;41.36;39.22;4.00909866363377;0.08537279453615376;-0.6799999999999997;35.61857142857143;37.85733333333334;0.6684666177543989;1;0;1
2024-09-15;35.59;2024;9;15;6;259;3;2;-1.0;-1.8369701987210297e-16;-0.7818314824680299;0.6234898018587334;36.58;36.14;42.1;39.5;-2.7063969382175923;4.00909866363377;0.4399999999999977;35.722857142857144;37.76933333333333;0.7611113428367835;1;0;1
2024-09-16;34.52;2024;9;16;0;260;3;2;-1.0;-1.8369701987210297e-16;0.0;1.0;35.59;36.7;39.64;39.39;-3.006462489463335;-2.7063969382175923;-1.1099999999999994;35.644285714285715;37.638999999999996;0.7389374611108473;1;0;1
2024-09-17;35.95;2024;9;17;1;261;3;2;-1.0;-1.8369701987210297e-16;0.7818314824680298;0.6234898018587336;34.52;34.75;37.48;39.76;4.142526071842401;-3.006462489463335;-0.22999999999999687;35.332857142857144;37.476666666666674;0.6766021550327772;1;0;1
2024-09-18;35.82;2024;9;18;2;262;3;2;-1.0;-1.8369701987210297e-16;0.9749279121818236;-0.22252093395631434;35.95;35.58;36.3;39.91;-0.3616133518776099;4.142526071842401;0.37000000000000455;35.504285714285714;37.349666666666664;0.6560197441894143;1;0;1
2024-09-19;33.2;2024;9;19;3;263;3;2;-1.0;-1.8369701987210297e-16;0.43388373911755823;-0.900968867902419;35.82;35.14;36.43;37.89;-7.314349525404795;-0.3616133518776099;0.6799999999999997;35.53857142857143;37.21333333333334;0.6668190302113778;1;0;1
2024-09-20;35.14;2024;9;20;4;264;3;2;-1.0;-1.8369701987210297e-16;-0.433883739117558;-0.9009688679024191;33.2;35.17;36.32;37.45;5.843373493975901;-7.314349525404795;-1.9699999999999989;35.26142857142857;37.056999999999995;1.1135742539463527;1;0;1
2024-09-21;35.73;2024;9;21;5;265;3;2;-1.0;-1.8369701987210297e-16;-0.9749279121818236;-0.2225209339563146;35.14;36.58;35.85;36.98;1.6789982925440983;5.843373493975901;-1.4399999999999977;35.25714285714286;36.980000000000004;1.114042403230252;1;0;1
2024-09-22;35.99;2024;9;22;6;266;3;2;-1.0;-1.8369701987210297e-16;-0.7818314824680299;0.6234898018587334;35.73;35.59;36.14;36.65;0.7276798208788238;1.6789982925440983;0.13999999999999346;35.135714285714286;36.93833333333334;0.9846294928042004;1;0;1
2024-09-23;36.43;2024;9;23;0;267;3;2;-1.0;-1.8369701987210297e-16;0.0;1.0;35.99;34.52;36.7;37.02;1.2225618227285295;0.7276798208788238;1.4699999999999989;35.19285714285714;36.916333333333334;1.0261207577709364;1;0;1
2024-09-24;35.81;2024;9;24;1;268;3;2;-1.0;-1.8369701987210297e-16;0.7818314824680298;0.6234898018587336;36.43;35.95;34.75;37.47;-1.701894043370844;1.2225618227285295;0.4799999999999969;35.46571428571429;36.89666666666667;1.070371542082327;1;0;1
2024-09-25;37.52;2024;9;25;2;269;3;2;-1.0;-1.8369701987210297e-16;0.9749279121818236;-0.22252093395631434;35.81;35.82;35.58;38.08;4.7752024574141405;-1.701894043370844;-0.00999999999999801;35.44571428571429;36.84133333333333;1.0610821071433199;1;0;1
2024-09-26;38.07;2024;9;26;3;270;3;2;-1.0;-1.8369701987210297e-16;0.43388373911755823;-0.900968867902419;37.52;33.2;35.14;39.15;1.4658848614072406;4.7752024574141405;4.32;35.68857142857143;36.82266666666667;1.3231959866368905;1;0;1
2024-09-27;38.1;2024;9;27;4;271;3;2;-1.0;-1.8369701987210297e-16;-0.433883739117558;-0.9009688679024191;38.07;35.14;35.17;39.06;0.07880220646179215;1.4658848614072406;2.9299999999999997;36.38428571428572;36.78666666666666;1.04842512279097;1;0;1
2024-09-28;38.28;2024;9;28;5;272;3;2;-1.0;-1.8369701987210297e-16;-0.9749279121818236;-0.2225209339563146;38.1;35.73;36.58;39.22;0.47244094488188004;0.07880220646179215;2.3700000000000045;36.80714285714286;36.75466666666667;1.059791084535514;1;0;1
2024-09-29;38.7;2024;9;29;6;273;3;2;-1.0;-1.8369701987210297e-16;-0.7818314824680299;0.6234898018587334;38.28;35.99;35.59;40.01;1.0971786833855912;0.47244094488188004;2.289999999999999;37.17142857142858;36.723333333333336;1.0660742402468641;1;0;1
2024-09-30;38.94;2024;9;30;0;274;3;2;-1.0;-1.8369701987210297e-16;0.0;1.0;38.7;36.43;34.52;41.36;0.6201550387596733;1.0971786833855912;2.270000000000003;37.55857142857143;36.67966666666667;1.0575668390466288;1;0;1
2024-10-01;39.36;2024;10;1;1;275;4;2;-0.8660254037844386;0.5000000000000001;0.7818314824680298;0.6234898018587336;38.94;35.81;35.95;42.1;1.078582434514641;0.6201550387596733;3.1299999999999955;37.917142857142856;36.599000000000004;1.0364476877908975;1;0;1
2024-10-02;38.64;2024;10;2;2;276;4;2;-0.8660254037844386;0.5000000000000001;0.9749279121818236;-0.22252093395631434;39.36;37.52;35.82;39.64;-1.8292682926829285;1.078582434514641;1.8399999999999963;38.424285714285716;36.507666666666665;0.6173561139501396;1;0;1
2024-10-03;39.49;2024;10;3;3;277;4;2;-0.8660254037844386;0.5000000000000001;0.43388373911755823;-0.900968867902419;38.64;38.07;33.2;37.48;2.1997929606625277;-1.8292682926829285;0.5700000000000003;38.58428571428572;36.474333333333334;0.47194127964349625;1;0;1
2024-10-04;40.74;2024;10;4;4;278;4;2;-0.8660254037844386;0.5000000000000001;-0.433883739117558;-0.9009688679024191;39.49;38.1;35.14;36.3;3.165358318561662;2.1997929606625277;1.3900000000000006;38.787142857142854;36.541333333333334;0.5170658979859467;1;0;1
2024-10-05;40.73;2024;10;5;5;279;4;2;-0.8660254037844386;0.5000000000000001;-0.9749279121818236;-0.2225209339563146;40.74;38.28;35.73;36.43;-0.024545900834571643;3.165358318561662;2.460000000000001;39.16428571428571;36.68933333333334;0.8113744951816383;1;0;1
2024-10-06;41.24;2024;10;6;6;280;4;2;-0.8660254037844386;0.5000000000000001;-0.7818314824680299;0.6234898018587334;40.73;38.7;35.99;36.32;1.2521482936410644;-0.024545900834571643;2.029999999999994;39.51428571428572;36.83266666666667;0.890877042449979;1;0;1
2024-10-07;40.3;2024;10;7;0;281;4;2;-0.8660254037844386;0.5000000000000001;0.0;1.0;41.24;38.94;36.43;35.85;-2.279340446168776;1.2521482936410644;2.3000000000000043;39.87714285714286;36.99666666666667;1.0128625159382791;1;0;1
2024-10-08;38.59;2024;10;8;1;282;4;2;-0.8660254037844386;0.5000000000000001;0.7818314824680298;0.6234898018587336;40.3;39.36;35.81;36.14;-4.243176178660035;-2.279340446168776;0.9399999999999977;40.07142857142857;37.144999999999996;0.9302047905613058;1;0;1
2024-10-09;38.12;2024;10;9;2;283;4;2;-0.8660254037844386;0.5000000000000001;0.9749279121818236;-0.22252093395631434;38.59;38.64;37.52;36.7;-1.2179321067634308;-4.243176178660035;-0.04999999999999716;39.96142857142858;37.226666666666674;1.0642278667575162;1;0;1
2024-10-10;39.79;2024;10;10;3;284;4;2;-0.8660254037844386;0.5000000000000001;0.43388373911755823;-0.900968867902419;38.12;39.49;38.07;34.75;4.380902413431276;-1.2179321067634308;-1.3700000000000045;39.88714285714286;37.274;1.1833246143216498;1;0;1
2024-10-11;39.27;2024;10;11;4;285;4;2;-0.8660254037844386;0.5000000000000001;-0.433883739117558;-0.9009688679024191;39.79;40.74;38.1;35.58;-1.3068610203568642;4.380902413431276;-0.9500000000000028;39.93;37.442;1.1719214990784659;1;0;1
2024-10-12;38.95;2024;10;12;5;286;4;2;-0.8660254037844386;0.5000000000000001;-0.9749279121818236;-0.2225209339563146;39.27;40.73;38.28;35.14;-0.8148714031066984;-1.3068610203568642;-1.4599999999999937;39.720000000000006;37.56499999999999;1.133666617662538;1;0;1
2024-10-13;40.04;2024;10;13;6;287;4;2;-0.8660254037844386;0.5000000000000001;-0.7818314824680299;0.6234898018587334;38.95;41.24;38.7;35.17;2.7984595635429876;-0.8148714031066984;-2.289999999999999;39.465714285714284;37.692;1.067034162885356;1;0;1
2024-10-14;39.93;2024;10;14;0;288;4;2;-0.8660254037844386;0.5000000000000001;0.0;1.0;40.04;40.3;38.94;36.58;-0.27472527472527375;2.7984595635429876;-0.259999999999998;39.294285714285714;37.85433333333333;0.7965939396986012;1;0;1
2024-10-15;39.48;2024;10;15;1;289;4;2;-0.8660254037844386;0.5000000000000001;0.7818314824680298;0.6234898018587336;39.93;38.59;39.36;35.59;-1.126972201352372;-0.27472527472527375;1.3399999999999963;39.24142857142857;37.966;0.7280665851305183;1;0;1
2024-10-16;38.92;2024;10;16;2;290;4;2;-0.8660254037844386;0.5000000000000001;0.9749279121818236;-0.22252093395631434;39.48;38.12;38.64;34.52;-1.4184397163120477;-1.126972201352372;1.3599999999999994;39.368571428571435;38.09566666666667;0.6708061958446341;1;0;1
2024-10-17;39.37;2024;10;17;3;291;4;2;-0.8660254037844386;0.5000000000000001;0.43388373911755823;-0.900968867902419;38.92;39.79;39.49;35.95;1.1562178828365743;-1.4184397163120477;-0.8699999999999974;39.48285714285714;38.242333333333335;0.4565710709842224;1;0;1
2024-10-18;38.87;2024;10;18;4;292;4;2;-0.8660254037844386;0.5000000000000001;-0.433883739117558;-0.9009688679024191;39.37;39.27;40.74;35.82;-1.2700025400050774;1.1562178828365743;0.09999999999999432;39.42285714285714;38.35633333333333;0.4366430382586107;1;0;1
2024-10-19;39.05;2024;10;19;5;293;4;2;-0.8660254037844386;0.5000000000000001;-0.9749279121818236;-0.2225209339563146;38.87;38.95;40.73;33.2;0.4630820684332404;-1.2700025400050774;-0.0800000000000054;39.36571428571428;38.458;0.48362716848605125;1;0;1
2024-10-20;39.41;2024;10;20;6;294;4;2;-0.8660254037844386;0.5000000000000001;-0.7818314824680299;0.6234898018587334;39.05;40.04;41.24;35.14;0.9218950064020515;0.4630820684332404;-0.990000000000002;39.379999999999995;38.653000000000006;0.47060245076843515;1;0;1
2024-10-21;39.61;2024;10;21;0;295;4;2;-0.8660254037844386;0.5000000000000001;0.0;1.0;39.41;39.93;40.3;35.73;0.5074854097944836;0.9218950064020515;-0.5200000000000031;39.29;38.79533333333333;0.3735862238751623;1;0;1
2024-10-22;40.42;2024;10;22;1;296;4;2;-0.8660254037844386;0.5000000000000001;0.7818314824680298;0.6234898018587336;39.61;39.48;38.59;35.99;2.0449381469326067;0.5074854097944836;0.13000000000000256;39.24428571428571;38.92466666666667;0.29313575597533387;1;0;1
2024-10-23;41.16;2024;10;23;2;297;4;2;-0.8660254037844386;0.5000000000000001;0.9749279121818236;-0.22252093395631434;40.42;38.92;38.12;36.43;1.8307768431469418;2.0449381469326067;1.5;39.378571428571426;39.07233333333333;0.5348030345060523;1;0;1
2024-10-24;42.07;2024;10;24;3;298;4;2;-0.8660254037844386;0.5000000000000001;0.43388373911755823;-0.900968867902419;41.16;39.37;39.79;35.81;2.2108843537415046;1.8307768431469418;1.7899999999999991;39.69857142857143;39.23;0.8126587756966188;1;0;1
2024-10-25;43.64;2024;10;25;4;299;4;2;-0.8660254037844386;0.5000000000000001;-0.433883739117558;-0.9009688679024191;42.07;38.87;39.27;37.52;3.7318754456857617;2.2108843537415046;3.200000000000003;40.08428571428571;39.43866666666666;1.185802922677638;1;0;1
2024-10-26;44.63;2024;10;26;5;300;4;2;-0.8660254037844386;0.5000000000000001;-0.9749279121818236;-0.2225209339563146;43.64;39.05;38.95;38.07;2.2685609532538953;3.7318754456857617;4.590000000000003;40.76571428571429;39.64266666666666;1.6510083498972699;1;0;1
2024-10-27;44.35;2024;10;27;6;301;4;2;-0.8660254037844386;0.5000000000000001;-0.7818314824680299;0.6234898018587334;44.63;39.41;40.04;38.1;-0.6273806856374686;2.2685609532538953;5.220000000000006;41.56285714285714;39.86133333333334;1.9956595758943207;1;0;1
2024-10-28;42.8;2024;10;28;0;302;4;2;-0.8660254037844386;0.5000000000000001;0.0;1.0;44.35;39.61;39.93;38.28;-3.4949267192784794;-0.6273806856374686;4.740000000000002;42.26857142857143;40.06966666666666;1.9808704195501623;1;0;1
2024-10-29;43.04;2024;10;29;1;303;4;2;-0.8660254037844386;0.5000000000000001;0.7818314824680298;0.6234898018587336;42.8;40.42;39.48;38.7;0.5607476635514086;-3.4949267192784794;2.3799999999999955;42.72428571428571;40.22033333333333;1.5970687434890112;1;0;1
2024-10-30;41.72;2024;10;30;2;304;4;2;-0.8660254037844386;0.5000000000000001;0.9749279121818236;-0.22252093395631434;43.04;41.16;38.92;38.94;-3.06691449814126;0.5607476635514086;1.8800000000000026;43.098571428571425;40.364999999999995;1.2324153597908611;1;0;1
2024-10-31;40.44;2024;10;31;3;305;4;2;-0.8660254037844386;0.5000000000000001;0.43388373911755823;-0.900968867902419;41.72;42.07;39.37;39.36;-3.0680728667305868;-3.06691449814126;-0.3500000000000014;43.17857142857143;40.45766666666667;1.096257703453768;1;0;1
2024-11-01;38.9;2024;11;1;4;306;4;2;-0.5000000000000004;0.8660254037844384;-0.433883739117558;-0.9009688679024191;40.44;43.64;38.87;38.64;-3.80811078140455;-3.0680728667305868;-3.200000000000003;42.94571428571429;40.49366666666666;1.4777218631267517;1;0;1
2024-11-02;38.75;2024;11;2;5;307;4;2;-0.5000000000000004;0.8660254037844384;-0.9749279121818236;-0.2225209339563146;38.9;44.63;39.05;39.49;-0.3856041131105381;-3.80811078140455;-5.730000000000004;42.26857142857143;40.50233333333334;2.072763280996853;1;0;1
2024-11-03;40.47;2024;11;3;6;308;4;2;-0.5000000000000004;0.8660254037844384;-0.7818314824680299;0.6234898018587334;38.75;44.35;39.41;40.74;4.43870967741935;-0.3856041131105381;-5.600000000000001;41.42857142857143;40.47766666666667;2.14642670945207;1;0;1
2024-11-04;40.29;2024;11;4;0;309;4;2;-0.5000000000000004;0.8660254037844384;0.0;1.0;40.47;42.8;39.61;40.73;-0.4447739065974843;4.43870967741935;-2.3299999999999983;40.87428571428571;40.468666666666664;1.7260924766932766;1;0;1
2024-11-05;40.5;2024;11;5;1;310;4;2;-0.5000000000000004;0.8660254037844384;0.7818314824680298;0.6234898018587336;40.29;43.04;40.42;41.24;0.5212211466865346;-0.4447739065974843;-2.75;40.51571428571429;40.454;1.5060639333808652;1;0;1
2024-11-06;40.45;2024;11;6;2;311;4;2;-0.5000000000000004;0.8660254037844384;0.9749279121818236;-0.22252093395631434;40.5;41.72;41.16;40.3;-0.12345679012345512;0.5212211466865346;-1.2199999999999989;40.152857142857144;40.42933333333334;1.0259908103191757;1;0;1
2024-11-07;41.31;2024;11;7;3;312;4;2;-0.5000000000000004;0.8660254037844384;0.43388373911755823;-0.900968867902419;40.45;40.44;42.07;38.59;2.1260815822002455;-0.12345679012345512;0.010000000000005116;39.971428571428575;40.434333333333335;0.7871769934709535;1;0;1
2024-11-08;41.94;2024;11;8;4;313;4;2;-0.5000000000000004;0.8660254037844384;-0.433883739117558;-0.9009688679024191;41.31;38.9;43.64;38.12;1.525054466230924;2.1260815822002455;2.4100000000000037;40.09571428571429;40.525;0.9293341190143587;1;0;1
2024-11-09;42.14;2024;11;9;5;314;4;2;-0.5000000000000004;0.8660254037844384;-0.9749279121818236;-0.2225209339563146;41.94;38.75;44.63;39.79;0.4768717215069218;1.525054466230924;3.1899999999999977;40.53000000000001;40.65233333333333;0.9860189315299194;1;0;1
2024-11-10;42.31;2024;11;10;6;315;4;2;-0.5000000000000004;0.8660254037844384;-0.7818314824680299;0.6234898018587334;42.14;40.47;44.35;39.27;0.4034171808258158;0.4768717215069218;1.6700000000000017;41.01428571428572;40.73066666666667;0.7762486101525296;1;0;1
2024-11-11;43.61;2024;11;11;0;316;4;2;-0.5000000000000004;0.8660254037844384;0.0;1.0;42.31;40.29;42.8;38.95;3.0725596785629916;0.4034171808258158;2.020000000000003;41.277142857142856;40.832;0.867404447874333;1;0;1
2024-11-12;43.73;2024;11;12;1;317;4;2;-0.5000000000000004;0.8660254037844384;0.7818314824680298;0.6234898018587336;43.61;40.5;43.04;40.04;0.2751662462737947;3.0725596785629916;3.1099999999999994;41.75142857142857;40.98733333333334;1.1111169841121227;1;0;1
2024-11-13;43.86;2024;11;13;2;318;4;2;-0.5000000000000004;0.8660254037844384;0.9749279121818236;-0.22252093395631434;43.73;40.45;41.72;39.93;0.297278756002739;0.2751662462737947;3.279999999999994;42.212857142857146;41.11033333333334;1.1737222028764065;1;0;1
2024-11-14;46.02;2024;11;14;3;319;4;2;-0.5000000000000004;0.8660254037844384;0.43388373911755823;-0.900968867902419;43.86;41.31;40.44;39.48;4.924760601915201;0.297278756002739;2.549999999999997;42.699999999999996;41.24133333333334;1.0173494974692776;1;0;1
2024-11-15;46.05;2024;11;15;4;320;4;2;-0.5000000000000004;0.8660254037844384;-0.433883739117558;-0.9009688679024191;46.02;41.94;38.9;38.92;0.06518904823988869;4.924760601915201;4.080000000000005;43.37285714285714;41.45933333333333;1.4219202308349776;1;0;1
2024-11-16;45.69;2024;11;16;5;321;4;2;-0.5000000000000004;0.8660254037844384;-0.9749279121818236;-0.2225209339563146;46.05;42.14;38.75;39.37;-0.7817589576547213;0.06518904823988869;3.9099999999999966;43.96;41.696999999999996;1.5722595205627958;1;0;1
2024-11-17;47.07;2024;11;17;6;322;4;2;-0.5000000000000004;0.8660254037844384;-0.7818314824680299;0.6234898018587334;45.69;42.31;40.47;38.87;3.0203545633617823;-0.7817589576547213;3.3799999999999955;44.46714285714285;41.907666666666664;1.4555722160685034;1;0;1
2024-11-18;46.84;2024;11;18;0;323;4;2;-0.5000000000000004;0.8660254037844384;0.0;1.0;47.07;43.61;40.29;39.05;-0.48863394943700067;3.0203545633617823;3.460000000000001;45.14714285714286;42.181;1.390260338758021;1;0;1
2024-11-19;45.39;2024;11;19;1;324;4;2;-0.5000000000000004;0.8660254037844384;0.7818314824680298;0.6234898018587336;46.84;43.73;40.5;39.41;-3.0956447480785743;-0.48863394943700067;3.1100000000000065;45.60857142857143;42.440666666666665;1.3297547213855443;1;0;1
2024-11-20;46.45;2024;11;20;2;325;4;2;-0.5000000000000004;0.8660254037844384;0.9749279121818236;-0.22252093395631434;45.39;43.86;40.45;39.61;2.3353161489314767;-3.0956447480785743;1.5300000000000011;45.84571428571428;42.64;1.0594472952572855;1;0;1
2024-11-21;48.4;2024;11;21;3;326;4;2;-0.5000000000000004;0.8660254037844384;0.43388373911755823;-0.900968867902419;46.45;46.02;41.31;40.42;4.1980624327233595;2.3353161489314767;0.4299999999999997;46.21571428571429;42.868;0.6053059045593878;1;0;1
2024-11-22;46.35;2024;11;22;4;327;4;2;-0.5000000000000004;0.8660254037844384;-0.433883739117558;-0.9009688679024191;48.4;46.05;41.94;41.16;-4.235537190082638;4.1980624327233595;2.3500000000000014;46.55571428571428;43.134;1.010113147834249;1;0;1
2024-11-23;46.08;2024;11;23;5;328;4;2;-0.5000000000000004;0.8660254037844384;-0.9749279121818236;-0.2225209339563146;46.35;45.69;42.14;42.07;-0.5825242718446644;-4.235537190082638;0.6600000000000037;46.59857142857144;43.307;0.991269027919922;1;0;1
2024-11-24;46.26;2024;11;24;6;329;4;2;-0.5000000000000004;0.8660254037844384;-0.7818314824680299;0.6234898018587334;46.08;47.07;42.31;43.64;0.390625;-0.5825242718446644;-0.990000000000002;46.65428571428571;43.440666666666665;0.941397137996268;1;0;1
2024-11-25;47.88;2024;11;25;0;330;4;2;-0.5000000000000004;0.8660254037844384;0.0;1.0;46.26;46.84;43.61;44.63;3.5019455252918386;0.390625;-0.5800000000000054;46.53857142857142;43.528;0.9315118280050653;1;0;1
2024-11-26;47.15;2024;11;26;1;331;4;2;-0.5000000000000004;0.8660254037844384;0.7818314824680298;0.6234898018587336;47.88;45.39;43.73;44.35;-1.5246449456975841;3.5019455252918386;2.490000000000002;46.68714285714286;43.63633333333333;1.0614724723339677;1;0;1
2024-11-27;46.58;2024;11;27;2;332;4;2;-0.5000000000000004;0.8660254037844384;0.9749279121818236;-0.22252093395631434;47.15;46.45;43.86;42.8;-1.2089077412513305;-1.5246449456975841;0.6999999999999957;46.938571428571436;43.72966666666666;0.8990259279055666;1;0;1
2024-11-28;46.35;2024;11;28;3;333;4;2;-0.5000000000000004;0.8660254037844384;0.43388373911755823;-0.900968867902419;46.58;48.4;46.02;43.04;-0.49377415199656216;-1.2089077412513305;-1.8200000000000003;46.957142857142856;43.85566666666667;0.8885327659626926;1;0;1
2024-11-29;47.67;2024;11;29;4;334;4;2;-0.5000000000000004;0.8660254037844384;-0.433883739117558;-0.9009688679024191;46.35;46.35;46.05;41.72;2.8478964401294604;-0.49377415199656216;0.0;46.66428571428571;43.966;0.635527527408708;1;0;1
2024-11-30;49.03;2024;11;30;5;335;4;2;-0.5000000000000004;0.8660254037844384;-0.9749279121818236;-0.2225209339563146;47.67;46.08;45.69;40.44;2.8529473463394073;2.8478964401294604;1.5900000000000034;46.85285714285714;44.16433333333334;0.7173031503644051;1;0;1
2024-12-01;50.79;2024;12;1;6;336;4;2;-2.4492935982947064e-16;1.0;-0.7818314824680299;0.6234898018587334;49.03;46.26;47.07;38.9;3.589638996532729;2.8529473463394073;2.770000000000003;47.27428571428572;44.45066666666666;0.9988803255448457;1;0;1
2024-12-02;48.91;2024;12;2;0;337;4;2;-2.4492935982947064e-16;1.0;0.0;1.0;50.79;47.88;46.84;38.75;-3.701516046465847;3.589638996532729;2.9099999999999966;47.92142857142857;44.846999999999994;1.5484662150159905;1;0;1
2024-12-03;48.78;2024;12;3;1;338;4;2;-2.4492935982947064e-16;1.0;0.7818314824680298;0.6234898018587336;48.91;47.15;45.39;40.47;-0.26579431609077275;-3.701516046465847;1.759999999999998;48.06857142857143;45.18566666666666;1.592193754660281;1;0;1
2024-12-04;47.56;2024;12;4;2;339;4;2;-2.4492935982947064e-16;1.0;0.9749279121818236;-0.22252093395631434;48.78;46.58;46.45;40.29;-2.501025010250102;-0.26579431609077275;2.200000000000003;48.30142857142857;45.46266666666667;1.5542032103446923;1;0;1
2024-12-05;46.42;2024;12;5;3;340;4;2;-2.4492935982947064e-16;1.0;0.43388373911755823;-0.900968867902419;47.56;46.35;48.4;40.5;-2.3969722455845277;-2.501025010250102;1.2100000000000009;48.44142857142857;45.705;1.410820430002465;1;0;1
2024-12-06;46.51;2024;12;6;4;341;4;2;-2.4492935982947064e-16;1.0;-0.433883739117558;-0.9009688679024191;46.42;47.67;46.35;40.45;0.19388194743643616;-2.3969722455845277;-1.25;48.45142857142857;45.90233333333333;1.3936693602545538;1;0;1
2024-12-07;45.55;2024;12;7;5;342;4;2;-2.4492935982947064e-16;1.0;-0.9749279121818236;-0.2225209339563146;46.51;49.03;46.08;41.31;-2.064072242528492;0.19388194743643616;-2.520000000000003;48.285714285714285;46.10433333333334;1.5609917482464086;1;0;1
2024-12-08;46.65;2024;12;8;6;343;4;2;-2.4492935982947064e-16;1.0;-0.7818314824680299;0.6234898018587334;45.55;50.79;46.26;41.94;2.414928649835346;-2.064072242528492;-5.240000000000002;47.78857142857142;46.245666666666665;1.8175205507447116;1;0;1
2024-12-09;44.6;2024;12;9;0;344;4;2;-2.4492935982947064e-16;1.0;0.0;1.0;46.65;48.91;47.88;42.14;-4.394426580921751;2.414928649835346;-2.259999999999998;47.19714285714286;46.40266666666667;1.2688277304356692;1;0;1
2024-12-10;45.78;2024;12;10;1;345;4;2;-2.4492935982947064e-16;1.0;0.7818314824680298;0.6234898018587336;44.6;48.78;47.15;42.31;2.6457399103138934;-4.394426580921751;-4.18;46.58142857142857;46.48466666666666;1.3427016120667576;1;0;1
2024-12-11;45.23;2024;12;11;2;346;4;2;-2.4492935982947064e-16;1.0;0.9749279121818236;-0.22252093395631434;45.78;47.56;46.58;43.61;-1.2013979903888306;2.6457399103138934;-1.7800000000000011;46.152857142857144;46.60033333333333;0.9433930655828222;1;0;1
2024-12-12;43.16;2024;12;12;3;347;4;2;-2.4492935982947064e-16;1.0;0.43388373911755823;-0.900968867902419;45.23;46.42;46.35;43.73;-4.576608445721863;-1.2013979903888306;-1.1900000000000048;45.82;46.65433333333333;0.7567474259395418;1;0;1
2024-12-13;41.38;2024;12;13;4;348;4;2;-2.4492935982947064e-16;1.0;-0.433883739117558;-0.9009688679024191;43.16;46.51;47.67;43.86;-4.124189063948092;-4.576608445721863;-3.3500000000000014;45.354285714285716;46.63533333333333;1.1995395942172755;1;0;1
2024-12-14;43.03;2024;12;14;5;349;4;2;-2.4492935982947064e-16;1.0;-0.9749279121818236;-0.2225209339563146;41.38;45.55;49.03;46.02;3.987433542774288;-4.124189063948092;-4.169999999999995;44.621428571428574;46.55266666666667;1.7950434402490232;1;0;1
2024-12-15;42.67;2024;12;15;6;350;4;2;-2.4492935982947064e-16;1.0;-0.7818314824680299;0.6234898018587334;43.03;46.65;50.79;46.05;-0.8366256100395097;3.987433542774288;-3.6199999999999974;44.26142857142857;46.452999999999996;1.8301314030367446;1;0;1
2024-12-16;40.96;2024;12;16;0;351;4;2;-2.4492935982947064e-16;1.0;0.0;1.0;42.67;44.6;48.91;45.69;-4.007499414108273;-0.8366256100395097;-1.9299999999999997;43.69285714285714;46.340333333333334;1.563156147944836;1;0;1
2024-12-17;42.51;2024;12;17;1;352;4;2;-2.4492935982947064e-16;1.0;0.7818314824680298;0.6234898018587336;40.96;45.78;48.78;47.07;3.7841796875;-4.007499414108273;-4.82;43.17285714285714;46.18266666666667;1.7987747152412803;1;0;1
2024-12-18;41.53;2024;12;18;2;353;4;2;-2.4492935982947064e-16;1.0;0.9749279121818236;-0.22252093395631434;42.51;45.23;47.56;46.84;-2.305339920018812;3.7841796875;-2.719999999999999;42.705714285714286;46.03066666666667;1.3861319939901204;1;0;1
2024-12-19;43.55;2024;12;19;3;354;4;2;-2.4492935982947064e-16;1.0;0.43388373911755823;-0.900968867902419;41.53;43.16;46.42;45.39;4.8639537683602185;-2.305339920018812;-1.6299999999999955;42.17714285714286;45.85366666666666;0.8739510719667797;1;0;1
2024-12-20;45.4;2024;12;20;4;355;4;2;-2.4492935982947064e-16;1.0;-0.433883739117558;-0.9009688679024191;43.55;41.38;46.51;46.45;4.247990815154989;4.8639537683602185;2.1699999999999946;42.23285714285714;45.79233333333333;0.9556623233087367;1;0;1
2024-12-21;46.04;2024;12;21;5;356;4;2;-2.4492935982947064e-16;1.0;-0.9749279121818236;-0.2225209339563146;45.4;43.03;45.55;48.4;1.4096916299559448;4.247990815154989;2.3699999999999974;42.80714285714286;45.757333333333335;1.4419051550610185;1;0;1
2024-12-22;45.39;2024;12;22;6;357;4;2;-2.4492935982947064e-16;1.0;-0.7818314824680299;0.6234898018587334;46.04;42.67;46.65;46.35;-1.4118158123370916;1.4096916299559448;3.3699999999999974;43.23714285714285;45.678666666666665;1.8965733511233631;1;0;1
2024-12-23;45.83;2024;12;23;0;358;4;2;-2.4492935982947064e-16;1.0;0.0;1.0;45.39;40.96;44.6;46.08;0.9693765146507882;-1.4118158123370916;4.43;43.62571428571429;45.64666666666667;2.034624102407089;1;0;1
2024-12-24;46.59;2024;12;24;1;359;4;2;-2.4492935982947064e-16;1.0;0.7818314824680298;0.6234898018587336;45.83;42.51;45.78;46.26;1.6583024219943399;0.9693765146507882;3.3200000000000003;44.32142857142857;45.638333333333335;1.7889888072263564;1;0;1
2024-12-25;49.05;2024;12;25;2;360;4;2;-2.4492935982947064e-16;1.0;0.9749279121818236;-0.22252093395631434;46.59;41.53;45.23;47.88;5.280103026400496;1.6583024219943399;5.060000000000002;44.90428571428571;45.64933333333333;1.764934910441499;1;0;1
2024-12-26;49.42;2024;12;26;3;361;4;2;-2.4492935982947064e-16;1.0;0.43388373911755823;-0.900968867902419;49.05;43.55;43.16;47.15;0.7543323139653557;5.280103026400496;5.5;45.978571428571435;45.688333333333325;1.653908790022469;1;0;1
2024-12-27;49.1;2024;12;27;4;362;4;2;-2.4492935982947064e-16;1.0;-0.433883739117558;-0.9009688679024191;49.42;45.4;41.38;46.58;-0.6475111290975333;0.7543323139653557;4.020000000000003;46.81714285714286;45.764;1.7046770396537385;1;0;1
2024-12-28;50.26;2024;12;28;5;363;4;2;-2.4492935982947064e-16;1.0;-0.9749279121818236;-0.2225209339563146;49.1;46.04;43.03;46.35;2.3625254582484656;-0.6475111290975333;3.0600000000000023;47.34571428571429;45.848;1.7646043668276166;1;0;1
2024-12-29;52.8;2024;12;29;6;364;4;2;-2.4492935982947064e-16;1.0;-0.7818314824680299;0.6234898018587334;50.26;45.39;42.67;47.67;5.053720652606453;2.3625254582484656;4.869999999999997;47.94857142857143;45.97833333333334;1.9547841191239335;1;0;1
2024-12-30;48.67;2024;12;30;0;365;4;2;-2.4492935982947064e-16;1.0;0.0;1.0;52.8;45.83;40.96;49.03;-7.821969696969688;5.053720652606453;6.969999999999999;49.00714285714286;46.14933333333333;2.3120388858151584;1;0;1
2024-12-31;52.18;2024;12;31;1;366;4;2;-2.4492935982947064e-16;1.0;0.7818314824680298;0.6234898018587336;48.67;46.59;42.51;50.79;7.211834805835204;-7.821969696969688;2.0799999999999983;49.41285714285714;46.13733333333333;1.8681694630987051;1;0;1
2025-01-01;53.49;2025;1;1;2;1;1;1;0.49999999999999994;0.8660254037844387;0.9749279121818236;-0.22252093395631434;52.18;49.05;41.53;48.91;2.510540436949027;7.211834805835204;3.1300000000000026;50.21142857142858;46.18366666666667;1.64138588364971;1;0;1
2025-01-02;51.21;2025;1;2;3;2;1;1;0.49999999999999994;0.8660254037844387;0.43388373911755823;-0.900968867902419;53.49;49.42;43.55;48.78;-4.262478968031413;2.510540436949027;4.07;50.84571428571429;46.33633333333333;1.9471676622105434;1;0;1
2025-01-03;50.63;2025;1;3;4;3;1;1;0.49999999999999994;0.8660254037844387;-0.433883739117558;-0.9009688679024191;51.21;49.1;45.4;47.56;-1.1325912907635183;-4.262478968031413;2.1099999999999994;51.10142857142857;46.41733333333333;1.8435059765866544;1;0;1
2025-01-04;51.31;2025;1;4;5;4;1;1;0.49999999999999994;0.8660254037844387;-0.9749279121818236;-0.2225209339563146;50.63;50.26;46.04;46.42;1.3430772269405589;-1.1325912907635183;0.37000000000000455;51.32;46.51966666666667;1.6468758301694486;1;0;1
2025-01-05;50.89;2025;1;5;6;5;1;1;0.49999999999999994;0.8660254037844387;-0.7818314824680299;0.6234898018587334;51.31;52.8;45.39;46.51;-0.8185538881309684;1.3430772269405589;-1.4899999999999949;51.470000000000006;46.68266666666667;1.5807276805307824;1;0;1
2025-01-06;47.59;2025;1;6;0;6;1;1;0.49999999999999994;0.8660254037844387;0.0;1.0;50.89;48.67;45.83;45.55;-6.484574572607582;-0.8185538881309684;2.219999999999999;51.19714285714286;46.82866666666666;1.4741405890168187;1;0;1
2025-01-07;47.85;2025;1;7;1;7;1;1;0.49999999999999994;0.8660254037844387;0.7818314824680298;0.6234898018587336;47.59;52.18;46.59;46.65;0.5463332632906104;-6.484574572607582;-4.589999999999996;51.042857142857144;46.89666666666667;1.8026343157132387;1;0;1
2025-01-08;45.86;2025;1;8;2;8;1;1;0.49999999999999994;0.8660254037844387;0.9749279121818236;-0.22252093395631434;47.85;53.49;49.05;44.6;-4.158829676071063;0.5463332632906104;-5.640000000000001;50.424285714285716;46.93666666666666;2.0704174872294168;1;0;1
2025-01-09;45.1;2025;1;9;3;9;1;1;0.49999999999999994;0.8660254037844387;0.43388373911755823;-0.900968867902419;45.86;51.21;49.42;45.78;-1.6572176188399457;-4.158829676071063;-5.350000000000001;49.33428571428571;46.97866666666667;2.192303637294032;1;0;1
2025-01-10;45.13;2025;1;10;4;10;1;1;0.49999999999999994;0.8660254037844387;-0.433883739117558;-0.9009688679024191;45.1;50.63;49.1;45.23;0.066518847006658;-1.6572176188399457;-5.530000000000001;48.46142857142858;46.956;2.513791482809485;1;0;1
2025-01-11;46.18;2025;1;11;5;11;1;1;0.49999999999999994;0.8660254037844387;-0.9749279121818236;-0.2225209339563146;45.13;51.31;50.26;43.16;2.3266120097495957;0.066518847006658;-6.18;47.675714285714285;46.952666666666666;2.581639383175007;1;0;1
2025-01-12;47.17;2025;1;12;6;12;1;1;0.49999999999999994;0.8660254037844387;-0.7818314824680299;0.6234898018587334;46.18;50.89;52.8;41.38;2.1437851883932435;2.3266120097495957;-4.710000000000001;46.94285714285714;47.05333333333333;2.051777394404473;1;0;1
2025-01-13;48.76;2025;1;13;0;13;1;1;0.49999999999999994;0.8660254037844387;0.0;1.0;47.17;47.59;48.67;43.03;3.3707865168539186;2.1437851883932435;-0.4200000000000017;46.41142857142858;47.24633333333334;1.1367706976548264;1;0;1
2025-01-14;47.43;2025;1;14;1;14;1;1;0.49999999999999994;0.8660254037844387;0.7818314824680298;0.6234898018587336;48.76;47.85;52.18;42.67;-2.7276456111566816;3.3707865168539186;0.9099999999999966;46.57857142857143;47.437333333333335;1.3955098061448894;1;0;1
2025-01-15;47.22;2025;1;15;2;15;1;1;0.49999999999999994;0.8660254037844387;0.9749279121818236;-0.22252093395631434;47.43;45.86;53.49;40.96;-0.44275774826059155;-2.7276456111566816;1.5700000000000003;46.518571428571434;47.596000000000004;1.3396445868388294;1;0;1
2025-01-16;46.37;2025;1;16;3;16;1;1;0.49999999999999994;0.8660254037844387;0.43388373911755823;-0.900968867902419;47.22;45.1;51.21;42.51;-1.800084709868699;-0.44275774826059155;2.1199999999999974;46.712857142857146;47.80466666666667;1.3267719508350557;1;0;1
2025-01-17;47.09;2025;1;17;4;17;1;1;0.49999999999999994;0.8660254037844387;-0.433883739117558;-0.9009688679024191;46.37;45.13;50.63;41.53;1.5527280569333834;-1.800084709868699;1.2399999999999949;46.894285714285715;47.93333333333333;1.14366162161745;1;0;1
2025-01-18;48.29;2025;1;18;5;18;1;1;0.49999999999999994;0.8660254037844387;-0.9749279121818236;-0.2225209339563146;47.09;46.18;51.31;43.55;2.5483117434699443;1.5527280569333834;0.9100000000000037;47.174285714285716;48.11866666666666;0.8391038303415328;1;0;1
2025-01-19;49.04;2025;1;19;6;19;1;1;0.49999999999999994;0.8660254037844387;-0.7818314824680299;0.6234898018587334;48.29;47.17;50.89;45.4;1.5531165872851416;2.5483117434699443;1.1199999999999974;47.47571428571428;48.27666666666667;0.8004968695089687;1;0;1
2025-01-20;48.36;2025;1;20;0;20;1;1;0.49999999999999994;0.8660254037844387;0.0;1.0;49.04;48.76;47.59;46.04;-1.3866231647634564;1.5531165872851416;0.28000000000000114;47.74285714285714;48.398;0.9745719451065391;1;0;1
2025-01-21;50.45;2025;1;21;1;21;1;1;0.49999999999999994;0.8660254037844387;0.7818314824680298;0.6234898018587336;48.36;47.43;47.85;45.39;4.321753515301907;-1.3866231647634564;0.9299999999999997;47.685714285714276;48.47533333333333;0.914892655685284;1;0;1
2025-01-22;47.65;2025;1;22;2;22;1;1;0.49999999999999994;0.8660254037844387;0.9749279121818236;-0.22252093395631434;50.45;47.22;45.86;45.83;-5.550049554013881;4.321753515301907;3.230000000000004;48.11714285714286;48.644;1.3720509500459017;1;0;1
2025-01-23;48.02;2025;1;23;3;23;1;1;0.49999999999999994;0.8660254037844387;0.43388373911755823;-0.900968867902419;47.65;46.37;45.1;46.59;0.7764952780692669;-5.550049554013881;1.2800000000000011;48.17857142857143;48.70466666666667;1.3342966757980157;1;0;1
2025-01-24;48.43;2025;1;24;4;24;1;1;0.49999999999999994;0.8660254037844387;-0.433883739117558;-0.9009688679024191;48.02;47.09;45.13;49.05;0.8538109121199344;0.7764952780692669;0.9299999999999997;48.41428571428571;48.75233333333334;1.0837720723287625;1;0;1
2025-01-25;47.35;2025;1;25;5;25;1;1;0.49999999999999994;0.8660254037844387;-0.9749279121818236;-0.2225209339563146;48.43;48.29;46.18;49.42;-2.230022713194302;0.8538109121199344;0.14000000000000057;48.60571428571428;48.73166666666667;0.9162761072731673;1;0;1
2025-01-26;48.11;2025;1;26;6;26;1;1;0.49999999999999994;0.8660254037844387;-0.7818314824680299;0.6234898018587334;47.35;49.04;47.17;49.1;1.605068637803586;-2.230022713194302;-1.6899999999999977;48.471428571428575;48.662666666666674;1.03184993371717;1;0;1
2025-01-27;46.78;2025;1;27;0;27;1;1;0.49999999999999994;0.8660254037844387;0.0;1.0;48.11;48.36;48.76;50.26;-2.7644980253585527;1.605068637803586;-0.25;48.33857142857143;48.629666666666665;1.0059892075525498;1;0;1
2025-01-28;47.53;2025;1;28;1;28;1;1;0.49999999999999994;0.8660254037844387;0.7818314824680298;0.6234898018587336;46.78;50.45;47.43;52.8;1.6032492518170072;-2.7644980253585527;-3.6700000000000017;48.11285714285714;48.51366666666666;1.16505671229138;1;0;1
2025-01-29;50.3;2025;1;29;2;29;1;1;0.49999999999999994;0.8660254037844387;0.9749279121818236;-0.22252093395631434;47.53;47.65;47.22;48.67;5.827898169577095;1.6032492518170072;-0.11999999999999744;47.69571428571429;48.337999999999994;0.5482656637922377;1;0;1
2025-01-30;50.91;2025;1;30;3;30;1;1;0.49999999999999994;0.8660254037844387;0.43388373911755823;-0.900968867902419;50.3;48.02;46.37;52.18;1.2127236580516954;5.827898169577095;2.279999999999994;48.074285714285715;48.39233333333334;1.1240233856226693;1;0;1
2025-01-31;52.24;2025;1;31;4;31;1;1;0.49999999999999994;0.8660254037844387;-0.433883739117558;-0.9009688679024191;50.91;48.43;47.09;53.49;2.612453349047339;1.2127236580516954;2.479999999999997;48.487142857142864;48.35;1.5505774653942004;1;0;1
2025-02-01;53.75;2025;2;1;5;32;1;1;0.8660254037844386;0.5000000000000001;-0.9749279121818236;-0.2225209339563146;52.24;47.35;48.29;51.21;2.8905053598774932;2.612453349047339;4.890000000000001;49.03142857142858;48.30833333333333;2.0989158199044375;1;0;1
2025-02-02;54.0;2025;2;2;6;33;1;1;0.8660254037844386;0.5000000000000001;-0.7818314824680299;0.6234898018587334;53.75;48.11;49.04;50.63;0.46511627906977715;2.8905053598774932;5.640000000000001;49.94571428571429;48.393;2.582601125111175;1;0;1
2025-02-03;52.77;2025;2;3;0;34;1;1;0.8660254037844386;0.5000000000000001;0.0;1.0;54.0;46.78;48.36;51.31;-2.2777777777777675;0.46511627906977715;7.219999999999999;50.787142857142854;48.505333333333326;2.8322647845002455;1;0;1
2025-02-04;51.54;2025;2;4;1;35;1;1;0.8660254037844386;0.5000000000000001;0.7818314824680298;0.6234898018587336;52.77;47.53;50.45;50.89;-2.33086981239341;-2.2777777777777675;5.240000000000002;51.642857142857146;48.553999999999995;2.26859511802342;1;0;1
2025-02-05;52.87;2025;2;5;2;36;1;1;0.8660254037844386;0.5000000000000001;0.9749279121818236;-0.22252093395631434;51.54;50.3;47.65;47.59;2.58051998447808;-2.33086981239341;1.240000000000002;52.215714285714284;48.57566666666666;1.3950490689425348;1;0;1
2025-02-06;53.75;2025;2;6;3;37;1;1;0.8660254037844386;0.5000000000000001;0.43388373911755823;-0.900968867902419;52.87;50.91;48.02;47.85;1.664459996217138;2.58051998447808;1.9600000000000009;52.58285714285715;48.751666666666665;1.1174034527357481;1;0;1
2025-02-07;54.85;2025;2;7;4;38;1;1;0.8660254037844386;0.5000000000000001;-0.433883739117558;-0.9009688679024191;53.75;52.24;48.43;45.86;2.0465116279069884;1.664459996217138;1.509999999999998;52.98857142857143;48.94833333333334;0.9039806150443647;1;0;1
2025-02-08;55.38;2025;2;8;5;39;1;1;0.8660254037844386;0.5000000000000001;-0.9749279121818236;-0.2225209339563146;54.85;53.75;47.35;45.1;0.9662716499544199;2.0465116279069884;1.1000000000000014;53.36142857142857;49.248;1.0672773549437602;1;0;1
2025-02-09;55.43;2025;2;9;6;40;1;1;0.8660254037844386;0.5000000000000001;-0.7818314824680299;0.6234898018587334;55.38;54.0;48.11;45.13;0.09028530155290593;0.9662716499544199;1.3800000000000026;53.59428571428571;49.59066666666667;1.31520413045145;1;0;1
2025-02-10;57.22;2025;2;10;0;41;1;1;0.8660254037844386;0.5000000000000001;0.0;1.0;55.43;52.77;46.78;46.18;3.2292982139635606;0.09028530155290593;2.6599999999999966;53.79857142857143;49.934000000000005;1.4883819914173488;1;0;1
2025-02-11;56.61;2025;2;11;1;42;1;1;0.8660254037844386;0.5000000000000001;0.7818314824680298;0.6234898018587336;57.22;51.54;47.53;47.17;-1.066060817895842;3.2292982139635606;5.68;54.434285714285714;50.302;1.8757652406656227;1;0;1
2025-02-12;54.72;2025;2;12;2;43;1;1;0.8660254037844386;0.5000000000000001;0.9749279121818236;-0.22252093395631434;56.61;52.87;50.3;48.76;-3.338632750397452;-1.066060817895842;3.740000000000002;55.15857142857143;50.61666666666667;1.5163380072973889;1;0;1
2025-02-13;50.62;2025;2;13;3;44;1;1;0.8660254037844386;0.5000000000000001;0.43388373911755823;-0.900968867902419;54.72;53.75;50.91;47.43;-7.492690058479534;-3.338632750397452;0.9699999999999989;55.42285714285714;50.815333333333335;1.173423968358115;1;0;1
2025-02-14;50.25;2025;2;14;4;45;1;1;0.8660254037844386;0.5000000000000001;-0.433883739117558;-0.9009688679024191;50.62;54.85;52.24;47.22;-0.7309363887791354;-7.492690058479534;-4.230000000000004;54.97571428571428;50.92166666666666;2.126459162886123;1;0;1
2025-02-15;50.49;2025;2;15;5;46;1;1;0.8660254037844386;0.5000000000000001;-0.9749279121818236;-0.2225209339563146;50.25;55.38;53.75;46.37;0.47761194029851683;-0.7309363887791354;-5.130000000000003;54.31857142857143;51.02266666666666;2.781626793630268;1;0;1
2025-02-16;51.44;2025;2;16;6;47;1;1;0.8660254037844386;0.5000000000000001;-0.7818314824680299;0.6234898018587334;50.49;55.43;54.0;47.09;1.8815607050901129;0.47761194029851683;-4.939999999999998;53.620000000000005;51.16;3.0697448319572023;1;0;1
2025-02-17;47.7;2025;2;17;0;48;1;1;0.8660254037844386;0.5000000000000001;0.0;1.0;51.44;57.22;52.77;48.29;-7.270606531881796;1.8815607050901129;-5.780000000000001;53.050000000000004;51.305;3.04800481189389;1;0;1
2025-02-18;48.94;2025;2;18;1;49;1;1;0.8660254037844386;0.5000000000000001;0.7818314824680298;0.6234898018587336;47.7;56.61;51.54;49.04;2.599580712788252;-7.270606531881796;-8.909999999999997;51.69;51.285333333333334;3.0007887851911788;1;0;1
2025-02-19;47.1;2025;2;19;2;50;1;1;0.8660254037844386;0.5000000000000001;0.9749279121818236;-0.22252093395631434;48.94;54.72;52.87;48.36;-3.759705762157739;2.599580712788252;-5.780000000000001;50.59428571428571;51.282000000000004;2.1977401813586623;1;0;1
2025-02-20;46.86;2025;2;20;3;51;1;1;0.8660254037844386;0.5000000000000001;0.43388373911755823;-0.900968867902419;47.1;50.62;53.75;50.45;-0.5095541401273884;-3.759705762157739;-3.519999999999996;49.50571428571429;51.24;1.6265490784968912;1;0;1
2025-02-21;45.97;2025;2;21;4;52;1;1;0.8660254037844386;0.5000000000000001;-0.433883739117558;-0.9009688679024191;46.86;50.25;54.85;47.65;-1.8992744344856982;-0.5095541401273884;-3.3900000000000006;48.96857142857142;51.12033333333333;1.8079678147149467;1;0;1
2025-02-22;45.65;2025;2;22;5;53;1;1;0.8660254037844386;0.5000000000000001;-0.9749279121818236;-0.2225209339563146;45.97;50.49;55.38;48.02;-0.6961061561888249;-1.8992744344856982;-4.520000000000003;48.357142857142854;51.06433333333333;2.014321343824858;1;0;1
2025-02-23;45.42;2025;2;23;6;54;1;1;0.8660254037844386;0.5000000000000001;-0.7818314824680299;0.6234898018587334;45.65;51.44;55.43;48.43;-0.503833515881702;-0.6961061561888249;-5.789999999999999;47.66571428571428;50.98533333333333;1.9907273138462667;1;0;1
2025-02-24;46.46;2025;2;24;0;55;1;1;0.8660254037844386;0.5000000000000001;0.0;1.0;45.42;47.7;57.22;47.35;2.289740202553947;-0.503833515881702;-2.280000000000001;46.80571428571428;50.885000000000005;1.251583758587803;1;0;1
2025-02-25;43.66;2025;2;25;1;56;1;1;0.8660254037844386;0.5000000000000001;0.7818314824680298;0.6234898018587336;46.46;48.94;56.61;48.11;-6.026689625484294;2.289740202553947;-2.479999999999997;46.628571428571426;50.85533333333333;1.1901600532617151;1;0;1
2025-02-26;41.0;2025;2;26;2;57;1;1;0.8660254037844386;0.5000000000000001;0.9749279121818236;-0.22252093395631434;43.66;47.1;54.72;46.78;-6.092533211177276;-6.026689625484294;-3.440000000000005;45.87428571428571;50.707;1.153687669213245;1;0;1
2025-02-27;44.38;2025;2;27;3;58;1;1;0.8660254037844386;0.5000000000000001;0.43388373911755823;-0.900968867902419;41.0;46.86;50.62;47.53;8.243902439024398;-6.092533211177276;-5.859999999999999;45.00285714285714;50.51433333333333;2.0382403708895107;1;0;1
2025-02-28;43.88;2025;2;28;4;59;1;1;0.8660254037844386;0.5000000000000001;-0.433883739117558;-0.9009688679024191;44.38;45.97;50.25;50.3;-1.126633618747186;8.243902439024398;-1.5899999999999963;44.64857142857142;50.40933333333334;1.8702444454441012;1;0;1
2025-03-01;45.07;2025;3;1;5;60;1;1;1.0;6.123233995736766e-17;-0.9749279121818236;-0.2225209339563146;43.88;45.65;50.49;50.91;2.711941659070183;-1.126633618747186;-1.769999999999996;44.35;50.19533333333333;1.7891990759369831;1;0;1
2025-03-02;46.04;2025;3;2;6;61;1;1;1.0;6.123233995736766e-17;-0.7818314824680299;0.6234898018587334;45.07;45.42;51.44;52.24;2.152207676946971;2.711941659070183;-0.3500000000000014;44.26714285714286;50.00066666666667;1.7314609850809861;1;0;1
2025-03-03;44.95;2025;3;3;0;62;1;1;1.0;6.123233995736766e-17;0.0;1.0;46.04;46.46;47.7;53.75;-2.3675065160729702;2.152207676946971;-0.4200000000000017;44.355714285714285;49.794000000000004;1.8141467888318707;1;0;1
2025-03-04;43.28;2025;3;4;1;63;1;1;1.0;6.123233995736766e-17;0.7818314824680298;0.6234898018587336;44.95;43.66;48.94;54.0;-3.7152391546162455;-2.3675065160729702;1.2900000000000063;44.13999999999999;49.50066666666667;1.5992810884896238;1;0;1
2025-03-05;40.86;2025;3;5;2;64;1;1;1.0;6.123233995736766e-17;0.9749279121818236;-0.22252093395631434;43.28;41.0;47.1;52.77;-5.591497227356745;-3.7152391546162455;2.280000000000001;44.08571428571429;49.14333333333333;1.6245394951890713;1;0;1
2025-03-06;38.11;2025;3;6;3;65;1;1;1.0;6.123233995736766e-17;0.43388373911755823;-0.900968867902419;40.86;44.38;46.86;51.54;-6.730298580518845;-5.591497227356745;-3.520000000000003;44.06571428571429;48.74633333333334;1.669110113632165;1;0;1
2025-03-07;39.86;2025;3;7;4;66;1;1;1.0;6.123233995736766e-17;-0.433883739117558;-0.9009688679024191;38.11;43.88;45.97;52.87;4.5919706113880965;-6.730298580518845;-5.770000000000003;43.17;48.29866666666667;2.7830199424368476;1;0;1
2025-03-08;39.07;2025;3;8;5;67;1;1;1.0;6.123233995736766e-17;-0.9749279121818236;-0.2225209339563146;39.86;45.07;45.65;53.75;-1.9819367787255349;4.5919706113880965;-5.210000000000001;42.59571428571429;47.865;3.0170231307416486;1;0;1
2025-03-09;39.53;2025;3;9;6;68;1;1;1.0;6.123233995736766e-17;-0.7818314824680299;0.6234898018587334;39.07;46.04;45.42;54.85;1.1773739442027198;-1.9819367787255349;-6.969999999999999;41.73857142857143;47.37566666666667;3.049051374725655;1;0;1
2025-03-10;41.11;2025;3;10;0;69;1;1;1.0;6.123233995736766e-17;0.0;1.0;39.53;44.95;46.46;55.38;3.99696433088792;1.1773739442027198;-5.420000000000002;40.80857142857143;46.865;2.4529399270501924;1;0;1
2025-03-11;42.88;2025;3;11;1;70;1;1;1.0;6.123233995736766e-17;0.7818314824680298;0.6234898018587336;41.11;43.28;43.66;55.43;4.305521770858678;3.99696433088792;-2.1700000000000017;40.26;46.38933333333333;1.6800000000009119;1;0;1
2025-03-12;41.91;2025;3;12;2;71;1;1;1.0;6.123233995736766e-17;0.9749279121818236;-0.22252093395631434;42.88;40.86;41.0;57.22;-2.262126865671654;4.305521770858678;2.020000000000003;40.202857142857134;45.971;1.562878906439516;1;0;1
2025-03-13;41.14;2025;3;13;3;72;1;1;1.0;6.123233995736766e-17;0.43388373911755823;-0.900968867902419;41.91;38.11;44.38;56.61;-1.8372703412073421;-2.262126865671654;3.799999999999997;40.35285714285715;45.460666666666675;1.6822872751683882;1;0;1
2025-03-14;41.76;2025;3;14;4;73;1;1;1.0;6.123233995736766e-17;-0.433883739117558;-0.9009688679024191;41.14;39.86;43.88;54.72;1.5070491006319742;-1.8372703412073421;1.2800000000000011;40.785714285714285;44.945;1.3698036007999947;1;0;1
2025-03-15;42.14;2025;3;15;5;74;1;1;1.0;6.123233995736766e-17;-0.9749279121818236;-0.2225209339563146;41.76;39.07;45.07;50.62;0.9099616858237569;1.5070491006319742;2.6899999999999977;41.05714285714286;44.513;1.343797036829977;1;0;1
2025-03-16;42.13;2025;3;16;6;75;1;1;1.0;6.123233995736766e-17;-0.7818314824680299;0.6234898018587334;42.14;39.53;46.04;50.25;-0.02373042240151335;0.9099616858237569;2.6099999999999994;41.49571428571429;44.230333333333334;1.0576839027315799;1;0;1
2025-03-17;41.09;2025;3;17;0;76;1;1;1.0;6.123233995736766e-17;0.0;1.0;42.13;41.11;44.95;50.49;-2.468549727035363;-0.02373042240151335;1.0200000000000031;41.86714285714286;43.959666666666664;0.6170822280640601;1;0;1
2025-03-18;40.22;2025;3;18;1;77;1;1;1.0;6.123233995736766e-17;0.7818314824680298;0.6234898018587336;41.09;42.88;43.28;51.44;-2.1173034801655;-2.468549727035363;-1.7899999999999991;41.864285714285714;43.64633333333334;0.6212046668347453;1;0;1
2025-03-19;42.5;2025;3;19;2;78;1;1;1.0;6.123233995736766e-17;0.9749279121818236;-0.22252093395631434;40.22;41.91;40.86;47.7;5.6688214818498395;-2.1173034801655;-1.6899999999999977;41.48428571428571;43.272333333333336;0.7043402857266581;1;0;1
2025-03-20;41.89;2025;3;20;3;79;1;1;1.0;6.123233995736766e-17;0.43388373911755823;-0.900968867902419;42.5;41.14;38.11;48.94;-1.4352941176470568;5.6688214818498395;1.3599999999999994;41.56857142857143;43.099000000000004;0.7934403689313003;1;0;1
2025-03-21;41.82;2025;3;21;4;80;1;1;1.0;6.123233995736766e-17;-0.433883739117558;-0.9009688679024191;41.89;41.76;39.86;47.1;-0.16710432084029447;-1.4352941176470568;0.13000000000000256;41.675714285714285;42.864;0.776377424172068;1;0;1
2025-03-22;41.54;2025;3;22;5;81;1;1;1.0;6.123233995736766e-17;-0.9749279121818236;-0.2225209339563146;41.82;42.14;39.07;46.86;-0.6695361071257788;-0.16710432084029447;-0.3200000000000003;41.684285714285714;42.688;0.7777929703745399;1;0;1
2025-03-23;41.7;2025;3;23;6;82;1;1;1.0;6.123233995736766e-17;-0.7818314824680299;0.6234898018587334;41.54;42.13;39.53;45.97;0.3851709195955788;-0.6695361071257788;-0.5900000000000034;41.598571428571425;42.51066666666667;0.7518295146173892;1;0;1
2025-03-24;41.58;2025;3;24;0;83;1;1;1.0;6.123233995736766e-17;0.0;1.0;41.7;41.09;41.11;45.65;-0.2877697841726756;0.3851709195955788;0.6099999999999994;41.537142857142854;42.36833333333334;0.7179766543507631;1;0;1
2025-03-25;40.37;2025;3;25;1;84;1;1;1.0;6.123233995736766e-17;0.7818314824680298;0.6234898018587336;41.58;40.22;42.88;45.42;-2.910052910052907;-0.2877697841726756;1.3599999999999994;41.607142857142854;42.23266666666667;0.690476026274148;1;0;1
2025-03-26;39.72;2025;3;26;2;85;1;1;1.0;6.123233995736766e-17;0.9749279121818236;-0.22252093395631434;40.37;42.5;41.91;46.46;-1.6101065147386628;-2.910052910052907;-2.1300000000000026;41.62857142857143;42.06433333333333;0.64079192076404;1;0;1
2025-03-27;40.04;2025;3;27;3;86;1;1;1.0;6.123233995736766e-17;0.43388373911755823;-0.900968867902419;39.72;41.89;41.14;43.66;0.8056394763343411;-1.6101065147386628;-2.1700000000000017;41.23142857142857;41.839666666666666;0.84092069724205;1;0;1
2025-03-28;39.53;2025;3;28;4;87;1;1;1.0;6.123233995736766e-17;-0.433883739117558;-0.9009688679024191;40.04;41.82;41.76;41.0;-1.2737262737262722;0.8056394763343411;-1.7800000000000011;40.96714285714285;41.719;0.8887953323795906;1;0;1
2025-03-29;38.83;2025;3;29;5;88;1;1;1.0;6.123233995736766e-17;-0.9749279121818236;-0.2225209339563146;39.53;41.54;42.14;44.38;-1.7708069820389638;-1.2737262737262722;-2.009999999999998;40.64;41.669999999999995;0.9423905772039587;1;0;1
2025-03-30;39.07;2025;3;30;6;89;1;1;1.0;6.123233995736766e-17;-0.7818314824680299;0.6234898018587334;38.83;41.7;42.13;43.88;0.6180788050476504;-1.7708069820389638;-2.8700000000000045;40.25285714285714;41.485;1.0603099277382058;1;0;1
2025-03-31;39.37;2025;3;31;0;90;1;1;1.0;6.123233995736766e-17;0.0;1.0;39.07;41.58;41.09;45.07;0.7678525723061158;0.6180788050476504;-2.509999999999998;39.87714285714286;41.324666666666666;0.9185443971453432;1;0;1
2025-04-01;40.37;2025;4;1;1;91;2;1;0.8660254037844387;-0.4999999999999998;0.7818314824680298;0.6234898018587336;39.37;40.37;40.22;46.04;2.540005080010155;0.7678525723061158;-1.0;39.56142857142857;41.13466666666667;0.5357371423728036;1;0;1
2025-04-02;39.69;2025;4;2;2;92;2;1;0.8660254037844387;-0.4999999999999998;0.9749279121818236;-0.22252093395631434;40.37;39.72;42.5;44.95;-1.6844191231112249;2.540005080010155;0.6499999999999986;39.56142857142857;40.94566666666667;0.5357371423728036;1;0;1
2025-04-03;37.61;2025;4;3;3;93;2;1;0.8660254037844387;-0.4999999999999998;0.43388373911755823;-0.900968867902419;39.69;40.04;41.89;43.28;-5.24061476442429;-1.6844191231112249;-0.3500000000000014;39.55714285714286;40.77033333333334;0.5343754699278751;1;0;1
2025-04-04;35.07;2025;4;4;4;94;2;1;0.8660254037844387;-0.4999999999999998;-0.433883739117558;-0.9009688679024191;37.61;39.53;41.82;40.86;-6.753522999202333;-5.24061476442429;-1.9200000000000017;39.209999999999994;40.58133333333333;0.8590692637987424;1;0;1
2025-04-05;35.54;2025;4;5;5;95;2;1;0.8660254037844387;-0.4999999999999998;-0.9749279121818236;-0.2225209339563146;35.07;38.83;41.54;38.11;1.3401767892785799;-6.753522999202333;-3.759999999999998;38.57285714285714;40.38833333333333;1.7617956208164212;1;0;1
2025-04-06;35.07;2025;4;6;6;96;2;1;0.8660254037844387;-0.4999999999999998;-0.7818314824680299;0.6234898018587334;35.54;39.07;41.7;39.86;-1.3224535734383758;1.3401767892785799;-3.530000000000001;38.10285714285714;40.302666666666674;2.0900296192944765;1;0;1
2025-04-07;34.7;2025;4;7;0;97;2;1;0.8660254037844387;-0.4999999999999998;0.0;1.0;35.07;39.37;41.58;39.07;-1.055032791559729;-1.3224535734383758;-4.299999999999997;37.53142857142858;40.143;2.316120524868911;1;0;1
2025-04-08;35.04;2025;4;8;1;98;2;1;0.8660254037844387;-0.4999999999999998;0.7818314824680298;0.6234898018587336;34.7;40.37;40.37;39.53;0.9798270893371708;-1.055032791559729;-5.669999999999995;36.864285714285714;39.99733333333334;2.3702169882594575;1;0;1
2025-04-09;31.89;2025;4;9;2;99;2;1;0.8660254037844387;-0.4999999999999998;0.9749279121818236;-0.22252093395631434;35.04;39.69;39.72;41.11;-8.98972602739726;0.9798270893371708;-4.649999999999999;36.10285714285714;39.84766666666667;1.856840634751075;1;0;1
2025-04-10;31.72;2025;4;10;3;100;2;1;0.8660254037844387;-0.4999999999999998;0.43388373911755823;-0.900968867902419;31.89;37.61;40.04;42.88;-0.5330824709940507;-8.98972602739726;-5.719999999999999;34.988571428571426;39.54033333333333;1.6771148695663616;1;0;1
2025-04-11;32.57;2025;4;11;4;101;2;1;0.8660254037844387;-0.4999999999999998;-0.433883739117558;-0.9009688679024191;31.72;35.07;39.53;41.91;2.679697351828514;-0.5330824709940507;-3.3500000000000014;34.14714285714286;39.16833333333333;1.6192561490379755;1;0;1
2025-04-12;32.01;2025;4;12;5;102;2;1;0.8660254037844387;-0.4999999999999998;-0.9749279121818236;-0.2225209339563146;32.57;35.54;38.83;41.14;-1.7193736567393425;2.679697351828514;-2.969999999999999;33.79;38.857;1.6570455636484578;1;0;1
2025-04-13;32.01;2025;4;13;6;103;2;1;0.8660254037844387;-0.4999999999999998;-0.7818314824680299;0.6234898018587334;32.01;35.07;39.07;41.76;0.0;-1.7193736567393425;-3.0600000000000023;33.285714285714285;38.552666666666674;1.5705928513683138;1;0;1
2025-04-14;32.69;2025;4;14;0;104;2;1;0.8660254037844387;-0.4999999999999998;0.0;1.0;32.01;34.7;39.37;42.14;2.1243361449547082;0.0;-2.690000000000005;32.848571428571425;38.22766666666667;1.4087042340588156;1;0;1
2025-04-15;32.02;2025;4;15;1;105;2;1;0.8660254037844387;-0.4999999999999998;0.7818314824680298;0.6234898018587336;32.69;35.04;40.37;42.13;-2.049556439278055;2.1243361449547082;-2.3500000000000014;32.56142857142857;37.91266666666666;1.1494118578888124;1;0;1
2025-04-16;33.41;2025;4;16;2;106;2;1;0.8660254037844387;-0.4999999999999998;0.9749279121818236;-0.22252093395631434;32.02;31.89;39.69;41.09;4.341036851967495;-2.049556439278055;0.13000000000000256;32.13;37.57566666666666;0.3591192930973358;1;0;1
2025-04-17;33.13;2025;4;17;3;107;2;1;0.8660254037844387;-0.4999999999999998;0.43388373911755823;-0.900968867902419;33.41;31.72;37.61;40.22;-0.8380724334031586;4.341036851967495;1.6899999999999977;32.347142857142856;37.31966666666666;0.5808819239154706;1;0;1
2025-04-18;34.26;2025;4;18;4;108;2;1;0.8660254037844387;-0.4999999999999998;-0.433883739117558;-0.9009688679024191;33.13;32.57;35.07;42.5;3.410805916088133;-0.8380724334031586;0.5600000000000023;32.54857142857143;37.083333333333336;0.5715601039162533;1;0;1
2025-04-19;34.58;2025;4;19;5;109;2;1;0.8660254037844387;-0.4999999999999998;-0.9749279121818236;-0.2225209339563146;34.26;32.01;35.54;41.89;0.93403385872739;3.410805916088133;2.25;32.79;36.80866666666667;0.8641566216111078;1;0;1
2025-04-20;35.19;2025;4;20;6;110;2;1;0.8660254037844387;-0.4999999999999998;-0.7818314824680299;0.6234898018587334;34.58;32.01;35.07;41.82;1.764025448235973;0.93403385872739;2.5700000000000003;33.15714285714286;36.565000000000005;1.0110013894803702;1;0;1
2025-04-21;35.1;2025;4;21;0;111;2;1;0.8660254037844387;-0.4999999999999998;0.0;1.0;35.19;32.69;34.7;41.54;-0.2557544757033181;1.764025448235973;2.5;33.61142857142857;36.344;1.1183831867424059;1;0;1
2025-04-22;32.41;2025;4;22;1;112;2;1;0.8660254037844387;-0.4999999999999998;0.7818314824680298;0.6234898018587336;35.1;32.02;35.04;41.7;-7.663817663817674;-0.2557544757033181;3.0799999999999983;33.955714285714286;36.12933333333333;1.1577112066928301;1;0;1
2025-04-23;32.44;2025;4;23;2;113;2;1;0.8660254037844387;-0.4999999999999998;0.9749279121818236;-0.22252093395631434;32.41;33.41;31.89;41.58;0.0925640234495484;-7.663817663817674;-1.0;34.01142857142857;35.81966666666666;1.0537461517784312;1;0;1
2025-04-24;32.11;2025;4;24;3;114;2;1;0.8660254037844387;-0.4999999999999998;0.43388373911755823;-0.900968867902419;32.44;33.13;31.72;40.37;-1.017262638717631;0.0925640234495484;-0.6900000000000048;33.87285714285714;35.51499999999999;1.1996904362643435;1;0;1
2025-04-25;30.9;2025;4;25;4;115;2;1;0.8660254037844387;-0.4999999999999998;-0.433883739117558;-0.9009688679024191;32.11;34.26;32.57;39.72;-3.7682964808470887;-1.017262638717631;-2.1499999999999986;33.72714285714285;35.23966666666667;1.356634491255557;1;0;1
2025-04-26;30.83;2025;4;26;5;116;2;1;0.8660254037844387;-0.4999999999999998;-0.9749279121818236;-0.2225209339563146;30.9;34.58;32.01;40.04;-0.22653721682848182;-3.7682964808470887;-3.6799999999999997;33.247142857142855;34.94566666666667;1.6901056602664009;1;0;1
2025-04-27;30.09;2025;4;27;6;117;2;1;0.8660254037844387;-0.4999999999999998;-0.7818314824680299;0.6234898018587334;30.83;35.19;32.01;39.53;-2.4002594875121575;-0.22653721682848182;-4.359999999999999;32.71142857142857;34.63866666666666;1.7886627087637306;1;0;1
2025-04-28;30.47;2025;4;28;0;118;2;1;0.8660254037844387;-0.4999999999999998;0.0;1.0;30.09;35.1;32.69;38.83;1.2628780325689482;-2.4002594875121575;-5.010000000000002;31.982857142857142;34.324;1.6436110071623757;1;0;1
2025-04-29;30.42;2025;4;29;1;119;2;1;0.8660254037844387;-0.4999999999999998;0.7818314824680298;0.6234898018587336;30.47;32.41;32.02;39.07;-0.1640958319658603;1.2628780325689482;-1.9399999999999977;31.321428571428573;34.04533333333333;0.9762586503532441;1;0;1
2025-04-30;30.91;2025;4;30;2;120;2;1;0.8660254037844387;-0.4999999999999998;0.9749279121818236;-0.22252093395631434;30.42;32.44;33.41;39.37;1.6107823800131538;-0.1640958319658603;-2.019999999999996;31.037142857142857;33.757;0.8925938659505631;1;0;1
2025-05-01;30.66;2025;5;1;3;121;2;1;0.49999999999999994;-0.8660254037844387;0.43388373911755823;-0.900968867902419;30.91;32.11;33.13;40.37;-0.8087997411840853;1.6107823800131538;-1.1999999999999993;30.818571428571428;33.475;0.6447332412632776;1;0;1
2025-05-02;32.55;2025;5;2;4;122;2;1;0.49999999999999994;-0.8660254037844387;-0.433883739117558;-0.9009688679024191;30.66;30.9;34.26;39.69;6.164383561643816;-0.8087997411840853;-0.23999999999999844;30.611428571428572;33.15133333333333;0.3030637211159514;1;0;1
2025-05-03;31.57;2025;5;3;5;123;2;1;0.49999999999999994;-0.8660254037844387;-0.9749279121818236;-0.2225209339563146;32.55;30.83;34.58;37.61;-3.010752688172036;6.164383561643816;1.7199999999999989;30.84714285714286;32.913333333333334;0.7996814842169077;1;0;1
2025-05-04;31.63;2025;5;4;6;124;2;1;0.49999999999999994;-0.8660254037844387;-0.7818314824680299;0.6234898018587334;31.57;30.09;35.19;35.07;0.1900538485904324;-3.010752688172036;1.4800000000000004;30.95285714285714;32.712;0.8446836545117296;1;0;1
2025-05-05;31.65;2025;5;5;0;125;2;1;0.49999999999999994;-0.8660254037844387;0.0;1.0;31.63;30.47;35.1;35.54;0.06323110970596346;0.1900538485904324;1.1600000000000001;31.17285714285714;32.59733333333333;0.7806133119962925;1;0;1
2025-05-06;33.31;2025;5;6;1;126;2;1;0.49999999999999994;-0.8660254037844387;0.7818314824680298;0.6234898018587336;31.65;30.42;32.41;35.07;5.244865718799385;0.06323110970596346;1.2299999999999969;31.34142857142857;32.467666666666666;0.7292559809304674;1;0;1
2025-05-07;33.05;2025;5;7;2;127;2;1;0.49999999999999994;-0.8660254037844387;0.9749279121818236;-0.22252093395631434;33.31;30.91;32.44;34.7;-0.7805463824677394;5.244865718799385;2.400000000000002;31.754285714285714;32.409;0.9150565946633515;1;0;1
2025-05-08;34.21;2025;5;8;3;128;2;1;0.49999999999999994;-0.8660254037844387;0.43388373911755823;-0.900968867902419;33.05;30.66;32.11;35.04;3.5098335854765628;-0.7805463824677394;2.389999999999997;32.06;32.354;0.9430270409739725;1;0;1
2025-05-09;33.51;2025;5;9;4;129;2;1;0.49999999999999994;-0.8660254037844387;-0.433883739117558;-0.9009688679024191;34.21;32.55;30.9;31.89;-2.046185325928096;3.5098335854765628;1.6600000000000037;32.567142857142855;32.32633333333333;1.0163613905487994;1;0;1
2025-05-10;33.85;2025;5;10;5;130;2;1;0.49999999999999994;-0.8660254037844387;-0.9749279121818236;-0.2225209339563146;33.51;31.57;30.83;31.72;1.0146225007460652;-2.046185325928096;1.9399999999999977;32.70428571428572;32.38033333333333;1.0766438151819901;1;0;1
2025-05-11;33.91;2025;5;11;6;131;2;1;0.49999999999999994;-0.8660254037844387;-0.7818314824680299;0.6234898018587334;33.85;31.63;30.09;32.57;0.17725258493350715;1.0146225007460652;2.2200000000000024;33.03;32.45133333333333;1.019673150250049;1;0;1
2025-05-12;34.16;2025;5;12;0;132;2;1;0.49999999999999994;-0.8660254037844387;0.0;1.0;33.91;31.65;30.47;32.01;0.7372456502506619;0.17725258493350715;2.259999999999998;33.355714285714285;32.496;0.847562330905066;1;0;1
2025-05-13;34.58;2025;5;13;1;133;2;1;0.49999999999999994;-0.8660254037844387;0.7818314824680298;0.6234898018587336;34.16;33.31;30.42;32.01;1.2295081967213184;0.7372456502506619;0.8499999999999943;33.714285714285715;32.56766666666667;0.4373350029085343;1;0;1
2025-05-14;33.82;2025;5;14;2;134;2;1;0.49999999999999994;-0.8660254037844387;0.9749279121818236;-0.22252093395631434;34.58;33.05;30.91;32.69;-2.19780219780219;1.2295081967213184;1.5300000000000011;33.895714285714284;32.653333333333336;0.500528292342764;1;0;1
2025-05-15;34.13;2025;5;15;3;135;2;1;0.49999999999999994;-0.8660254037844387;0.43388373911755823;-0.900968867902419;33.82;34.21;30.66;32.02;0.9166173861620441;-2.19780219780219;-0.39000000000000057;34.005714285714284;32.690999999999995;0.3437468614676044;1;0;1
2025-05-16;34.19;2025;5;16;4;136;2;1;0.49999999999999994;-0.8660254037844387;-0.433883739117558;-0.9009688679024191;34.13;33.51;32.55;33.41;0.17579841781423244;0.9166173861620441;0.6200000000000045;33.994285714285716;32.76133333333333;0.33708837333183445;1;0;1
2025-05-17;34.19;2025;5;17;5;137;2;1;0.49999999999999994;-0.8660254037844387;-0.9749279121818236;-0.2225209339563146;34.19;33.85;31.57;33.13;0.0;0.17579841781423244;0.3399999999999963;34.09142857142857;32.787333333333336;0.26441309672774826;1;0;1
2025-05-18;34.36;2025;5;18;6;138;2;1;0.49999999999999994;-0.8660254037844387;-0.7818314824680299;0.6234898018587334;34.19;33.91;31.63;34.26;0.49722140976893314;0.0;0.28000000000000114;34.14;32.82266666666666;0.24303634846152025;1;0;1
2025-05-19;34.29;2025;5;19;0;139;2;1;0.49999999999999994;-0.8660254037844387;0.0;1.0;34.36;34.16;31.65;34.58;-0.20372526193248586;0.49722140976893314;0.20000000000000284;34.20428571428571;32.826;0.23129037615526082;1;0;1
2025-05-20;36.06;2025;5;20;1;140;2;1;0.49999999999999994;-0.8660254037844387;0.7818314824680298;0.6234898018587336;34.29;34.58;33.31;35.19;5.161854768153984;-0.20372526193248586;-0.28999999999999915;34.222857142857144;32.81633333333333;0.2323585079080788;1;0;1
2025-05-21;36.02;2025;5;21;2;141;2;1;0.49999999999999994;-0.8660254037844387;0.9749279121818236;-0.22252093395631434;36.06;33.82;33.05;35.1;-0.11092623405435376;5.161854768153984;2.240000000000002;34.434285714285714;32.845333333333336;0.7369499563076877;1;0;1
2025-05-22;34.95;2025;5;22;3;142;2;1;0.49999999999999994;-0.8660254037844387;0.43388373911755823;-0.900968867902419;36.02;34.13;34.21;32.41;-2.9705719044974987;-0.11092623405435376;1.8900000000000006;34.74857142857143;32.876;0.8854646345586545;1;0;1
2025-05-23;35.44;2025;5;23;4;143;2;1;0.49999999999999994;-0.8660254037844387;-0.433883739117558;-0.9009688679024191;34.95;34.19;33.51;32.44;1.4020028612303115;-2.9705719044974987;0.7600000000000051;34.86571428571428;32.96066666666666;0.8432251012837394;1;0;1
2025-05-24;36.45;2025;5;24;5;144;2;1;0.49999999999999994;-0.8660254037844387;-0.9749279121818236;-0.2225209339563146;35.44;34.19;33.85;32.11;2.84988713318286;1.4020028612303115;1.25;35.044285714285714;33.06066666666666;0.8078955613824906;1;0;1
2025-05-25;36.26;2025;5;25;6;145;2;1;0.49999999999999994;-0.8660254037844387;-0.7818314824680299;0.6234898018587334;36.45;34.36;33.91;30.9;-0.5212620027434944;2.84988713318286;2.0900000000000034;35.36714285714286;33.205333333333336;0.8595292177678255;1;0;1
2025-05-26;36.33;2025;5;26;0;146;2;1;0.49999999999999994;-0.8660254037844387;0.0;1.0;36.26;34.29;34.16;30.83;0.19305019305020377;-0.5212620027434944;1.9699999999999989;35.63857142857143;33.384;0.7852691379734367;1;0;1
2025-05-27;35.57;2025;5;27;1;147;2;1;0.49999999999999994;-0.8660254037844387;0.7818314824680298;0.6234898018587336;36.33;36.06;34.58;30.09;-2.0919350399119185;0.19305019305020377;0.269999999999996;35.93;33.56733333333333;0.5423406063896357;1;0;1
2025-05-28;35.45;2025;5;28;2;148;2;1;0.49999999999999994;-0.8660254037844387;0.9749279121818236;-0.22252093395631434;35.57;36.02;33.82;30.47;-0.33736294630305474;-2.0919350399119185;-0.45000000000000284;35.86;33.75;0.5542562584272612;1;0;1
2025-05-29;34.1;2025;5;29;3;149;2;1;0.49999999999999994;-0.8660254037844387;0.43388373911755823;-0.900968867902419;35.45;34.95;34.13;30.42;-3.8081805359661547;-0.33736294630305474;0.5;35.77857142857143;33.916000000000004;0.5685193802502448;1;0;1
2025-05-30;33.37;2025;5;30;4;150;2;1;0.49999999999999994;-0.8660254037844387;-0.433883739117558;-0.9009688679024191;34.1;35.44;34.19;30.91;-2.1407624633431155;-3.8081805359661547;-1.3399999999999963;35.65714285714286;34.038666666666664;0.8131361978146021;1;0;1
2025-05-31;33.52;2025;5;31;5;151;2;1;0.49999999999999994;-0.8660254037844387;-0.9749279121818236;-0.2225209339563146;33.37;36.45;34.19;30.66;0.44950554390172925;-2.1407624633431155;-3.0800000000000054;35.36142857142857;34.120666666666665;1.1929575093244993;1;0;1
2025-06-01;33.79;2025;6;1;6;152;2;1;1.2246467991473532e-16;-1.0;-0.7818314824680299;0.6234898018587334;33.52;36.26;34.36;32.55;0.8054892601431884;0.44950554390172925;-2.739999999999995;34.94285714285714;34.216;1.2595199387849416;1;0;1
2025-06-02;34.47;2025;6;2;0;153;2;1;1.2246467991473532e-16;-1.0;0.0;1.0;33.79;36.33;34.29;31.57;2.0124297129328284;0.8054892601431884;-2.539999999999999;34.59;34.257333333333335;1.1719641632774294;1;0;1
2025-06-03;35.21;2025;6;3;1;154;2;1;1.2246467991473532e-16;-1.0;0.7818314824680298;0.6234898018587336;34.47;35.57;36.06;31.63;2.14679431389615;2.0124297129328284;-1.1000000000000014;34.324285714285715;34.354;0.8882165115754732;1;0;1
2025-06-04;34.81;2025;6;4;2;155;2;1;1.2246467991473532e-16;-1.0;0.9749279121818236;-0.22252093395631434;35.21;35.45;36.02;31.65;-1.1360408974723013;2.14679431389615;-0.240000000000002;34.27285714285715;34.473333333333336;0.8111455743970414;1;0;1
2025-06-05;35.79;2025;6;5;3;156;2;1;1.2246467991473532e-16;-1.0;0.43388373911755823;-0.900968867902419;34.81;34.1;34.95;33.31;2.815282964665311;-1.1360408974723013;0.7100000000000009;34.18142857142857;34.57866666666667;0.6821639238881207;1;0;1
2025-06-06;35.68;2025;6;6;4;157;2;1;1.2246467991473532e-16;-1.0;-0.433883739117558;-0.9009688679024191;35.79;33.37;35.44;33.05;-0.30734842134674256;2.815282964665311;2.4200000000000017;34.42285714285715;34.66133333333333;0.9096650351624753;1;0;1
2025-06-07;36.0;2025;6;7;5;158;2;1;1.2246467991473532e-16;-1.0;-0.9749279121818236;-0.2225209339563146;35.68;33.52;36.45;34.21;0.8968609865470878;-0.30734842134674256;2.1599999999999966;34.75285714285714;34.749;0.8826610199827266;1;0;1
2025-06-08;36.24;2025;6;8;6;159;2;1;1.2246467991473532e-16;-1.0;-0.7818314824680299;0.6234898018587334;36.0;33.79;36.26;33.51;0.6666666666666821;0.8968609865470878;2.210000000000001;35.107142857142854;34.80866666666667;0.7990977054549723;1;0;1
2025-06-09;35.2;2025;6;9;0;160;2;1;1.2246467991473532e-16;-1.0;0.0;1.0;36.24;34.47;36.33;33.85;-2.8697571743929284;0.6666666666666821;1.7700000000000031;35.457142857142856;34.89966666666667;0.648375258778838;1;0;1
2025-06-10;34.3;2025;6;10;1;161;2;1;1.2246467991473532e-16;-1.0;0.7818314824680298;0.6234898018587336;35.2;35.21;35.57;33.91;-2.556818181818199;-2.8697571743929284;-0.00999999999999801;35.56142857142857;34.94466666666666;0.5062749112095841;1;0;1
2025-06-11;35.55;2025;6;11;2;162;2;1;1.2246467991473532e-16;-1.0;0.9749279121818236;-0.22252093395631434;34.3;34.81;35.45;34.16;3.6443148688046545;-2.556818181818199;-0.5100000000000051;35.431428571428576;34.95766666666667;0.6936961047320003;1;0;1
2025-06-12;35.99;2025;6;12;3;163;2;1;1.2246467991473532e-16;-1.0;0.43388373911755823;-0.900968867902419;35.55;35.79;34.1;34.58;1.2376933895921427;3.6443148688046545;-0.240000000000002;35.537142857142854;35.004000000000005;0.6373045919049583;1;0;1
2025-06-13;37.43;2025;6;13;4;164;2;1;1.2246467991473532e-16;-1.0;-0.433883739117558;-0.9009688679024191;35.99;35.68;33.37;33.82;4.001111419838832;1.2376933895921427;0.3100000000000023;35.565714285714286;35.051;0.6547736795523758;1;0;1
2025-06-14;37.33;2025;6;14;5;165;2;1;1.2246467991473532e-16;-1.0;-0.9749279121818236;-0.2225209339563146;37.43;36.0;33.52;34.13;-0.26716537536735085;4.001111419838832;1.4299999999999997;35.815714285714286;35.17133333333334;0.9658650206426748;1;0;1
2025-06-15;38.41;2025;6;15;6;166;2;1;1.2246467991473532e-16;-1.0;-0.7818314824680299;0.6234898018587334;37.33;36.24;33.79;34.19;2.8931154567372053;-0.26716537536735085;1.0899999999999963;36.005714285714284;35.278000000000006;1.1257420832948202;1;0;1
2025-06-16;37.56;2025;6;16;0;167;2;1;1.2246467991473532e-16;-1.0;0.0;1.0;38.41;35.2;34.47;34.19;-2.212965373600606;2.8931154567372053;3.2099999999999937;36.315714285714286;35.41866666666667;1.452398672805592;1;0;1
2025-06-17;38.89;2025;6;17;1;168;2;1;1.2246467991473532e-16;-1.0;0.7818314824680298;0.6234898018587336;37.56;34.3;35.21;34.36;3.541001064962712;-2.212965373600606;3.260000000000005;36.652857142857144;35.53099999999999;1.4238763322455907;1;0;1
2025-06-18;38.53;2025;6;18;2;169;2;1;1.2246467991473532e-16;-1.0;0.9749279121818236;-0.22252093395631434;38.89;35.55;34.81;34.29;-0.9256878374903521;3.541001064962712;3.3400000000000034;37.30857142857143;35.682;1.1988665281781423;1;0;1
2025-06-19;41.45;2025;6;19;3;170;2;1;1.2246467991473532e-16;-1.0;0.43388373911755823;-0.900968867902419;38.53;35.99;35.79;36.06;7.578510251751891;-0.9256878374903521;2.539999999999999;37.73428571428571;35.82333333333334;0.9793170603878044;1;0;1
2025-06-20;40.9;2025;6;20;4;171;2;1;1.2246467991473532e-16;-1.0;-0.433883739117558;-0.9009688679024191;41.45;37.43;35.68;36.02;-1.326899879372745;7.578510251751891;4.020000000000003;38.51428571428571;36.003;1.429427124678328;1;0;1
2025-06-21;41.42;2025;6;21;5;172;2;1;1.2246467991473532e-16;-1.0;-0.9749279121818236;-0.2225209339563146;40.9;37.33;36.0;34.95;1.271393643031793;-1.326899879372745;3.5700000000000003;39.01;36.16566666666667;1.5840559754431929;1;0;1
2025-06-22;44.79;2025;6;22;6;173;2;1;1.2246467991473532e-16;-1.0;-0.7818314824680299;0.6234898018587334;41.42;38.41;36.24;35.44;8.136166103331721;1.271393643031793;3.010000000000005;39.59428571428571;36.38133333333334;1.6151043015129116;1;0;1
2025-06-23;40.39;2025;6;23;0;174;2;1;1.2246467991473532e-16;-1.0;0.0;1.0;44.79;37.56;35.2;36.45;-9.823621344050004;8.136166103331721;7.229999999999997;40.50571428571429;36.693;2.4299990201846384;1;0;1
2025-06-24;35.7;2025;6;24;1;175;2;1;1.2246467991473532e-16;-1.0;0.7818314824680298;0.6234898018587336;40.39;38.89;34.3;36.26;-11.611785095320615;-9.823621344050004;1.5;40.910000000000004;36.824333333333335;2.0664542901637484;1;0;1
2025-06-25;35.42;2025;6;25;2;176;2;1;1.2246467991473532e-16;-1.0;0.9749279121818236;-0.22252093395631434;35.7;38.53;35.55;36.33;-0.7843137254902044;-11.611785095320615;-2.8299999999999983;40.45428571428572;36.80566666666667;2.805689797197532;1;0;1
2025-06-26;33.94;2025;6;26;3;177;2;1;1.2246467991473532e-16;-1.0;0.43388373911755823;-0.900968867902419;35.42;41.45;35.99;35.57;-4.178430265386801;-0.7843137254902044;-6.030000000000001;40.01;36.775333333333336;3.3538733826234424;1;0;1
2025-06-27;33.36;2025;6;27;4;178;2;1;1.2246467991473532e-16;-1.0;-0.433883739117558;-0.9009688679024191;33.94;40.9;37.43;35.45;-1.708898055391861;-4.178430265386801;-6.960000000000001;38.93714285714286;36.721;3.962426505252529;1;0;1
2025-06-28;33.83;2025;6;28;5;179;2;1;1.2246467991473532e-16;-1.0;-0.9749279121818236;-0.2225209339563146;33.36;41.42;37.33;34.1;1.4088729016786594;-1.708898055391861;-8.060000000000002;37.86000000000001;36.65133333333334;4.34616689355934;1;0;1
2025-06-29;34.23;2025;6;29;6;180;2;1;1.2246467991473532e-16;-1.0;-0.7818314824680299;0.6234898018587334;33.83;44.79;38.41;33.37;1.1823825007389877;1.4088729016786594;-10.96;36.77571428571429;36.64233333333333;4.2558307341928465;1;0;1
2025-06-30;33.2;2025;6;30;0;181;2;1;1.2246467991473532e-16;-1.0;0.0;1.0;34.23;40.39;37.56;33.52;-3.009056383289499;1.1823825007389877;-6.160000000000004;35.26714285714286;36.67100000000001;2.4150204573729486;1;0;1
2025-07-01;33.55;2025;7;1;1;182;3;2;-0.4999999999999997;-0.8660254037844388;0.7818314824680298;0.6234898018587336;33.2;35.7;38.89;33.79;1.0542168674698704;-3.009056383289499;-2.5;34.24;36.66033333333334;0.9693812459536328;1;0;1
2025-07-02;33.54;2025;7;2;2;183;3;2;-0.4999999999999997;-0.8660254037844388;0.9749279121818236;-0.22252093395631434;33.55;35.42;38.53;34.47;-0.02980625931444658;1.0542168674698704;-1.8700000000000045;33.932857142857145;36.65233333333333;0.7441262053782287;1;0;1
2025-07-03;33.43;2025;7;3;3;184;3;2;-0.4999999999999997;-0.8660254037844388;0.43388373911755823;-0.900968867902419;33.54;33.94;41.45;35.21;-0.3279666070363674;-0.02980625931444658;-0.3999999999999986;33.66428571428571;36.62133333333334;0.3559427455394797;1;0;1
2025-07-04;33.33;2025;7;4;4;185;3;2;-0.4999999999999997;-0.8660254037844388;-0.433883739117558;-0.9009688679024191;33.43;33.36;40.9;34.81;-0.29913251570445887;-0.3279666070363674;0.07000000000000028;33.59142857142857;36.562000000000005;0.3420247832949236;1;0;1
2025-07-05;33.5;2025;7;5;5;186;3;2;-0.4999999999999997;-0.8660254037844388;-0.9749279121818236;-0.2225209339563146;33.33;33.83;41.42;35.79;0.5100510051005092;-0.29913251570445887;-0.5;33.58714285714286;36.51266666666666;0.34557750148237254;1;0;1
2025-07-06;33.39;2025;7;6;6;187;3;2;-0.4999999999999997;-0.8660254037844388;-0.7818314824680299;0.6234898018587334;33.5;34.23;44.79;35.68;-0.32835820895522616;0.5100510051005092;-0.7299999999999969;33.54;36.43633333333333;0.32903900479074505;1;0;1
2025-07-07;33.58;2025;7;7;0;188;3;2;-0.4999999999999997;-0.8660254037844388;0.0;1.0;33.39;33.2;40.39;36.0;0.5690326445043414;-0.32835820895522616;0.18999999999999773;33.42;36.36000000000001;0.12596295754607398;1;0;1
2025-07-08;34.31;2025;7;8;1;189;3;2;-0.4999999999999997;-0.8660254037844388;0.7818314824680298;0.6234898018587336;33.58;33.55;35.7;36.24;2.1739130434782705;0.5690326445043414;0.030000000000001137;33.47428571428571;36.279333333333334;0.0928901040780286;1;0;1
2025-07-09;34.58;2025;7;9;2;190;3;2;-0.4999999999999997;-0.8660254037844388;0.9749279121818236;-0.22252093395631434;34.31;33.54;35.42;35.2;0.7869425823374909;2.1739130434782705;0.7700000000000031;33.582857142857144;36.215;0.33215028154556925;1;0;1
2025-07-10;35.16;2025;7;10;3;191;3;2;-0.4999999999999997;-0.8660254037844388;0.43388373911755823;-0.900968867902419;34.58;33.43;33.94;34.3;1.6772700983227251;0.7869425823374909;1.1499999999999986;33.73142857142857;36.19433333333333;0.49998095202502846;1;0;1
2025-07-11;35.53;2025;7;11;4;192;3;2;-0.4999999999999997;-0.8660254037844388;-0.433883739117558;-0.9009688679024191;35.16;33.33;33.36;35.55;1.0523321956769083;1.6772700983227251;1.8299999999999983;33.97857142857143;36.223;0.7097283182465233;1;0;1
2025-07-12;37.02;2025;7;12;5;193;3;2;-0.4999999999999997;-0.8660254037844388;-0.9749279121818236;-0.2225209339563146;35.53;33.5;33.83;35.99;4.193639178159314;1.0523321956769083;2.030000000000001;34.29285714285714;36.22233333333333;0.8482474930881756;1;0;1
2025-07-13;36.25;2025;7;13;6;194;3;2;-0.4999999999999997;-0.8660254037844388;-0.7818314824680299;0.6234898018587334;37.02;33.39;34.23;37.43;-2.0799567801188634;4.193639178159314;3.6300000000000026;34.79571428571429;36.25666666666666;1.2487174372537213;1;0;1
2025-07-14;35.17;2025;7;14;0;195;3;2;-0.4999999999999997;-0.8660254037844388;0.0;1.0;36.25;33.58;33.2;37.33;-2.9793103448275793;-2.0799567801188634;2.6700000000000017;35.20428571428572;36.217333333333336;1.1780047699823866;1;0;1
2025-07-15;34.42;2025;7;15;1;196;3;2;-0.4999999999999997;-0.8660254037844388;0.7818314824680298;0.6234898018587336;35.17;34.31;33.55;38.41;-2.1324992891669003;-2.9793103448275793;0.8599999999999994;35.431428571428576;36.14533333333333;0.9423274125201029;1;0;1
2025-07-16;34.8;2025;7;16;2;197;3;2;-0.4999999999999997;-0.8660254037844388;0.9749279121818236;-0.22252093395631434;34.42;34.58;33.54;37.56;1.104009296920383;-2.1324992891669003;-0.1599999999999966;35.44714285714286;36.01233333333334;0.9211897069531049;1;0;1
2025-07-17;34.43;2025;7;17;3;198;3;2;-0.4999999999999997;-0.8660254037844388;0.43388373911755823;-0.900968867902419;34.8;35.16;33.43;38.89;-1.0632183908045878;1.104009296920383;-0.35999999999999943;35.47857142857143;35.92033333333334;0.8898956600187111;1;0;1
2025-07-18;33.82;2025;7;18;4;199;3;2;-0.4999999999999997;-0.8660254037844388;-0.433883739117558;-0.9009688679024191;34.43;35.53;33.33;38.53;-1.771710717397612;-1.0632183908045878;-1.1000000000000014;35.37428571428571;35.77166666666667;0.9724000744384071;1;0;1
2025-07-19;34.0;2025;7;19;5;200;3;2;-0.4999999999999997;-0.8660254037844388;-0.9749279121818236;-0.2225209339563146;33.82;37.02;33.5;41.45;0.5322294500295754;-1.771710717397612;-3.200000000000003;35.13;35.61466666666667;1.1289523166809994;1;0;1
2025-07-20;34.2;2025;7;20;6;201;3;2;-0.4999999999999997;-0.8660254037844388;-0.7818314824680299;0.6234898018587334;34.0;36.25;33.39;40.9;0.588235294117645;0.5322294500295754;-2.25;34.69857142857143;35.36633333333334;0.8214910949328302;1;0;1
2025-07-21;33.09;2025;7;21;0;202;3;2;-0.4999999999999997;-0.8660254037844388;0.0;1.0;34.2;35.17;33.58;41.42;-3.2456140350877183;0.588235294117645;-0.9699999999999989;34.40571428571429;35.143;0.4637476735989127;1;0;1
2025-07-22;33.03;2025;7;22;1;203;3;2;-0.4999999999999997;-0.8660254037844388;0.7818314824680298;0.6234898018587336;33.09;34.42;34.31;44.79;-0.18132366273799772;-3.2456140350877183;-1.3299999999999983;34.10857142857143;34.86533333333333;0.5506489677834345;1;0;1
2025-07-23;32.59;2025;7;23;2;204;3;2;-0.4999999999999997;-0.8660254037844388;0.9749279121818236;-0.22252093395631434;33.03;34.8;34.58;40.39;-1.3321223130487336;-0.18132366273799772;-1.769999999999996;33.910000000000004;34.473333333333336;0.6594947561126846;1;0;1
2025-07-24;32.39;2025;7;24;3;205;3;2;-0.4999999999999997;-0.8660254037844388;0.43388373911755823;-0.900968867902419;32.59;34.43;35.16;35.7;-0.6136851795029208;-1.3321223130487336;-1.8399999999999963;33.59428571428572;34.21333333333334;0.6906725500811206;1;0;1
2025-07-25;32.39;2025;7;25;4;206;3;2;-0.4999999999999997;-0.8660254037844388;-0.433883739117558;-0.9009688679024191;32.39;33.82;35.53;35.42;0.0;-0.6136851795029208;-1.4299999999999997;33.30285714285714;34.102999999999994;0.7094061903199792;1;0;1
2025-07-26;32.92;2025;7;26;5;207;3;2;-0.4999999999999997;-0.8660254037844388;-0.9749279121818236;-0.2225209339563146;32.39;34.0;37.02;33.94;1.6363075023155371;0.0;-1.6099999999999994;33.09857142857143;34.001999999999995;0.7408650028097169;1;0;1
2025-07-27;32.8;2025;7;27;6;208;3;2;-0.4999999999999997;-0.8660254037844388;-0.7818314824680299;0.6234898018587334;32.92;34.2;36.25;33.36;-0.36452004860269005;1.6363075023155371;-1.2800000000000011;32.94428571428572;33.968;0.6252961203322976;1;0;1
2025-07-28;32.99;2025;7;28;0;209;3;2;-0.4999999999999997;-0.8660254037844388;0.0;1.0;32.8;33.09;35.17;33.83;0.5792682926829329;-0.36452004860269005;-0.29000000000000625;32.744285714285716;33.949333333333335;0.29153942804146904;1;0;1
2025-07-29;34.02;2025;7;29;1;210;3;2;-0.4999999999999997;-0.8660254037844388;0.7818314824680298;0.6234898018587336;32.99;33.03;34.42;34.23;3.122158229766603;0.5792682926829329;-0.03999999999999915;32.730000000000004;33.92133333333333;0.27367864368181455;1;0;1
2025-07-30;34.85;2025;7;30;2;211;3;2;-0.4999999999999997;-0.8660254037844388;0.9749279121818236;-0.22252093395631434;34.02;32.59;34.8;33.2;2.439741328630207;3.122158229766603;1.4299999999999997;32.871428571428574;33.91433333333333;0.5602805419802809;1;0;1
2025-07-31;35.06;2025;7;31;3;212;3;2;-0.4999999999999997;-0.8660254037844388;0.43388373911755823;-0.900968867902419;34.85;32.39;34.43;33.55;0.6025824964132065;2.439741328630207;2.460000000000001;33.19428571428572;33.96933333333333;0.9119001616235941;1;0;1
2025-08-01;34.04;2025;8;1;4;213;3;2;-0.8660254037844385;-0.5000000000000004;-0.433883739117558;-0.9009688679024191;35.06;32.39;33.82;33.54;-2.909298345693101;0.6025824964132065;2.6700000000000017;33.57571428571429;34.019666666666666;1.0649703774138037;1;0;1
2025-08-02;33.77;2025;8;2;5;214;3;2;-0.8660254037844385;-0.5000000000000004;-0.9749279121818236;-0.2225209339563146;34.04;32.92;34.0;33.43;-0.7931844888366513;-2.909298345693101;1.1199999999999974;33.81142857142857;34.03633333333333;0.9332457441930645;1;0;1
2025-08-03;33.89;2025;8;3;6;215;3;2;-0.8660254037844385;-0.5000000000000004;-0.7818314824680299;0.6234898018587334;33.77;32.8;34.2;33.33;0.35534498075213694;-0.7931844888366513;0.970000000000006;33.932857142857145;34.04766666666667;0.8494648175158569;1;0;1
2025-08-04;34.22;2025;8;4;0;216;3;2;-0.8660254037844385;-0.5000000000000004;0.0;1.0;33.89;32.99;33.09;33.5;0.9737385659486453;0.35534498075213694;0.8999999999999986;34.08857142857143;34.06633333333333;0.6926140958145147;1;0;1
2025-08-05;34.33;2025;8;5;1;217;3;2;-0.8660254037844385;-0.5000000000000004;0.7818314824680298;0.6234898018587336;34.22;34.02;33.03;33.39;0.3214494447691285;0.9737385659486453;0.19999999999999574;34.26428571428571;34.090333333333334;0.4954074801969929;1;0;1
2025-08-06;33.18;2025;8;6;2;218;3;2;-0.8660254037844385;-0.5000000000000004;0.9749279121818236;-0.22252093395631434;34.33;34.85;32.59;33.58;-3.349839790270892;0.3214494447691285;-0.5200000000000031;34.30857142857143;34.12166666666667;0.4836468605509817;1;0;1
2025-08-07;32.98;2025;8;7;3;219;3;2;-0.8660254037844385;-0.5000000000000004;0.43388373911755823;-0.900968867902419;33.18;35.06;32.39;34.31;-0.6027727546714989;-3.349839790270892;-1.8800000000000026;34.07;34.108333333333334;0.5752680534672665;1;0;1
2025-08-08;32.27;2025;8;8;4;220;3;2;-0.8660254037844385;-0.5000000000000004;-0.433883739117558;-0.9009688679024191;32.98;34.04;32.39;34.58;-2.1528198908429164;-0.6027727546714989;-1.0600000000000023;33.77285714285715;34.064;0.5124358264186331;1;0;1
2025-08-09;32.48;2025;8;9;5;221;3;2;-0.8660254037844385;-0.5000000000000004;-0.9749279121818236;-0.2225209339563146;32.27;33.77;32.92;35.16;0.6507592190889255;-2.1528198908429164;-1.5;33.519999999999996;33.987;0.7433258594589324;1;0;1
2025-08-10;32.55;2025;8;10;6;222;3;2;-0.8660254037844385;-0.5000000000000004;-0.7818314824680299;0.6234898018587334;32.48;33.89;32.8;35.53;0.21551724137931494;0.6507592190889255;-1.4100000000000037;33.33571428571429;33.897666666666666;0.8262940788660216;1;0;1
2025-08-11;32.86;2025;8;11;0;223;3;2;-0.8660254037844385;-0.5000000000000004;0.0;1.0;32.55;34.22;32.99;37.02;0.952380952380949;0.21551724137931494;-1.6700000000000017;33.144285714285715;33.79833333333333;0.8316821737313478;1;0;1
2025-08-12;32.2;2025;8;12;1;224;3;2;-0.8660254037844385;-0.5000000000000004;0.7818314824680298;0.6234898018587336;32.86;34.33;34.02;36.25;-2.008520998174057;0.952380952380949;-1.4699999999999989;32.949999999999996;33.659666666666666;0.6843001290910653;1;0;1
2025-08-13;32.6;2025;8;13;2;225;3;2;-0.8660254037844385;-0.5000000000000004;0.9749279121818236;-0.22252093395631434;32.2;33.18;34.85;35.17;1.2422360248447228;-2.008520998174057;-0.9799999999999969;32.645714285714284;33.52466666666667;0.3695879301368077;1;0;1
2025-08-14;31.99;2025;8;14;3;226;3;2;-0.8660254037844385;-0.5000000000000004;0.43388373911755823;-0.900968867902419;32.6;32.98;35.06;34.42;-1.8711656441717905;1.2422360248447228;-0.37999999999999545;32.56285714285714;33.439;0.28523173537453084;1;0;1
2025-08-15;30.7;2025;8;15;4;227;3;2;-0.8660254037844385;-0.5000000000000004;-0.433883739117558;-0.9009688679024191;31.99;32.27;34.04;34.8;-4.0325101594248185;-1.8711656441717905;-0.2800000000000047;32.42142857142857;33.358;0.28933421111579305;1;0;1
2025-08-16;31.54;2025;8;16;5;228;3;2;-0.8660254037844385;-0.5000000000000004;-0.9749279121818236;-0.2225209339563146;30.7;32.48;33.77;34.43;2.736156351791541;-4.0325101594248185;-1.7799999999999976;32.19714285714286;33.221333333333334;0.7176980397063433;1;0;1
2025-08-17;32.28;2025;8;17;6;229;3;2;-0.8660254037844385;-0.5000000000000004;-0.7818314824680299;0.6234898018587334;31.54;32.55;33.89;33.82;2.3462270133164376;2.736156351791541;-1.009999999999998;32.06285714285714;33.125;0.7434315544812516;1;0;1
2025-08-18;30.89;2025;8;18;0;230;3;2;-0.8660254037844385;-0.5000000000000004;0.0;1.0;32.28;32.86;34.22;34.0;-4.306071871127637;2.3462270133164376;-0.5799999999999983;32.02428571428572;33.07366666666667;0.7205982963967253;1;0;1
2025-08-19;30.87;2025;8;19;1;231;3;2;-0.8660254037844385;-0.5000000000000004;0.7818314824680298;0.6234898018587336;30.89;32.2;34.33;34.2;-0.06474587245063335;-4.306071871127637;-1.3100000000000023;31.74285714285714;32.97;0.7244932547640488;1;0;1
2025-08-20;31.74;2025;8;20;2;232;3;2;-0.8660254037844385;-0.5000000000000004;0.9749279121818236;-0.22252093395631434;30.87;32.6;33.18;33.09;2.818270165208925;-0.06474587245063335;-1.7300000000000004;31.552857142857142;32.859;0.7582373042340061;1;0;1
2025-08-21;32.51;2025;8;21;3;233;3;2;-0.8660254037844385;-0.5000000000000004;0.43388373911755823;-0.900968867902419;31.74;31.99;32.98;33.03;2.425960932577187;2.818270165208925;-0.25;31.43;32.814;0.6167657578111132;1;0;1
2025-08-22;32.93;2025;8;22;4;234;3;2;-0.8660254037844385;-0.5000000000000004;-0.433883739117558;-0.9009688679024191;32.51;30.7;32.27;32.59;1.291910181482625;2.425960932577187;1.8099999999999987;31.504285714285714;32.79666666666667;0.7183976879859161;1;0;1
2025-08-23;33.47;2025;8;23;5;235;3;2;-0.8660254037844385;-0.5000000000000004;-0.9749279121818236;-0.2225209339563146;32.93;31.54;32.48;32.39;1.6398420892802967;1.291910181482625;1.3900000000000006;31.822857142857142;32.808;0.7928790215822463;1;0;1
2025-08-24;33.49;2025;8;24;6;236;3;2;-0.8660254037844385;-0.5000000000000004;-0.7818314824680299;0.6234898018587334;33.47;32.28;32.55;32.39;0.05975500448163196;1.6398420892802967;1.1899999999999977;32.098571428571425;32.844;0.9893504362571405;1;0;1
2025-08-25;33.38;2025;8;25;0;237;3;2;-0.8660254037844385;-0.5000000000000004;0.0;1.0;33.49;30.89;32.86;32.92;-0.32845625559868585;0.05975500448163196;2.6000000000000014;32.27142857142857;32.88066666666667;1.1230082898426996;1;0;1
2025-08-26;32.82;2025;8;26;1;238;3;2;-0.8660254037844385;-0.5000000000000004;0.7818314824680298;0.6234898018587336;33.38;30.87;32.2;32.8;-1.6776512881965355;-0.32845625559868585;2.5100000000000016;32.62714285714286;32.896;1.0001452275535143;1;0;1
2025-08-27;31.97;2025;8;27;2;239;3;2;-0.8660254037844385;-0.5000000000000004;0.9749279121818236;-0.22252093395631434;32.82;31.74;32.6;32.99;-2.5898842169408964;-1.6776512881965355;1.0800000000000018;32.90571428571429;32.89666666666667;0.6335312973873772;1;0;1
2025-08-28;31.09;2025;8;28;3;240;3;2;-0.8660254037844385;-0.5000000000000004;0.43388373911755823;-0.900968867902419;31.97;32.51;31.99;34.02;-2.7525805442602413;-2.5898842169408964;-0.5399999999999991;32.93857142857143;32.86266666666667;0.5652854314901694;1;0;1
2025-08-29;31.08;2025;8;29;4;241;3;2;-0.8660254037844385;-0.5000000000000004;-0.433883739117558;-0.9009688679024191;31.09;32.93;30.7;34.85;-0.03216468317787102;-2.7525805442602413;-1.8399999999999999;32.73571428571429;32.765;0.9002565771875436;1;0;1
2025-08-30;30.93;2025;8;30;5;242;3;2;-0.8660254037844385;-0.5000000000000004;-0.9749279121818236;-0.2225209339563146;31.08;33.47;31.54;35.06;-0.4826254826254761;-0.03216468317787102;-2.3900000000000006;32.471428571428575;32.63933333333333;1.0860851496952875;1;0;1
2025-08-31;30.87;2025;8;31;6;243;3;2;-0.8660254037844385;-0.5000000000000004;-0.7818314824680299;0.6234898018587334;30.93;33.49;32.28;34.04;-0.19398642095053154;-0.4826254826254761;-2.5600000000000023;32.10857142857143;32.501666666666665;1.120616327022254;1;0;1
2025-09-01;31.59;2025;9;1;0;244;3;2;-1.0;-1.8369701987210297e-16;0.0;1.0;30.87;33.38;30.89;33.77;2.3323615160349753;-0.19398642095053154;-2.5100000000000016;31.734285714285715;32.396;1.0148703881629502;1;0;1
2025-09-02;31.22;2025;9;2;1;245;3;2;-1.0;-1.8369701987210297e-16;0.7818314824680298;0.6234898018587336;31.59;32.82;30.87;33.89;-1.1712567268122864;2.3323615160349753;-1.2300000000000004;31.478571428571428;32.32333333333334;0.7111593485681523;1;0;1
2025-09-03;31.19;2025;9;3;2;246;3;2;-1.0;-1.8369701987210297e-16;0.9749279121818236;-0.22252093395631434;31.22;31.97;31.74;34.22;-0.0960922485586102;-1.1712567268122864;-0.75;31.25;32.23433333333333;0.39501054839298544;1;0;1
2025-09-04;31.82;2025;9;4;3;247;3;2;-1.0;-1.8369701987210297e-16;0.43388373911755823;-0.900968867902419;31.19;31.09;32.51;34.33;2.01987816607887;-0.0960922485586102;0.10000000000000142;31.138571428571428;32.13333333333333;0.23610933707941043;1;0;1
2025-09-05;31.36;2025;9;5;4;248;3;2;-1.0;-1.8369701987210297e-16;-0.433883739117558;-0.9009688679024191;31.82;31.08;32.93;33.18;-1.4456316781898182;2.01987816607887;0.740000000000002;31.24285714285714;32.04966666666667;0.34649263031923433;1;0;1
2025-09-06;31.4;2025;9;6;5;249;3;2;-1.0;-1.8369701987210297e-16;-0.9749279121818236;-0.2225209339563146;31.36;30.93;33.47;32.98;0.12755102040815647;-1.4456316781898182;0.4299999999999997;31.282857142857146;31.988999999999997;0.34067160560504334;1;0;1
2025-09-07;31.19;2025;9;7;6;250;3;2;-1.0;-1.8369701987210297e-16;-0.7818314824680299;0.6234898018587334;31.4;30.87;33.49;32.27;-0.6687898089171918;0.12755102040815647;0.5299999999999976;31.349999999999998;31.936333333333334;0.30386400468247254;1;0;1
2025-09-08;32.47;2025;9;8;0;251;3;2;-1.0;-1.8369701987210297e-16;0.0;1.0;31.19;31.59;33.38;32.48;4.103879448541181;-0.6687898089171918;-0.3999999999999986;31.395714285714284;31.900333333333332;0.23613958746939265;1;0;1
2025-09-09;32.58;2025;9;9;1;252;3;2;-1.0;-1.8369701987210297e-16;0.7818314824680298;0.6234898018587336;32.47;31.22;32.82;32.55;0.33877425315675946;4.103879448541181;1.25;31.52142857142857;31.9;0.4726319417783673;1;0;1
2025-09-10;32.7;2025;9;10;2;253;3;2;-1.0;-1.8369701987210297e-16;0.9749279121818236;-0.22252093395631434;32.58;31.19;31.97;32.86;0.36832412523022384;0.33877425315675946;1.389999999999997;31.715714285714284;31.901;0.592420378422308;1;0;1
2025-09-11;31.75;2025;9;11;3;254;3;2;-1.0;-1.8369701987210297e-16;0.43388373911755823;-0.900968867902419;32.7;31.82;31.09;32.2;-2.905198776758422;0.36832412523022384;0.8800000000000026;31.93142857142857;31.895666666666667;0.64193531791681;1;0;1
2025-09-12;32.27;2025;9;12;4;255;3;2;-1.0;-1.8369701987210297e-16;-0.433883739117558;-0.9009688679024191;31.75;31.36;31.08;32.6;1.637795275590559;-2.905198776758422;0.39000000000000057;31.92142857142857;31.880666666666666;0.6445005449097477;1;0;1
2025-09-13;32.23;2025;9;13;5;256;3;2;-1.0;-1.8369701987210297e-16;-0.9749279121818236;-0.2225209339563146;32.27;31.4;30.93;31.99;-0.12395413696933977;1.637795275590559;0.8700000000000045;32.051428571428566;31.869666666666664;0.6028108761368592;1;0;1
2025-09-14;32.18;2025;9;14;6;257;3;2;-1.0;-1.8369701987210297e-16;-0.7818314824680299;0.6234898018587334;32.23;31.19;30.87;30.7;-0.155134967421644;-0.12395413696933977;1.0399999999999956;32.17;31.877666666666666;0.5306285581030621;1;0;1
2025-09-15;31.53;2025;9;15;0;258;3;2;-1.0;-1.8369701987210297e-16;0.0;1.0;32.18;32.47;31.59;31.54;-2.01988812927284;-0.155134967421644;-0.28999999999999915;32.31142857142857;31.927000000000003;0.3133383991609397;1;0;1
2025-09-16;31.78;2025;9;16;1;259;3;2;-1.0;-1.8369701987210297e-16;0.7818314824680298;0.6234898018587336;31.53;32.58;31.22;32.28;0.7928956549318134;-2.01988812927284;-1.0499999999999972;32.177142857142854;31.92666666666667;0.4179997721670128;1;0;1
2025-09-17;31.95;2025;9;17;2;260;3;2;-1.0;-1.8369701987210297e-16;0.9749279121818236;-0.22252093395631434;31.78;32.7;31.19;30.89;0.5349276274386305;0.7928956549318134;-0.9200000000000017;32.06285714285714;31.91;0.3984015681843383;1;0;1
2025-09-18;32.47;2025;9;18;3;261;3;2;-1.0;-1.8369701987210297e-16;0.43388373911755823;-0.900968867902419;31.95;31.75;31.82;30.87;1.6275430359937282;0.5349276274386305;0.1999999999999993;31.95571428571429;31.945333333333334;0.2824805092448495;1;0;1
2025-09-19;31.92;2025;9;19;4;262;3;2;-1.0;-1.8369701987210297e-16;-0.433883739117558;-0.9009688679024191;32.47;32.27;31.36;31.74;-1.6938712657837862;1.6275430359937282;0.19999999999999574;32.058571428571426;31.998666666666665;0.32323513483048943;1;0;1
2025-09-20;32.05;2025;9;20;5;263;3;2;-1.0;-1.8369701987210297e-16;-0.9749279121818236;-0.2225209339563146;31.92;32.23;31.4;32.51;0.407268170426045;-1.6938712657837862;-0.30999999999999517;32.00857142857143;32.004666666666665;0.3119523773306532;1;0;1
2025-09-21;31.96;2025;9;21;6;264;3;2;-1.0;-1.8369701987210297e-16;-0.7818314824680299;0.6234898018587334;32.05;32.18;31.19;32.93;-0.2808112324492851;0.407268170426045;-0.13000000000000256;31.982857142857142;31.98933333333333;0.2977534934557747;1;0;1
2025-09-22;31.5;2025;9;22;0;265;3;2;-1.0;-1.8369701987210297e-16;0.0;1.0;31.96;31.53;32.47;33.47;-1.4392991239048802;-0.2808112324492851;0.4299999999999997;31.951428571428572;31.957;0.28480569819137846;1;0;1
2025-09-23;31.87;2025;9;23;1;266;3;2;-1.0;-1.8369701987210297e-16;0.7818314824680298;0.6234898018587336;31.5;31.78;32.58;33.49;1.1746031746031838;-1.4392991239048802;-0.28000000000000114;31.947142857142858;31.891333333333332;0.292330537004156;1;0;1
2025-09-24;31.49;2025;9;24;2;267;3;2;-1.0;-1.8369701987210297e-16;0.9749279121818236;-0.22252093395631434;31.87;31.95;32.7;33.38;-1.1923438970819045;1.1746031746031838;-0.0799999999999983;31.96;31.837333333333333;0.2856571371556963;1;0;1
2025-09-25;31.99;2025;9;25;3;268;3;2;-1.0;-1.8369701987210297e-16;0.43388373911755823;-0.900968867902419;31.49;32.47;31.75;32.82;1.5878056525881146;-1.1923438970819045;-0.9800000000000004;31.89428571428571;31.774333333333335;0.3366925968445549;1;0;1
2025-09-26;32.14;2025;9;26;4;269;3;2;-1.0;-1.8369701987210297e-16;-0.433883739117558;-0.9009688679024191;31.99;31.92;32.27;31.97;0.46889653016568555;1.5878056525881146;0.06999999999999673;31.825714285714287;31.74666666666667;0.23272710364280377;1;0;1
2025-09-27;31.98;2025;9;27;5;270;3;2;-1.0;-1.8369701987210297e-16;-0.9749279121818236;-0.2225209339563146;32.14;32.05;32.23;31.09;-0.49782202862477254;0.46889653016568555;0.09000000000000341;31.857142857142858;31.752333333333336;0.2607498345129336;1;0;1
2025-09-28;32.1;2025;9;28;6;271;3;2;-1.0;-1.8369701987210297e-16;-0.7818314824680299;0.6234898018587334;31.98;31.96;32.18;31.08;0.37523452157599557;-0.49782202862477254;0.019999999999999574;31.847142857142853;31.782;0.25335839476624417;1;0;1
2025-09-29;31.72;2025;9;29;0;272;3;2;-1.0;-1.8369701987210297e-16;0.0;1.0;32.1;31.5;31.53;30.93;-1.1838006230529663;0.37523452157599557;0.6000000000000014;31.867142857142856;31.815999999999995;0.2688068876818143;1;0;1
2025-09-30;30.83;2025;9;30;1;273;3;2;-1.0;-1.8369701987210297e-16;0.7818314824680298;0.6234898018587336;31.72;31.87;31.78;30.87;-2.8058007566204357;-1.1838006230529663;-0.15000000000000213;31.898571428571433;31.842333333333332;0.22857738089242824;1;0;1
2025-10-01;30.82;2025;10;1;2;274;4;2;-0.8660254037844386;0.5000000000000001;0.9749279121818236;-0.22252093395631434;30.83;31.49;31.95;31.59;-0.03243593902042541;-2.8058007566204357;-0.6600000000000001;31.75;31.841;0.4654746681343392;1;0;1
2025-10-02;30.34;2025;10;2;3;275;4;2;-0.8660254037844386;0.5000000000000001;0.43388373911755823;-0.900968867902419;30.82;31.99;32.47;31.22;-1.5574302401038298;-0.03243593902042541;-1.1699999999999982;31.654285714285713;31.81533333333333;0.582118462832149;1;0;1
2025-10-03;30.24;2025;10;3;4;276;4;2;-0.8660254037844386;0.5000000000000001;-0.433883739117558;-0.9009688679024191;30.34;32.14;31.92;31.19;-0.3295978905735075;-1.5574302401038298;-1.8000000000000007;31.41857142857143;31.786;0.7369854944677738;1;0;1
2025-10-04;31.23;2025;10;4;5;277;4;2;-0.8660254037844386;0.5000000000000001;-0.9749279121818236;-0.2225209339563146;30.24;31.98;32.05;31.82;3.2738095238095344;-0.3295978905735075;-1.740000000000002;31.147142857142857;31.75433333333333;0.7758589709899504;1;0;1
2025-10-05;31.99;2025;10;5;6;278;4;2;-0.8660254037844386;0.5000000000000001;-0.7818314824680299;0.6234898018587334;31.23;32.1;31.96;31.36;2.433557476785131;3.2738095238095344;-0.870000000000001;31.04;31.734666666666666;0.6885491994102535;1;0;1
2025-10-06;32.31;2025;10;6;0;279;4;2;-0.8660254037844386;0.5000000000000001;0.0;1.0;31.99;31.72;31.5;31.4;1.000312597686781;2.433557476785131;0.2699999999999996;31.024285714285718;31.75566666666667;0.6610309408570928;1;0;1
2025-10-07;32.38;2025;10;7;1;280;4;2;-0.8660254037844386;0.5000000000000001;0.7818314824680298;0.6234898018587336;32.31;30.83;31.87;31.19;0.21665119158156276;1.000312597686781;1.480000000000004;31.108571428571427;31.785999999999998;0.7896292077442096;1;0;1
2025-10-08;31.73;2025;10;8;2;281;4;2;-0.8660254037844386;0.5000000000000001;0.9749279121818236;-0.22252093395631434;32.38;30.82;31.49;32.47;-2.007411982705376;0.21665119158156276;1.5600000000000023;31.330000000000002;31.825666666666667;0.9070832376404823;1;0;1
2025-10-09;31.4;2025;10;9;3;282;4;2;-0.8660254037844386;0.5000000000000001;0.43388373911755823;-0.900968867902419;31.73;30.34;31.99;32.58;-1.0400252127324316;-2.007411982705376;1.3900000000000006;31.46;31.801;0.8867919711004758;1;0;1
2025-10-10;31.09;2025;10;10;4;283;4;2;-0.8660254037844386;0.5000000000000001;-0.433883739117558;-0.9009688679024191;31.4;30.24;32.14;32.7;-0.9872611464968095;-1.0400252127324316;1.1600000000000001;31.611428571428572;31.761666666666667;0.7424156197098328;1;0;1
2025-10-11;31.01;2025;10;11;5;284;4;2;-0.8660254037844386;0.5000000000000001;-0.9749279121818236;-0.2225209339563146;31.09;31.23;31.98;31.75;-0.2573174654229571;-0.9872611464968095;-0.14000000000000057;31.732857142857142;31.708000000000002;0.5155810407025494;1;0;1
2025-10-12;31.17;2025;10;12;6;285;4;2;-0.8660254037844386;0.5000000000000001;-0.7818314824680299;0.6234898018587334;31.01;31.99;32.1;32.27;0.515962592712027;-0.2573174654229571;-0.9799999999999969;31.701428571428572;31.683333333333334;0.5564299468238725;1;0;1
2025-10-13;30.64;2025;10;13;0;286;4;2;-0.8660254037844386;0.5000000000000001;0.0;1.0;31.17;32.31;31.72;32.23;-1.700352903432789;0.515962592712027;-1.1400000000000006;31.584285714285716;31.646666666666665;0.5716600721612768;1;0;1
2025-10-14;30.92;2025;10;14;1;287;4;2;-0.8660254037844386;0.5000000000000001;0.7818314824680298;0.6234898018587336;30.64;32.38;30.83;32.18;0.9138381201044377;-1.700352903432789;-1.740000000000002;31.345714285714283;31.593666666666667;0.5667702986544936;1;0;1
2025-10-15;31.15;2025;10;15;2;288;4;2;-0.8660254037844386;0.5000000000000001;0.9749279121818236;-0.22252093395631434;30.92;31.73;30.82;31.53;0.7438551099611779;0.9138381201044377;-0.8099999999999987;31.13714285714286;31.551666666666666;0.3498435024391987;1;0;1
2025-10-16;31.68;2025;10;16;3;289;4;2;-0.8660254037844386;0.5000000000000001;0.43388373911755823;-0.900968867902419;31.15;31.4;30.34;31.78;1.7014446227929358;0.7438551099611779;-0.25;31.05428571428572;31.538999999999998;0.23628070474981208;1;0;1
2025-10-17;31.39;2025;10;17;4;290;4;2;-0.8660254037844386;0.5000000000000001;-0.433883739117558;-0.9009688679024191;31.68;31.09;30.24;31.95;-0.9154040404040331;1.7014446227929358;0.5899999999999999;31.094285714285714;31.535666666666668;0.3151114693306356;1;0;1
2025-10-18;31.1;2025;10;18;5;291;4;2;-0.8660254037844386;0.5000000000000001;-0.9749279121818236;-0.2225209339563146;31.39;31.01;31.23;32.47;-0.9238611022618692;-0.9154040404040331;0.379999999999999;31.13714285714286;31.517;0.3342511174734638;1;0;1
2025-10-19;31.22;2025;10;19;6;292;4;2;-0.8660254037844386;0.5000000000000001;-0.7818314824680299;0.6234898018587334;31.1;31.17;31.99;31.92;0.38585209003214604;-0.9238611022618692;-0.07000000000000028;31.150000000000002;31.471333333333337;0.3302524287194709;1;0;1
2025-10-20;30.83;2025;10;20;0;293;4;2;-0.8660254037844386;0.5000000000000001;0.0;1.0;31.22;30.64;32.31;32.05;-1.2491992312620104;0.38585209003214604;0.5799999999999983;31.157142857142855;31.447999999999997;0.33129615582674854;1;0;1
2025-10-21;31.39;2025;10;21;1;294;4;2;-0.8660254037844386;0.5000000000000001;0.7818314824680298;0.6234898018587336;30.83;30.92;32.38;31.96;1.8164125851443558;-1.2491992312620104;-0.09000000000000341;31.184285714285718;31.407333333333334;0.28663897985153347;1;0;1
2025-10-22;30.94;2025;10;22;2;295;4;2;-0.8660254037844386;0.5000000000000001;0.9749279121818236;-0.22252093395631434;31.39;31.15;31.73;31.5;-1.4335775724753086;1.8164125851443558;0.240000000000002;31.25142857142857;31.388333333333332;0.26891315647002195;1;0;1
2025-10-23;31.64;2025;10;23;3;296;4;2;-0.8660254037844386;0.5000000000000001;0.43388373911755823;-0.900968867902419;30.94;31.68;31.4;31.87;2.262443438914019;-1.4335775724753086;-0.7399999999999984;31.221428571428568;31.369666666666667;0.29277002189890916;1;0;1
2025-10-24;31.2;2025;10;24;4;297;4;2;-0.8660254037844386;0.5000000000000001;-0.433883739117558;-0.9009688679024191;31.64;31.39;31.09;31.49;-1.3906447534766109;2.262443438914019;0.25;31.215714285714288;31.362000000000002;0.2825395042060079;1;0;1
2025-10-25;32.07;2025;10;25;5;298;4;2;-0.8660254037844386;0.5000000000000001;-0.9749279121818236;-0.2225209339563146;31.2;31.1;31.01;31.99;2.7884615384615508;-1.3906447534766109;0.09999999999999787;31.18857142857143;31.35233333333333;0.27193311504125456;1;0;1
2025-10-26;31.57;2025;10;26;6;299;4;2;-0.8660254037844386;0.5000000000000001;-0.7818314824680299;0.6234898018587334;32.07;31.22;31.17;32.14;-1.5590894917368203;2.7884615384615508;0.8500000000000014;31.32714285714286;31.355;0.4239384501695386;1;0;1
2025-10-27;30.7;2025;10;27;0;300;4;2;-0.8660254037844386;0.5000000000000001;0.0;1.0;31.57;30.83;30.64;31.98;-2.755780804561292;-1.5590894917368203;0.740000000000002;31.37714285714286;31.336;0.42979507853408616;1;0;1
2025-10-28;30.97;2025;10;28;1;301;4;2;-0.8660254037844386;0.5000000000000001;0.7818314824680298;0.6234898018587336;30.7;31.39;30.92;32.1;0.8794788273615683;-2.755780804561292;-0.6900000000000013;31.358571428571427;31.293333333333333;0.45918146636808166;1;0;1
2025-10-29;31.38;2025;10;29;2;302;4;2;-0.8660254037844386;0.5000000000000001;0.9749279121818236;-0.22252093395631434;30.97;30.94;31.15;31.72;1.32386180174362;0.8794788273615683;0.029999999999997584;31.298571428571428;31.25566666666667;0.4812978485885607;1;0;1
2025-10-30;30.59;2025;10;30;3;303;4;2;-0.8660254037844386;0.5000000000000001;0.43388373911755823;-0.900968867902419;31.38;31.64;31.68;30.83;-2.517527087316762;1.32386180174362;-0.26000000000000156;31.361428571428572;31.244333333333334;0.4546584275284107;1;0;1
2025-10-31;30.17;2025;10;31;4;304;4;2;-0.8660254037844386;0.5000000000000001;-0.433883739117558;-0.9009688679024191;30.59;31.2;31.39;30.82;-1.3729977116704761;-2.517527087316762;-0.6099999999999994;31.21142857142857;31.236333333333334;0.5164438843888983;1;0;1
2025-11-01;30.43;2025;11;1;5;305;4;2;-0.5000000000000004;0.8660254037844384;-0.9749279121818236;-0.2225209339563146;30.17;32.07;31.1;30.34;0.861783228372559;-1.3729977116704761;-1.8999999999999986;31.064285714285717;31.21466666666667;0.6497655254811004;1;0;1
2025-11-02;30.64;2025;11;2;6;306;4;2;-0.5000000000000004;0.8660254037844384;-0.7818314824680299;0.6234898018587334;30.43;31.57;31.22;30.24;0.6901084456128803;0.861783228372559;-1.1400000000000006;30.829999999999995;31.217666666666666;0.5065899064746171;1;0;1
2025-11-03;30.9;2025;11;3;0;307;4;2;-0.5000000000000004;0.8660254037844384;0.0;1.0;30.64;30.7;30.83;31.23;0.8485639686683921;0.6901084456128803;-0.05999999999999872;30.697142857142858;31.230999999999998;0.38831749406790905;1;0;1
2025-11-04;31.41;2025;11;4;1;308;4;2;-0.5000000000000004;0.8660254037844384;0.7818314824680298;0.6234898018587336;30.9;30.97;31.39;31.99;1.650485436893212;0.8485639686683921;-0.07000000000000028;30.725714285714286;31.220000000000002;0.39584749349203424;1;0;1
2025-11-05;30.83;2025;11;5;2;309;4;2;-0.5000000000000004;0.8660254037844384;0.9749279121818236;-0.22252093395631434;31.41;31.38;30.94;32.31;-1.846545686087242;1.650485436893212;0.030000000000001137;30.78857142857143;31.200666666666667;0.4692344322293541;1;0;1
2025-11-06;30.67;2025;11;6;3;310;4;2;-0.5000000000000004;0.8660254037844384;0.43388373911755823;-0.900968867902419;30.83;30.59;31.64;32.38;-0.5189750243269398;-1.846545686087242;0.23999999999999844;30.71;31.151333333333337;0.3936580580597381;1;0;1
2025-11-07;30.31;2025;11;7;4;311;4;2;-0.5000000000000004;0.8660254037844384;-0.433883739117558;-0.9009688679024191;30.67;30.17;31.2;31.73;-1.1737854581023943;-0.5189750243269398;0.5;30.72142857142857;31.094333333333335;0.39074410090191153;1;0;1
2025-11-08;30.31;2025;11;8;5;312;4;2;-0.5000000000000004;0.8660254037844384;-0.9749279121818236;-0.2225209339563146;30.31;30.43;32.07;31.4;0.0;-1.1737854581023943;-0.120000000000001;30.74142857142857;31.047;0.3602049681171802;1;0;1
2025-11-09;30.72;2025;11;9;6;313;4;2;-0.5000000000000004;0.8660254037844384;-0.7818314824680299;0.6234898018587334;30.31;30.64;31.57;31.09;1.3526888815572402;0.0;-0.33000000000000185;30.724285714285713;31.01066666666667;0.3798182522873204;1;0;1
2025-11-10;30.23;2025;11;10;0;314;4;2;-0.5000000000000004;0.8660254037844384;0.0;1.0;30.72;30.9;30.7;31.01;-1.595052083333326;1.3526888815572402;-0.17999999999999972;30.735714285714284;30.998333333333335;0.37805895233052567;1;0;1
2025-11-11;30.15;2025;11;11;1;315;4;2;-0.5000000000000004;0.8660254037844384;0.7818314824680298;0.6234898018587336;30.23;31.41;30.97;31.17;-0.26463777704267555;-1.595052083333326;-1.1799999999999997;30.639999999999997;30.97233333333333;0.41275497171494474;1;0;1
2025-11-12;29.81;2025;11;12;2;316;4;2;-0.5000000000000004;0.8660254037844384;0.9749279121818236;-0.22252093395631434;30.15;30.83;31.38;30.64;-1.127694859038142;-0.26463777704267555;-0.6799999999999997;30.46;30.938333333333336;0.27160019638341276;1;0;1
2025-11-13;29.42;2025;11;13;3;317;4;2;-0.5000000000000004;0.8660254037844384;0.43388373911755823;-0.900968867902419;29.81;30.67;30.59;30.92;-1.308285810130816;-1.127694859038142;-0.860000000000003;30.314285714285713;30.910666666666664;0.31079774468963606;1;0;1
2025-11-14;30.23;2025;11;14;4;318;4;2;-0.5000000000000004;0.8660254037844384;-0.433883739117558;-0.9009688679024191;29.42;30.31;30.17;31.15;2.7532290958531602;-1.308285810130816;-0.889999999999997;30.135714285714283;30.860666666666663;0.4142405558419721;1;0;1
2025-11-15;30.54;2025;11;15;5;319;4;2;-0.5000000000000004;0.8660254037844384;-0.9749279121818236;-0.2225209339563146;30.23;30.31;30.43;31.68;1.0254713860403442;2.7532290958531602;-0.0799999999999983;30.124285714285712;30.83;0.4097095370758891;1;0;1
2025-11-16;30.5;2025;11;16;6;320;4;2;-0.5000000000000004;0.8660254037844384;-0.7818314824680299;0.6234898018587334;30.54;30.72;30.64;31.39;-0.1309757694826441;1.0254713860403442;-0.17999999999999972;30.157142857142862;30.791999999999998;0.435496432667546;1;0;1
2025-11-17;30.94;2025;11;17;0;321;4;2;-0.5000000000000004;0.8660254037844384;0.0;1.0;30.5;30.23;30.9;31.1;1.442622950819672;-0.1309757694826441;0.2699999999999996;30.125714285714285;30.762333333333334;0.39407516808887094;1;0;1
2025-11-18;31.08;2025;11;18;1;322;4;2;-0.5000000000000004;0.8660254037844384;0.7818314824680298;0.6234898018587336;30.94;30.15;31.41;31.22;0.4524886877828038;1.442622950819672;0.7900000000000027;30.22714285714286;30.756999999999998;0.5019865298984145;1;0;1
2025-11-19;30.42;2025;11;19;2;323;4;2;-0.5000000000000004;0.8660254037844384;0.9749279121818236;-0.22252093395631434;31.08;29.81;30.83;30.83;-2.123552123552108;0.4524886877828038;1.2699999999999996;30.359999999999996;30.752333333333336;0.5929867901920182;1;0;1
2025-11-20;30.43;2025;11;20;3;324;4;2;-0.5000000000000004;0.8660254037844384;0.43388373911755823;-0.900968867902419;30.42;29.42;30.67;31.39;0.032873109796183186;-2.123552123552108;1.0;30.447142857142858;30.738666666666667;0.5412551550479608;1;0;1
2025-11-21;29.78;2025;11;21;4;325;4;2;-0.5000000000000004;0.8660254037844384;-0.433883739117558;-0.9009688679024191;30.43;30.23;30.31;30.94;-2.136049950706531;0.032873109796183186;0.1999999999999993;30.59142857142857;30.706666666666667;0.3047637648896594;1;0;1
2025-11-22;30.2;2025;11;22;5;326;4;2;-0.5000000000000004;0.8660254037844384;-0.9749279121818236;-0.2225209339563146;29.78;30.54;30.31;31.64;1.410342511752849;-2.136049950706531;-0.759999999999998;30.527142857142856;30.668;0.41955191518167767;1;0;1
2025-11-23;29.83;2025;11;23;6;327;4;2;-0.5000000000000004;0.8660254037844384;-0.7818314824680299;0.6234898018587334;30.2;30.5;30.72;31.2;-1.2251655629139102;1.410342511752849;-0.3000000000000007;30.478571428571428;30.619999999999997;0.437128073211713;1;0;1
2025-11-24;29.37;2025;11;24;0;328;4;2;-0.5000000000000004;0.8660254037844384;0.0;1.0;29.83;30.94;30.23;32.07;-1.5420717398591965;-1.2251655629139102;-1.110000000000003;30.38285714285714;30.574333333333335;0.5004236300702609;1;0;1
2025-11-25;29.23;2025;11;25;1;329;4;2;-0.5000000000000004;0.8660254037844384;0.7818314824680298;0.6234898018587336;29.37;31.08;30.15;31.57;-0.4766768811712674;-1.5420717398591965;-1.7099999999999973;30.158571428571427;30.484333333333332;0.5576566617462475;1;0;1
2025-11-26;29.12;2025;11;26;2;330;4;2;-0.5000000000000004;0.8660254037844384;0.9749279121818236;-0.22252093395631434;29.23;30.42;29.81;30.7;-0.3763256927813874;-0.4766768811712674;-1.1900000000000013;29.89428571428572;30.406333333333336;0.48134731546400905;1;0;1
2025-11-27;28.82;2025;11;27;3;331;4;2;-0.5000000000000004;0.8660254037844384;0.43388373911755823;-0.900968867902419;29.12;30.43;29.42;30.97;-1.0302197802197877;-0.3763256927813874;-1.3099999999999987;29.708571428571425;30.353666666666665;0.4952921216045769;1;0;1
2025-11-28;28.95;2025;11;28;4;332;4;2;-0.5000000000000004;0.8660254037844384;-0.433883739117558;-0.9009688679024191;28.82;29.78;30.23;31.38;0.4510756419153328;-1.0302197802197877;-0.9600000000000009;29.478571428571428;30.281999999999996;0.4779619431053371;1;0;1
2025-11-29;29.04;2025;11;29;5;333;4;2;-0.5000000000000004;0.8660254037844384;-0.9749279121818236;-0.2225209339563146;28.95;30.2;30.54;30.59;0.31088082901553626;0.4510756419153328;-1.25;29.359999999999996;30.201;0.4934234152086275;1;0;1
2025-11-30;28.91;2025;11;30;6;334;4;2;-0.5000000000000004;0.8660254037844384;-0.7818314824680299;0.6234898018587334;29.04;29.83;30.5;30.17;-0.44765840220385433;0.31088082901553626;-0.7899999999999991;29.194285714285712;30.14933333333333;0.3330093663920182;1;0;1
2025-12-01;28.15;2025;12;1;0;335;4;2;-2.4492935982947064e-16;1.0;0.0;1.0;28.91;29.37;30.94;30.43;-2.6288481494292637;-0.44765840220385433;-0.46000000000000085;29.062857142857144;30.107333333333333;0.19198214205179445;1;0;1
2025-12-02;27.69;2025;12;2;1;336;4;2;-2.4492935982947064e-16;1.0;0.7818314824680298;0.6234898018587336;28.15;29.23;31.08;30.64;-1.63410301953818;-2.6288481494292637;-1.0800000000000018;28.888571428571428;30.031333333333336;0.3529602702723162;1;0;1
2025-12-03;28.04;2025;12;3;2;337;4;2;-2.4492935982947064e-16;1.0;0.9749279121818236;-0.22252093395631434;27.69;29.12;30.42;30.9;1.263994221740683;-1.63410301953818;-1.4299999999999997;28.668571428571425;29.933;0.5367627834753131;1;0;1
2025-12-04;26.92;2025;12;4;3;338;4;2;-2.4492935982947064e-16;1.0;0.43388373911755823;-0.900968867902419;28.04;28.82;30.43;31.41;-3.9942938659058402;1.263994221740683;-0.7800000000000011;28.514285714285716;29.837666666666667;0.5405816972840826;1;0;1
2025-12-05;27.23;2025;12;5;4;339;4;2;-2.4492935982947064e-16;1.0;-0.433883739117558;-0.9009688679024191;26.92;28.95;29.78;30.83;1.151560178306088;-3.9942938659058402;-2.0299999999999976;28.24285714285714;29.688;0.7837881152032928;1;0;1
2025-12-06;27.46;2025;12;6;5;340;4;2;-2.4492935982947064e-16;1.0;-0.9749279121818236;-0.2225209339563146;27.23;29.04;30.2;30.67;0.8446566287183321;1.151560178306088;-1.8099999999999987;27.997142857142858;29.567999999999998;0.7946847233551615;1;0;1
2025-12-07;27.16;2025;12;7;6;341;4;2;-2.4492935982947064e-16;1.0;-0.7818314824680299;0.6234898018587334;27.46;28.91;29.83;30.31;-1.0924981791696986;0.8446566287183321;-1.4499999999999993;27.771428571428572;29.461000000000002;0.662506064670108;1;0;1
2025-12-08;26.71;2025;12;8;0;342;4;2;-2.4492935982947064e-16;1.0;0.0;1.0;27.16;28.15;29.37;30.31;-1.6568483063328365;-1.0924981791696986;-0.9899999999999984;27.521428571428572;29.356;0.4607033959698448;1;0;1
2025-12-09;27.27;2025;12;9;1;343;4;2;-2.4492935982947064e-16;1.0;0.7818314824680298;0.6234898018587336;26.71;27.69;29.23;30.72;2.0965930363159746;-1.6568483063328365;-0.9800000000000004;27.315714285714286;29.236;0.45471079245224594;1;0;1
2025-12-10;26.54;2025;12;10;2;344;4;2;-2.4492935982947064e-16;1.0;0.9749279121818236;-0.22252093395631434;27.27;28.04;29.12;30.23;-2.6769343601026785;2.0965930363159746;-0.7699999999999996;27.255714285714287;29.121;0.4237474540012991;1;0;1
2025-12-11;26.59;2025;12;11;3;345;4;2;-2.4492935982947064e-16;1.0;0.43388373911755823;-0.900968867902419;26.54;26.92;28.82;30.15;0.18839487565938118;-2.6769343601026785;-0.38000000000000256;27.041428571428572;28.998;0.32992062539104466;1;0;1
2025-12-12;27.37;2025;12;12;4;346;4;2;-2.4492935982947064e-16;1.0;-0.433883739117558;-0.9009688679024191;26.59;27.23;28.95;29.81;2.9334336216622736;0.18839487565938118;-0.6400000000000006;26.994285714285716;28.87933333333333;0.3711629086704789;1;0;1
2025-12-13;29.1;2025;12;13;5;347;4;2;-2.4492935982947064e-16;1.0;-0.9749279121818236;-0.2225209339563146;27.37;27.46;29.04;29.42;6.320789185239306;2.9334336216622736;-0.08999999999999986;27.014285714285716;28.798000000000002;0.38930952309533756;1;0;1
2025-12-14;28.47;2025;12;14;6;348;4;2;-2.4492935982947064e-16;1.0;-0.7818314824680299;0.6234898018587334;29.1;27.16;28.91;30.23;-2.164948453608251;6.320789185239306;1.9400000000000013;27.24857142857143;28.78733333333333;0.8828633071196829;1;0;1
2025-12-15;27.18;2025;12;15;0;349;4;2;-2.4492935982947064e-16;1.0;0.0;1.0;28.47;26.71;28.15;30.54;-4.531085353003162;-2.164948453608251;1.759999999999998;27.435714285714287;28.728666666666665;0.9929393593967111;1;0;1
2025-12-16;26.62;2025;12;16;1;350;4;2;-2.4492935982947064e-16;1.0;0.7818314824680298;0.6234898018587336;27.18;27.27;27.69;30.5;-2.060338484179536;-4.531085353003162;-0.08999999999999986;27.502857142857145;28.616666666666667;0.9506789553792692;1;0;1
2025-12-17;27.13;2025;12;17;2;351;4;2;-2.4492935982947064e-16;1.0;0.9749279121818236;-0.22252093395631434;26.62;26.54;28.04;30.94;1.915852742299018;-2.060338484179536;0.08000000000000185;27.41;28.487333333333332;1.007273547756812;1;0;1
2025-12-18;27.5;2025;12;18;3;352;4;2;-2.4492935982947064e-16;1.0;0.43388373911755823;-0.900968867902419;27.13;26.59;26.92;31.08;1.363803907113903;1.915852742299018;0.5399999999999991;27.494285714285716;28.360333333333337;0.9451077036185443;1;0;1
2025-12-19;28.01;2025;12;19;4;353;4;2;-2.4492935982947064e-16;1.0;-0.433883739117558;-0.9009688679024191;27.5;27.37;27.23;30.42;1.8545454545454643;1.363803907113903;0.129999999999999;27.624285714285715;28.241;0.8586201555047752;1;0;1
2025-12-20;28.95;2025;12;20;5;354;4;2;-2.4492935982947064e-16;1.0;-0.9749279121818236;-0.2225209339563146;28.01;29.1;27.46;30.43;3.3559443056051297;1.8545454545454643;-1.0899999999999999;27.715714285714284;28.160666666666668;0.8611011776241277;1;0;1
2025-12-21;29.08;2025;12;21;6;355;4;2;-2.4492935982947064e-16;1.0;-0.7818314824680299;0.6234898018587334;28.95;28.47;27.16;29.78;0.4490500863557845;3.3559443056051297;0.4800000000000004;27.694285714285716;28.11133333333333;0.8218851733093078;1;0;1
2025-12-22;27.69;2025;12;22;0;356;4;2;-2.4492935982947064e-16;1.0;0.0;1.0;29.08;27.18;26.71;30.2;-4.779917469050887;0.4490500863557845;1.8999999999999986;27.78142857142857;28.088;0.9414780679290075;1;0;1
2025-12-23;27.69;2025;12;23;1;357;4;2;-2.4492935982947064e-16;1.0;0.7818314824680298;0.6234898018587336;27.69;26.62;27.27;29.83;0.0;-4.779917469050887;1.0700000000000003;27.854285714285712;28.00433333333334;0.9062534072242608;1;0;1
2025-12-24;28.42;2025;12;24;2;358;4;2;-2.4492935982947064e-16;1.0;0.9749279121818236;-0.22252093395631434;27.69;27.13;26.54;29.37;2.6363308053448886;0.0;0.5600000000000023;28.007142857142856;27.933;0.7379863206957622;1;0;1
2025-12-25;29.39;2025;12;25;3;359;4;2;-2.4492935982947064e-16;1.0;0.43388373911755823;-0.900968867902419;28.42;27.5;26.59;29.23;3.4130893736805;2.6363308053448886;0.9200000000000017;28.19142857142857;27.901333333333334;0.6365382568165936;1;0;1
2025-12-26;29.69;2025;12;26;4;360;4;2;-2.4492935982947064e-16;1.0;-0.433883739117558;-0.9009688679024191;29.39;28.01;27.37;29.12;1.0207553589656415;3.4130893736805;1.379999999999999;28.46142857142857;27.90666666666667;0.6927344024883962;1;0;1
2025-12-27;29.82;2025;12;27;5;361;4;2;-2.4492935982947064e-16;1.0;-0.9749279121818236;-0.2225209339563146;29.69;28.95;29.1;28.82;0.43785786460086573;1.0207553589656415;0.740000000000002;28.701428571428572;27.925666666666665;0.7939023569626306;1;0;1
2025-12-28;29.81;2025;12;28;6;362;4;2;-2.4492935982947064e-16;1.0;-0.7818314824680299;0.6234898018587334;29.82;29.08;28.47;28.95;-0.03353454057679617;0.43785786460086573;0.740000000000002;28.825714285714287;27.959000000000003;0.9002750902391093;1;0;1
2025-12-29;28.47;2025;12;29;0;363;4;2;-2.4492935982947064e-16;1.0;0.0;1.0;29.81;27.69;27.18;29.04;-4.495135860449517;-0.03353454057679617;2.1199999999999974;28.93;27.987666666666666;0.9739096467382076;1;0;1
2025-12-30;27.79;2025;12;30;1;364;4;2;-2.4492935982947064e-16;1.0;0.7818314824680298;0.6234898018587336;28.47;27.69;26.62;28.91;-2.388479100807872;-4.495135860449517;0.7799999999999976;29.041428571428575;27.968666666666667;0.8444017324259615;1;0;1
2025-12-31;28.96;2025;12;31;2;365;4;2;-2.4492935982947064e-16;1.0;0.9749279121818236;-0.22252093395631434;27.79;28.42;27.13;28.15;4.210147535084574;-2.388479100807872;-0.6300000000000026;29.055714285714288;27.93133333333333;0.8181657766644301;1;0;1
2026-01-01;28.86;2026;1;1;3;1;1;1;0.49999999999999994;0.8660254037844387;0.43388373911755823;-0.900968867902419;28.96;29.39;27.5;27.69;-0.34530386740332375;4.210147535084574;-0.4299999999999997;29.132857142857144;27.958333333333332;0.7724142732584887;1;0;1
2026-01-02;30.19;2026;1;2;4;2;1;1;0.49999999999999994;0.8660254037844387;-0.433883739117558;-0.9009688679024191;28.86;29.69;28.01;28.04;4.608454608454604;-0.34530386740332375;-0.8300000000000018;29.057142857142857;27.997333333333337;0.768975818562249;1;0;1
2026-01-03;31.2;2026;1;3;5;3;1;1;0.49999999999999994;0.8660254037844387;-0.9749279121818236;-0.2225209339563146;30.19;29.82;28.95;26.92;3.3454786353096955;4.608454608454604;0.370000000000001;29.12857142857143;28.069;0.8558704841995188;1;0;1
2026-01-04;32.17;2026;1;4;6;4;1;1;0.49999999999999994;0.8660254037844387;-0.7818314824680299;0.6234898018587334;31.2;29.81;29.08;27.23;3.10897435897437;3.3454786353096955;1.3900000000000006;29.32571428571428;28.211666666666666;1.150055899266682;1;0;1
2026-01-05;29.03;2026;1;5;0;5;1;1;0.49999999999999994;0.8660254037844387;0.0;1.0;32.17;28.47;27.69;27.46;-9.760646565122787;3.10897435897437;3.700000000000003;29.662857142857142;28.37633333333333;1.5809039005791865;1;0;1
2026-01-06;28.99;2026;1;6;1;6;1;1;0.49999999999999994;0.8660254037844387;0.7818314824680298;0.6234898018587336;29.03;27.79;27.69;27.16;-0.13778849466070664;-9.760646565122787;1.240000000000002;29.742857142857144;28.428666666666665;1.5236109989757147;1;0;1
2026-01-07;29.83;2026;1;7;2;7;1;1;0.49999999999999994;0.8660254037844387;0.9749279121818236;-0.22252093395631434;28.99;28.96;28.42;26.71;2.897550879613653;-0.13778849466070664;0.029999999999997584;29.914285714285715;28.489666666666665;1.3213485175271173;1;0;1
2026-01-08;29.12;2026;1;8;3;8;1;1;0.49999999999999994;0.8660254037844387;0.43388373911755823;-0.900968867902419;29.83;28.86;29.39;27.27;-2.380154207173979;2.897550879613653;0.9699999999999989;30.038571428571426;28.593666666666664;1.2559250053473567;1;0;1
2026-01-09;30.46;2026;1;9;4;9;1;1;0.49999999999999994;0.8660254037844387;-0.433883739117558;-0.9009688679024191;29.12;30.19;29.69;26.54;4.6016483516483575;-2.380154207173979;-1.0700000000000003;30.075714285714287;28.65533333333333;1.218549098219281;1;0;1
2026-01-10;30.73;2026;1;10;5;10;1;1;0.49999999999999994;0.8660254037844387;-0.9749279121818236;-0.2225209339563146;30.46;31.2;29.82;26.59;0.8864084044648779;4.6016483516483575;-0.7399999999999984;30.114285714285717;28.786;1.2270134085538764;1;0;1
2026-01-11;30.83;2026;1;11;6;11;1;1;0.49999999999999994;0.8660254037844387;-0.7818314824680299;0.6234898018587334;30.73;32.17;29.81;27.37;0.32541490400259665;0.8864084044648779;-1.4400000000000013;30.04714285714286;28.924;1.16919793428356;1;0;1
2026-01-12;32.27;2026;1;12;0;12;1;1;0.49999999999999994;0.8660254037844387;0.0;1.0;30.83;29.03;28.47;29.1;4.670775218942613;0.32541490400259665;1.7999999999999972;29.85571428571429;29.03933333333333;0.8217837741387992;1;0;1
2026-01-13;33.34;2026;1;13;1;13;1;1;0.49999999999999994;0.8660254037844387;0.7818314824680298;0.6234898018587336;32.27;28.99;27.79;28.47;3.3157731639293475;4.670775218942613;3.2800000000000047;30.31857142857143;29.144999999999996;1.1327904862432725;1;0;1
2026-01-14;33.64;2026;1;14;2;14;1;1;0.49999999999999994;0.8660254037844387;0.9749279121818236;-0.22252093395631434;33.34;29.83;28.96;27.18;0.8998200359927822;3.3157731639293475;3.510000000000005;30.939999999999998;29.307333333333336;1.4352700094437434;1;0;1
2026-01-15;35.5;2026;1;15;3;15;1;1;0.49999999999999994;0.8660254037844387;0.43388373911755823;-0.900968867902419;33.64;29.12;28.86;26.62;5.5291319857312615;0.8998200359927822;4.52;31.484285714285715;29.522666666666666;1.6504631384665678;1;0;1
2026-01-16;39.81;2026;1;16;4;16;1;1;0.49999999999999994;0.8660254037844387;-0.433883739117558;-0.9009688679024191;35.5;30.46;30.19;27.13;12.140845070422547;5.5291319857312615;5.039999999999999;32.395714285714284;29.818666666666665;1.8737383056614585;1;0;1
2026-01-17;40.63;2026;1;17;5;17;1;1;0.49999999999999994;0.8660254037844387;-0.9749279121818236;-0.2225209339563146;39.81;30.73;31.2;27.5;2.059783973875917;12.140845070422547;9.080000000000002;33.73142857142857;30.241333333333333;3.1570314567730744;1;0;1
2026-01-18;39.76;2026;1;18;6;18;1;1;0.49999999999999994;0.8660254037844387;-0.7818314824680299;0.6234898018587334;40.63;30.83;32.17;28.01;-2.1412749200098613;2.059783973875917;9.800000000000004;35.145714285714284;30.679;3.7501415846296045;1;0;1
2026-01-19;37.23;2026;1;19;0;19;1;1;0.49999999999999994;0.8660254037844387;0.0;1.0;39.76;32.27;29.03;28.95;-6.363179074446679;-2.1412749200098613;7.489999999999995;36.42142857142857;31.070666666666668;3.5509502417033745;1;0;1
2026-01-20;37.51;2026;1;20;1;20;1;1;0.49999999999999994;0.8660254037844387;0.7818314824680298;0.6234898018587336;37.23;33.34;28.99;29.08;0.7520816545796505;-6.363179074446679;3.8899999999999935;37.13;31.34666666666667;3.0430357649347335;1;0;1
2026-01-21;41.18;2026;1;21;2;21;1;1;0.49999999999999994;0.8660254037844387;0.9749279121818236;-0.22252093395631434;37.51;33.64;29.83;27.69;9.78405758464409;0.7520816545796505;3.8699999999999974;37.72571428571428;31.627666666666666;2.544817329023867;1;0;1
2026-01-22;40.46;2026;1;22;3;22;1;1;0.49999999999999994;0.8660254037844387;0.43388373911755823;-0.900968867902419;41.18;35.5;29.12;27.69;-1.748421563865954;9.78405758464409;5.68;38.80285714285714;32.07733333333333;2.080622617438065;1;0;1
2026-01-23;42.24;2026;1;23;4;23;1;1;0.49999999999999994;0.8660254037844387;-0.433883739117558;-0.9009688679024191;40.46;39.81;30.46;28.42;4.399406821552154;-1.748421563865954;0.6499999999999986;39.51142857142857;32.503;1.5436259107649468;1;0;1
2026-01-24;41.58;2026;1;24;5;24;1;1;0.49999999999999994;0.8660254037844387;-0.9749279121818236;-0.2225209339563146;42.24;40.63;30.73;29.39;-1.562500000000011;4.399406821552154;1.6099999999999994;39.85857142857143;32.96366666666667;1.8623052790519392;1;0;1
2026-01-25;42.52;2026;1;25;6;25;1;1;0.49999999999999994;0.8660254037844387;-0.7818314824680299;0.6234898018587334;41.58;39.76;30.83;29.69;2.260702260702274;-1.562500000000011;1.8200000000000003;39.99428571428571;33.37;1.9599477641250878;1;0;1
2026-01-26;41.09;2026;1;26;0;26;1;1;0.49999999999999994;0.8660254037844387;0.0;1.0;42.52;37.23;32.27;29.82;-3.363123236124177;2.260702260702274;5.290000000000006;40.38857142857143;33.79766666666667;2.1711934396512045;1;0;1
2026-01-27;40.29;2026;1;27;1;27;1;1;0.49999999999999994;0.8660254037844387;0.7818314824680298;0.6234898018587336;41.09;37.51;33.34;29.81;-1.9469457288878167;-3.363123236124177;3.5800000000000054;40.94;34.17333333333333;1.6669033165333362;1;0;1
2026-01-28;38.98;2026;1;28;2;28;1;1;0.49999999999999994;0.8660254037844387;0.9749279121818236;-0.22252093395631434;40.29;41.18;33.64;28.47;-3.251427153139741;-1.9469457288878167;-0.8900000000000006;41.33714285714286;34.522666666666666;0.8391407169599672;1;0;1
2026-01-29;39.76;2026;1;29;3;29;1;1;0.49999999999999994;0.8660254037844387;0.43388373911755823;-0.900968867902419;38.98;40.46;35.5;27.79;2.001026167265274;-3.251427153139741;-1.480000000000004;41.02285714285714;34.873000000000005;1.229155730380383;1;0;1
2026-01-30;39.39;2026;1;30;4;30;1;1;0.49999999999999994;0.8660254037844387;-0.433883739117558;-0.9009688679024191;39.76;42.24;39.81;28.96;-0.9305835010060326;2.001026167265274;-2.480000000000004;40.92285714285715;35.272000000000006;1.3084942272934652;1;0;1
2026-01-31;41.06;2026;1;31;5;31;1;1;0.49999999999999994;0.8660254037844387;-0.9749279121818236;-0.2225209339563146;39.39;41.58;40.63;28.86;4.239654734704246;-0.9305835010060326;-2.1899999999999977;40.51571428571429;35.61966666666667;1.2732747431061278;1;0;1
2026-02-01;40.19;2026;2;1;6;32;1;1;0.8660254037844386;0.5000000000000001;-0.7818314824680299;0.6234898018587334;41.06;42.52;39.76;30.19;-2.118850462737465;4.239654734704246;-1.4600000000000009;40.44142857142857;36.02633333333334;1.2146526056385007;1;0;1
2026-02-02;33.45;2026;2;2;0;33;1;1;0.8660254037844386;0.5000000000000001;0.0;1.0;40.19;41.09;37.23;31.2;-16.770340880816114;-2.118850462737465;-0.9000000000000057;40.10857142857143;36.35966666666666;0.7978602336152495;1;0;1
2026-02-03;31.72;2026;2;3;1;34;1;1;0.8660254037844386;0.5000000000000001;0.7818314824680298;0.6234898018587336;33.45;40.29;37.51;32.17;-5.171898355754867;-16.770340880816114;-6.839999999999996;39.01714285714286;36.434666666666665;2.5447443505248284;1;0;1
2026-02-04;32.4;2026;2;4;2;35;1;1;0.8660254037844386;0.5000000000000001;0.9749279121818236;-0.22252093395631434;31.72;38.98;41.18;29.03;2.1437578814627933;-5.171898355754867;-7.259999999999998;37.792857142857144;36.419666666666664;3.651263316925898;1;0;1
2026-02-05;32.19;2026;2;5;3;36;1;1;0.8660254037844386;0.5000000000000001;0.43388373911755823;-0.900968867902419;32.4;39.76;40.46;28.99;-0.6481481481481532;2.1437578814627933;-7.359999999999999;36.85285714285715;36.532000000000004;4.1125568457504915;1;0;1
2026-02-06;34.26;2026;2;6;4;37;1;1;0.8660254037844386;0.5000000000000001;-0.433883739117558;-0.9009688679024191;32.19;39.39;42.24;29.83;6.430568499534028;-0.6481481481481532;-7.200000000000003;35.77142857142857;36.63866666666666;4.2147179762178215;1;0;1
2026-02-07;33.27;2026;2;7;5;38;1;1;0.8660254037844386;0.5000000000000001;-0.9749279121818236;-0.2225209339563146;34.26;41.06;41.58;29.12;-2.8896672504378107;6.430568499534028;-6.800000000000004;35.03857142857142;36.78633333333333;3.916075537965789;1;0;1
2026-02-08;33.75;2026;2;8;6;39;1;1;0.8660254037844386;0.5000000000000001;-0.7818314824680299;0.6234898018587334;33.27;40.19;42.52;30.46;1.4427412082957503;-2.8896672504378107;-6.919999999999995;33.925714285714285;36.92466666666666;2.8929503806268326;1;0;1
2026-02-09;31.95;2026;2;9;0;40;1;1;0.8660254037844386;0.5000000000000001;0.0;1.0;33.75;33.45;41.09;30.73;-5.333333333333334;1.4427412082957503;0.29999999999999716;33.005714285714284;37.03433333333334;0.9201242152210257;1;0;1
2026-02-10;30.18;2026;2;10;1;41;1;1;0.8660254037844386;0.5000000000000001;0.7818314824680298;0.6234898018587336;31.95;31.72;40.29;30.83;-5.539906103286385;-5.333333333333334;0.23000000000000043;32.79142857142857;37.075;0.9725812489051687;1;0;1
2026-02-11;30.87;2026;2;11;2;42;1;1;0.8660254037844386;0.5000000000000001;0.9749279121818236;-0.22252093395631434;30.18;32.4;38.98;32.27;2.2862823061630344;-5.539906103286385;-2.219999999999999;32.57142857142857;37.05333333333333;1.3545162552446746;1;0;1
2026-02-12;31.19;2026;2;12;3;43;1;1;0.8660254037844386;0.5000000000000001;0.43388373911755823;-0.900968867902419;30.87;32.19;39.76;33.34;1.0366051182377767;2.2862823061630344;-1.3199999999999967;32.35285714285714;37.00666666666666;1.502184124155568;1;0;1
2026-02-13;30.82;2026;2;13;4;44;1;1;0.8660254037844386;0.5000000000000001;-0.433883739117558;-0.9009688679024191;31.19;34.26;39.39;33.64;-1.1862776530939478;1.0366051182377767;-3.0699999999999967;32.21;36.934999999999995;1.566429059998558;1;0;1
2026-02-14;30.85;2026;2;14;5;45;1;1;0.8660254037844386;0.5000000000000001;-0.9749279121818236;-0.2225209339563146;30.82;33.27;41.06;35.5;0.09733939000649006;-1.1862776530939478;-2.450000000000003;31.71857142857143;36.841;1.3392339672573488;1;0;1
2026-02-15;31.03;2026;2;15;6;46;1;1;0.8660254037844386;0.5000000000000001;-0.7818314824680299;0.6234898018587334;30.85;33.75;40.19;39.81;0.5834683954619058;0.09733939000649006;-2.8999999999999986;31.372857142857146;36.686;1.174176509813964;1;0;1
2026-02-16;29.29;2026;2;16;0;47;1;1;0.8660254037844386;0.5000000000000001;0.0;1.0;31.03;31.95;33.45;40.63;-5.607476635514031;0.5834683954619058;-0.9199999999999982;30.984285714285715;36.39333333333333;0.5294606420095924;1;0;1
2026-02-17;28.23;2026;2;17;1;48;1;1;0.8660254037844386;0.5000000000000001;0.7818314824680298;0.6234898018587336;29.29;30.18;31.72;39.76;-3.6189825879139548;-5.607476635514031;-0.8900000000000006;30.604285714285716;36.01533333333334;0.6594405998804991;1;0;1
2026-02-18;29.7;2026;2;18;2;49;1;1;0.8660254037844386;0.5000000000000001;0.9749279121818236;-0.22252093395631434;28.23;30.87;32.4;37.23;5.207226354941552;-3.6189825879139548;-2.6400000000000006;30.325714285714287;35.631;1.119759753148373;1;0;1
2026-02-19;31.49;2026;2;19;3;50;1;1;0.8660254037844386;0.5000000000000001;0.43388373911755823;-0.900968867902419;29.7;31.19;32.19;37.51;6.026936026936025;5.207226354941552;-1.490000000000002;30.15857142857143;35.38;1.112271378332065;1;0;1
2026-02-20;30.15;2026;2;20;4;51;1;1;0.8660254037844386;0.5000000000000001;-0.433883739117558;-0.9009688679024191;31.49;30.82;34.26;41.18;-4.255319148936165;6.026936026936025;0.6699999999999982;30.201428571428572;35.17933333333333;1.1632487348184342;1;0;1
2026-02-21;29.59;2026;2;21;5;52;1;1;0.8660254037844386;0.5000000000000001;-0.9749279121818236;-0.2225209339563146;30.15;30.85;33.27;40.46;-1.8573797678275272;-4.255319148936165;-0.7000000000000028;30.10571428571429;34.81166666666666;1.1309856636746958;1;0;1
2026-02-22;29.35;2026;2;22;6;53;1;1;0.8660254037844386;0.5000000000000001;-0.7818314824680299;0.6234898018587334;29.59;31.03;33.75;42.24;-0.811084825954711;-1.8573797678275272;-1.4400000000000013;29.925714285714285;34.449333333333335;1.092395794315316;1;0;1
2026-02-23;29.95;2026;2;23;0;54;1;1;0.8660254037844386;0.5000000000000001;0.0;1.0;29.35;29.29;31.95;41.58;2.044293015332199;-0.811084825954711;0.060000000000002274;29.685714285714283;34.019666666666666;0.9890038278176283;1;0;1
2026-02-24;29.24;2026;2;24;1;55;1;1;0.8660254037844386;0.5000000000000001;0.7818314824680298;0.6234898018587336;29.95;28.23;30.18;42.52;-2.370617696160271;2.044293015332199;1.7199999999999989;29.779999999999998;33.632;0.9763708311954518;1;0;1
2026-02-25;29.31;2026;2;25;2;56;1;1;0.8660254037844386;0.5000000000000001;0.9749279121818236;-0.22252093395631434;29.24;29.7;30.87;41.09;0.2393980848153232;-2.370617696160271;-0.46000000000000085;29.924285714285713;33.18933333333333;0.7597336626110869;1;0;1
2026-02-26;30.11;2026;2;26;3;57;1;1;0.8660254037844386;0.5000000000000001;0.43388373911755823;-0.900968867902419;29.31;31.49;31.19;40.29;2.7294438758103112;0.2393980848153232;-2.1799999999999997;29.868571428571425;32.79666666666667;0.7925155849509852;1;0;1
2026-02-27;30.29;2026;2;27;4;58;1;1;0.8660254037844386;0.5000000000000001;-0.433883739117558;-0.9009688679024191;30.11;30.15;30.82;38.98;0.5978080371969341;2.7294438758103112;-0.03999999999999915;29.67142857142857;32.45733333333333;0.3927861407818665;1;0;1
2026-02-28;33.61;2026;2;28;5;59;1;1;0.8660254037844386;0.5000000000000001;-0.9749279121818236;-0.2225209339563146;30.29;29.59;30.85;39.76;10.960713106635843;0.5978080371969341;0.6999999999999993;29.69142857142857;32.16766666666667;0.42357323537215397;1;0;1
2026-03-01;39.9;2026;3;1;6;60;1;1;1.0;6.123233995736766e-17;-0.7818314824680299;0.6234898018587334;33.61;29.35;31.03;39.39;18.714668253495994;10.960713106635843;4.259999999999998;30.265714285714285;31.962666666666667;1.5336650779872367;1;0;1
2026-03-02;42.92;2026;3;2;0;61;1;1;1.0;6.123233995736766e-17;0.0;1.0;39.9;29.95;29.29;41.06;7.568922305764425;18.714668253495994;9.95;31.77285714285714;31.979666666666667;3.8771411903014297;1;0;1
2026-03-03;54.18;2026;3;3;1;62;1;1;1.0;6.123233995736766e-17;0.7818314824680298;0.6234898018587336;42.92;29.24;28.23;40.19;26.234855545200375;7.568922305764425;13.680000000000003;33.62571428571429;32.041666666666664;5.584170655054254;1;0;1
2026-03-04;49.1;2026;3;4;2;63;1;1;1.0;6.123233995736766e-17;0.9749279121818236;-0.22252093395631434;54.18;29.31;29.7;33.45;-9.376153562200074;26.234855545200375;24.87;37.18857142857143;32.508;9.142248863694284;1;0;1
2026-03-05;50.58;2026;3;5;3;64;1;1;1.0;6.123233995736766e-17;0.43388373911755823;-0.900968867902419;49.1;30.11;31.49;31.72;3.0142566191446063;-9.376153562200074;18.990000000000002;40.01571428571429;33.029666666666664;9.357219774311464;1;0;1
2026-03-06;52.24;2026;3;6;4;65;1;1;1.0;6.123233995736766e-17;-0.433883739117558;-0.9009688679024191;50.58;30.29;30.15;32.4;3.2819296164491973;3.0142566191446063;20.29;42.94;33.65833333333333;8.934634855437679;1;0;1
2026-03-07;52.91;2026;3;7;5;66;1;1;1.0;6.123233995736766e-17;-0.9749279121818236;-0.2225209339563146;52.24;33.61;29.59;32.19;1.282542113323104;3.2819296164491973;18.630000000000003;46.07571428571429;34.31966666666666;7.4900464109440135;1;0;1
2026-03-08;60.41;2026;3;8;6;67;1;1;1.0;6.123233995736766e-17;-0.7818314824680299;0.6234898018587334;52.91;39.9;29.35;34.26;14.175014175014166;1.282542113323104;13.009999999999998;48.832857142857144;35.01033333333333;5.396068674771997;1;0;1
2026-03-09;56.04;2026;3;9;0;68;1;1;1.0;6.123233995736766e-17;0.0;1.0;60.41;42.92;29.95;33.27;-7.233901671908615;14.175014175014166;17.489999999999995;51.762857142857136;35.882;5.304798815806993;1;0;1
2026-03-10;46.47;2026;3;10;1;69;1;1;1.0;6.123233995736766e-17;0.7818314824680298;0.6234898018587336;56.04;54.18;29.24;33.75;-17.077087794432543;-7.233901671908615;1.8599999999999994;53.63714285714286;36.641;3.749500919169496;1;0;1
2026-03-11;48.62;2026;3;11;2;70;1;1;1.0;6.123233995736766e-17;0.9749279121818236;-0.22252093395631434;46.47;49.1;29.31;31.95;4.626640843554974;-17.077087794432543;-2.6300000000000026;52.535714285714285;37.065000000000005;4.5995248201770735;1;0;1
2026-03-12;48.73;2026;3;12;3;71;1;1;1.0;6.123233995736766e-17;0.43388373911755823;-0.900968867902419;48.62;50.58;30.11;30.18;0.2262443438914019;4.626640843554974;-1.9600000000000009;52.46714285714285;37.620666666666665;4.662430390134909;1;0;1
2026-03-13;48.74;2026;3;13;4;72;1;1;1.0;6.123233995736766e-17;-0.433883739117558;-0.9009688679024191;48.73;52.24;30.29;30.87;0.020521239482884646;0.2262443438914019;-3.510000000000005;52.202857142857134;38.239;4.836416422261463;1;0;1
2026-03-14;52.07;2026;3;14;5;73;1;1;1.0;6.123233995736766e-17;-0.9749279121818236;-0.2225209339563146;48.74;52.91;33.61;31.19;6.832170701682383;0.020521239482884646;-4.169999999999995;51.702857142857134;38.834666666666664;5.009749542261301;1;0;1
2026-03-15;51.01;2026;3;15;6;74;1;1;1.0;6.123233995736766e-17;-0.7818314824680299;0.6234898018587334;52.07;60.41;39.9;30.82;-2.035721144613023;6.832170701682383;-8.339999999999996;51.58285714285715;39.53066666666666;4.986019502186828;1;0;1
2026-03-16;49.28;2026;3;16;0;75;1;1;1.0;6.123233995736766e-17;0.0;1.0;51.01;56.04;42.92;30.85;-3.3914918643403236;-2.035721144613023;-5.030000000000001;50.24;40.20366666666666;3.1344643348847248;1;0;1
2026-03-17;50.75;2026;3;17;1;76;1;1;1.0;6.123233995736766e-17;0.7818314824680298;0.6234898018587336;49.28;46.47;54.18;31.03;2.9829545454545414;-3.3914918643403236;2.8100000000000023;49.27428571428571;40.818000000000005;1.8121153122139133;1;0;1
2026-03-18;53.75;2026;3;18;2;77;1;1;1.0;6.123233995736766e-17;0.9749279121818236;-0.22252093395631434;50.75;48.62;49.1;29.29;5.9113300492610765;2.9829545454545414;2.1300000000000026;49.885714285714286;41.47533333333333;1.3783668735475008;1;0;1
2026-03-19;61.36;2026;3;19;3;78;1;1;1.0;6.123233995736766e-17;0.43388373911755823;-0.900968867902419;53.75;48.73;50.58;28.23;14.158139534883718;5.9113300492610765;5.020000000000003;50.61857142857143;42.29066666666667;1.8695135603622703;1;0;1
2026-03-20;57.26;2026;3;20;4;79;1;1;1.0;6.123233995736766e-17;-0.433883739117558;-0.9009688679024191;61.36;48.74;52.24;29.7;-6.681877444589313;14.158139534883718;12.619999999999997;52.42285714285715;43.394999999999996;4.281626304282083;1;0;1
2026-03-21;58.79;2026;3;21;5;80;1;1;1.0;6.123233995736766e-17;-0.9749279121818236;-0.2225209339563146;57.26;52.07;52.91;31.49;2.672022354173942;-6.681877444589313;5.189999999999998;53.64;44.31366666666667;4.271190310283824;1;0;1
2026-03-22;59.63;2026;3;22;6;81;1;1;1.0;6.123233995736766e-17;-0.7818314824680299;0.6234898018587334;58.79;51.01;60.41;30.15;1.4288144242218026;2.672022354173942;7.780000000000001;54.6;45.22366666666667;4.60189815909282;1;0;1
2026-03-23;56.75;2026;3;23;0;82;1;1;1.0;6.123233995736766e-17;0.0;1.0;59.63;49.28;56.04;29.59;-4.829783665939969;1.4288144242218026;10.350000000000001;55.83142857142857;46.20633333333333;4.6343407606377856;1;0;1
2026-03-24;52.4;2026;3;24;1;83;1;1;1.0;6.123233995736766e-17;0.7818314824680298;0.6234898018587336;56.75;50.75;46.47;29.35;-7.665198237885463;-4.829783665939969;6.0;56.89857142857143;47.11166666666667;3.6243088010968667;1;0;1
2026-03-25;51.78;2026;3;25;2;84;1;1;1.0;6.123233995736766e-17;0.9749279121818236;-0.22252093395631434;52.4;53.75;48.62;29.95;-1.183206106870227;-7.665198237885463;-1.3500000000000014;57.13428571428572;47.879999999999995;3.184780772898248;1;0;1
2026-03-26;54.24;2026;3;26;3;85;1;1;1.0;6.123233995736766e-17;0.43388373911755823;-0.900968867902419;51.78;61.36;48.73;29.24;4.750869061413665;-1.183206106870227;-9.579999999999998;56.85285714285715;48.60766666666666;3.594383184384273;1;0;1
2026-03-27;52.67;2026;3;27;4;86;1;1;1.0;6.123233995736766e-17;-0.433883739117558;-0.9009688679024191;54.24;57.26;48.74;29.31;-2.8945427728613526;4.750869061413665;-3.019999999999996;55.83571428571429;49.440999999999995;3.0764744819500405;1;0;1
2026-03-28;52.87;2026;3;28;5;87;1;1;1.0;6.123233995736766e-17;-0.9749279121818236;-0.2225209339563146;52.67;58.79;52.07;30.11;0.37972280235427647;-2.8945427728613526;-6.119999999999997;55.18;50.21966666666666;3.208623796374635;1;0;1
2026-03-29;52.93;2026;3;29;6;88;1;1;1.0;6.123233995736766e-17;-0.7818314824680299;0.6234898018587334;52.87;59.63;51.01;30.29;0.1134859088329998;0.37972280235427647;-6.760000000000005;54.33428571428571;50.97833333333334;2.859748573696175;1;0;1
2026-03-30;52.33;2026;3;30;0;89;1;1;1.0;6.123233995736766e-17;0.0;1.0;52.93;56.75;49.28;33.61;-1.133572643113545;0.1134859088329998;-3.8200000000000003;53.37714285714286;51.733;1.6625052810501855;1;0;1
2026-03-31;47.87;2026;3;31;1;90;1;1;1.0;6.123233995736766e-17;0.7818314824680298;0.6234898018587336;52.33;52.4;50.75;39.9;-8.522835849417165;-1.133572643113545;-0.07000000000000028;52.74571428571428;52.357;0.7651766058182522;1;0;1
2026-04-01;45.52;2026;4;1;2;91;2;1;0.8660254037844387;-0.4999999999999998;0.9749279121818236;-0.22252093395631434;47.87;51.78;53.75;42.92;-4.909128890745762;-8.522835849417165;-3.9100000000000037;52.098571428571425;52.62266666666667;2.0097464895796233;1;0;1
2026-04-02;48.76;2026;4;2;3;92;2;1;0.8660254037844387;-0.4999999999999998;0.43388373911755823;-0.900968867902419;45.52;54.24;61.36;54.18;7.11775043936731;-4.909128890745762;-8.719999999999999;51.20428571428571;52.70933333333333;3.2096825239825604;1;0;1
2026-04-03;49.98;2026;4;3;4;93;2;1;0.8660254037844387;-0.4999999999999998;-0.433883739117558;-0.9009688679024191;48.76;52.67;57.26;49.1;2.502050861361771;7.11775043936731;-3.9100000000000037;50.42142857142857;52.528666666666666;3.0078033433684683;1;0;1
2026-04-04;48.87;2026;4;4;5;94;2;1;0.8660254037844387;-0.4999999999999998;-0.9749279121818236;-0.2225209339563146;49.98;52.87;58.79;50.58;-2.220888355342132;2.502050861361771;-2.8900000000000006;50.037142857142854;52.558;2.839787047683024;1;0;1
2026-04-05;49.05;2026;4;5;6;95;2;1;0.8660254037844387;-0.4999999999999998;-0.7818314824680299;0.6234898018587334;48.87;52.93;59.63;52.24;0.36832412523020164;-2.220888355342132;-4.060000000000002;49.465714285714284;52.501;2.5637788330431324;1;0;1
2026-04-06;49.6;2026;4;6;0;96;2;1;0.8660254037844387;-0.4999999999999998;0.0;1.0;49.05;52.33;56.75;52.91;1.1213047910295648;0.36832412523020164;-3.280000000000001;48.91142857142857;52.39466666666667;2.0598821048090787;1;0;1
2026-04-07;50.81;2026;4;7;1;97;2;1;0.8660254037844387;-0.4999999999999998;0.7818314824680298;0.6234898018587336;49.6;47.87;52.4;60.41;2.43951612903226;1.1213047910295648;1.730000000000004;48.521428571428565;52.28433333333333;1.482199138345752;1;0;1
2026-04-08;44.01;2026;4;8;2;98;2;1;0.8660254037844387;-0.4999999999999998;0.9749279121818236;-0.22252093395631434;50.81;45.52;51.78;56.04;-13.38319228498328;2.43951612903226;5.289999999999999;48.941428571428574;51.96433333333333;1.671321119866756;1;0;1
2026-04-09;44.22;2026;4;9;3;99;2;1;0.8660254037844387;-0.4999999999999998;0.43388373911755823;-0.900968867902419;44.01;48.76;54.24;46.47;0.47716428084525475;-13.38319228498328;-4.75;48.72571428571429;51.563333333333325;2.200264053417319;1;0;1
2026-04-10;42.33;2026;4;10;4;100;2;1;0.8660254037844387;-0.4999999999999998;-0.433883739117558;-0.9009688679024191;44.22;49.98;52.67;48.62;-4.274084124830391;0.47716428084525475;-5.759999999999998;48.07714285714285;51.48833333333333;2.780969341109199;1;0;1
2026-04-11;44.74;2026;4;11;5;101;2;1;0.8660254037844387;-0.4999999999999998;-0.9749279121818236;-0.2225209339563146;42.33;48.87;52.87;48.73;5.693361682022213;-4.274084124830391;-6.539999999999999;46.98428571428571;51.27866666666667;3.3528885911645427;1;0;1
2026-04-12;52.11;2026;4;12;6;102;2;1;0.8660254037844387;-0.4999999999999998;-0.7818314824680299;0.6234898018587334;44.74;49.05;52.93;48.74;16.47295485024587;5.693361682022213;-4.309999999999995;46.394285714285715;51.14566666666667;3.329048198023224;1;0;1
2026-04-13;45.0;2026;4;13;0;103;2;1;0.8660254037844387;-0.4999999999999998;0.0;1.0;52.11;49.6;52.33;52.07;-13.644214162348877;16.47295485024587;2.509999999999998;46.83142857142857;51.258;3.889607643329486;1;0;1
2026-04-14;41.65;2026;4;14;1;104;2;1;0.8660254037844387;-0.4999999999999998;0.7818314824680298;0.6234898018587336;45.0;50.81;47.87;51.01;-7.444444444444443;-13.644214162348877;-5.810000000000002;46.174285714285716;51.022333333333336;3.729177108258844;1;0;1
2026-04-15;40.04;2026;4;15;2;105;2;1;0.8660254037844387;-0.4999999999999998;0.9749279121818236;-0.22252093395631434;41.65;44.01;45.52;49.28;-3.8655462184873923;-7.444444444444443;-2.3599999999999994;44.865714285714276;50.71033333333334;3.42620712130715;1;0;1
2026-04-16;41.17;2026;4;16;3;106;2;1;0.8660254037844387;-0.4999999999999998;0.43388373911755823;-0.900968867902419;40.04;44.22;48.76;50.75;2.822177822177818;-3.8655462184873923;-4.18;44.29857142857143;50.40233333333333;3.8888105661048233;1;0;1
2026-04-17;38.09;2026;4;17;4;107;2;1;0.8660254037844387;-0.4999999999999998;-0.433883739117558;-0.9009688679024191;41.17;42.33;49.98;53.75;-7.481175613310653;2.822177822177818;-1.1599999999999966;43.862857142857145;50.08299999999999;4.065914059944981;1;0;1
2026-04-18;39.38;2026;4;18;5;108;2;1;0.8660254037844387;-0.4999999999999998;-0.9749279121818236;-0.2225209339563146;38.09;44.74;48.87;61.36;3.386715673405094;-7.481175613310653;-6.649999999999999;43.25714285714286;49.561;4.6115424544858366;1;0;1
2026-04-19;41.02;2026;4;19;6;109;2;1;0.8660254037844387;-0.4999999999999998;-0.7818314824680299;0.6234898018587334;39.38;52.11;49.05;57.26;4.16455053326561;3.386715673405094;-12.729999999999997;42.49142857142857;48.82833333333333;4.766673992668557;1;0;1
2026-04-20;38.79;2026;4;20;0;110;2;1;0.8660254037844387;-0.4999999999999998;0.0;1.0;41.02;45.0;49.6;58.79;-5.436372501218923;4.16455053326561;-3.979999999999997;40.90714285714286;48.287;2.1758348151594222;1;0;1
2026-04-21;40.93;2026;4;21;1;111;2;1;0.8660254037844387;-0.4999999999999998;0.7818314824680298;0.6234898018587336;38.79;41.65;50.81;59.63;5.5168857953080686;-5.436372501218923;-2.8599999999999994;40.019999999999996;47.620333333333335;1.3308643807703189;1;0;1
2026-04-22;42.56;2026;4;22;2;112;2;1;0.8660254037844387;-0.4999999999999998;0.9749279121818236;-0.22252093395631434;40.93;40.04;44.01;56.75;3.9824089909601845;5.5168857953080686;0.8900000000000006;39.917142857142856;46.99699999999999;1.2058429179873975;1;0;1
2026-04-23;43.71;2026;4;23;3;113;2;1;0.8660254037844387;-0.4999999999999998;0.43388373911755823;-0.900968867902419;42.56;41.17;44.22;52.4;2.702067669172936;3.9824089909601845;1.3900000000000006;40.277142857142856;46.524;1.5698589563588758;1;0;1
2026-04-24;43.74;2026;4;24;4;114;2;1;0.8660254037844387;-0.4999999999999998;-0.433883739117558;-0.9009688679024191;43.71;38.09;42.33;51.78;0.06863417982154729;2.702067669172936;5.619999999999997;40.64;46.23433333333333;2.0352067872011244;1;0;1
2026-04-25;43.35;2026;4;25;5;115;2;1;0.8660254037844387;-0.4999999999999998;-0.9749279121818236;-0.2225209339563146;43.74;39.38;44.74;54.24;-0.8916323731138598;0.06863417982154729;4.359999999999999;41.44714285714286;45.96633333333333;1.9748224754458994;1;0;1
2026-04-26;42.95;2026;4;26;6;116;2;1;0.8660254037844387;-0.4999999999999998;-0.7818314824680299;0.6234898018587334;43.35;41.02;52.11;52.67;-0.9227220299884653;-0.8916323731138598;2.3299999999999983;42.01428571428572;45.60333333333334;1.8482321025142072;1;0;1
2026-04-27;43.56;2026;4;27;0;117;2;1;0.8660254037844387;-0.4999999999999998;0.0;1.0;42.95;38.79;45.0;52.87;1.4202561117578671;-0.9227220299884653;4.160000000000004;42.290000000000006;45.279333333333334;1.8189099299677765;1;0;1
2026-04-28;42.35;2026;4;28;1;118;2;1;0.8660254037844387;-0.4999999999999998;0.7818314824680298;0.6234898018587336;43.56;40.93;41.65;52.93;-2.777777777777779;1.4202561117578671;2.6300000000000026;42.971428571428575;44.969;0.9969190634396186;1;0;1
2026-04-29;45.79;2026;4;29;2;119;2;1;0.8660254037844387;-0.4999999999999998;0.9749279121818236;-0.22252093395631434;42.35;42.56;40.04;52.33;8.122786304604478;-2.777777777777779;-0.21000000000000085;43.174285714285716;44.61633333333334;0.5618083048782525;1;0;1
2026-04-30;45.57;2026;4;30;3;120;2;1;0.8660254037844387;-0.4999999999999998;0.43388373911755823;-0.900968867902419;45.79;43.71;41.17;47.87;-0.4804542476523288;8.122786304604478;2.0799999999999983;43.635714285714286;44.398333333333326;1.0698887347585586;1;0;1
2026-05-01;45.47;2026;5;1;4;121;2;1;0.49999999999999994;-0.8660254037844387;-0.433883739117558;-0.9009688679024191;45.57;43.74;38.09;45.52;-0.21944261575598256;-0.4804542476523288;1.8299999999999983;43.901428571428575;44.32166666666667;1.2980553220293989;1;0;1
2026-05-02;46.07;2026;5;2;5;122;2;1;0.49999999999999994;-0.8660254037844387;-0.9749279121818236;-0.2225209339563146;45.47;43.35;39.38;48.76;1.3195513525401381;-0.21944261575598256;2.1199999999999974;44.14857142857143;44.32000000000001;1.4210609718500407;1;0;1
2026-05-03;46.99;2026;5;3;6;123;2;1;0.49999999999999994;-0.8660254037844387;-0.7818314824680299;0.6234898018587334;46.07;42.95;41.02;49.98;1.9969611460820547;1.3195513525401381;3.1199999999999974;44.537142857142854;44.230333333333334;1.5337178606873443;1;0;1
2026-05-04;48.54;2026;5;4;0;124;2;1;0.49999999999999994;-0.8660254037844387;0.0;1.0;46.99;43.56;38.79;48.87;3.298574164715884;1.9969611460820547;3.4299999999999997;45.114285714285714;44.13066666666667;1.59580551386935;1;0;1
2026-05-05;46.77;2026;5;5;1;125;2;1;0.49999999999999994;-0.8660254037844387;0.7818314824680298;0.6234898018587336;48.54;42.35;40.93;49.05;-3.6464771322620493;3.298574164715884;6.189999999999998;45.825714285714284;44.11966666666667;1.8733379935546723;1;0;1
2026-05-06;43.6;2026;5;6;2;126;2;1;0.49999999999999994;-0.8660254037844387;0.9749279121818236;-0.22252093395631434;46.77;45.79;42.56;49.6;-6.777849048535389;-3.6464771322620493;0.980000000000004;46.457142857142856;44.04366666666667;1.0860128035726313;1;0;1
2026-05-07;42.05;2026;5;7;3;127;2;1;0.49999999999999994;-0.8660254037844387;0.43388373911755823;-0.900968867902419;43.6;45.57;43.71;50.81;-3.555045871559648;-6.777849048535389;-1.9699999999999989;46.144285714285715;43.843666666666664;1.533491192702221;1;0;1
2026-05-08;42.64;2026;5;8;4;128;2;1;0.49999999999999994;-0.8660254037844387;-0.433883739117558;-0.9009688679024191;42.05;45.47;43.74;44.01;1.4030915576694447;-3.555045871559648;-3.4200000000000017;45.64142857142857;43.55166666666667;2.189858660366295;1;0;1
2026-05-09;42.36;2026;5;9;5;129;2;1;0.49999999999999994;-0.8660254037844387;-0.9749279121818236;-0.2225209339563146;42.64;46.07;43.35;44.22;-0.6566604127579811;1.4030915576694447;-3.4299999999999997;45.23714285714285;43.506;2.470085789911827;1;0;1
2026-05-10;43.66;2026;5;10;6;130;2;1;0.49999999999999994;-0.8660254037844387;-0.7818314824680299;0.6234898018587334;42.36;46.99;42.95;42.33;3.0689329556184974;-0.6566604127579811;-4.630000000000003;44.707142857142856;43.444;2.652858296791962;1;0;1
2026-05-11;45.49;2026;5;11;0;131;2;1;0.49999999999999994;-0.8660254037844387;0.0;1.0;43.66;48.54;43.56;44.74;4.191479615208449;3.0689329556184974;-4.880000000000003;44.23142857142857;43.48833333333333;2.4673496480465316;1;0;1
2026-05-12;46.28;2026;5;12;1;132;2;1;0.49999999999999994;-0.8660254037844387;0.7818314824680298;0.6234898018587336;45.49;46.77;42.35;52.11;1.7366454165750778;4.191479615208449;-1.2800000000000011;43.79571428571429;43.51333333333333;1.7425159697297463;1;0;1
2026-05-13;46.33;2026;5;13;2;133;2;1;0.49999999999999994;-0.8660254037844387;0.9749279121818236;-0.22252093395631434;46.28;43.6;45.79;45.0;0.1080380293863481;1.7366454165750778;2.6799999999999997;43.72571428571428;43.318999999999996;1.6077505729320183;1;0;1
2026-05-14;47.0;2026;5;14;3;134;2;1;0.49999999999999994;-0.8660254037844387;0.43388373911755823;-0.900968867902419;46.33;42.05;45.57;41.65;1.4461472048348911;0.1080380293863481;4.280000000000001;44.11571428571428;43.36333333333334;1.8802026233262807;1;0;1
2026-05-15;49.41;2026;5;15;4;135;2;1;0.49999999999999994;-0.8660254037844387;-0.433883739117558;-0.9009688679024191;47.0;42.64;45.47;40.04;5.12765957446808;1.4461472048348911;4.359999999999999;44.82285714285714;43.541666666666664;1.9044921832843593;1;0;1
2026-05-16;49.82;2026;5;16;5;136;2;1;0.49999999999999994;-0.8660254037844387;-0.9749279121818236;-0.2225209339563146;49.41;42.36;46.07;41.17;0.829791540174063;5.12765957446808;7.049999999999997;45.790000000000006;43.854;2.2909968718151745;1;0;1
2026-05-17;49.85;2026;5;17;6;137;2;1;0.49999999999999994;-0.8660254037844387;-0.7818314824680299;0.6234898018587334;49.82;43.66;46.99;38.09;0.060216780409483306;0.829791540174063;6.160000000000004;46.855714285714285;44.14233333333334;2.160932338466033;1;0;1
2026-05-18;48.48;2026;5;18;0;138;2;1;0.49999999999999994;-0.8660254037844387;0.0;1.0;49.85;45.49;48.54;39.38;-2.7482447342026206;0.060216780409483306;4.359999999999999;47.739999999999995;44.53433333333333;1.8840205235964336;1;0;1
2026-05-19;50.22;2026;5;19;1;139;2;1;0.49999999999999994;-0.8660254037844387;0.7818314824680298;0.6234898018587336;48.48;46.28;46.77;41.02;3.5891089108911034;-2.7482447342026206;2.1999999999999957;48.16714285714285;44.83766666666667;1.607541749439032;1;0;1
2026-05-20;48.31;2026;5;20;2;140;2;1;0.49999999999999994;-0.8660254037844387;0.9749279121818236;-0.22252093395631434;50.22;46.33;43.6;38.79;-3.8032656312226187;3.5891089108911034;3.8900000000000006;48.730000000000004;45.144333333333336;1.524270317233376;1;0;1
2026-05-21;47.56;2026;5;21;3;141;2;1;0.49999999999999994;-0.8660254037844387;0.43388373911755823;-0.900968867902419;48.31;47.0;42.05;40.93;-1.5524736079486678;-3.8032656312226187;1.3100000000000023;49.01285714285715;45.461666666666666;1.139937341635815;1;0;1
2026-05-22;46.6;2026;5;22;4;142;2;1;0.49999999999999994;-0.8660254037844387;-0.433883739117558;-0.9009688679024191;47.56;49.41;42.64;42.56;-2.0185029436501245;-1.5524736079486678;-1.8499999999999943;49.09285714285715;45.68266666666667;0.9841360726659455;1;0;1
2026-05-23;46.21;2026;5;23;5;143;2;1;0.49999999999999994;-0.8660254037844387;-0.9749279121818236;-0.2225209339563146;46.6;49.82;42.36;43.71;-0.8369098712446399;-2.0185029436501245;-3.219999999999999;48.69142857142857;45.81733333333333;1.341447334925864;1;0;1
2026-05-24;45.09;2026;5;24;6;144;2;1;0.49999999999999994;-0.8660254037844387;-0.7818314824680299;0.6234898018587334;46.21;49.85;43.66;43.74;-2.4237178099978274;-0.8369098712446399;-3.6400000000000006;48.175714285714285;45.90066666666667;1.5176171799109688;1;0;1
2026-05-25;44.35;2026;5;25;0;145;2;1;0.49999999999999994;-0.8660254037844387;0.0;1.0;45.09;48.48;45.49;43.35;-1.6411621202040427;-2.4237178099978274;-3.3899999999999935;47.49571428571428;45.94566666666667;1.6980661269302602;1;0;1
2026-05-26;46.03;2026;5;26;1;146;2;1;0.49999999999999994;-0.8660254037844387;0.7818314824680298;0.6234898018587336;44.35;50.22;46.28;42.95;3.788049605411503;-1.6411621202040427;-5.869999999999997;46.90571428571429;45.979;1.9912546894093952;1;0;1
2026-05-27;45.58;2026;5;27;2;147;2;1;0.49999999999999994;-0.8660254037844387;0.9749279121818236;-0.22252093395631434;46.03;48.31;46.33;43.56;-0.9776232891592462;3.788049605411503;-2.280000000000001;46.30714285714286;46.08166666666666;1.3579974752764181;1;0;1
2026-05-28;45.56;2026;5;28;3;148;2;1;0.49999999999999994;-0.8660254037844387;0.43388373911755823;-0.900968867902419;45.58;47.56;47.0;42.35;-0.04387889425185865;-0.9776232891592462;-1.980000000000004;45.91714285714285;46.149;1.042236605986055;1;0;1
2026-05-29;44.43;2026;5;29;4;149;2;1;0.49999999999999994;-0.8660254037844387;-0.433883739117558;-0.9009688679024191;45.56;46.6;49.41;45.79;-2.480245829675154;-0.04387889425185865;-1.0399999999999991;45.631428571428565;46.256;0.7499650785523004;1;0;1
2026-05-30;44.22;2026;5;30;5;150;2;1;0.49999999999999994;-0.8660254037844387;-0.9749279121818236;-0.2225209339563146;44.43;46.21;49.82;45.57;-0.47265361242403436;-2.480245829675154;-1.7800000000000011;45.32142857142857;46.210666666666675;0.7311276352649545;1;0;1
2026-05-31;46.32;2026;5;31;6;151;2;1;0.49999999999999994;-0.8660254037844387;-0.7818314824680299;0.6234898018587334;44.22;45.09;49.85;45.47;4.748982360922671;-0.47265361242403436;-0.8700000000000045;45.037142857142854;46.16566666666667;0.7147427109511515;1;0;1
2026-06-01;48.75;2026;6;1;0;152;2;1;1.2246467991473532e-16;-1.0;0.0;1.0;46.32;44.35;48.48;46.07;5.246113989637302;4.748982360922671;1.9699999999999989;45.212857142857146;46.193999999999996;0.8652497575022522;1;0;1
2026-06-02;47.79;2026;6;2;1;153;2;1;1.2246467991473532e-16;-1.0;0.7818314824680298;0.6234898018587336;48.75;46.03;50.22;46.99;-1.9692307692307676;5.246113989637302;2.719999999999999;45.84142857142857;46.28333333333333;1.4996158238188337;1;0;1
2026-06-03;48.34;2026;6;3;2;154;2;1;1.2246467991473532e-16;-1.0;0.9749279121818236;-0.22252093395631434;47.79;45.58;48.31;48.54;1.15086838250682;-1.9692307692307676;2.210000000000001;46.09285714285715;46.309999999999995;1.6739147159250853;1;0;1
2026-06-04;48.18;2026;6;4;3;155;2;1;1.2246467991473532e-16;-1.0;0.43388373911755823;-0.900968867902419;48.34;45.56;47.56;46.77;-0.3309888291270213;1.15086838250682;2.780000000000001;46.487142857142864;46.30333333333333;1.8488889842795717;1;0;1
2026-06-05;48.11;2026;6;5;4;156;2;1;1.2246467991473532e-16;-1.0;-0.433883739117558;-0.9009688679024191;48.18;44.43;46.6;43.6;-0.1452885014528893;-0.3309888291270213;3.75;46.861428571428576;46.35033333333333;1.8945485704288383;1;0;1
2026-06-06;47.76;2026;6;6;5;157;2;1;1.2246467991473532e-16;-1.0;-0.9749279121818236;-0.2225209339563146;48.11;44.22;46.21;42.05;-0.7274994803575185;-0.1452885014528893;3.8900000000000006;47.38714285714286;46.500666666666675;1.594173916544196;1;0;1
2026-06-07;48.97;2026;6;7;6;158;2;1;1.2246467991473532e-16;-1.0;-0.7818314824680299;0.6234898018587334;47.76;46.32;45.09;42.64;2.53350083752093;-0.7274994803575185;1.4399999999999977;47.892857142857146;46.691;0.7709672341867628;1;0;1
2026-06-08;49.28;2026;6;8;0;159;2;1;1.2246467991473532e-16;-1.0;0.0;1.0;48.97;48.75;44.35;42.36;0.633040637124771;2.53350083752093;0.21999999999999886;48.271428571428565;46.902;0.4563415596310776;1;0;1
2026-06-09;47.86;2026;6;9;1;160;2;1;1.2246467991473532e-16;-1.0;0.7818314824680298;0.6234898018587336;49.28;47.79;46.03;43.66;-2.8814935064935154;0.633040637124771;1.490000000000002;48.347142857142856;47.132666666666665;0.5769955021684953;1;0;1
2026-06-10;48.8;2026;6;10;2;161;2;1;1.2246467991473532e-16;-1.0;0.9749279121818236;-0.22252093395631434;47.86;48.34;45.58;45.49;1.9640618470539106;-2.8814935064935154;-0.480000000000004;48.357142857142854;47.272666666666666;0.566236531427167;1;0;1
2026-06-11;49.4;2026;6;11;3;162;2;1;1.2246467991473532e-16;-1.0;0.43388373911755823;-0.900968867902419;48.8;48.18;45.56;46.28;1.2295081967213184;1.9640618470539106;0.6199999999999974;48.42285714285714;47.383;0.5901049139963437;1;0;1
2026-06-12;46.04;2026;6;12;4;163;2;1;1.2246467991473532e-16;-1.0;-0.433883739117558;-0.9009688679024191;49.4;48.11;44.43;46.33;-6.801619433198381;1.2295081967213184;1.2899999999999991;48.597142857142856;47.487;0.679772370863367;1;0;1
2026-06-13;45.63;2026;6;13;5;164;2;1;1.2246467991473532e-16;-1.0;-0.9749279121818236;-0.2225209339563146;46.04;47.76;44.22;47.0;-0.8905299739357053;-6.801619433198381;-1.7199999999999989;48.301428571428566;47.477333333333334;1.1875805737071086;1;0;1
2026-06-14;46.65;2026;6;14;6;165;2;1;1.2246467991473532e-16;-1.0;-0.7818314824680299;0.6234898018587334;45.63;48.97;46.32;49.41;2.2353714661406787;-0.8905299739357053;-3.3399999999999963;47.99714285714286;47.43166666666666;1.562974880217057;1;0;1
2026-06-15;42.71;2026;6;15;0;166;2;1;1.2246467991473532e-16;-1.0;0.0;1.0;46.65;49.28;48.75;49.82;-8.445873526259373;2.2353714661406787;-2.6300000000000026;47.66571428571429;47.339666666666666;1.5682671662574372;1;0;1
2026-06-16;42.51;2026;6;16;1;167;2;1;1.2246467991473532e-16;-1.0;0.7818314824680298;0.6234898018587336;42.71;47.86;47.79;49.85;-0.46827440880357063;-8.445873526259373;-5.149999999999999;46.72714285714285;47.102666666666664;2.256233692725601;1;0;1
2026-06-17;41.9;2026;6;17;2;168;2;1;1.2246467991473532e-16;-1.0;0.9749279121818236;-0.22252093395631434;42.51;48.8;48.34;48.48;-1.4349564808280424;-0.46827440880357063;-6.289999999999999;45.96285714285714;46.858;2.675678819076997;1;0;1
2026-06-18;41.2;2026;6;18;3;169;2;1;1.2246467991473532e-16;-1.0;0.43388373911755823;-0.900968867902419;41.9;49.4;48.18;50.22;-1.6706443914081048;-1.4349564808280424;-7.5;44.97714285714286;46.63866666666667;2.7267667928992014;1;0;1
2026-06-19;42.39;2026;6;19;4;170;2;1;1.2246467991473532e-16;-1.0;-0.433883739117558;-0.9009688679024191;41.2;46.04;48.11;48.31;2.8883495145630933;-1.6706443914081048;-4.839999999999996;43.80571428571428;46.337999999999994;2.225270449053294;1;0;1
2026-06-20;42.47;2026;6;20;5;171;2;1;1.2246467991473532e-16;-1.0;-0.9749279121818236;-0.2225209339563146;42.39;45.63;47.76;47.56;0.18872375560272658;2.8883495145630933;-3.240000000000002;43.284285714285716;46.14066666666667;2.033878537367328;1;0;1
2026-06-21;45.34;2026;6;21;6;172;2;1;1.2246467991473532e-16;-1.0;-0.7818314824680299;0.6234898018587334;42.47;46.65;48.97;46.6;6.757711325641647;0.18872375560272658;-4.18;42.83285714285715;45.971000000000004;1.7585099211715978;1;0;1
2026-06-22;42.55;2026;6;22;0;173;2;1;1.2246467991473532e-16;-1.0;0.0;1.0;45.34;42.71;49.28;46.21;-6.153506837229827;6.757711325641647;2.6300000000000026;42.645714285714284;45.928999999999995;1.2925537660372728;1;0;1
2026-06-23;42.53;2026;6;23;1;174;2;1;1.2246467991473532e-16;-1.0;0.7818314824680298;0.6234898018587336;42.55;42.51;47.86;45.09;-0.04700352526438856;-6.153506837229827;0.03999999999999915;42.62285714285714;45.806999999999995;1.2926421815513065;1;0;1
2026-06-24;41.4;2026;6;24;2;175;2;1;1.2246467991473532e-16;-1.0;0.9749279121818236;-0.22252093395631434;42.53;41.9;48.8;44.35;-2.656948036679996;-0.04700352526438856;0.6300000000000026;42.62571428571429;45.72166666666667;1.2923732322477441;1;0;1
2026-06-25;41.07;2026;6;25;3;176;2;1;1.2246467991473532e-16;-1.0;0.43388373911755823;-0.900968867902419;41.4;41.2;49.4;46.03;-0.7971014492753614;-2.656948036679996;0.19999999999999574;42.55428571428571;45.623333333333335;1.3516268856815428;1;0;1
2026-06-26;40.7;2026;6;26;4;177;2;1;1.2246467991473532e-16;-1.0;-0.433883739117558;-0.9009688679024191;41.07;42.39;46.04;45.58;-0.9009009009008917;-0.7971014492753614;-1.3200000000000003;42.535714285714285;45.458;1.3740433901799456;1;0;1
2026-06-27;42.37;2026;6;27;5;178;2;1;1.2246467991473532e-16;-1.0;-0.9749279121818236;-0.2225209339563146;40.7;42.47;45.63;45.56;4.1031941031940855;-0.9009009009008917;-1.769999999999996;42.294285714285714;45.29533333333333;1.5421074016090215;1;0;1
2026-06-28;44.03;2026;6;28;6;179;2;1;1.2246467991473532e-16;-1.0;-0.7818314824680299;0.6234898018587334;42.37;45.34;46.65;44.43;3.917866414916227;4.1031941031940855;-2.970000000000006;42.28000000000001;45.189;1.5406708495550776;1;0;1
2026-06-29;42.41;2026;6;29;0;180;2;1;1.2246467991473532e-16;-1.0;0.0;1.0;44.03;42.55;42.71;44.22;-3.6793095616625138;3.917866414916227;1.480000000000004;42.09285714285714;45.175666666666665;1.1325298272125133;1;0;1
2026-06-30;43.67;2026;6;30;1;181;2;1;1.2246467991473532e-16;-1.0;0.7818314824680298;0.6234898018587336;42.41;42.53;42.51;46.32;2.9709974062721134;-3.6793095616625138;-0.12000000000000455;42.07285714285714;45.115333333333325;1.1243177825653574;1;0;1
2026-07-01;43.21;2026;7;1;2;182;3;2;-0.4999999999999997;-0.8660254037844388;0.9749279121818236;-0.22252093395631434;43.67;41.4;41.9;48.75;-1.0533547057476556;2.9709974062721134;2.270000000000003;42.23571428571428;45.027;1.2741514449876152;1;0;1
2026-07-02;44.91;2026;7;2;3;183;3;2;-0.4999999999999997;-0.8660254037844388;0.43388373911755823;-0.900968867902419;43.21;41.07;41.2;47.79;3.934274473501498;-1.0533547057476556;2.1400000000000006;42.49428571428571;44.842333333333336;1.2598658280800756;1;0;1
2026-07-03;45.53;2026;7;3;4;184;3;2;-0.4999999999999997;-0.8660254037844388;-0.433883739117558;-0.9009688679024191;44.91;40.7;42.39;48.34;1.3805388554887665;3.934274473501498;4.209999999999994;43.042857142857144;44.74633333333334;1.3677318729166839;1;0;1
