Trading day;Product;Place of delivery;Area;First Day Delivery;Last Day Delivery;MIBGAS Daily Price [EUR/MWh];Unnamed: 7
31/12/2021;GDAES_D+1;PVB;ES;01/01/2022;01/01/2022;62.44;
31/12/2021;GMAES;PVB;ES;01/01/2022;31/01/2022;62.7;
30/12/2021;GDAES_D+1;PVB;ES;31/12/2021;31/12/2021;76.81;
30/12/2021;GMAES;PVB;ES;01/01/2022;31/01/2022;86.0;
30/12/2021;GQES_Q+1;PVB;ES;01/01/2022;31/03/2022;95.51;
30/12/2021;GYES_Y+1;PVB;ES;01/01/2022;31/12/2022;90.11;
29/12/2021;GDAES_D+1;PVB;ES;30/12/2021;30/12/2021;90.0;
29/12/2021;GMAES;PVB;ES;01/01/2022;31/01/2022;97.0;
29/12/2021;GQES_Q+1;PVB;ES;01/01/2022;31/03/2022;95.51;
29/12/2021;GYES_Y+1;PVB;ES;01/01/2022;31/12/2022;90.11;
28/12/2021;GDAES_D+1;PVB;ES;29/12/2021;29/12/2021;94.0;
28/12/2021;GMAES;PVB;ES;01/01/2022;31/01/2022;99.35;
28/12/2021;GQES_Q+1;PVB;ES;01/01/2022;31/03/2022;105.31;
28/12/2021;GYES_Y+1;PVB;ES;01/01/2022;31/12/2022;95.21;
27/12/2021;GDAES_D+1;PVB;ES;28/12/2021;28/12/2021;98.5;
27/12/2021;GMAES;PVB;ES;01/01/2022;31/01/2022;96.0;
27/12/2021;GQES_Q+1;PVB;ES;01/01/2022;31/03/2022;105.82;
27/12/2021;GYES_Y+1;PVB;ES;01/01/2022;31/12/2022;96.89;
26/12/2021;GDAES_D+1;PVB;ES;27/12/2021;27/12/2021;81.05;
25/12/2021;GDAES_D+1;PVB;ES;26/12/2021;26/12/2021;67.38;
24/12/2021;GDAES_D+1;PVB;ES;25/12/2021;25/12/2021;100.97;
24/12/2021;GMAES;PVB;ES;01/01/2022;31/01/2022;109.25;
24/12/2021;GQES_Q+1;PVB;ES;01/01/2022;31/03/2022;108.25;
24/12/2021;GYES_Y+1;PVB;ES;01/01/2022;31/12/2022;99.12;
23/12/2021;GDAES_D+1;PVB;ES;24/12/2021;24/12/2021;126.78;
23/12/2021;GMAES;PVB;ES;01/01/2022;31/01/2022;132.23;
23/12/2021;GQES_Q+1;PVB;ES;01/01/2022;31/03/2022;130.24;
23/12/2021;GYES_Y+1;PVB;ES;01/01/2022;31/12/2022;113.01;
22/12/2021;GDAES_D+1;PVB;ES;23/12/2021;23/12/2021;171.25;
22/12/2021;GMAES;PVB;ES;01/01/2022;31/01/2022;172.0;
22/12/2021;GQES_Q+1;PVB;ES;01/01/2022;31/03/2022;162.07;
22/12/2021;GYES_Y+1;PVB;ES;01/01/2022;31/12/2022;138.27;
21/12/2021;GDAES_D+1;PVB;ES;22/12/2021;22/12/2021;183.0;
21/12/2021;GMAES;PVB;ES;01/01/2022;31/01/2022;172.0;
21/12/2021;GQES_Q+1;PVB;ES;01/01/2022;31/03/2022;175.92;
21/12/2021;GYES_Y+1;PVB;ES;01/01/2022;31/12/2022;138.48;
20/12/2021;GDAES_D+1;PVB;ES;21/12/2021;21/12/2021;148.44;
20/12/2021;GMAES;PVB;ES;01/01/2022;31/01/2022;147.25;
20/12/2021;GQES_Q+1;PVB;ES;01/01/2022;31/03/2022;142.71;
20/12/2021;GYES_Y+1;PVB;ES;01/01/2022;31/12/2022;104.83;
19/12/2021;GDAES_D+1;PVB;ES;20/12/2021;20/12/2021;162.27;
18/12/2021;GDAES_D+1;PVB;ES;19/12/2021;19/12/2021;146.5;
17/12/2021;GDAES_D+1;PVB;ES;18/12/2021;18/12/2021;136.67;
17/12/2021;GMAES;PVB;ES;01/01/2022;31/01/2022;136.8;
17/12/2021;GQES_Q+1;PVB;ES;01/01/2022;31/03/2022;132.01;
17/12/2021;GYES_Y+1;PVB;ES;01/01/2022;31/12/2022;94.33;
16/12/2021;GDAES_D+1;PVB;ES;17/12/2021;17/12/2021;138.68;
16/12/2021;GMAES;PVB;ES;01/01/2022;31/01/2022;136.8;
16/12/2021;GQES_Q+1;PVB;ES;01/01/2022;31/03/2022;136.33;
16/12/2021;GYES_Y+1;PVB;ES;01/01/2022;31/12/2022;92.51;
15/12/2021;GDAES_D+1;PVB;ES;16/12/2021;16/12/2021;125.08;
15/12/2021;GMAES;PVB;ES;01/01/2022;31/01/2022;128.5;
15/12/2021;GQES_Q+1;PVB;ES;01/01/2022;31/03/2022;124.18;
15/12/2021;GYES_Y+1;PVB;ES;01/01/2022;31/12/2022;82.64;
14/12/2021;GDAES_D+1;PVB;ES;15/12/2021;15/12/2021;129.5;
14/12/2021;GMAES;PVB;ES;01/01/2022;31/01/2022;124.95;
14/12/2021;GQES_Q+1;PVB;ES;01/01/2022;31/03/2022;125.46;
14/12/2021;GYES_Y+1;PVB;ES;01/01/2022;31/12/2022;86.01;
13/12/2021;GDAES_D+1;PVB;ES;14/12/2021;14/12/2021;118.21;
13/12/2021;GMAES;PVB;ES;01/01/2022;31/01/2022;118.8;
13/12/2021;GQES_Q+1;PVB;ES;01/01/2022;31/03/2022;114.37;
13/12/2021;GYES_Y+1;PVB;ES;01/01/2022;31/12/2022;83.35;
12/12/2021;GDAES_D+1;PVB;ES;13/12/2021;13/12/2021;113.24;
11/12/2021;GDAES_D+1;PVB;ES;12/12/2021;12/12/2021;109.06;
10/12/2021;GDAES_D+1;PVB;ES;11/12/2021;11/12/2021;107.04;
10/12/2021;GMAES;PVB;ES;01/01/2022;31/01/2022;105.95;
10/12/2021;GQES_Q+1;PVB;ES;01/01/2022;31/03/2022;103.95;
10/12/2021;GYES_Y+1;PVB;ES;01/01/2022;31/12/2022;78.28;
09/12/2021;GDAES_D+1;PVB;ES;10/12/2021;10/12/2021;101.08;
09/12/2021;GMAES;PVB;ES;01/01/2022;31/01/2022;101.0;
09/12/2021;GQES_Q+1;PVB;ES;01/01/2022;31/03/2022;99.31;
09/12/2021;GYES_Y+1;PVB;ES;01/01/2022;31/12/2022;72.22;
08/12/2021;GDAES_D+1;PVB;ES;09/12/2021;09/12/2021;103.98;
08/12/2021;GMAES;PVB;ES;01/01/2022;31/01/2022;103.9;
08/12/2021;GQES_Q+1;PVB;ES;01/01/2022;31/03/2022;101.05;
08/12/2021;GYES_Y+1;PVB;ES;01/01/2022;31/12/2022;75.58;
07/12/2021;GDAES_D+1;PVB;ES;08/12/2021;08/12/2021;95.49;
07/12/2021;GMAES;PVB;ES;01/01/2022;31/01/2022;98.5;
07/12/2021;GQES_Q+1;PVB;ES;01/01/2022;31/03/2022;95.69;
07/12/2021;GYES_Y+1;PVB;ES;01/01/2022;31/12/2022;66.84;
06/12/2021;GDAES_D+1;PVB;ES;07/12/2021;07/12/2021;91.0;
06/12/2021;GMAES;PVB;ES;01/01/2022;31/01/2022;91.85;
06/12/2021;GQES_Q+1;PVB;ES;01/01/2022;31/03/2022;89.74;
06/12/2021;GYES_Y+1;PVB;ES;01/01/2022;31/12/2022;60.46;
05/12/2021;GDAES_D+1;PVB;ES;06/12/2021;06/12/2021;90.21;
04/12/2021;GDAES_D+1;PVB;ES;05/12/2021;05/12/2021;89.77;
03/12/2021;GDAES_D+1;PVB;ES;04/12/2021;04/12/2021;92.7;
03/12/2021;GMAES;PVB;ES;01/01/2022;31/01/2022;93.1;
03/12/2021;GQES_Q+1;PVB;ES;01/01/2022;31/03/2022;89.27;
03/12/2021;GYES_Y+1;PVB;ES;01/01/2022;31/12/2022;58.04;
02/12/2021;GDAES_D+1;PVB;ES;03/12/2021;03/12/2021;96.07;
02/12/2021;GMAES;PVB;ES;01/01/2022;31/01/2022;94.6;
02/12/2021;GQES_Q+1;PVB;ES;01/01/2022;31/03/2022;90.67;
02/12/2021;GYES_Y+1;PVB;ES;01/01/2022;31/12/2022;56.48;
01/12/2021;GDAES_D+1;PVB;ES;02/12/2021;02/12/2021;98.12;
01/12/2021;GMAES;PVB;ES;01/01/2022;31/01/2022;96.95;
01/12/2021;GQES_Q+1;PVB;ES;01/01/2022;31/03/2022;92.25;
01/12/2021;GYES_Y+1;PVB;ES;01/01/2022;31/12/2022;56.91;
30/11/2021;GDAES_D+1;PVB;ES;01/12/2021;01/12/2021;95.5;
30/11/2021;GMAES;PVB;ES;01/12/2021;31/12/2021;94.2;
30/11/2021;GQES_Q+1;PVB;ES;01/01/2022;31/03/2022;91.19;
30/11/2021;GYES_Y+1;PVB;ES;01/01/2022;31/12/2022;56.41;
29/11/2021;GDAES_D+1;PVB;ES;30/11/2021;30/11/2021;98.26;
29/11/2021;GMAES;PVB;ES;01/12/2021;31/12/2021;96.5;
29/11/2021;GQES_Q+1;PVB;ES;01/01/2022;31/03/2022;92.3;
29/11/2021;GYES_Y+1;PVB;ES;01/01/2022;31/12/2022;56.88;
28/11/2021;GDAES_D+1;PVB;ES;29/11/2021;29/11/2021;95.24;
27/11/2021;GDAES_D+1;PVB;ES;28/11/2021;28/11/2021;93.89;
26/11/2021;GDAES_D+1;PVB;ES;27/11/2021;27/11/2021;91.42;
26/11/2021;GMAES;PVB;ES;01/12/2021;31/12/2021;89.5;
26/11/2021;GQES_Q+1;PVB;ES;01/01/2022;31/03/2022;86.93;
26/11/2021;GYES_Y+1;PVB;ES;01/01/2022;31/12/2022;54.7;
25/11/2021;GDAES_D+1;PVB;ES;26/11/2021;26/11/2021;95.16;
25/11/2021;GMAES;PVB;ES;01/12/2021;31/12/2021;95.25;
25/11/2021;GQES_Q+1;PVB;ES;01/01/2022;31/03/2022;92.6;
25/11/2021;GYES_Y+1;PVB;ES;01/01/2022;31/12/2022;57.7;
24/11/2021;GDAES_D+1;PVB;ES;25/11/2021;25/11/2021;97.83;
24/11/2021;GMAES;PVB;ES;01/12/2021;31/12/2021;94.55;
24/11/2021;GQES_Q+1;PVB;ES;01/01/2022;31/03/2022;92.84;
24/11/2021;GYES_Y+1;PVB;ES;01/01/2022;31/12/2022;57.31;
23/11/2021;GDAES_D+1;PVB;ES;24/11/2021;24/11/2021;93.9;
23/11/2021;GMAES;PVB;ES;01/12/2021;31/12/2021;94.0;
23/11/2021;GQES_Q+1;PVB;ES;01/01/2022;31/03/2022;89.33;
23/11/2021;GYES_Y+1;PVB;ES;01/01/2022;31/12/2022;55.43;
22/11/2021;GDAES_D+1;PVB;ES;23/11/2021;23/11/2021;87.39;
22/11/2021;GMAES;PVB;ES;01/12/2021;31/12/2021;86.3;
22/11/2021;GQES_Q+1;PVB;ES;01/01/2022;31/03/2022;84.53;
22/11/2021;GYES_Y+1;PVB;ES;01/01/2022;31/12/2022;53.01;
21/11/2021;GDAES_D+1;PVB;ES;22/11/2021;22/11/2021;92.89;
20/11/2021;GDAES_D+1;PVB;ES;21/11/2021;21/11/2021;95.7;
19/11/2021;GDAES_D+1;PVB;ES;20/11/2021;20/11/2021;93.42;
19/11/2021;GMAES;PVB;ES;01/12/2021;31/12/2021;88.48;
19/11/2021;GQES_Q+1;PVB;ES;01/01/2022;31/03/2022;92.11;
19/11/2021;GYES_Y+1;PVB;ES;01/01/2022;31/12/2022;56.52;
18/11/2021;GDAES_D+1;PVB;ES;19/11/2021;19/11/2021;96.06;
18/11/2021;GMAES;PVB;ES;01/12/2021;31/12/2021;95.66;
18/11/2021;GQES_Q+1;PVB;ES;01/01/2022;31/03/2022;92.11;
18/11/2021;GYES_Y+1;PVB;ES;01/01/2022;31/12/2022;56.52;
17/11/2021;GDAES_D+1;PVB;ES;18/11/2021;18/11/2021;95.1;
17/11/2021;GMAES;PVB;ES;01/12/2021;31/12/2021;99.8;
17/11/2021;GQES_Q+1;PVB;ES;01/01/2022;31/03/2022;93.69;
17/11/2021;GYES_Y+1;PVB;ES;01/01/2022;31/12/2022;56.15;
16/11/2021;GDAES_D+1;PVB;ES;17/11/2021;17/11/2021;93.64;
16/11/2021;GMAES;PVB;ES;01/12/2021;31/12/2021;94.92;
16/11/2021;GQES_Q+1;PVB;ES;01/01/2022;31/03/2022;93.68;
16/11/2021;GYES_Y+1;PVB;ES;01/01/2022;31/12/2022;56.18;
15/11/2021;GDAES_D+1;PVB;ES;16/11/2021;16/11/2021;81.76;
15/11/2021;GMAES;PVB;ES;01/12/2021;31/12/2021;76.76;
15/11/2021;GQES_Q+1;PVB;ES;01/01/2022;31/03/2022;79.85;
15/11/2021;GYES_Y+1;PVB;ES;01/01/2022;31/12/2022;50.84;
14/11/2021;GDAES_D+1;PVB;ES;15/11/2021;15/11/2021;79.25;
13/11/2021;GDAES_D+1;PVB;ES;14/11/2021;14/11/2021;79.0;
12/11/2021;GDAES_D+1;PVB;ES;13/11/2021;13/11/2021;76.9;
12/11/2021;GMAES;PVB;ES;01/12/2021;31/12/2021;76.76;
12/11/2021;GQES_Q+1;PVB;ES;01/01/2022;31/03/2022;74.42;
12/11/2021;GYES_Y+1;PVB;ES;01/01/2022;31/12/2022;48.96;
11/11/2021;GDAES_D+1;PVB;ES;12/11/2021;12/11/2021;77.73;
11/11/2021;GMAES;PVB;ES;01/12/2021;31/12/2021;73.8;
11/11/2021;GQES_Q+1;PVB;ES;01/01/2022;31/03/2022;74.42;
11/11/2021;GYES_Y+1;PVB;ES;01/01/2022;31/12/2022;48.96;
10/11/2021;GDAES_D+1;PVB;ES;11/11/2021;11/11/2021;72.96;
10/11/2021;GMAES;PVB;ES;01/12/2021;31/12/2021;71.0;
10/11/2021;GQES_Q+1;PVB;ES;01/01/2022;31/03/2022;70.53;
10/11/2021;GYES_Y+1;PVB;ES;01/01/2022;31/12/2022;48.34;
09/11/2021;GDAES_D+1;PVB;ES;10/11/2021;10/11/2021;71.0;
09/11/2021;GMAES;PVB;ES;01/12/2021;31/12/2021;75.65;
09/11/2021;GQES_Q+1;PVB;ES;01/01/2022;31/03/2022;70.32;
09/11/2021;GYES_Y+1;PVB;ES;01/01/2022;31/12/2022;47.17;
08/11/2021;GDAES_D+1;PVB;ES;09/11/2021;09/11/2021;77.74;
08/11/2021;GMAES;PVB;ES;01/12/2021;31/12/2021;78.48;
08/11/2021;GQES_Q+1;PVB;ES;01/01/2022;31/03/2022;73.01;
08/11/2021;GYES_Y+1;PVB;ES;01/01/2022;31/12/2022;48.64;
07/11/2021;GDAES_D+1;PVB;ES;08/11/2021;08/11/2021;73.47;
06/11/2021;GDAES_D+1;PVB;ES;07/11/2021;07/11/2021;71.57;
05/11/2021;GDAES_D+1;PVB;ES;06/11/2021;06/11/2021;70.51;
05/11/2021;GMAES;PVB;ES;01/12/2021;31/12/2021;74.95;
05/11/2021;GQES_Q+1;PVB;ES;01/01/2022;31/03/2022;72.1;
05/11/2021;GYES_Y+1;PVB;ES;01/01/2022;31/12/2022;48.97;
04/11/2021;GDAES_D+1;PVB;ES;05/11/2021;05/11/2021;71.65;
04/11/2021;GMAES;PVB;ES;01/12/2021;31/12/2021;74.15;
04/11/2021;GQES_Q+1;PVB;ES;01/01/2022;31/03/2022;72.1;
04/11/2021;GYES_Y+1;PVB;ES;01/01/2022;31/12/2022;48.97;
03/11/2021;GDAES_D+1;PVB;ES;04/11/2021;04/11/2021;76.84;
03/11/2021;GMAES;PVB;ES;01/12/2021;31/12/2021;78.7;
03/11/2021;GQES_Q+1;PVB;ES;01/01/2022;31/03/2022;79.52;
03/11/2021;GYES_Y+1;PVB;ES;01/01/2022;31/12/2022;52.07;
02/11/2021;GDAES_D+1;PVB;ES;03/11/2021;03/11/2021;69.25;
02/11/2021;GMAES;PVB;ES;01/12/2021;31/12/2021;70.9;
02/11/2021;GQES_Q+1;PVB;ES;01/01/2022;31/03/2022;67.49;
02/11/2021;GYES_Y+1;PVB;ES;01/01/2022;31/12/2022;47.65;
01/11/2021;GDAES_D+1;PVB;ES;02/11/2021;02/11/2021;63.7;
01/11/2021;GMAES;PVB;ES;01/12/2021;31/12/2021;68.5;
01/11/2021;GQES_Q+1;PVB;ES;01/01/2022;31/03/2022;63.66;
01/11/2021;GYES_Y+1;PVB;ES;01/01/2022;31/12/2022;47.06;
31/10/2021;GDAES_D+1;PVB;ES;01/11/2021;01/11/2021;60.25;
30/10/2021;GDAES_D+1;PVB;ES;31/10/2021;31/10/2021;62.86;
29/10/2021;GDAES_D+1;PVB;ES;30/10/2021;30/10/2021;60.32;
29/10/2021;GMAES;PVB;ES;01/11/2021;30/11/2021;64.75;
29/10/2021;GQES_Q+1;PVB;ES;01/01/2022;31/03/2022;73.37;
29/10/2021;GYES_Y+1;PVB;ES;01/01/2022;31/12/2022;51.98;
28/10/2021;GDAES_D+1;PVB;ES;29/10/2021;29/10/2021;73.75;
28/10/2021;GMAES;PVB;ES;01/11/2021;30/11/2021;75.51;
28/10/2021;GQES_Q+1;PVB;ES;01/01/2022;31/03/2022;73.37;
28/10/2021;GYES_Y+1;PVB;ES;01/01/2022;31/12/2022;51.98;
27/10/2021;GDAES_D+1;PVB;ES;28/10/2021;28/10/2021;84.65;
27/10/2021;GMAES;PVB;ES;01/11/2021;30/11/2021;87.59;
27/10/2021;GQES_Q+1;PVB;ES;01/01/2022;31/03/2022;85.65;
27/10/2021;GYES_Y+1;PVB;ES;01/01/2022;31/12/2022;56.58;
26/10/2021;GDAES_D+1;PVB;ES;27/10/2021;27/10/2021;89.31;
26/10/2021;GMAES;PVB;ES;01/11/2021;30/11/2021;91.6;
26/10/2021;GQES_Q+1;PVB;ES;01/01/2022;31/03/2022;87.6;
26/10/2021;GYES_Y+1;PVB;ES;01/01/2022;31/12/2022;56.58;
25/10/2021;GDAES_D+1;PVB;ES;26/10/2021;26/10/2021;91.01;
25/10/2021;GMAES;PVB;ES;01/11/2021;30/11/2021;89.8;
25/10/2021;GQES_Q+1;PVB;ES;01/01/2022;31/03/2022;93.0;
25/10/2021;GYES_Y+1;PVB;ES;01/01/2022;31/12/2022;43.85;
24/10/2021;GDAES_D+1;PVB;ES;25/10/2021;25/10/2021;95.1;
23/10/2021;GDAES_D+1;PVB;ES;24/10/2021;24/10/2021;91.75;
22/10/2021;GDAES_D+1;PVB;ES;23/10/2021;23/10/2021;88.4;
22/10/2021;GMAES;PVB;ES;01/11/2021;30/11/2021;89.0;
22/10/2021;GQES_Q+1;PVB;ES;01/01/2022;31/03/2022;93.0;
22/10/2021;GYES_Y+1;PVB;ES;01/01/2022;31/12/2022;43.85;
21/10/2021;GDAES_D+1;PVB;ES;22/10/2021;22/10/2021;88.24;
21/10/2021;GMAES;PVB;ES;01/11/2021;30/11/2021;91.2;
21/10/2021;GQES_Q+1;PVB;ES;01/01/2022;31/03/2022;93.0;
21/10/2021;GYES_Y+1;PVB;ES;01/01/2022;31/12/2022;43.85;
20/10/2021;GDAES_D+1;PVB;ES;21/10/2021;21/10/2021;90.21;
20/10/2021;GMAES;PVB;ES;01/11/2021;30/11/2021;96.17;
20/10/2021;GQES_Q+1;PVB;ES;01/01/2022;31/03/2022;93.0;
20/10/2021;GYES_Y+1;PVB;ES;01/01/2022;31/12/2022;43.85;
19/10/2021;GDAES_D+1;PVB;ES;20/10/2021;20/10/2021;86.76;
19/10/2021;GMAES;PVB;ES;01/11/2021;30/11/2021;91.75;
19/10/2021;GQES_Q+1;PVB;ES;01/01/2022;31/03/2022;93.0;
19/10/2021;GYES_Y+1;PVB;ES;01/01/2022;31/12/2022;43.85;
18/10/2021;GDAES_D+1;PVB;ES;19/10/2021;19/10/2021;85.66;
18/10/2021;GMAES;PVB;ES;01/11/2021;30/11/2021;92.48;
18/10/2021;GQES_Q+1;PVB;ES;01/01/2022;31/03/2022;;
18/10/2021;GYES_Y+1;PVB;ES;01/01/2022;31/12/2022;43.85;
17/10/2021;GDAES_D+1;PVB;ES;18/10/2021;18/10/2021;94.49;
16/10/2021;GDAES_D+1;PVB;ES;17/10/2021;17/10/2021;90.01;
15/10/2021;GDAES_D+1;PVB;ES;16/10/2021;16/10/2021;89.95;
15/10/2021;GMAES;PVB;ES;01/11/2021;30/11/2021;89.6;
15/10/2021;GQES_Q+1;PVB;ES;01/01/2022;31/03/2022;;
15/10/2021;GYES_Y+1;PVB;ES;01/01/2022;31/12/2022;43.85;
14/10/2021;GDAES_D+1;PVB;ES;15/10/2021;15/10/2021;98.52;
14/10/2021;GMAES;PVB;ES;01/11/2021;30/11/2021;102.0;
14/10/2021;GQES_Q+1;PVB;ES;01/01/2022;31/03/2022;;
14/10/2021;GYES_Y+1;PVB;ES;01/01/2022;31/12/2022;43.85;
13/10/2021;GDAES_D+1;PVB;ES;14/10/2021;14/10/2021;92.65;
13/10/2021;GMAES;PVB;ES;01/11/2021;30/11/2021;95.0;
13/10/2021;GQES_Q+1;PVB;ES;01/01/2022;31/03/2022;;
13/10/2021;GYES_Y+1;PVB;ES;01/01/2022;31/12/2022;43.85;
12/10/2021;GDAES_D+1;PVB;ES;13/10/2021;13/10/2021;84.07;
12/10/2021;GMAES;PVB;ES;01/11/2021;30/11/2021;87.0;
12/10/2021;GQES_Q+1;PVB;ES;01/01/2022;31/03/2022;;
12/10/2021;GYES_Y+1;PVB;ES;01/01/2022;31/12/2022;43.85;
11/10/2021;GDAES_D+1;PVB;ES;12/10/2021;12/10/2021;83.02;
11/10/2021;GMAES;PVB;ES;01/11/2021;30/11/2021;89.9;
11/10/2021;GQES_Q+1;PVB;ES;01/01/2022;31/03/2022;;
11/10/2021;GYES_Y+1;PVB;ES;01/01/2022;31/12/2022;43.85;
10/10/2021;GDAES_D+1;PVB;ES;11/10/2021;11/10/2021;86.0;
09/10/2021;GDAES_D+1;PVB;ES;10/10/2021;10/10/2021;87.4;
08/10/2021;GDAES_D+1;PVB;ES;09/10/2021;09/10/2021;80.06;
08/10/2021;GMAES;PVB;ES;01/11/2021;30/11/2021;97.5;
08/10/2021;GQES_Q+1;PVB;ES;01/01/2022;31/03/2022;;
08/10/2021;GYES_Y+1;PVB;ES;01/01/2022;31/12/2022;43.85;
07/10/2021;GDAES_D+1;PVB;ES;08/10/2021;08/10/2021;98.47;
07/10/2021;GMAES;PVB;ES;01/11/2021;30/11/2021;101.5;
07/10/2021;GQES_Q+1;PVB;ES;01/01/2022;31/03/2022;;
07/10/2021;GYES_Y+1;PVB;ES;01/01/2022;31/12/2022;43.85;
06/10/2021;GDAES_D+1;PVB;ES;07/10/2021;07/10/2021;111.66;
06/10/2021;GMAES;PVB;ES;01/11/2021;30/11/2021;109.0;
06/10/2021;GQES_Q+1;PVB;ES;01/01/2022;31/03/2022;;
06/10/2021;GYES_Y+1;PVB;ES;01/01/2022;31/12/2022;43.85;
05/10/2021;GDAES_D+1;PVB;ES;06/10/2021;06/10/2021;113.77;
05/10/2021;GMAES;PVB;ES;01/11/2021;30/11/2021;109.0;
05/10/2021;GQES_Q+1;PVB;ES;01/01/2022;31/03/2022;;
05/10/2021;GYES_Y+1;PVB;ES;01/01/2022;31/12/2022;43.85;
04/10/2021;GDAES_D+1;PVB;ES;05/10/2021;05/10/2021;91.25;
04/10/2021;GMAES;PVB;ES;01/11/2021;30/11/2021;99.6;
04/10/2021;GQES_Q+1;PVB;ES;01/01/2022;31/03/2022;;
04/10/2021;GYES_Y+1;PVB;ES;01/01/2022;31/12/2022;43.85;
03/10/2021;GDAES_D+1;PVB;ES;04/10/2021;04/10/2021;77.7;
02/10/2021;GDAES_D+1;PVB;ES;03/10/2021;03/10/2021;74.81;
01/10/2021;GDAES_D+1;PVB;ES;02/10/2021;02/10/2021;88.5;
01/10/2021;GMAES;PVB;ES;01/11/2021;30/11/2021;98.5;
01/10/2021;GQES_Q+1;PVB;ES;01/01/2022;31/03/2022;;
01/10/2021;GYES_Y+1;PVB;ES;01/01/2022;31/12/2022;43.85;
30/09/2021;GDAES_D+1;PVB;ES;01/10/2021;01/10/2021;92.69;
30/09/2021;GMAES;PVB;ES;01/10/2021;31/10/2021;90.0;
30/09/2021;GYES_Y+1;PVB;ES;01/01/2022;31/12/2022;43.85;
29/09/2021;GDAES_D+1;PVB;ES;30/09/2021;30/09/2021;82.75;
29/09/2021;GMAES;PVB;ES;01/10/2021;31/10/2021;86.04;
29/09/2021;GQES_Q+1;PVB;ES;01/10/2021;31/12/2021;68.1;
29/09/2021;GYES_Y+1;PVB;ES;01/01/2022;31/12/2022;43.85;
28/09/2021;GDAES_D+1;PVB;ES;29/09/2021;29/09/2021;78.99;
28/09/2021;GMAES;PVB;ES;01/10/2021;31/10/2021;84.7;
28/09/2021;GQES_Q+1;PVB;ES;01/10/2021;31/12/2021;68.1;
28/09/2021;GYES_Y+1;PVB;ES;01/01/2022;31/12/2022;43.85;
27/09/2021;GDAES_D+1;PVB;ES;28/09/2021;28/09/2021;76.95;
27/09/2021;GMAES;PVB;ES;01/10/2021;31/10/2021;77.35;
27/09/2021;GQES_Q+1;PVB;ES;01/10/2021;31/12/2021;68.1;
27/09/2021;GYES_Y+1;PVB;ES;01/01/2022;31/12/2022;43.85;
26/09/2021;GDAES_D+1;PVB;ES;27/09/2021;27/09/2021;72.31;
25/09/2021;GDAES_D+1;PVB;ES;26/09/2021;26/09/2021;72.82;
24/09/2021;GDAES_D+1;PVB;ES;25/09/2021;25/09/2021;67.6;
24/09/2021;GMAES;PVB;ES;01/10/2021;31/10/2021;70.7;
24/09/2021;GQES_Q+1;PVB;ES;01/10/2021;31/12/2021;68.1;
24/09/2021;GYES_Y+1;PVB;ES;01/01/2022;31/12/2022;43.85;
23/09/2021;GDAES_D+1;PVB;ES;24/09/2021;24/09/2021;69.53;
23/09/2021;GMAES;PVB;ES;01/10/2021;31/10/2021;69.5;
23/09/2021;GQES_Q+1;PVB;ES;01/10/2021;31/12/2021;68.1;
23/09/2021;GYES_Y+1;PVB;ES;01/01/2022;31/12/2022;43.85;
22/09/2021;GDAES_D+1;PVB;ES;23/09/2021;23/09/2021;70.78;
22/09/2021;GMAES;PVB;ES;01/10/2021;31/10/2021;71.5;
22/09/2021;GQES_Q+1;PVB;ES;01/10/2021;31/12/2021;68.1;
22/09/2021;GYES_Y+1;PVB;ES;01/01/2022;31/12/2022;43.85;
21/09/2021;GDAES_D+1;PVB;ES;22/09/2021;22/09/2021;73.15;
21/09/2021;GMAES;PVB;ES;01/10/2021;31/10/2021;75.25;
21/09/2021;GQES_Q+1;PVB;ES;01/10/2021;31/12/2021;68.1;
21/09/2021;GYES_Y+1;PVB;ES;01/01/2022;31/12/2022;34.41;
20/09/2021;GDAES_D+1;PVB;ES;21/09/2021;21/09/2021;71.51;
20/09/2021;GMAES;PVB;ES;01/10/2021;31/10/2021;77.4;
20/09/2021;GQES_Q+1;PVB;ES;01/10/2021;31/12/2021;68.1;
20/09/2021;GYES_Y+1;PVB;ES;01/01/2022;31/12/2022;34.41;
19/09/2021;GDAES_D+1;PVB;ES;20/09/2021;20/09/2021;63.6;
18/09/2021;GDAES_D+1;PVB;ES;19/09/2021;19/09/2021;64.1;
17/09/2021;GDAES_D+1;PVB;ES;18/09/2021;18/09/2021;65.5;
17/09/2021;GMAES;PVB;ES;01/10/2021;31/10/2021;66.57;
17/09/2021;GQES_Q+1;PVB;ES;01/10/2021;31/12/2021;68.1;
17/09/2021;GYES_Y+1;PVB;ES;01/01/2022;31/12/2022;34.41;
16/09/2021;GDAES_D+1;PVB;ES;17/09/2021;17/09/2021;64.35;
16/09/2021;GMAES;PVB;ES;01/10/2021;31/10/2021;62.93;
16/09/2021;GQES_Q+1;PVB;ES;01/10/2021;31/12/2021;68.1;
16/09/2021;GYES_Y+1;PVB;ES;01/01/2022;31/12/2022;34.41;
15/09/2021;GDAES_D+1;PVB;ES;16/09/2021;16/09/2021;69.58;
15/09/2021;GMAES;PVB;ES;01/10/2021;31/10/2021;70.15;
15/09/2021;GQES_Q+1;PVB;ES;01/10/2021;31/12/2021;68.1;
15/09/2021;GYES_Y+1;PVB;ES;01/01/2022;31/12/2022;34.41;
14/09/2021;GDAES_D+1;PVB;ES;15/09/2021;15/09/2021;69.25;
14/09/2021;GMAES;PVB;ES;01/10/2021;31/10/2021;67.5;
14/09/2021;GQES_Q+1;PVB;ES;01/10/2021;31/12/2021;68.1;
14/09/2021;GYES_Y+1;PVB;ES;01/01/2022;31/12/2022;34.41;
13/09/2021;GDAES_D+1;PVB;ES;14/09/2021;14/09/2021;63.72;
13/09/2021;GMAES;PVB;ES;01/10/2021;31/10/2021;62.96;
13/09/2021;GQES_Q+1;PVB;ES;01/10/2021;31/12/2021;64.15;
13/09/2021;GYES_Y+1;PVB;ES;01/01/2022;31/12/2022;34.41;
12/09/2021;GDAES_D+1;PVB;ES;13/09/2021;13/09/2021;61.45;
11/09/2021;GDAES_D+1;PVB;ES;12/09/2021;12/09/2021;60.0;
10/09/2021;GDAES_D+1;PVB;ES;11/09/2021;11/09/2021;58.79;
10/09/2021;GMAES;PVB;ES;01/10/2021;31/10/2021;59.38;
10/09/2021;GQES_Q+1;PVB;ES;01/10/2021;31/12/2021;51.45;
10/09/2021;GYES_Y+1;PVB;ES;01/01/2022;31/12/2022;34.41;
09/09/2021;GDAES_D+1;PVB;ES;10/09/2021;10/09/2021;59.32;
09/09/2021;GMAES;PVB;ES;01/10/2021;31/10/2021;58.75;
09/09/2021;GQES_Q+1;PVB;ES;01/10/2021;31/12/2021;51.45;
09/09/2021;GYES_Y+1;PVB;ES;01/01/2022;31/12/2022;34.41;
08/09/2021;GDAES_D+1;PVB;ES;09/09/2021;09/09/2021;57.98;
08/09/2021;GMAES;PVB;ES;01/10/2021;31/10/2021;56.9;
08/09/2021;GQES_Q+1;PVB;ES;01/10/2021;31/12/2021;51.45;
08/09/2021;GYES_Y+1;PVB;ES;01/01/2022;31/12/2022;34.41;
07/09/2021;GDAES_D+1;PVB;ES;08/09/2021;08/09/2021;54.82;
07/09/2021;GMAES;PVB;ES;01/10/2021;31/10/2021;54.9;
07/09/2021;GQES_Q+1;PVB;ES;01/10/2021;31/12/2021;51.45;
07/09/2021;GYES_Y+1;PVB;ES;01/01/2022;31/12/2022;34.41;
06/09/2021;GDAES_D+1;PVB;ES;07/09/2021;07/09/2021;53.77;
06/09/2021;GMAES;PVB;ES;01/10/2021;31/10/2021;54.3;
06/09/2021;GQES_Q+1;PVB;ES;01/10/2021;31/12/2021;51.45;
06/09/2021;GYES_Y+1;PVB;ES;01/01/2022;31/12/2022;34.41;
05/09/2021;GDAES_D+1;PVB;ES;06/09/2021;06/09/2021;53.1;
04/09/2021;GDAES_D+1;PVB;ES;05/09/2021;05/09/2021;51.11;
03/09/2021;GDAES_D+1;PVB;ES;04/09/2021;04/09/2021;52.11;
03/09/2021;GMAES;PVB;ES;01/10/2021;31/10/2021;53.85;
03/09/2021;GQES_Q+1;PVB;ES;01/10/2021;31/12/2021;51.45;
03/09/2021;GYES_Y+1;PVB;ES;01/01/2022;31/12/2022;34.41;
02/09/2021;GDAES_D+1;PVB;ES;03/09/2021;03/09/2021;53.18;
02/09/2021;GMAES;PVB;ES;01/10/2021;31/10/2021;53.15;
02/09/2021;GQES_Q+1;PVB;ES;01/10/2021;31/12/2021;51.45;
02/09/2021;GYES_Y+1;PVB;ES;01/01/2022;31/12/2022;34.41;
01/09/2021;GDAES_D+1;PVB;ES;02/09/2021;02/09/2021;52.33;
01/09/2021;GMAES;PVB;ES;01/10/2021;31/10/2021;52.25;
01/09/2021;GQES_Q+1;PVB;ES;01/10/2021;31/12/2021;51.45;
01/09/2021;GYES_Y+1;PVB;ES;01/01/2022;31/12/2022;34.25;
31/08/2021;GDAES_D+1;PVB;ES;01/09/2021;01/09/2021;51.98;
31/08/2021;GMAES;PVB;ES;01/09/2021;30/09/2021;50.85;
31/08/2021;GQES_Q+1;PVB;ES;01/10/2021;31/12/2021;52.35;
31/08/2021;GYES_Y+1;PVB;ES;01/01/2022;31/12/2022;34.73;
30/08/2021;GDAES_D+1;PVB;ES;31/08/2021;31/08/2021;51.17;
30/08/2021;GMAES;PVB;ES;01/09/2021;30/09/2021;49.95;
30/08/2021;GQES_Q+1;PVB;ES;01/10/2021;31/12/2021;47.45;
30/08/2021;GYES_Y+1;PVB;ES;01/01/2022;31/12/2022;32.95;
29/08/2021;GDAES_D+1;PVB;ES;30/08/2021;30/08/2021;50.2;
28/08/2021;GDAES_D+1;PVB;ES;29/08/2021;29/08/2021;46.13;
27/08/2021;GDAES_D+1;PVB;ES;28/08/2021;28/08/2021;46.0;
27/08/2021;GMAES;PVB;ES;01/09/2021;30/09/2021;48.1;
27/08/2021;GQES_Q+1;PVB;ES;01/10/2021;31/12/2021;47.45;
27/08/2021;GYES_Y+1;PVB;ES;01/01/2022;31/12/2022;32.95;
26/08/2021;GDAES_D+1;PVB;ES;27/08/2021;27/08/2021;47.19;
26/08/2021;GMAES;PVB;ES;01/09/2021;30/09/2021;46.7;
26/08/2021;GQES_Q+1;PVB;ES;01/10/2021;31/12/2021;47.45;
26/08/2021;GYES_Y+1;PVB;ES;01/01/2022;31/12/2022;32.95;
25/08/2021;GDAES_D+1;PVB;ES;26/08/2021;26/08/2021;47.18;
25/08/2021;GMAES;PVB;ES;01/09/2021;30/09/2021;45.78;
25/08/2021;GQES_Q+1;PVB;ES;01/10/2021;31/12/2021;47.3;
25/08/2021;GYES_Y+1;PVB;ES;01/01/2022;31/12/2022;32.83;
24/08/2021;GDAES_D+1;PVB;ES;25/08/2021;25/08/2021;44.78;
24/08/2021;GMAES;PVB;ES;01/09/2021;30/09/2021;46.48;
24/08/2021;GQES_Q+1;PVB;ES;01/10/2021;31/12/2021;47.0;
24/08/2021;GYES_Y+1;PVB;ES;01/01/2022;31/12/2022;32.93;
23/08/2021;GDAES_D+1;PVB;ES;24/08/2021;24/08/2021;42.0;
23/08/2021;GMAES;PVB;ES;01/09/2021;30/09/2021;42.88;
23/08/2021;GQES_Q+1;PVB;ES;01/10/2021;31/12/2021;48.2;
23/08/2021;GYES_Y+1;PVB;ES;01/01/2022;31/12/2022;31.59;
22/08/2021;GDAES_D+1;PVB;ES;23/08/2021;23/08/2021;41.88;
21/08/2021;GDAES_D+1;PVB;ES;22/08/2021;22/08/2021;41.37;
20/08/2021;GDAES_D+1;PVB;ES;21/08/2021;21/08/2021;42.47;
20/08/2021;GMAES;PVB;ES;01/09/2021;30/09/2021;42.45;
20/08/2021;GQES_Q+1;PVB;ES;01/10/2021;31/12/2021;48.2;
20/08/2021;GYES_Y+1;PVB;ES;01/01/2022;31/12/2022;34.03;
19/08/2021;GDAES_D+1;PVB;ES;20/08/2021;20/08/2021;42.09;
19/08/2021;GMAES;PVB;ES;01/09/2021;30/09/2021;42.1;
19/08/2021;GQES_Q+1;PVB;ES;01/10/2021;31/12/2021;48.2;
19/08/2021;GYES_Y+1;PVB;ES;01/01/2022;31/12/2022;34.03;
18/08/2021;GDAES_D+1;PVB;ES;19/08/2021;19/08/2021;44.75;
18/08/2021;GMAES;PVB;ES;01/09/2021;30/09/2021;46.6;
18/08/2021;GQES_Q+1;PVB;ES;01/10/2021;31/12/2021;48.2;
18/08/2021;GYES_Y+1;PVB;ES;01/01/2022;31/12/2022;34.03;
17/08/2021;GDAES_D+1;PVB;ES;18/08/2021;18/08/2021;47.08;
17/08/2021;GMAES;PVB;ES;01/09/2021;30/09/2021;47.56;
17/08/2021;GQES_Q+1;PVB;ES;01/10/2021;31/12/2021;48.2;
17/08/2021;GYES_Y+1;PVB;ES;01/01/2022;31/12/2022;34.03;
16/08/2021;GDAES_D+1;PVB;ES;17/08/2021;17/08/2021;47.63;
16/08/2021;GMAES;PVB;ES;01/09/2021;30/09/2021;48.58;
16/08/2021;GQES_Q+1;PVB;ES;01/10/2021;31/12/2021;49.45;
16/08/2021;GYES_Y+1;PVB;ES;01/01/2022;31/12/2022;33.2;
15/08/2021;GDAES_D+1;PVB;ES;16/08/2021;16/08/2021;45.45;
14/08/2021;GDAES_D+1;PVB;ES;15/08/2021;15/08/2021;47.84;
13/08/2021;GDAES_D+1;PVB;ES;14/08/2021;14/08/2021;45.03;
13/08/2021;GMAES;PVB;ES;01/09/2021;30/09/2021;45.65;
13/08/2021;GQES_Q+1;PVB;ES;01/10/2021;31/12/2021;46.4;
13/08/2021;GYES_Y+1;PVB;ES;01/01/2022;31/12/2022;33.2;
12/08/2021;GDAES_D+1;PVB;ES;13/08/2021;13/08/2021;46.08;
12/08/2021;GMAES;PVB;ES;01/09/2021;30/09/2021;46.65;
12/08/2021;GQES_Q+1;PVB;ES;01/10/2021;31/12/2021;47.4;
12/08/2021;GYES_Y+1;PVB;ES;01/01/2022;31/12/2022;33.2;
11/08/2021;GDAES_D+1;PVB;ES;12/08/2021;12/08/2021;46.37;
11/08/2021;GMAES;PVB;ES;01/09/2021;30/09/2021;46.99;
11/08/2021;GQES_Q+1;PVB;ES;01/10/2021;31/12/2021;47.95;
11/08/2021;GYES_Y+1;PVB;ES;01/01/2022;31/12/2022;33.18;
10/08/2021;GDAES_D+1;PVB;ES;11/08/2021;11/08/2021;44.54;
10/08/2021;GMAES;PVB;ES;01/09/2021;30/09/2021;45.25;
10/08/2021;GQES_Q+1;PVB;ES;01/10/2021;31/12/2021;45.93;
10/08/2021;GYES_Y+1;PVB;ES;01/01/2022;31/12/2022;32.03;
09/08/2021;GDAES_D+1;PVB;ES;10/08/2021;10/08/2021;42.79;
09/08/2021;GMAES;PVB;ES;01/09/2021;30/09/2021;44.08;
09/08/2021;GQES_Q+1;PVB;ES;01/10/2021;31/12/2021;44.75;
09/08/2021;GYES_Y+1;PVB;ES;01/01/2022;31/12/2022;31.13;
08/08/2021;GDAES_D+1;PVB;ES;09/08/2021;09/08/2021;43.3;
07/08/2021;GDAES_D+1;PVB;ES;08/08/2021;08/08/2021;43.75;
06/08/2021;GDAES_D+1;PVB;ES;07/08/2021;07/08/2021;42.17;
06/08/2021;GMAES;PVB;ES;01/09/2021;30/09/2021;44.0;
06/08/2021;GQES_Q+1;PVB;ES;01/10/2021;31/12/2021;44.3;
06/08/2021;GYES_Y+1;PVB;ES;01/01/2022;31/12/2022;30.48;
05/08/2021;GDAES_D+1;PVB;ES;06/08/2021;06/08/2021;42.31;
05/08/2021;GMAES;PVB;ES;01/09/2021;30/09/2021;43.32;
05/08/2021;GQES_Q+1;PVB;ES;01/10/2021;31/12/2021;44.3;
05/08/2021;GYES_Y+1;PVB;ES;01/01/2022;31/12/2022;30.48;
04/08/2021;GDAES_D+1;PVB;ES;05/08/2021;05/08/2021;41.76;
04/08/2021;GMAES;PVB;ES;01/09/2021;30/09/2021;43.13;
04/08/2021;GQES_Q+1;PVB;ES;01/10/2021;31/12/2021;43.3;
04/08/2021;GYES_Y+1;PVB;ES;01/01/2022;31/12/2022;29.38;
03/08/2021;GDAES_D+1;PVB;ES;04/08/2021;04/08/2021;41.77;
03/08/2021;GMAES;PVB;ES;01/09/2021;30/09/2021;42.5;
03/08/2021;GQES_Q+1;PVB;ES;01/10/2021;31/12/2021;42.7;
03/08/2021;GYES_Y+1;PVB;ES;01/01/2022;31/12/2022;28.58;
02/08/2021;GDAES_D+1;PVB;ES;03/08/2021;03/08/2021;41.77;
02/08/2021;GMAES;PVB;ES;01/09/2021;30/09/2021;43.13;
02/08/2021;GQES_Q+1;PVB;ES;01/10/2021;31/12/2021;43.1;
02/08/2021;GYES_Y+1;PVB;ES;01/01/2022;31/12/2022;28.63;
01/08/2021;GDAES_D+1;PVB;ES;02/08/2021;02/08/2021;41.27;
31/07/2021;GDAES_D+1;PVB;ES;01/08/2021;01/08/2021;39.4;
30/07/2021;GDAES_D+1;PVB;ES;31/07/2021;31/07/2021;39.62;
30/07/2021;GMAES;PVB;ES;01/08/2021;31/08/2021;40.98;
30/07/2021;GQES_Q+1;PVB;ES;01/10/2021;31/12/2021;42.05;
30/07/2021;GYES_Y+1;PVB;ES;01/01/2022;31/12/2022;28.38;
29/07/2021;GDAES_D+1;PVB;ES;30/07/2021;30/07/2021;40.4;
29/07/2021;GMAES;PVB;ES;01/08/2021;31/08/2021;42.0;
29/07/2021;GQES_Q+1;PVB;ES;01/10/2021;31/12/2021;42.4;
29/07/2021;GYES_Y+1;PVB;ES;01/01/2022;31/12/2022;28.28;
28/07/2021;GDAES_D+1;PVB;ES;29/07/2021;29/07/2021;39.12;
28/07/2021;GMAES;PVB;ES;01/08/2021;31/08/2021;40.0;
28/07/2021;GQES_Q+1;PVB;ES;01/10/2021;31/12/2021;40.15;
28/07/2021;GYES_Y+1;PVB;ES;01/01/2022;31/12/2022;26.83;
27/07/2021;GDAES_D+1;PVB;ES;28/07/2021;28/07/2021;37.84;
27/07/2021;GMAES;PVB;ES;01/08/2021;31/08/2021;37.98;
27/07/2021;GQES_Q+1;PVB;ES;01/10/2021;31/12/2021;38.45;
27/07/2021;GYES_Y+1;PVB;ES;01/01/2022;31/12/2022;26.83;
26/07/2021;GDAES_D+1;PVB;ES;27/07/2021;27/07/2021;37.96;
26/07/2021;GMAES;PVB;ES;01/08/2021;31/08/2021;37.35;
26/07/2021;GQES_Q+1;PVB;ES;01/10/2021;31/12/2021;38.45;
26/07/2021;GYES_Y+1;PVB;ES;01/01/2022;31/12/2022;26.83;
25/07/2021;GDAES_D+1;PVB;ES;26/07/2021;26/07/2021;38.85;
24/07/2021;GDAES_D+1;PVB;ES;25/07/2021;25/07/2021;35.92;
23/07/2021;GDAES_D+1;PVB;ES;24/07/2021;24/07/2021;34.87;
23/07/2021;GMAES;PVB;ES;01/08/2021;31/08/2021;35.8;
23/07/2021;GQES_Q+1;PVB;ES;01/10/2021;31/12/2021;36.9;
23/07/2021;GYES_Y+1;PVB;ES;01/01/2022;31/12/2022;26.28;
22/07/2021;GDAES_D+1;PVB;ES;23/07/2021;23/07/2021;36.88;
22/07/2021;GMAES;PVB;ES;01/08/2021;31/08/2021;36.43;
22/07/2021;GQES_Q+1;PVB;ES;01/10/2021;31/12/2021;37.25;
22/07/2021;GYES_Y+1;PVB;ES;01/01/2022;31/12/2022;26.13;
21/07/2021;GDAES_D+1;PVB;ES;22/07/2021;22/07/2021;37.28;
21/07/2021;GMAES;PVB;ES;01/08/2021;31/08/2021;36.3;
21/07/2021;GQES_Q+1;PVB;ES;01/10/2021;31/12/2021;37.3;
21/07/2021;GYES_Y+1;PVB;ES;01/01/2022;31/12/2022;26.28;
20/07/2021;GDAES_D+1;PVB;ES;21/07/2021;21/07/2021;37.48;
20/07/2021;GMAES;PVB;ES;01/08/2021;31/08/2021;35.52;
20/07/2021;GQES_Q+1;PVB;ES;01/10/2021;31/12/2021;36.85;
20/07/2021;GYES_Y+1;PVB;ES;01/01/2022;31/12/2022;25.93;
19/07/2021;GDAES_D+1;PVB;ES;20/07/2021;20/07/2021;37.57;
19/07/2021;GMAES;PVB;ES;01/08/2021;31/08/2021;36.31;
19/07/2021;GQES_Q+1;PVB;ES;01/10/2021;31/12/2021;37.35;
19/07/2021;GYES_Y+1;PVB;ES;01/01/2022;31/12/2022;26.28;
18/07/2021;GDAES_D+1;PVB;ES;19/07/2021;19/07/2021;36.23;
17/07/2021;GDAES_D+1;PVB;ES;18/07/2021;18/07/2021;35.2;
16/07/2021;GDAES_D+1;PVB;ES;17/07/2021;17/07/2021;34.25;
16/07/2021;GMAES;PVB;ES;01/08/2021;31/08/2021;35.36;
16/07/2021;GQES_Q+1;PVB;ES;01/10/2021;31/12/2021;35.15;
16/07/2021;GYES_Y+1;PVB;ES;01/01/2022;31/12/2022;25.78;
15/07/2021;GDAES_D+1;PVB;ES;16/07/2021;16/07/2021;33.8;
15/07/2021;GMAES;PVB;ES;01/08/2021;31/08/2021;34.41;
15/07/2021;GQES_Q+1;PVB;ES;01/10/2021;31/12/2021;35.15;
15/07/2021;GYES_Y+1;PVB;ES;01/01/2022;31/12/2022;25.78;
14/07/2021;GDAES_D+1;PVB;ES;15/07/2021;15/07/2021;33.8;
14/07/2021;GMAES;PVB;ES;01/08/2021;31/08/2021;34.5;
14/07/2021;GQES_Q+1;PVB;ES;01/10/2021;31/12/2021;35.55;
14/07/2021;GYES_Y+1;PVB;ES;01/01/2022;31/12/2022;26.23;
13/07/2021;GDAES_D+1;PVB;ES;14/07/2021;14/07/2021;35.09;
13/07/2021;GMAES;PVB;ES;01/08/2021;31/08/2021;35.78;
13/07/2021;GQES_Q+1;PVB;ES;01/10/2021;31/12/2021;36.8;
13/07/2021;GYES_Y+1;PVB;ES;01/01/2022;31/12/2022;26.63;
12/07/2021;GDAES_D+1;PVB;ES;13/07/2021;13/07/2021;34.95;
12/07/2021;GMAES;PVB;ES;01/08/2021;31/08/2021;35.3;
12/07/2021;GQES_Q+1;PVB;ES;01/10/2021;31/12/2021;36.15;
12/07/2021;GYES_Y+1;PVB;ES;01/01/2022;31/12/2022;26.43;
11/07/2021;GDAES_D+1;PVB;ES;12/07/2021;12/07/2021;37.0;
10/07/2021;GDAES_D+1;PVB;ES;11/07/2021;11/07/2021;36.53;
09/07/2021;GDAES_D+1;PVB;ES;10/07/2021;10/07/2021;35.63;
09/07/2021;GMAES;PVB;ES;01/08/2021;31/08/2021;37.7;
09/07/2021;GQES_Q+1;PVB;ES;01/10/2021;31/12/2021;37.9;
09/07/2021;GYES_Y+1;PVB;ES;01/01/2022;31/12/2022;27.35;
08/07/2021;GDAES_D+1;PVB;ES;09/07/2021;09/07/2021;34.8;
08/07/2021;GMAES;PVB;ES;01/08/2021;31/08/2021;34.35;
08/07/2021;GQES_Q+1;PVB;ES;01/10/2021;31/12/2021;39.02;
08/07/2021;GYES_Y+1;PVB;ES;01/01/2022;31/12/2022;26.0;
07/07/2021;GDAES_D+1;PVB;ES;08/07/2021;08/07/2021;35.33;
07/07/2021;GMAES;PVB;ES;01/08/2021;31/08/2021;35.55;
07/07/2021;GQES_Q+1;PVB;ES;01/10/2021;31/12/2021;39.02;
07/07/2021;GYES_Y+1;PVB;ES;01/01/2022;31/12/2022;26.6;
06/07/2021;GDAES_D+1;PVB;ES;07/07/2021;07/07/2021;35.65;
06/07/2021;GMAES;PVB;ES;01/08/2021;31/08/2021;34.5;
06/07/2021;GQES_Q+1;PVB;ES;01/10/2021;31/12/2021;39.02;
06/07/2021;GYES_Y+1;PVB;ES;01/01/2022;31/12/2022;27.43;
05/07/2021;GDAES_D+1;PVB;ES;06/07/2021;06/07/2021;36.51;
05/07/2021;GMAES;PVB;ES;01/08/2021;31/08/2021;38.73;
05/07/2021;GQES_Q+1;PVB;ES;01/10/2021;31/12/2021;39.02;
05/07/2021;GYES_Y+1;PVB;ES;01/01/2022;31/12/2022;27.43;
04/07/2021;GDAES_D+1;PVB;ES;05/07/2021;05/07/2021;37.04;
03/07/2021;GDAES_D+1;PVB;ES;04/07/2021;04/07/2021;34.0;
02/07/2021;GDAES_D+1;PVB;ES;03/07/2021;03/07/2021;35.74;
02/07/2021;GMAES;PVB;ES;01/08/2021;31/08/2021;36.88;
02/07/2021;GQES_Q+1;PVB;ES;01/10/2021;31/12/2021;36.9;
02/07/2021;GYES_Y+1;PVB;ES;01/01/2022;31/12/2022;26.73;
01/07/2021;GDAES_D+1;PVB;ES;02/07/2021;02/07/2021;38.58;
01/07/2021;GMAES;PVB;ES;01/08/2021;31/08/2021;36.8;
01/07/2021;GQES_Q+1;PVB;ES;01/10/2021;31/12/2021;37.25;
01/07/2021;GYES_Y+1;PVB;ES;01/01/2022;31/12/2022;27.1;
30/06/2021;GDAES_D+1;PVB;ES;01/07/2021;01/07/2021;35.0;
30/06/2021;GMAES;PVB;ES;01/07/2021;31/07/2021;35.4;
30/06/2021;GYES_Y+1;PVB;ES;01/01/2022;31/12/2022;26.23;
29/06/2021;GDAES_D+1;PVB;ES;30/06/2021;30/06/2021;33.33;
29/06/2021;GMAES;PVB;ES;01/07/2021;31/07/2021;33.99;
29/06/2021;GQES_Q+1;PVB;ES;01/07/2021;30/09/2021;34.0;
29/06/2021;GYES_Y+1;PVB;ES;01/01/2022;31/12/2022;25.8;
28/06/2021;GDAES_D+1;PVB;ES;29/06/2021;29/06/2021;32.05;
28/06/2021;GMAES;PVB;ES;01/07/2021;31/07/2021;33.15;
28/06/2021;GQES_Q+1;PVB;ES;01/07/2021;30/09/2021;32.85;
28/06/2021;GYES_Y+1;PVB;ES;01/01/2022;31/12/2022;25.08;
27/06/2021;GDAES_D+1;PVB;ES;28/06/2021;28/06/2021;31.85;
26/06/2021;GDAES_D+1;PVB;ES;27/06/2021;27/06/2021;31.92;
25/06/2021;GDAES_D+1;PVB;ES;26/06/2021;26/06/2021;31.1;
25/06/2021;GMAES;PVB;ES;01/07/2021;31/07/2021;32.68;
25/06/2021;GQES_Q+1;PVB;ES;01/07/2021;30/09/2021;32.7;
25/06/2021;GYES_Y+1;PVB;ES;01/01/2022;31/12/2022;25.18;
24/06/2021;GDAES_D+1;PVB;ES;25/06/2021;25/06/2021;31.26;
24/06/2021;GMAES;PVB;ES;01/07/2021;31/07/2021;32.55;
24/06/2021;GQES_Q+1;PVB;ES;01/07/2021;30/09/2021;32.5;
24/06/2021;GYES_Y+1;PVB;ES;01/01/2022;31/12/2022;24.9;
23/06/2021;GDAES_D+1;PVB;ES;24/06/2021;24/06/2021;31.36;
23/06/2021;GMAES;PVB;ES;01/07/2021;31/07/2021;32.13;
23/06/2021;GQES_Q+1;PVB;ES;01/07/2021;30/09/2021;32.1;
23/06/2021;GYES_Y+1;PVB;ES;01/01/2022;31/12/2022;24.63;
22/06/2021;GDAES_D+1;PVB;ES;23/06/2021;23/06/2021;30.41;
22/06/2021;GMAES;PVB;ES;01/07/2021;31/07/2021;31.22;
22/06/2021;GQES_Q+1;PVB;ES;01/07/2021;30/09/2021;31.2;
22/06/2021;GYES_Y+1;PVB;ES;01/01/2022;31/12/2022;24.05;
21/06/2021;GDAES_D+1;PVB;ES;22/06/2021;22/06/2021;29.41;
21/06/2021;GMAES;PVB;ES;01/07/2021;31/07/2021;30.3;
21/06/2021;GQES_Q+1;PVB;ES;01/07/2021;30/09/2021;30.35;
21/06/2021;GYES_Y+1;PVB;ES;01/01/2022;31/12/2022;23.53;
20/06/2021;GDAES_D+1;PVB;ES;21/06/2021;21/06/2021;29.81;
19/06/2021;GDAES_D+1;PVB;ES;20/06/2021;20/06/2021;27.94;
18/06/2021;GDAES_D+1;PVB;ES;19/06/2021;19/06/2021;28.52;
18/06/2021;GMAES;PVB;ES;01/07/2021;31/07/2021;30.15;
18/06/2021;GQES_Q+1;PVB;ES;01/07/2021;30/09/2021;30.25;
18/06/2021;GYES_Y+1;PVB;ES;01/01/2022;31/12/2022;23.53;
17/06/2021;GDAES_D+1;PVB;ES;18/06/2021;18/06/2021;28.98;
17/06/2021;GMAES;PVB;ES;01/07/2021;31/07/2021;29.53;
17/06/2021;GQES_Q+1;PVB;ES;01/07/2021;30/09/2021;29.5;
17/06/2021;GYES_Y+1;PVB;ES;01/01/2022;31/12/2022;22.93;
16/06/2021;GDAES_D+1;PVB;ES;17/06/2021;17/06/2021;29.11;
16/06/2021;GMAES;PVB;ES;01/07/2021;31/07/2021;28.95;
16/06/2021;GQES_Q+1;PVB;ES;01/07/2021;30/09/2021;29.2;
16/06/2021;GYES_Y+1;PVB;ES;01/01/2022;31/12/2022;22.68;
15/06/2021;GDAES_D+1;PVB;ES;16/06/2021;16/06/2021;28.8;
15/06/2021;GMAES;PVB;ES;01/07/2021;31/07/2021;28.95;
15/06/2021;GQES_Q+1;PVB;ES;01/07/2021;30/09/2021;29.0;
15/06/2021;GYES_Y+1;PVB;ES;01/01/2022;31/12/2022;22.73;
14/06/2021;GDAES_D+1;PVB;ES;15/06/2021;15/06/2021;29.16;
14/06/2021;GMAES;PVB;ES;01/07/2021;31/07/2021;29.5;
14/06/2021;GQES_Q+1;PVB;ES;01/07/2021;30/09/2021;29.6;
14/06/2021;GYES_Y+1;PVB;ES;01/01/2022;31/12/2022;23.13;
13/06/2021;GDAES_D+1;PVB;ES;14/06/2021;14/06/2021;28.75;
12/06/2021;GDAES_D+1;PVB;ES;13/06/2021;13/06/2021;27.0;
11/06/2021;GDAES_D+1;PVB;ES;12/06/2021;12/06/2021;26.99;
11/06/2021;GMAES;PVB;ES;01/07/2021;31/07/2021;28.85;
11/06/2021;GQES_Q+1;PVB;ES;01/07/2021;30/09/2021;29.34;
11/06/2021;GYES_Y+1;PVB;ES;01/01/2022;31/12/2022;22.98;
10/06/2021;GDAES_D+1;PVB;ES;11/06/2021;11/06/2021;27.9;
10/06/2021;GMAES;PVB;ES;01/07/2021;31/07/2021;28.48;
10/06/2021;GQES_Q+1;PVB;ES;01/07/2021;30/09/2021;29.34;
10/06/2021;GYES_Y+1;PVB;ES;01/01/2022;31/12/2022;22.98;
09/06/2021;GDAES_D+1;PVB;ES;10/06/2021;10/06/2021;28.01;
09/06/2021;GMAES;PVB;ES;01/07/2021;31/07/2021;29.05;
09/06/2021;GQES_Q+1;PVB;ES;01/07/2021;30/09/2021;28.98;
09/06/2021;GYES_Y+1;PVB;ES;01/01/2022;31/12/2022;22.88;
08/06/2021;GDAES_D+1;PVB;ES;09/06/2021;09/06/2021;27.64;
08/06/2021;GMAES;PVB;ES;01/07/2021;31/07/2021;28.5;
08/06/2021;GQES_Q+1;PVB;ES;01/07/2021;30/09/2021;28.55;
08/06/2021;GYES_Y+1;PVB;ES;01/01/2022;31/12/2022;22.53;
07/06/2021;GDAES_D+1;PVB;ES;08/06/2021;08/06/2021;26.42;
07/06/2021;GMAES;PVB;ES;01/07/2021;31/07/2021;27.42;
07/06/2021;GQES_Q+1;PVB;ES;01/07/2021;30/09/2021;27.45;
07/06/2021;GYES_Y+1;PVB;ES;01/01/2022;31/12/2022;22.18;
06/06/2021;GDAES_D+1;PVB;ES;07/06/2021;07/06/2021;26.35;
05/06/2021;GDAES_D+1;PVB;ES;06/06/2021;06/06/2021;25.57;
04/06/2021;GDAES_D+1;PVB;ES;05/06/2021;05/06/2021;25.4;
04/06/2021;GMAES;PVB;ES;01/07/2021;31/07/2021;26.63;
04/06/2021;GQES_Q+1;PVB;ES;01/07/2021;30/09/2021;26.53;
04/06/2021;GYES_Y+1;PVB;ES;01/01/2022;31/12/2022;21.73;
03/06/2021;GDAES_D+1;PVB;ES;04/06/2021;04/06/2021;24.93;
03/06/2021;GMAES;PVB;ES;01/07/2021;31/07/2021;26.53;
03/06/2021;GQES_Q+1;PVB;ES;01/07/2021;30/09/2021;26.53;
03/06/2021;GYES_Y+1;PVB;ES;01/01/2022;31/12/2022;21.63;
02/06/2021;GDAES_D+1;PVB;ES;03/06/2021;03/06/2021;25.63;
02/06/2021;GMAES;PVB;ES;01/07/2021;31/07/2021;26.4;
02/06/2021;GQES_Q+1;PVB;ES;01/07/2021;30/09/2021;26.28;
02/06/2021;GYES_Y+1;PVB;ES;01/01/2022;31/12/2022;21.53;
01/06/2021;GDAES_D+1;PVB;ES;02/06/2021;02/06/2021;26.3;
01/06/2021;GMAES;PVB;ES;01/07/2021;31/07/2021;26.73;
01/06/2021;GQES_Q+1;PVB;ES;01/07/2021;30/09/2021;26.5;
01/06/2021;GYES_Y+1;PVB;ES;01/01/2022;31/12/2022;21.98;
31/05/2021;GDAES_D+1;PVB;ES;01/06/2021;01/06/2021;26.08;
31/05/2021;GMAES;PVB;ES;01/06/2021;30/06/2021;25.85;
31/05/2021;GQES_Q+1;PVB;ES;01/07/2021;30/09/2021;25.55;
31/05/2021;GYES_Y+1;PVB;ES;01/01/2022;31/12/2022;21.68;
30/05/2021;GDAES_D+1;PVB;ES;31/05/2021;31/05/2021;27.1;
29/05/2021;GDAES_D+1;PVB;ES;30/05/2021;30/05/2021;24.37;
28/05/2021;GDAES_D+1;PVB;ES;29/05/2021;29/05/2021;24.83;
28/05/2021;GMAES;PVB;ES;01/06/2021;30/06/2021;25.45;
28/05/2021;GQES_Q+1;PVB;ES;01/07/2021;30/09/2021;25.55;
28/05/2021;GYES_Y+1;PVB;ES;01/01/2022;31/12/2022;21.68;
27/05/2021;GDAES_D+1;PVB;ES;28/05/2021;28/05/2021;26.69;
27/05/2021;GMAES;PVB;ES;01/06/2021;30/06/2021;25.35;
27/05/2021;GQES_Q+1;PVB;ES;01/07/2021;30/09/2021;25.55;
27/05/2021;GYES_Y+1;PVB;ES;01/01/2022;31/12/2022;21.68;
26/05/2021;GDAES_D+1;PVB;ES;27/05/2021;27/05/2021;26.3;
26/05/2021;GMAES;PVB;ES;01/06/2021;30/06/2021;26.0;
26/05/2021;GQES_Q+1;PVB;ES;01/07/2021;30/09/2021;26.65;
26/05/2021;GYES_Y+1;PVB;ES;01/01/2022;31/12/2022;22.33;
25/05/2021;GDAES_D+1;PVB;ES;26/05/2021;26/05/2021;25.71;
25/05/2021;GMAES;PVB;ES;01/06/2021;30/06/2021;26.24;
25/05/2021;GQES_Q+1;PVB;ES;01/07/2021;30/09/2021;25.94;
25/05/2021;GYES_Y+1;PVB;ES;01/01/2022;31/12/2022;22.28;
24/05/2021;GDAES_D+1;PVB;ES;25/05/2021;25/05/2021;24.0;
24/05/2021;GMAES;PVB;ES;01/06/2021;30/06/2021;24.45;
24/05/2021;GQES_Q+1;PVB;ES;01/07/2021;30/09/2021;24.85;
24/05/2021;GYES_Y+1;PVB;ES;01/01/2022;31/12/2022;21.53;
23/05/2021;GDAES_D+1;PVB;ES;24/05/2021;24/05/2021;24.4;
22/05/2021;GDAES_D+1;PVB;ES;23/05/2021;23/05/2021;24.96;
21/05/2021;GDAES_D+1;PVB;ES;22/05/2021;22/05/2021;24.6;
21/05/2021;GMAES;PVB;ES;01/06/2021;30/06/2021;24.65;
21/05/2021;GQES_Q+1;PVB;ES;01/07/2021;30/09/2021;25.05;
21/05/2021;GYES_Y+1;PVB;ES;01/01/2022;31/12/2022;21.98;
20/05/2021;GDAES_D+1;PVB;ES;21/05/2021;21/05/2021;23.49;
20/05/2021;GMAES;PVB;ES;01/06/2021;30/06/2021;24.43;
20/05/2021;GQES_Q+1;PVB;ES;01/07/2021;30/09/2021;25.05;
20/05/2021;GYES_Y+1;PVB;ES;01/01/2022;31/12/2022;21.98;
19/05/2021;GDAES_D+1;PVB;ES;20/05/2021;20/05/2021;22.81;
19/05/2021;GMAES;PVB;ES;01/06/2021;30/06/2021;22.81;
19/05/2021;GQES_Q+1;PVB;ES;01/07/2021;30/09/2021;23.25;
19/05/2021;GYES_Y+1;PVB;ES;01/01/2022;31/12/2022;21.98;
18/05/2021;GDAES_D+1;PVB;ES;19/05/2021;19/05/2021;24.73;
18/05/2021;GMAES;PVB;ES;01/06/2021;30/06/2021;24.98;
18/05/2021;GQES_Q+1;PVB;ES;01/07/2021;30/09/2021;25.4;
18/05/2021;GYES_Y+1;PVB;ES;01/01/2022;31/12/2022;21.98;
17/05/2021;GDAES_D+1;PVB;ES;18/05/2021;18/05/2021;25.69;
17/05/2021;GMAES;PVB;ES;01/06/2021;30/06/2021;26.2;
17/05/2021;GQES_Q+1;PVB;ES;01/07/2021;30/09/2021;26.75;
17/05/2021;GYES_Y+1;PVB;ES;01/01/2022;31/12/2022;22.88;
16/05/2021;GDAES_D+1;PVB;ES;17/05/2021;17/05/2021;26.51;
15/05/2021;GDAES_D+1;PVB;ES;16/05/2021;16/05/2021;24.96;
14/05/2021;GDAES_D+1;PVB;ES;15/05/2021;15/05/2021;25.33;
14/05/2021;GMAES;PVB;ES;01/06/2021;30/06/2021;26.75;
14/05/2021;GQES_Q+1;PVB;ES;01/07/2021;30/09/2021;26.75;
14/05/2021;GYES_Y+1;PVB;ES;01/01/2022;31/12/2022;22.93;
13/05/2021;GDAES_D+1;PVB;ES;14/05/2021;14/05/2021;24.53;
13/05/2021;GMAES;PVB;ES;01/06/2021;30/06/2021;26.53;
13/05/2021;GQES_Q+1;PVB;ES;01/07/2021;30/09/2021;26.75;
13/05/2021;GYES_Y+1;PVB;ES;01/01/2022;31/12/2022;22.93;
12/05/2021;GDAES_D+1;PVB;ES;13/05/2021;13/05/2021;25.25;
12/05/2021;GMAES;PVB;ES;01/06/2021;30/06/2021;26.43;
12/05/2021;GQES_Q+1;PVB;ES;01/07/2021;30/09/2021;26.85;
12/05/2021;GYES_Y+1;PVB;ES;01/01/2022;31/12/2022;23.28;
11/05/2021;GDAES_D+1;PVB;ES;12/05/2021;12/05/2021;25.33;
11/05/2021;GMAES;PVB;ES;01/06/2021;30/06/2021;26.22;
11/05/2021;GQES_Q+1;PVB;ES;01/07/2021;30/09/2021;26.55;
11/05/2021;GYES_Y+1;PVB;ES;01/01/2022;31/12/2022;22.93;
10/05/2021;GDAES_D+1;PVB;ES;11/05/2021;11/05/2021;24.4;
10/05/2021;GMAES;PVB;ES;01/06/2021;30/06/2021;25.1;
10/05/2021;GQES_Q+1;PVB;ES;01/07/2021;30/09/2021;25.75;
10/05/2021;GYES_Y+1;PVB;ES;01/01/2022;31/12/2022;22.28;
09/05/2021;GDAES_D+1;PVB;ES;10/05/2021;10/05/2021;24.18;
08/05/2021;GDAES_D+1;PVB;ES;09/05/2021;09/05/2021;24.15;
07/05/2021;GDAES_D+1;PVB;ES;08/05/2021;08/05/2021;23.86;
07/05/2021;GMAES;PVB;ES;01/06/2021;30/06/2021;24.58;
07/05/2021;GQES_Q+1;PVB;ES;01/07/2021;30/09/2021;24.8;
07/05/2021;GYES_Y+1;PVB;ES;01/01/2022;31/12/2022;21.68;
06/05/2021;GDAES_D+1;PVB;ES;07/05/2021;07/05/2021;24.75;
06/05/2021;GMAES;PVB;ES;01/06/2021;30/06/2021;24.9;
06/05/2021;GQES_Q+1;PVB;ES;01/07/2021;30/09/2021;25.15;
06/05/2021;GYES_Y+1;PVB;ES;01/01/2022;31/12/2022;21.63;
05/05/2021;GDAES_D+1;PVB;ES;06/05/2021;06/05/2021;24.34;
05/05/2021;GMAES;PVB;ES;01/06/2021;30/06/2021;24.6;
05/05/2021;GQES_Q+1;PVB;ES;01/07/2021;30/09/2021;24.75;
05/05/2021;GYES_Y+1;PVB;ES;01/01/2022;31/12/2022;21.38;
04/05/2021;GDAES_D+1;PVB;ES;05/05/2021;05/05/2021;24.71;
04/05/2021;GMAES;PVB;ES;01/06/2021;30/06/2021;23.95;
04/05/2021;GQES_Q+1;PVB;ES;01/07/2021;30/09/2021;24.5;
04/05/2021;GYES_Y+1;PVB;ES;01/01/2022;31/12/2022;20.33;
03/05/2021;GDAES_D+1;PVB;ES;04/05/2021;04/05/2021;27.04;
03/05/2021;GMAES;PVB;ES;01/06/2021;30/06/2021;;
03/05/2021;GQES_Q+1;PVB;ES;01/07/2021;30/09/2021;23.19;
03/05/2021;GYES_Y+1;PVB;ES;01/01/2022;31/12/2022;20.33;
02/05/2021;GDAES_D+1;PVB;ES;03/05/2021;03/05/2021;25.25;
01/05/2021;GDAES_D+1;PVB;ES;02/05/2021;02/05/2021;22.99;
30/04/2021;GDAES_D+1;PVB;ES;01/05/2021;01/05/2021;22.87;
30/04/2021;GMAES;PVB;ES;01/05/2021;31/05/2021;23.05;
30/04/2021;GQES_Q+1;PVB;ES;01/07/2021;30/09/2021;23.19;
30/04/2021;GYES_Y+1;PVB;ES;01/01/2022;31/12/2022;20.33;
29/04/2021;GDAES_D+1;PVB;ES;30/04/2021;30/04/2021;23.42;
29/04/2021;GMAES;PVB;ES;01/05/2021;31/05/2021;22.55;
29/04/2021;GQES_Q+1;PVB;ES;01/07/2021;30/09/2021;23.19;
29/04/2021;GYES_Y+1;PVB;ES;01/01/2022;31/12/2022;20.33;
28/04/2021;GDAES_D+1;PVB;ES;29/04/2021;29/04/2021;22.88;
28/04/2021;GMAES;PVB;ES;01/05/2021;31/05/2021;21.85;
28/04/2021;GQES_Q+1;PVB;ES;01/07/2021;30/09/2021;22.25;
28/04/2021;GYES_Y+1;PVB;ES;01/01/2022;31/12/2022;19.93;
27/04/2021;GDAES_D+1;PVB;ES;28/04/2021;28/04/2021;22.94;
27/04/2021;GMAES;PVB;ES;01/05/2021;31/05/2021;21.9;
27/04/2021;GQES_Q+1;PVB;ES;01/07/2021;30/09/2021;21.45;
27/04/2021;GYES_Y+1;PVB;ES;01/01/2022;31/12/2022;19.5;
26/04/2021;GDAES_D+1;PVB;ES;27/04/2021;27/04/2021;22.0;
26/04/2021;GMAES;PVB;ES;01/05/2021;31/05/2021;20.53;
26/04/2021;GQES_Q+1;PVB;ES;01/07/2021;30/09/2021;20.9;
26/04/2021;GYES_Y+1;PVB;ES;01/01/2022;31/12/2022;19.28;
25/04/2021;GDAES_D+1;PVB;ES;26/04/2021;26/04/2021;22.25;
24/04/2021;GDAES_D+1;PVB;ES;25/04/2021;25/04/2021;20.45;
23/04/2021;GDAES_D+1;PVB;ES;24/04/2021;24/04/2021;20.16;
23/04/2021;GMAES;PVB;ES;01/05/2021;31/05/2021;20.27;
23/04/2021;GQES_Q+1;PVB;ES;01/07/2021;30/09/2021;22.23;
23/04/2021;GYES_Y+1;PVB;ES;01/01/2022;31/12/2022;19.38;
22/04/2021;GDAES_D+1;PVB;ES;23/04/2021;23/04/2021;22.0;
22/04/2021;GMAES;PVB;ES;01/05/2021;31/05/2021;21.65;
22/04/2021;GQES_Q+1;PVB;ES;01/07/2021;30/09/2021;22.23;
22/04/2021;GYES_Y+1;PVB;ES;01/01/2022;31/12/2022;19.88;
21/04/2021;GDAES_D+1;PVB;ES;22/04/2021;22/04/2021;22.75;
21/04/2021;GMAES;PVB;ES;01/05/2021;31/05/2021;21.53;
21/04/2021;GQES_Q+1;PVB;ES;01/07/2021;30/09/2021;22.1;
21/04/2021;GYES_Y+1;PVB;ES;01/01/2022;31/12/2022;19.73;
20/04/2021;GDAES_D+1;PVB;ES;21/04/2021;21/04/2021;22.6;
20/04/2021;GMAES;PVB;ES;01/05/2021;31/05/2021;21.5;
20/04/2021;GQES_Q+1;PVB;ES;01/07/2021;30/09/2021;22.15;
20/04/2021;GYES_Y+1;PVB;ES;01/01/2022;31/12/2022;19.78;
19/04/2021;GDAES_D+1;PVB;ES;20/04/2021;20/04/2021;22.86;
19/04/2021;GMAES;PVB;ES;01/05/2021;31/05/2021;21.15;
19/04/2021;GQES_Q+1;PVB;ES;01/07/2021;30/09/2021;21.8;
19/04/2021;GYES_Y+1;PVB;ES;01/01/2022;31/12/2022;19.68;
18/04/2021;GDAES_D+1;PVB;ES;19/04/2021;19/04/2021;22.8;
17/04/2021;GDAES_D+1;PVB;ES;18/04/2021;18/04/2021;21.7;
16/04/2021;GDAES_D+1;PVB;ES;17/04/2021;17/04/2021;21.17;
16/04/2021;GMAES;PVB;ES;01/05/2021;31/05/2021;20.78;
16/04/2021;GQES_Q+1;PVB;ES;01/07/2021;30/09/2021;21.4;
16/04/2021;GYES_Y+1;PVB;ES;01/01/2022;31/12/2022;19.43;
15/04/2021;GDAES_D+1;PVB;ES;16/04/2021;16/04/2021;21.56;
15/04/2021;GMAES;PVB;ES;01/05/2021;31/05/2021;20.43;
15/04/2021;GQES_Q+1;PVB;ES;01/07/2021;30/09/2021;20.55;
15/04/2021;GYES_Y+1;PVB;ES;01/01/2022;31/12/2022;18.93;
14/04/2021;GDAES_D+1;PVB;ES;15/04/2021;15/04/2021;21.0;
14/04/2021;GMAES;PVB;ES;01/05/2021;31/05/2021;19.93;
14/04/2021;GQES_Q+1;PVB;ES;01/07/2021;30/09/2021;20.55;
14/04/2021;GYES_Y+1;PVB;ES;01/01/2022;31/12/2022;18.93;
13/04/2021;GDAES_D+1;PVB;ES;14/04/2021;14/04/2021;21.0;
13/04/2021;GMAES;PVB;ES;01/05/2021;31/05/2021;19.83;
13/04/2021;GQES_Q+1;PVB;ES;01/07/2021;30/09/2021;20.36;
13/04/2021;GYES_Y+1;PVB;ES;01/01/2022;31/12/2022;18.83;
12/04/2021;GDAES_D+1;PVB;ES;13/04/2021;13/04/2021;21.0;
12/04/2021;GMAES;PVB;ES;01/05/2021;31/05/2021;19.96;
12/04/2021;GQES_Q+1;PVB;ES;01/07/2021;30/09/2021;20.3;
12/04/2021;GYES_Y+1;PVB;ES;01/01/2022;31/12/2022;19.03;
11/04/2021;GDAES_D+1;PVB;ES;12/04/2021;12/04/2021;20.47;
10/04/2021;GDAES_D+1;PVB;ES;11/04/2021;11/04/2021;19.63;
09/04/2021;GDAES_D+1;PVB;ES;10/04/2021;10/04/2021;19.3;
09/04/2021;GMAES;PVB;ES;01/05/2021;31/05/2021;19.08;
09/04/2021;GQES_Q+1;PVB;ES;01/07/2021;30/09/2021;19.5;
09/04/2021;GYES_Y+1;PVB;ES;01/01/2022;31/12/2022;18.73;
08/04/2021;GDAES_D+1;PVB;ES;09/04/2021;09/04/2021;20.2;
08/04/2021;GMAES;PVB;ES;01/05/2021;31/05/2021;18.93;
08/04/2021;GQES_Q+1;PVB;ES;01/07/2021;30/09/2021;19.5;
08/04/2021;GYES_Y+1;PVB;ES;01/01/2022;31/12/2022;18.78;
07/04/2021;GDAES_D+1;PVB;ES;08/04/2021;08/04/2021;20.21;
07/04/2021;GMAES;PVB;ES;01/05/2021;31/05/2021;19.15;
07/04/2021;GQES_Q+1;PVB;ES;01/07/2021;30/09/2021;19.7;
07/04/2021;GYES_Y+1;PVB;ES;01/01/2022;31/12/2022;18.98;
06/04/2021;GDAES_D+1;PVB;ES;07/04/2021;07/04/2021;20.49;
06/04/2021;GMAES;PVB;ES;01/05/2021;31/05/2021;19.48;
06/04/2021;GQES_Q+1;PVB;ES;01/07/2021;30/09/2021;20.23;
06/04/2021;GYES_Y+1;PVB;ES;01/01/2022;31/12/2022;19.18;
05/04/2021;GDAES_D+1;PVB;ES;06/04/2021;06/04/2021;19.31;
04/04/2021;GDAES_D+1;PVB;ES;05/04/2021;05/04/2021;18.97;
03/04/2021;GDAES_D+1;PVB;ES;04/04/2021;04/04/2021;18.61;
02/04/2021;GDAES_D+1;PVB;ES;03/04/2021;03/04/2021;19.81;
01/04/2021;GDAES_D+1;PVB;ES;02/04/2021;02/04/2021;19.11;
01/04/2021;GMAES;PVB;ES;01/05/2021;31/05/2021;18.8;
01/04/2021;GQES_Q+1;PVB;ES;01/07/2021;30/09/2021;;
01/04/2021;GYES_Y+1;PVB;ES;01/01/2022;31/12/2022;18.7;
31/03/2021;GDAES_D+1;PVB;ES;01/04/2021;01/04/2021;18.72;
31/03/2021;GMAES;PVB;ES;01/04/2021;30/04/2021;18.6;
31/03/2021;GYES_Y+1;PVB;ES;01/01/2022;31/12/2022;18.7;
30/03/2021;GDAES_D+1;PVB;ES;31/03/2021;31/03/2021;18.1;
30/03/2021;GMAES;PVB;ES;01/04/2021;30/04/2021;18.45;
30/03/2021;GQES_Q+1;PVB;ES;01/04/2021;30/06/2021;18.2;
30/03/2021;GYES_Y+1;PVB;ES;01/01/2022;31/12/2022;18.7;
29/03/2021;GDAES_D+1;PVB;ES;30/03/2021;30/03/2021;17.88;
29/03/2021;GMAES;PVB;ES;01/04/2021;30/04/2021;18.08;
29/03/2021;GQES_Q+1;PVB;ES;01/04/2021;30/06/2021;18.2;
29/03/2021;GYES_Y+1;PVB;ES;01/01/2022;31/12/2022;18.7;
28/03/2021;GDAES_D+1;PVB;ES;29/03/2021;29/03/2021;17.99;
27/03/2021;GDAES_D+1;PVB;ES;28/03/2021;28/03/2021;17.68;
26/03/2021;GDAES_D+1;PVB;ES;27/03/2021;27/03/2021;17.95;
26/03/2021;GMAES;PVB;ES;01/04/2021;30/04/2021;18.24;
26/03/2021;GQES_Q+1;PVB;ES;01/04/2021;30/06/2021;18.2;
26/03/2021;GYES_Y+1;PVB;ES;01/01/2022;31/12/2022;18.83;
25/03/2021;GDAES_D+1;PVB;ES;26/03/2021;26/03/2021;18.37;
25/03/2021;GMAES;PVB;ES;01/04/2021;30/04/2021;17.75;
25/03/2021;GQES_Q+1;PVB;ES;01/04/2021;30/06/2021;17.85;
25/03/2021;GYES_Y+1;PVB;ES;01/01/2022;31/12/2022;18.58;
24/03/2021;GDAES_D+1;PVB;ES;25/03/2021;25/03/2021;18.36;
24/03/2021;GMAES;PVB;ES;01/04/2021;30/04/2021;17.83;
24/03/2021;GQES_Q+1;PVB;ES;01/04/2021;30/06/2021;17.75;
24/03/2021;GYES_Y+1;PVB;ES;01/01/2022;31/12/2022;18.83;
23/03/2021;GDAES_D+1;PVB;ES;24/03/2021;24/03/2021;18.51;
23/03/2021;GMAES;PVB;ES;01/04/2021;30/04/2021;17.69;
23/03/2021;GQES_Q+1;PVB;ES;01/04/2021;30/06/2021;17.65;
23/03/2021;GYES_Y+1;PVB;ES;01/01/2022;31/12/2022;18.73;
22/03/2021;GDAES_D+1;PVB;ES;23/03/2021;23/03/2021;18.48;
22/03/2021;GMAES;PVB;ES;01/04/2021;30/04/2021;17.35;
22/03/2021;GQES_Q+1;PVB;ES;01/04/2021;30/06/2021;17.18;
22/03/2021;GYES_Y+1;PVB;ES;01/01/2022;31/12/2022;18.83;
21/03/2021;GDAES_D+1;PVB;ES;22/03/2021;22/03/2021;17.64;
20/03/2021;GDAES_D+1;PVB;ES;21/03/2021;21/03/2021;16.32;
19/03/2021;GDAES_D+1;PVB;ES;20/03/2021;20/03/2021;16.55;
19/03/2021;GMAES;PVB;ES;01/04/2021;30/04/2021;16.71;
19/03/2021;GQES_Q+1;PVB;ES;01/04/2021;30/06/2021;17.18;
19/03/2021;GYES_Y+1;PVB;ES;01/01/2022;31/12/2022;18.53;
18/03/2021;GDAES_D+1;PVB;ES;19/03/2021;19/03/2021;17.51;
18/03/2021;GMAES;PVB;ES;01/04/2021;30/04/2021;16.93;
18/03/2021;GQES_Q+1;PVB;ES;01/04/2021;30/06/2021;17.18;
18/03/2021;GYES_Y+1;PVB;ES;01/01/2022;31/12/2022;18.53;
17/03/2021;GDAES_D+1;PVB;ES;18/03/2021;18/03/2021;17.21;
17/03/2021;GMAES;PVB;ES;01/04/2021;30/04/2021;17.2;
17/03/2021;GQES_Q+1;PVB;ES;01/04/2021;30/06/2021;17.45;
17/03/2021;GYES_Y+1;PVB;ES;01/01/2022;31/12/2022;18.78;
16/03/2021;GDAES_D+1;PVB;ES;17/03/2021;17/03/2021;17.11;
16/03/2021;GMAES;PVB;ES;01/04/2021;30/04/2021;16.93;
16/03/2021;GQES_Q+1;PVB;ES;01/04/2021;30/06/2021;17.15;
16/03/2021;GYES_Y+1;PVB;ES;01/01/2022;31/12/2022;18.68;
15/03/2021;GDAES_D+1;PVB;ES;16/03/2021;16/03/2021;18.02;
15/03/2021;GMAES;PVB;ES;01/04/2021;30/04/2021;17.69;
15/03/2021;GQES_Q+1;PVB;ES;01/04/2021;30/06/2021;17.7;
15/03/2021;GYES_Y+1;PVB;ES;01/01/2022;31/12/2022;18.88;
14/03/2021;GDAES_D+1;PVB;ES;15/03/2021;15/03/2021;19.0;
13/03/2021;GDAES_D+1;PVB;ES;14/03/2021;14/03/2021;18.0;
12/03/2021;GDAES_D+1;PVB;ES;13/03/2021;13/03/2021;17.67;
12/03/2021;GMAES;PVB;ES;01/04/2021;30/04/2021;17.73;
12/03/2021;GQES_Q+1;PVB;ES;01/04/2021;30/06/2021;18.05;
12/03/2021;GYES_Y+1;PVB;ES;01/01/2022;31/12/2022;19.08;
11/03/2021;GDAES_D+1;PVB;ES;12/03/2021;12/03/2021;17.73;
11/03/2021;GMAES;PVB;ES;01/04/2021;30/04/2021;17.52;
11/03/2021;GQES_Q+1;PVB;ES;01/04/2021;30/06/2021;17.8;
11/03/2021;GYES_Y+1;PVB;ES;01/01/2022;31/12/2022;18.93;
10/03/2021;GDAES_D+1;PVB;ES;11/03/2021;11/03/2021;18.01;
10/03/2021;GMAES;PVB;ES;01/04/2021;30/04/2021;17.25;
10/03/2021;GQES_Q+1;PVB;ES;01/04/2021;30/06/2021;17.5;
10/03/2021;GYES_Y+1;PVB;ES;01/01/2022;31/12/2022;18.63;
09/03/2021;GDAES_D+1;PVB;ES;10/03/2021;10/03/2021;17.26;
09/03/2021;GMAES;PVB;ES;01/04/2021;30/04/2021;16.52;
09/03/2021;GQES_Q+1;PVB;ES;01/04/2021;30/06/2021;16.75;
09/03/2021;GYES_Y+1;PVB;ES;01/01/2022;31/12/2022;18.28;
08/03/2021;GDAES_D+1;PVB;ES;09/03/2021;09/03/2021;16.55;
08/03/2021;GMAES;PVB;ES;01/04/2021;30/04/2021;16.05;
08/03/2021;GQES_Q+1;PVB;ES;01/04/2021;30/06/2021;16.35;
08/03/2021;GYES_Y+1;PVB;ES;01/01/2022;31/12/2022;17.98;
07/03/2021;GDAES_D+1;PVB;ES;08/03/2021;08/03/2021;16.67;
06/03/2021;GDAES_D+1;PVB;ES;07/03/2021;07/03/2021;16.55;
05/03/2021;GDAES_D+1;PVB;ES;06/03/2021;06/03/2021;16.02;
05/03/2021;GMAES;PVB;ES;01/04/2021;30/04/2021;16.13;
05/03/2021;GQES_Q+1;PVB;ES;01/04/2021;30/06/2021;16.4;
05/03/2021;GYES_Y+1;PVB;ES;01/01/2022;31/12/2022;18.03;
04/03/2021;GDAES_D+1;PVB;ES;05/03/2021;05/03/2021;16.18;
04/03/2021;GMAES;PVB;ES;01/04/2021;30/04/2021;15.83;
04/03/2021;GQES_Q+1;PVB;ES;01/04/2021;30/06/2021;15.95;
04/03/2021;GYES_Y+1;PVB;ES;01/01/2022;31/12/2022;17.68;
03/03/2021;GDAES_D+1;PVB;ES;04/03/2021;04/03/2021;16.15;
03/03/2021;GMAES;PVB;ES;01/04/2021;30/04/2021;15.5;
03/03/2021;GQES_Q+1;PVB;ES;01/04/2021;30/06/2021;15.55;
03/03/2021;GYES_Y+1;PVB;ES;01/01/2022;31/12/2022;17.43;
02/03/2021;GDAES_D+1;PVB;ES;03/03/2021;03/03/2021;16.07;
02/03/2021;GMAES;PVB;ES;01/04/2021;30/04/2021;15.8;
02/03/2021;GQES_Q+1;PVB;ES;01/04/2021;30/06/2021;16.15;
02/03/2021;GYES_Y+1;PVB;ES;01/01/2022;31/12/2022;17.43;
01/03/2021;GDAES_D+1;PVB;ES;02/03/2021;02/03/2021;16.21;
01/03/2021;GMAES;PVB;ES;01/04/2021;30/04/2021;16.05;
01/03/2021;GQES_Q+1;PVB;ES;01/04/2021;30/06/2021;16.15;
01/03/2021;GYES_Y+1;PVB;ES;01/01/2022;31/12/2022;17.63;
28/02/2021;GDAES_D+1;PVB;ES;01/03/2021;01/03/2021;16.46;
27/02/2021;GDAES_D+1;PVB;ES;28/02/2021;28/02/2021;15.1;
26/02/2021;GDAES_D+1;PVB;ES;27/02/2021;27/02/2021;14.92;
26/02/2021;GMAES;PVB;ES;01/03/2021;31/03/2021;15.58;
26/02/2021;GQES_Q+1;PVB;ES;01/04/2021;30/06/2021;15.7;
26/02/2021;GYES_Y+1;PVB;ES;01/01/2022;31/12/2022;17.48;
25/02/2021;GDAES_D+1;PVB;ES;26/02/2021;26/02/2021;15.77;
25/02/2021;GMAES;PVB;ES;01/03/2021;31/03/2021;15.43;
25/02/2021;GQES_Q+1;PVB;ES;01/04/2021;30/06/2021;16.37;
25/02/2021;GYES_Y+1;PVB;ES;01/01/2022;31/12/2022;17.76;
24/02/2021;GDAES_D+1;PVB;ES;25/02/2021;25/02/2021;15.83;
24/02/2021;GMAES;PVB;ES;01/03/2021;31/03/2021;15.88;
24/02/2021;GQES_Q+1;PVB;ES;01/04/2021;30/06/2021;16.37;
24/02/2021;GYES_Y+1;PVB;ES;01/01/2022;31/12/2022;17.76;
23/02/2021;GDAES_D+1;PVB;ES;24/02/2021;24/02/2021;15.71;
23/02/2021;GMAES;PVB;ES;01/03/2021;31/03/2021;15.92;
23/02/2021;GQES_Q+1;PVB;ES;01/04/2021;30/06/2021;16.23;
23/02/2021;GYES_Y+1;PVB;ES;01/01/2022;31/12/2022;17.58;
22/02/2021;GDAES_D+1;PVB;ES;23/02/2021;23/02/2021;15.65;
22/02/2021;GMAES;PVB;ES;01/03/2021;31/03/2021;15.6;
22/02/2021;GQES_Q+1;PVB;ES;01/04/2021;30/06/2021;15.93;
22/02/2021;GYES_Y+1;PVB;ES;01/01/2022;31/12/2022;17.32;
21/02/2021;GDAES_D+1;PVB;ES;22/02/2021;22/02/2021;16.21;
20/02/2021;GDAES_D+1;PVB;ES;21/02/2021;21/02/2021;15.94;
19/02/2021;GDAES_D+1;PVB;ES;20/02/2021;20/02/2021;15.69;
19/02/2021;GMAES;PVB;ES;01/03/2021;31/03/2021;16.15;
19/02/2021;GQES_Q+1;PVB;ES;01/04/2021;30/06/2021;16.38;
19/02/2021;GYES_Y+1;PVB;ES;01/01/2022;31/12/2022;17.6;
18/02/2021;GDAES_D+1;PVB;ES;19/02/2021;19/02/2021;16.07;
18/02/2021;GMAES;PVB;ES;01/03/2021;31/03/2021;16.43;
18/02/2021;GQES_Q+1;PVB;ES;01/04/2021;30/06/2021;16.72;
18/02/2021;GYES_Y+1;PVB;ES;01/01/2022;31/12/2022;17.91;
17/02/2021;GDAES_D+1;PVB;ES;18/02/2021;18/02/2021;16.26;
17/02/2021;GMAES;PVB;ES;01/03/2021;31/03/2021;16.0;
17/02/2021;GQES_Q+1;PVB;ES;01/04/2021;30/06/2021;16.21;
17/02/2021;GYES_Y+1;PVB;ES;01/01/2022;31/12/2022;17.63;
16/02/2021;GDAES_D+1;PVB;ES;17/02/2021;17/02/2021;16.31;
16/02/2021;GMAES;PVB;ES;01/03/2021;31/03/2021;16.14;
16/02/2021;GQES_Q+1;PVB;ES;01/04/2021;30/06/2021;16.34;
16/02/2021;GYES_Y+1;PVB;ES;01/01/2022;31/12/2022;17.71;
15/02/2021;GDAES_D+1;PVB;ES;16/02/2021;16/02/2021;15.99;
15/02/2021;GMAES;PVB;ES;01/03/2021;31/03/2021;15.7;
15/02/2021;GQES_Q+1;PVB;ES;01/04/2021;30/06/2021;16.56;
15/02/2021;GYES_Y+1;PVB;ES;01/01/2022;31/12/2022;17.87;
14/02/2021;GDAES_D+1;PVB;ES;15/02/2021;15/02/2021;16.9;
13/02/2021;GDAES_D+1;PVB;ES;14/02/2021;14/02/2021;16.49;
12/02/2021;GDAES_D+1;PVB;ES;13/02/2021;13/02/2021;17.01;
12/02/2021;GMAES;PVB;ES;01/03/2021;31/03/2021;16.75;
12/02/2021;GQES_Q+1;PVB;ES;01/04/2021;30/06/2021;16.56;
12/02/2021;GYES_Y+1;PVB;ES;01/01/2022;31/12/2022;17.87;
11/02/2021;GDAES_D+1;PVB;ES;12/02/2021;12/02/2021;17.29;
11/02/2021;GMAES;PVB;ES;01/03/2021;31/03/2021;16.68;
11/02/2021;GQES_Q+1;PVB;ES;01/04/2021;30/06/2021;16.76;
11/02/2021;GYES_Y+1;PVB;ES;01/01/2022;31/12/2022;17.87;
10/02/2021;GDAES_D+1;PVB;ES;11/02/2021;11/02/2021;18.3;
10/02/2021;GMAES;PVB;ES;01/03/2021;31/03/2021;17.88;
10/02/2021;GQES_Q+1;PVB;ES;01/04/2021;30/06/2021;17.46;
10/02/2021;GYES_Y+1;PVB;ES;01/01/2022;31/12/2022;18.39;
09/02/2021;GDAES_D+1;PVB;ES;10/02/2021;10/02/2021;18.17;
09/02/2021;GMAES;PVB;ES;01/03/2021;31/03/2021;18.25;
09/02/2021;GQES_Q+1;PVB;ES;01/04/2021;30/06/2021;17.78;
09/02/2021;GYES_Y+1;PVB;ES;01/01/2022;31/12/2022;18.48;
08/02/2021;GDAES_D+1;PVB;ES;09/02/2021;09/02/2021;18.68;
08/02/2021;GMAES;PVB;ES;01/03/2021;31/03/2021;19.18;
08/02/2021;GQES_Q+1;PVB;ES;01/04/2021;30/06/2021;17.96;
08/02/2021;GYES_Y+1;PVB;ES;01/01/2022;31/12/2022;18.66;
07/02/2021;GDAES_D+1;PVB;ES;08/02/2021;08/02/2021;17.98;
06/02/2021;GDAES_D+1;PVB;ES;07/02/2021;07/02/2021;17.49;
05/02/2021;GDAES_D+1;PVB;ES;06/02/2021;06/02/2021;17.5;
05/02/2021;GMAES;PVB;ES;01/03/2021;31/03/2021;18.23;
05/02/2021;GQES_Q+1;PVB;ES;01/04/2021;30/06/2021;17.31;
05/02/2021;GYES_Y+1;PVB;ES;01/01/2022;31/12/2022;18.2;
04/02/2021;GDAES_D+1;PVB;ES;05/02/2021;05/02/2021;17.65;
04/02/2021;GMAES;PVB;ES;01/03/2021;31/03/2021;17.83;
04/02/2021;GQES_Q+1;PVB;ES;01/04/2021;30/06/2021;16.88;
04/02/2021;GYES_Y+1;PVB;ES;01/01/2022;31/12/2022;17.81;
03/02/2021;GDAES_D+1;PVB;ES;04/02/2021;04/02/2021;17.47;
03/02/2021;GMAES;PVB;ES;01/03/2021;31/03/2021;17.42;
03/02/2021;GQES_Q+1;PVB;ES;01/04/2021;30/06/2021;16.88;
03/02/2021;GYES_Y+1;PVB;ES;01/01/2022;31/12/2022;17.81;
02/02/2021;GDAES_D+1;PVB;ES;03/02/2021;03/02/2021;17.85;
02/02/2021;GMAES;PVB;ES;01/03/2021;31/03/2021;18.06;
02/02/2021;GQES_Q+1;PVB;ES;01/04/2021;30/06/2021;16.96;
02/02/2021;GYES_Y+1;PVB;ES;01/01/2022;31/12/2022;17.55;
01/02/2021;GDAES_D+1;PVB;ES;02/02/2021;02/02/2021;17.81;
01/02/2021;GMAES;PVB;ES;01/03/2021;31/03/2021;18.1;
01/02/2021;GQES_Q+1;PVB;ES;01/04/2021;30/06/2021;16.88;
01/02/2021;GYES_Y+1;PVB;ES;01/01/2022;31/12/2022;17.54;
31/01/2021;GDAES_D+1;PVB;ES;01/02/2021;01/02/2021;;
30/01/2021;GDAES_D+1;PVB;ES;31/01/2021;31/01/2021;;
29/01/2021;GDAES_D+1;PVB;ES;30/01/2021;30/01/2021;;
29/01/2021;GMAES;PVB;ES;01/02/2021;28/02/2021;;
29/01/2021;GQES_Q+1;PVB;ES;01/04/2021;30/06/2021;;
29/01/2021;GYES_Y+1;PVB;ES;01/01/2022;31/12/2022;;
28/01/2021;GDAES_D+1;PVB;ES;29/01/2021;29/01/2021;;
28/01/2021;GMAES;PVB;ES;01/02/2021;28/02/2021;;
28/01/2021;GQES_Q+1;PVB;ES;01/04/2021;30/06/2021;;
28/01/2021;GYES_Y+1;PVB;ES;01/01/2022;31/12/2022;;
27/01/2021;GDAES_D+1;PVB;ES;28/01/2021;28/01/2021;;
27/01/2021;GMAES;PVB;ES;01/02/2021;28/02/2021;;
27/01/2021;GQES_Q+1;PVB;ES;01/04/2021;30/06/2021;;
27/01/2021;GYES_Y+1;PVB;ES;01/01/2022;31/12/2022;;
26/01/2021;GDAES_D+1;PVB;ES;27/01/2021;27/01/2021;;
26/01/2021;GMAES;PVB;ES;01/02/2021;28/02/2021;;
26/01/2021;GQES_Q+1;PVB;ES;01/04/2021;30/06/2021;;
26/01/2021;GYES_Y+1;PVB;ES;01/01/2022;31/12/2022;;
25/01/2021;GDAES_D+1;PVB;ES;26/01/2021;26/01/2021;;
25/01/2021;GMAES;PVB;ES;01/02/2021;28/02/2021;;
25/01/2021;GQES_Q+1;PVB;ES;01/04/2021;30/06/2021;;
25/01/2021;GYES_Y+1;PVB;ES;01/01/2022;31/12/2022;;
24/01/2021;GDAES_D+1;PVB;ES;25/01/2021;25/01/2021;;
23/01/2021;GDAES_D+1;PVB;ES;24/01/2021;24/01/2021;;
22/01/2021;GDAES_D+1;PVB;ES;23/01/2021;23/01/2021;;
22/01/2021;GMAES;PVB;ES;01/02/2021;28/02/2021;;
22/01/2021;GQES_Q+1;PVB;ES;01/04/2021;30/06/2021;;
22/01/2021;GYES_Y+1;PVB;ES;01/01/2022;31/12/2022;;
21/01/2021;GDAES_D+1;PVB;ES;22/01/2021;22/01/2021;;
21/01/2021;GMAES;PVB;ES;01/02/2021;28/02/2021;;
21/01/2021;GQES_Q+1;PVB;ES;01/04/2021;30/06/2021;;
21/01/2021;GYES_Y+1;PVB;ES;01/01/2022;31/12/2022;;
20/01/2021;GDAES_D+1;PVB;ES;21/01/2021;21/01/2021;;
20/01/2021;GMAES;PVB;ES;01/02/2021;28/02/2021;;
20/01/2021;GQES_Q+1;PVB;ES;01/04/2021;30/06/2021;;
20/01/2021;GYES_Y+1;PVB;ES;01/01/2022;31/12/2022;;
19/01/2021;GDAES_D+1;PVB;ES;20/01/2021;20/01/2021;;
19/01/2021;GMAES;PVB;ES;01/02/2021;28/02/2021;;
19/01/2021;GQES_Q+1;PVB;ES;01/04/2021;30/06/2021;;
19/01/2021;GYES_Y+1;PVB;ES;01/01/2022;31/12/2022;;
18/01/2021;GDAES_D+1;PVB;ES;19/01/2021;19/01/2021;;
18/01/2021;GMAES;PVB;ES;01/02/2021;28/02/2021;;
18/01/2021;GQES_Q+1;PVB;ES;01/04/2021;30/06/2021;;
18/01/2021;GYES_Y+1;PVB;ES;01/01/2022;31/12/2022;;
17/01/2021;GDAES_D+1;PVB;ES;18/01/2021;18/01/2021;;
16/01/2021;GDAES_D+1;PVB;ES;17/01/2021;17/01/2021;;
15/01/2021;GDAES_D+1;PVB;ES;16/01/2021;16/01/2021;;
15/01/2021;GMAES;PVB;ES;01/02/2021;28/02/2021;;
15/01/2021;GQES_Q+1;PVB;ES;01/04/2021;30/06/2021;;
15/01/2021;GYES_Y+1;PVB;ES;01/01/2022;31/12/2022;;
14/01/2021;GDAES_D+1;PVB;ES;15/01/2021;15/01/2021;;
14/01/2021;GMAES;PVB;ES;01/02/2021;28/02/2021;;
14/01/2021;GQES_Q+1;PVB;ES;01/04/2021;30/06/2021;;
14/01/2021;GYES_Y+1;PVB;ES;01/01/2022;31/12/2022;;
13/01/2021;GDAES_D+1;PVB;ES;14/01/2021;14/01/2021;;
13/01/2021;GMAES;PVB;ES;01/02/2021;28/02/2021;;
13/01/2021;GQES_Q+1;PVB;ES;01/04/2021;30/06/2021;;
13/01/2021;GYES_Y+1;PVB;ES;01/01/2022;31/12/2022;;
12/01/2021;GDAES_D+1;PVB;ES;13/01/2021;13/01/2021;;
12/01/2021;GMAES;PVB;ES;01/02/2021;28/02/2021;;
12/01/2021;GQES_Q+1;PVB;ES;01/04/2021;30/06/2021;;
12/01/2021;GYES_Y+1;PVB;ES;01/01/2022;31/12/2022;;
11/01/2021;GDAES_D+1;PVB;ES;12/01/2021;12/01/2021;;
11/01/2021;GMAES;PVB;ES;01/02/2021;28/02/2021;;
11/01/2021;GQES_Q+1;PVB;ES;01/04/2021;30/06/2021;;
11/01/2021;GYES_Y+1;PVB;ES;01/01/2022;31/12/2022;;
10/01/2021;GDAES_D+1;PVB;ES;11/01/2021;11/01/2021;;
09/01/2021;GDAES_D+1;PVB;ES;10/01/2021;10/01/2021;;
08/01/2021;GDAES_D+1;PVB;ES;09/01/2021;09/01/2021;;
08/01/2021;GMAES;PVB;ES;01/02/2021;28/02/2021;;
08/01/2021;GQES_Q+1;PVB;ES;01/04/2021;30/06/2021;;
08/01/2021;GYES_Y+1;PVB;ES;01/01/2022;31/12/2022;;
07/01/2021;GDAES_D+1;PVB;ES;08/01/2021;08/01/2021;;
07/01/2021;GMAES;PVB;ES;01/02/2021;28/02/2021;;
07/01/2021;GQES_Q+1;PVB;ES;01/04/2021;30/06/2021;;
07/01/2021;GYES_Y+1;PVB;ES;01/01/2022;31/12/2022;;
06/01/2021;GDAES_D+1;PVB;ES;07/01/2021;07/01/2021;;
06/01/2021;GMAES;PVB;ES;01/02/2021;28/02/2021;;
06/01/2021;GQES_Q+1;PVB;ES;01/04/2021;30/06/2021;;
06/01/2021;GYES_Y+1;PVB;ES;01/01/2022;31/12/2022;;
05/01/2021;GDAES_D+1;PVB;ES;06/01/2021;06/01/2021;;
05/01/2021;GMAES;PVB;ES;01/02/2021;28/02/2021;;
05/01/2021;GQES_Q+1;PVB;ES;01/04/2021;30/06/2021;;
05/01/2021;GYES_Y+1;PVB;ES;01/01/2022;31/12/2022;;
04/01/2021;GDAES_D+1;PVB;ES;05/01/2021;05/01/2021;;
04/01/2021;GMAES;PVB;ES;01/02/2021;28/02/2021;;
04/01/2021;GQES_Q+1;PVB;ES;01/04/2021;30/06/2021;;
04/01/2021;GYES_Y+1;PVB;ES;01/01/2022;31/12/2022;;
03/01/2021;GDAES_D+1;PVB;ES;04/01/2021;04/01/2021;;
02/01/2021;GDAES_D+1;PVB;ES;03/01/2021;03/01/2021;;
01/01/2021;GDAES_D+1;PVB;ES;02/01/2021;02/01/2021;;
31/12/2020;GDAES_D+1;PVB;ES;01/01/2021;01/01/2021;;
31/12/2020;GMAES;PVB;ES;01/01/2021;31/01/2021;;
31/12/2022;GDAES_D+1;PVB;ES;01/01/2023;01/01/2023;62.49;
30/12/2022;GDAES_D+1;PVB;ES;31/12/2022;31/12/2022;52.85;
30/12/2022;GMAES;PVB;ES;01/01/2023;31/01/2023;71.61;
29/12/2022;GDAES_D+1;PVB;ES;30/12/2022;30/12/2022;64.78;
29/12/2022;GMAES;PVB;ES;01/01/2023;31/01/2023;78.33;
29/12/2022;GQES_Q+1;PVB;ES;01/01/2023;31/03/2023;79.8;
29/12/2022;GYES_Y+1;PVB;ES;01/01/2023;31/12/2023;79.42;
28/12/2022;GDAES_D+1;PVB;ES;29/12/2022;29/12/2022;69.83;
28/12/2022;GMAES;PVB;ES;01/01/2023;31/01/2023;75.65;
28/12/2022;GQES_Q+1;PVB;ES;01/01/2023;31/03/2023;78.65;
28/12/2022;GYES_Y+1;PVB;ES;01/01/2023;31/12/2023;74.76;
27/12/2022;GDAES_D+1;PVB;ES;28/12/2022;28/12/2022;71.95;
27/12/2022;GMAES;PVB;ES;01/01/2023;31/01/2023;76.5;
27/12/2022;GQES_Q+1;PVB;ES;01/01/2023;31/03/2023;73.33;
27/12/2022;GYES_Y+1;PVB;ES;01/01/2023;31/12/2023;73.27;
26/12/2022;GDAES_D+1;PVB;ES;27/12/2022;27/12/2022;72.2;
25/12/2022;GDAES_D+1;PVB;ES;26/12/2022;26/12/2022;71.81;
24/12/2022;GDAES_D+1;PVB;ES;25/12/2022;25/12/2022;62.1;
23/12/2022;GDAES_D+1;PVB;ES;24/12/2022;24/12/2022;70.5;
23/12/2022;GMAES;PVB;ES;01/01/2023;31/01/2023;78.2;
23/12/2022;GQES_Q+1;PVB;ES;01/01/2023;31/03/2023;80.0;
23/12/2022;GYES_Y+1;PVB;ES;01/01/2023;31/12/2023;76.73;
22/12/2022;GDAES_D+1;PVB;ES;23/12/2022;23/12/2022;71.05;
22/12/2022;GMAES;PVB;ES;01/01/2023;31/01/2023;82.7;
22/12/2022;GQES_Q+1;PVB;ES;01/01/2023;31/03/2023;84.67;
22/12/2022;GYES_Y+1;PVB;ES;01/01/2023;31/12/2023;82.87;
21/12/2022;GDAES_D+1;PVB;ES;22/12/2022;22/12/2022;80.7;
21/12/2022;GMAES;PVB;ES;01/01/2023;31/01/2023;88.55;
21/12/2022;GQES_Q+1;PVB;ES;01/01/2023;31/03/2023;96.0;
21/12/2022;GYES_Y+1;PVB;ES;01/01/2023;31/12/2023;94.05;
20/12/2022;GDAES_D+1;PVB;ES;21/12/2022;21/12/2022;84.93;
20/12/2022;GMAES;PVB;ES;01/01/2023;31/01/2023;96.3;
20/12/2022;GQES_Q+1;PVB;ES;01/01/2023;31/03/2023;96.75;
20/12/2022;GYES_Y+1;PVB;ES;01/01/2023;31/12/2023;94.7;
19/12/2022;GDAES_D+1;PVB;ES;20/12/2022;20/12/2022;87.5;
19/12/2022;GMAES;PVB;ES;01/01/2023;31/01/2023;96.46;
19/12/2022;GQES_Q+1;PVB;ES;01/01/2023;31/03/2023;99.9;
19/12/2022;GYES_Y+1;PVB;ES;01/01/2023;31/12/2023;96.93;
18/12/2022;GDAES_D+1;PVB;ES;19/12/2022;19/12/2022;97.8;
17/12/2022;GDAES_D+1;PVB;ES;18/12/2022;18/12/2022;102.72;
16/12/2022;GDAES_D+1;PVB;ES;17/12/2022;17/12/2022;112.85;
16/12/2022;GMAES;PVB;ES;01/01/2023;31/01/2023;108.0;
16/12/2022;GQES_Q+1;PVB;ES;01/01/2023;31/03/2023;102.21;
16/12/2022;GYES_Y+1;PVB;ES;01/01/2023;31/12/2023;101.68;
15/12/2022;GDAES_D+1;PVB;ES;16/12/2022;16/12/2022;116.09;
15/12/2022;GMAES;PVB;ES;01/01/2023;31/01/2023;117.75;
15/12/2022;GQES_Q+1;PVB;ES;01/01/2023;31/03/2023;117.7;
15/12/2022;GYES_Y+1;PVB;ES;01/01/2023;31/12/2023;117.14;
14/12/2022;GDAES_D+1;PVB;ES;15/12/2022;15/12/2022;116.85;
14/12/2022;GMAES;PVB;ES;01/01/2023;31/01/2023;113.75;
14/12/2022;GQES_Q+1;PVB;ES;01/01/2023;31/03/2023;113.0;
14/12/2022;GYES_Y+1;PVB;ES;01/01/2023;31/12/2023;113.2;
13/12/2022;GDAES_D+1;PVB;ES;14/12/2022;14/12/2022;119.9;
13/12/2022;GMAES;PVB;ES;01/01/2023;31/01/2023;119.25;
13/12/2022;GQES_Q+1;PVB;ES;01/01/2023;31/03/2023;118.0;
13/12/2022;GYES_Y+1;PVB;ES;01/01/2023;31/12/2023;118.29;
12/12/2022;GDAES_D+1;PVB;ES;13/12/2022;13/12/2022;119.81;
12/12/2022;GMAES;PVB;ES;01/01/2023;31/01/2023;119.71;
12/12/2022;GQES_Q+1;PVB;ES;01/01/2023;31/03/2023;120.0;
12/12/2022;GYES_Y+1;PVB;ES;01/01/2023;31/12/2023;118.18;
11/12/2022;GDAES_D+1;PVB;ES;12/12/2022;12/12/2022;131.99;
10/12/2022;GDAES_D+1;PVB;ES;11/12/2022;11/12/2022;137.63;
09/12/2022;GDAES_D+1;PVB;ES;10/12/2022;10/12/2022;131.89;
09/12/2022;GMAES;PVB;ES;01/01/2023;31/01/2023;125.0;
09/12/2022;GQES_Q+1;PVB;ES;01/01/2023;31/03/2023;121.01;
09/12/2022;GYES_Y+1;PVB;ES;01/01/2023;31/12/2023;121.49;
08/12/2022;GDAES_D+1;PVB;ES;09/12/2022;09/12/2022;131.5;
08/12/2022;GMAES;PVB;ES;01/01/2023;31/01/2023;114.12;
08/12/2022;GQES_Q+1;PVB;ES;01/01/2023;31/03/2023;115.63;
08/12/2022;GYES_Y+1;PVB;ES;01/01/2023;31/12/2023;118.71;
07/12/2022;GDAES_D+1;PVB;ES;08/12/2022;08/12/2022;123.6;
07/12/2022;GMAES;PVB;ES;01/01/2023;31/01/2023;125.13;
07/12/2022;GQES_Q+1;PVB;ES;01/01/2023;31/03/2023;128.96;
07/12/2022;GYES_Y+1;PVB;ES;01/01/2023;31/12/2023;128.47;
06/12/2022;GDAES_D+1;PVB;ES;07/12/2022;07/12/2022;122.85;
06/12/2022;GMAES;PVB;ES;01/01/2023;31/01/2023;120.7;
06/12/2022;GQES_Q+1;PVB;ES;01/01/2023;31/03/2023;115.15;
06/12/2022;GYES_Y+1;PVB;ES;01/01/2023;31/12/2023;116.59;
05/12/2022;GDAES_D+1;PVB;ES;06/12/2022;06/12/2022;120.56;
05/12/2022;GMAES;PVB;ES;01/01/2023;31/01/2023;115.47;
05/12/2022;GQES_Q+1;PVB;ES;01/01/2023;31/03/2023;111.39;
05/12/2022;GYES_Y+1;PVB;ES;01/01/2023;31/12/2023;113.2;
04/12/2022;GDAES_D+1;PVB;ES;05/12/2022;05/12/2022;144.13;
03/12/2022;GDAES_D+1;PVB;ES;04/12/2022;04/12/2022;141.6;
02/12/2022;GDAES_D+1;PVB;ES;03/12/2022;03/12/2022;117.9;
02/12/2022;GMAES;PVB;ES;01/01/2023;31/01/2023;108.07;
02/12/2022;GQES_Q+1;PVB;ES;01/01/2023;31/03/2023;108.0;
02/12/2022;GYES_Y+1;PVB;ES;01/01/2023;31/12/2023;114.81;
01/12/2022;GDAES_D+1;PVB;ES;02/12/2022;02/12/2022;101.0;
01/12/2022;GMAES;PVB;ES;01/01/2023;31/01/2023;113.0;
01/12/2022;GQES_Q+1;PVB;ES;01/01/2023;31/03/2023;114.03;
01/12/2022;GYES_Y+1;PVB;ES;01/01/2023;31/12/2023;116.74;
30/11/2022;GDAES_D+1;PVB;ES;01/12/2022;01/12/2022;105.45;
30/11/2022;GMAES;PVB;ES;01/12/2022;31/12/2022;121.5;
30/11/2022;GQES_Q+1;PVB;ES;01/01/2023;31/03/2023;117.77;
30/11/2022;GYES_Y+1;PVB;ES;01/01/2023;31/12/2023;121.34;
29/11/2022;GDAES_D+1;PVB;ES;30/11/2022;30/11/2022;103.78;
29/11/2022;GMAES;PVB;ES;01/12/2022;31/12/2022;102.25;
29/11/2022;GQES_Q+1;PVB;ES;01/01/2023;31/03/2023;104.0;
29/11/2022;GYES_Y+1;PVB;ES;01/01/2023;31/12/2023;111.5;
28/11/2022;GDAES_D+1;PVB;ES;29/11/2022;29/11/2022;95.0;
28/11/2022;GMAES;PVB;ES;01/12/2022;31/12/2022;93.31;
28/11/2022;GQES_Q+1;PVB;ES;01/01/2023;31/03/2023;96.6;
28/11/2022;GYES_Y+1;PVB;ES;01/01/2023;31/12/2023;103.27;
27/11/2022;GDAES_D+1;PVB;ES;28/11/2022;28/11/2022;87.93;
26/11/2022;GDAES_D+1;PVB;ES;27/11/2022;27/11/2022;82.64;
25/11/2022;GDAES_D+1;PVB;ES;26/11/2022;26/11/2022;87.85;
25/11/2022;GMAES;PVB;ES;01/12/2022;31/12/2022;92.0;
25/11/2022;GQES_Q+1;PVB;ES;01/01/2023;31/03/2023;99.51;
25/11/2022;GYES_Y+1;PVB;ES;01/01/2023;31/12/2023;104.21;
24/11/2022;GDAES_D+1;PVB;ES;25/11/2022;25/11/2022;89.99;
24/11/2022;GMAES;PVB;ES;01/12/2022;31/12/2022;90.54;
24/11/2022;GQES_Q+1;PVB;ES;01/01/2023;31/03/2023;99.0;
24/11/2022;GYES_Y+1;PVB;ES;01/01/2023;31/12/2023;103.79;
23/11/2022;GDAES_D+1;PVB;ES;24/11/2022;24/11/2022;85.5;
23/11/2022;GMAES;PVB;ES;01/12/2022;31/12/2022;82.0;
23/11/2022;GQES_Q+1;PVB;ES;01/01/2023;31/03/2023;103.0;
23/11/2022;GYES_Y+1;PVB;ES;01/01/2023;31/12/2023;113.25;
22/11/2022;GDAES_D+1;PVB;ES;23/11/2022;23/11/2022;65.0;
22/11/2022;GMAES;PVB;ES;01/12/2022;31/12/2022;75.0;
22/11/2022;GQES_Q+1;PVB;ES;01/01/2023;31/03/2023;100.0;
22/11/2022;GYES_Y+1;PVB;ES;01/01/2023;31/12/2023;107.31;
21/11/2022;GDAES_D+1;PVB;ES;22/11/2022;22/11/2022;51.17;
21/11/2022;GMAES;PVB;ES;01/12/2022;31/12/2022;74.87;
21/11/2022;GQES_Q+1;PVB;ES;01/01/2023;31/03/2023;90.0;
21/11/2022;GYES_Y+1;PVB;ES;01/01/2023;31/12/2023;103.03;
20/11/2022;GDAES_D+1;PVB;ES;21/11/2022;21/11/2022;51.58;
19/11/2022;GDAES_D+1;PVB;ES;20/11/2022;20/11/2022;48.54;
18/11/2022;GDAES_D+1;PVB;ES;19/11/2022;19/11/2022;47.99;
18/11/2022;GMAES;PVB;ES;01/12/2022;31/12/2022;76.8;
18/11/2022;GQES_Q+1;PVB;ES;01/01/2023;31/03/2023;93.57;
18/11/2022;GYES_Y+1;PVB;ES;01/01/2023;31/12/2023;99.45;
17/11/2022;GDAES_D+1;PVB;ES;18/11/2022;18/11/2022;52.97;
17/11/2022;GMAES;PVB;ES;01/12/2022;31/12/2022;70.33;
17/11/2022;GQES_Q+1;PVB;ES;01/01/2023;31/03/2023;94.0;
17/11/2022;GYES_Y+1;PVB;ES;01/01/2023;31/12/2023;101.32;
16/11/2022;GDAES_D+1;PVB;ES;17/11/2022;17/11/2022;53.8;
16/11/2022;GMAES;PVB;ES;01/12/2022;31/12/2022;74.5;
16/11/2022;GQES_Q+1;PVB;ES;01/01/2023;31/03/2023;97.3;
16/11/2022;GYES_Y+1;PVB;ES;01/01/2023;31/12/2023;102.43;
15/11/2022;GDAES_D+1;PVB;ES;16/11/2022;16/11/2022;51.9;
15/11/2022;GMAES;PVB;ES;01/12/2022;31/12/2022;74.1;
15/11/2022;GQES_Q+1;PVB;ES;01/01/2023;31/03/2023;102.0;
15/11/2022;GYES_Y+1;PVB;ES;01/01/2023;31/12/2023;106.28;
14/11/2022;GDAES_D+1;PVB;ES;15/11/2022;15/11/2022;55.0;
14/11/2022;GMAES;PVB;ES;01/12/2022;31/12/2022;72.28;
14/11/2022;GQES_Q+1;PVB;ES;01/01/2023;31/03/2023;99.4;
14/11/2022;GYES_Y+1;PVB;ES;01/01/2023;31/12/2023;99.61;
13/11/2022;GDAES_D+1;PVB;ES;14/11/2022;14/11/2022;57.5;
12/11/2022;GDAES_D+1;PVB;ES;13/11/2022;13/11/2022;53.65;
11/11/2022;GDAES_D+1;PVB;ES;12/11/2022;12/11/2022;50.85;
11/11/2022;GMAES;PVB;ES;01/12/2022;31/12/2022;71.0;
11/11/2022;GQES_Q+1;PVB;ES;01/01/2023;31/03/2023;92.0;
11/11/2022;GYES_Y+1;PVB;ES;01/01/2023;31/12/2023;103.0;
10/11/2022;GDAES_D+1;PVB;ES;11/11/2022;11/11/2022;64.85;
10/11/2022;GMAES;PVB;ES;01/12/2022;31/12/2022;87.0;
10/11/2022;GQES_Q+1;PVB;ES;01/01/2023;31/03/2023;97.68;
10/11/2022;GYES_Y+1;PVB;ES;01/01/2023;31/12/2023;97.43;
09/11/2022;GDAES_D+1;PVB;ES;10/11/2022;10/11/2022;48.5;
09/11/2022;GMAES;PVB;ES;01/12/2022;31/12/2022;86.0;
09/11/2022;GQES_Q+1;PVB;ES;01/01/2023;31/03/2023;98.53;
09/11/2022;GYES_Y+1;PVB;ES;01/01/2023;31/12/2023;96.98;
08/11/2022;GDAES_D+1;PVB;ES;09/11/2022;09/11/2022;45.0;
08/11/2022;GMAES;PVB;ES;01/12/2022;31/12/2022;89.0;
08/11/2022;GQES_Q+1;PVB;ES;01/01/2023;31/03/2023;98.0;
08/11/2022;GYES_Y+1;PVB;ES;01/01/2023;31/12/2023;93.13;
07/11/2022;GDAES_D+1;PVB;ES;08/11/2022;08/11/2022;47.75;
07/11/2022;GMAES;PVB;ES;01/12/2022;31/12/2022;89.7;
07/11/2022;GQES_Q+1;PVB;ES;01/01/2023;31/03/2023;98.5;
07/11/2022;GYES_Y+1;PVB;ES;01/01/2023;31/12/2023;93.13;
06/11/2022;GDAES_D+1;PVB;ES;07/11/2022;07/11/2022;43.01;
05/11/2022;GDAES_D+1;PVB;ES;06/11/2022;06/11/2022;48.56;
04/11/2022;GDAES_D+1;PVB;ES;05/11/2022;05/11/2022;43.64;
04/11/2022;GMAES;PVB;ES;01/12/2022;31/12/2022;95.85;
04/11/2022;GQES_Q+1;PVB;ES;01/01/2023;31/03/2023;99.57;
04/11/2022;GYES_Y+1;PVB;ES;01/01/2023;31/12/2023;92.88;
03/11/2022;GDAES_D+1;PVB;ES;04/11/2022;04/11/2022;48.84;
03/11/2022;GMAES;PVB;ES;01/12/2022;31/12/2022;103.0;
03/11/2022;GQES_Q+1;PVB;ES;01/01/2023;31/03/2023;107.0;
03/11/2022;GYES_Y+1;PVB;ES;01/01/2023;31/12/2023;101.81;
02/11/2022;GDAES_D+1;PVB;ES;03/11/2022;03/11/2022;64.45;
02/11/2022;GMAES;PVB;ES;01/12/2022;31/12/2022;102.5;
02/11/2022;GQES_Q+1;PVB;ES;01/01/2023;31/03/2023;103.26;
02/11/2022;GYES_Y+1;PVB;ES;01/01/2023;31/12/2023;97.14;
01/11/2022;GDAES_D+1;PVB;ES;02/11/2022;02/11/2022;58.15;
01/11/2022;GMAES;PVB;ES;01/12/2022;31/12/2022;83.19;
01/11/2022;GQES_Q+1;PVB;ES;01/01/2023;31/03/2023;93.73;
01/11/2022;GYES_Y+1;PVB;ES;01/01/2023;31/12/2023;88.95;
31/10/2022;GDAES_D+1;PVB;ES;01/11/2022;01/11/2022;56.06;
31/10/2022;GMAES;PVB;ES;01/11/2022;30/11/2022;70.56;
31/10/2022;GQES_Q+1;PVB;ES;01/01/2023;31/03/2023;100.26;
31/10/2022;GYES_Y+1;PVB;ES;01/01/2023;31/12/2023;95.49;
30/10/2022;GDAES_D+1;PVB;ES;31/10/2022;31/10/2022;79.89;
29/10/2022;GDAES_D+1;PVB;ES;30/10/2022;30/10/2022;67.06;
28/10/2022;GDAES_D+1;PVB;ES;29/10/2022;29/10/2022;48.73;
28/10/2022;GMAES;PVB;ES;01/11/2022;30/11/2022;85.5;
28/10/2022;GQES_Q+1;PVB;ES;01/01/2023;31/03/2023;114.2;
28/10/2022;GYES_Y+1;PVB;ES;01/01/2023;31/12/2023;107.91;
27/10/2022;GDAES_D+1;PVB;ES;28/10/2022;28/10/2022;47.46;
27/10/2022;GMAES;PVB;ES;01/11/2022;30/11/2022;79.0;
27/10/2022;GQES_Q+1;PVB;ES;01/01/2023;31/03/2023;111.97;
27/10/2022;GYES_Y+1;PVB;ES;01/01/2023;31/12/2023;105.47;
26/10/2022;GDAES_D+1;PVB;ES;27/10/2022;27/10/2022;44.64;
26/10/2022;GMAES;PVB;ES;01/11/2022;30/11/2022;63.33;
26/10/2022;GQES_Q+1;PVB;ES;01/01/2023;31/03/2023;110.64;
26/10/2022;GYES_Y+1;PVB;ES;01/01/2023;31/12/2023;103.53;
25/10/2022;GDAES_D+1;PVB;ES;26/10/2022;26/10/2022;47.0;
25/10/2022;GMAES;PVB;ES;01/11/2022;30/11/2022;58.0;
25/10/2022;GQES_Q+1;PVB;ES;01/01/2023;31/03/2023;109.45;
25/10/2022;GYES_Y+1;PVB;ES;01/01/2023;31/12/2023;105.8;
24/10/2022;GDAES_D+1;PVB;ES;25/10/2022;25/10/2022;31.6;
24/10/2022;GMAES;PVB;ES;01/11/2022;30/11/2022;52.5;
24/10/2022;GQES_Q+1;PVB;ES;01/01/2023;31/03/2023;112.48;
24/10/2022;GYES_Y+1;PVB;ES;01/01/2023;31/12/2023;108.96;
23/10/2022;GDAES_D+1;PVB;ES;24/10/2022;24/10/2022;45.96;
22/10/2022;GDAES_D+1;PVB;ES;23/10/2022;23/10/2022;36.99;
21/10/2022;GDAES_D+1;PVB;ES;22/10/2022;22/10/2022;44.95;
21/10/2022;GMAES;PVB;ES;01/11/2022;30/11/2022;60.0;
21/10/2022;GQES_Q+1;PVB;ES;01/01/2023;31/03/2023;113.05;
21/10/2022;GYES_Y+1;PVB;ES;01/01/2023;31/12/2023;116.28;
20/10/2022;GDAES_D+1;PVB;ES;21/10/2022;21/10/2022;46.9;
20/10/2022;GMAES;PVB;ES;01/11/2022;30/11/2022;74.0;
20/10/2022;GQES_Q+1;PVB;ES;01/01/2023;31/03/2023;119.56;
20/10/2022;GYES_Y+1;PVB;ES;01/01/2023;31/12/2023;122.76;
19/10/2022;GDAES_D+1;PVB;ES;20/10/2022;20/10/2022;33.06;
19/10/2022;GMAES;PVB;ES;01/11/2022;30/11/2022;64.6;
19/10/2022;GQES_Q+1;PVB;ES;01/01/2023;31/03/2023;120.0;
19/10/2022;GYES_Y+1;PVB;ES;01/01/2023;31/12/2023;108.93;
18/10/2022;GDAES_D+1;PVB;ES;19/10/2022;19/10/2022;27.78;
18/10/2022;GMAES;PVB;ES;01/11/2022;30/11/2022;60.0;
18/10/2022;GQES_Q+1;PVB;ES;01/01/2023;31/03/2023;108.54;
18/10/2022;GYES_Y+1;PVB;ES;01/01/2023;31/12/2023;111.78;
17/10/2022;GDAES_D+1;PVB;ES;18/10/2022;18/10/2022;34.3;
17/10/2022;GMAES;PVB;ES;01/11/2022;30/11/2022;69.0;
17/10/2022;GQES_Q+1;PVB;ES;01/01/2023;31/03/2023;116.29;
17/10/2022;GYES_Y+1;PVB;ES;01/01/2023;31/12/2023;119.71;
16/10/2022;GDAES_D+1;PVB;ES;17/10/2022;17/10/2022;52.68;
15/10/2022;GDAES_D+1;PVB;ES;16/10/2022;16/10/2022;64.43;
14/10/2022;GDAES_D+1;PVB;ES;15/10/2022;15/10/2022;52.37;
14/10/2022;GMAES;PVB;ES;01/11/2022;30/11/2022;83.0;
14/10/2022;GQES_Q+1;PVB;ES;01/01/2023;31/03/2023;127.34;
14/10/2022;GYES_Y+1;PVB;ES;01/01/2023;31/12/2023;133.0;
13/10/2022;GDAES_D+1;PVB;ES;14/10/2022;14/10/2022;68.0;
13/10/2022;GMAES;PVB;ES;01/11/2022;30/11/2022;101.8;
13/10/2022;GQES_Q+1;PVB;ES;01/01/2023;31/03/2023;127.49;
13/10/2022;GYES_Y+1;PVB;ES;01/01/2023;31/12/2023;127.9;
12/10/2022;GDAES_D+1;PVB;ES;13/10/2022;13/10/2022;75.45;
12/10/2022;GMAES;PVB;ES;01/11/2022;30/11/2022;100.19;
12/10/2022;GQES_Q+1;PVB;ES;01/01/2023;31/03/2023;130.76;
12/10/2022;GYES_Y+1;PVB;ES;01/01/2023;31/12/2023;136.56;
11/10/2022;GDAES_D+1;PVB;ES;12/10/2022;12/10/2022;80.0;
11/10/2022;GMAES;PVB;ES;01/11/2022;30/11/2022;93.0;
11/10/2022;GQES_Q+1;PVB;ES;01/01/2023;31/03/2023;124.69;
11/10/2022;GYES_Y+1;PVB;ES;01/01/2023;31/12/2023;136.35;
10/10/2022;GDAES_D+1;PVB;ES;11/10/2022;11/10/2022;80.9;
10/10/2022;GMAES;PVB;ES;01/11/2022;30/11/2022;88.96;
10/10/2022;GQES_Q+1;PVB;ES;01/01/2023;31/03/2023;124.69;
10/10/2022;GYES_Y+1;PVB;ES;01/01/2023;31/12/2023;136.35;
09/10/2022;GDAES_D+1;PVB;ES;10/10/2022;10/10/2022;93.74;
08/10/2022;GDAES_D+1;PVB;ES;09/10/2022;09/10/2022;79.19;
07/10/2022;GDAES_D+1;PVB;ES;08/10/2022;08/10/2022;78.47;
07/10/2022;GMAES;PVB;ES;01/11/2022;30/11/2022;90.0;
07/10/2022;GQES_Q+1;PVB;ES;01/01/2023;31/03/2023;125.85;
07/10/2022;GYES_Y+1;PVB;ES;01/01/2023;31/12/2023;134.8;
06/10/2022;GDAES_D+1;PVB;ES;07/10/2022;07/10/2022;78.85;
06/10/2022;GMAES;PVB;ES;01/11/2022;30/11/2022;108.3;
06/10/2022;GQES_Q+1;PVB;ES;01/01/2023;31/03/2023;139.26;
06/10/2022;GYES_Y+1;PVB;ES;01/01/2023;31/12/2023;145.08;
05/10/2022;GDAES_D+1;PVB;ES;06/10/2022;06/10/2022;88.7;
05/10/2022;GMAES;PVB;ES;01/11/2022;30/11/2022;115.93;
05/10/2022;GQES_Q+1;PVB;ES;01/01/2023;31/03/2023;140.09;
05/10/2022;GYES_Y+1;PVB;ES;01/01/2023;31/12/2023;143.28;
04/10/2022;GDAES_D+1;PVB;ES;05/10/2022;05/10/2022;94.57;
04/10/2022;GMAES;PVB;ES;01/11/2022;30/11/2022;105.9;
04/10/2022;GQES_Q+1;PVB;ES;01/01/2023;31/03/2023;128.99;
04/10/2022;GYES_Y+1;PVB;ES;01/01/2023;31/12/2023;131.88;
03/10/2022;GDAES_D+1;PVB;ES;04/10/2022;04/10/2022;107.24;
03/10/2022;GMAES;PVB;ES;01/11/2022;30/11/2022;97.0;
03/10/2022;GQES_Q+1;PVB;ES;01/01/2023;31/03/2023;127.36;
03/10/2022;GYES_Y+1;PVB;ES;01/01/2023;31/12/2023;133.82;
02/10/2022;GDAES_D+1;PVB;ES;03/10/2022;03/10/2022;125.5;
01/10/2022;GDAES_D+1;PVB;ES;02/10/2022;02/10/2022;97.48;
30/09/2022;GDAES_D+1;PVB;ES;01/10/2022;01/10/2022;80.0;
30/09/2022;GMAES;PVB;ES;01/10/2022;31/10/2022;78.0;
30/09/2022;GYES_Y+1;PVB;ES;01/01/2023;31/12/2023;142.67;
29/09/2022;GDAES_D+1;PVB;ES;30/09/2022;30/09/2022;85.0;
29/09/2022;GMAES;PVB;ES;01/10/2022;31/10/2022;86.89;
29/09/2022;GQES_Q+1;PVB;ES;01/10/2022;31/12/2022;107.98;
29/09/2022;GYES_Y+1;PVB;ES;01/01/2023;31/12/2023;150.0;
28/09/2022;GDAES_D+1;PVB;ES;29/09/2022;29/09/2022;92.3;
28/09/2022;GMAES;PVB;ES;01/10/2022;31/10/2022;105.0;
28/09/2022;GQES_Q+1;PVB;ES;01/10/2022;31/12/2022;124.52;
28/09/2022;GYES_Y+1;PVB;ES;01/01/2023;31/12/2023;170.95;
27/09/2022;GDAES_D+1;PVB;ES;28/09/2022;28/09/2022;91.95;
27/09/2022;GMAES;PVB;ES;01/10/2022;31/10/2022;112.0;
27/09/2022;GQES_Q+1;PVB;ES;01/10/2022;31/12/2022;124.63;
27/09/2022;GYES_Y+1;PVB;ES;01/01/2023;31/12/2023;163.14;
26/09/2022;GDAES_D+1;PVB;ES;27/09/2022;27/09/2022;83.7;
26/09/2022;GMAES;PVB;ES;01/10/2022;31/10/2022;100.0;
26/09/2022;GQES_Q+1;PVB;ES;01/10/2022;31/12/2022;126.23;
26/09/2022;GYES_Y+1;PVB;ES;01/01/2023;31/12/2023;156.03;
25/09/2022;GDAES_D+1;PVB;ES;26/09/2022;26/09/2022;94.16;
24/09/2022;GDAES_D+1;PVB;ES;25/09/2022;25/09/2022;95.49;
23/09/2022;GDAES_D+1;PVB;ES;24/09/2022;24/09/2022;95.0;
23/09/2022;GMAES;PVB;ES;01/10/2022;31/10/2022;110.0;
23/09/2022;GQES_Q+1;PVB;ES;01/10/2022;31/12/2022;136.46;
23/09/2022;GYES_Y+1;PVB;ES;01/01/2023;31/12/2023;161.23;
22/09/2022;GDAES_D+1;PVB;ES;23/09/2022;23/09/2022;105.63;
22/09/2022;GMAES;PVB;ES;01/10/2022;31/10/2022;116.5;
22/09/2022;GQES_Q+1;PVB;ES;01/10/2022;31/12/2022;140.47;
22/09/2022;GYES_Y+1;PVB;ES;01/01/2023;31/12/2023;161.05;
21/09/2022;GDAES_D+1;PVB;ES;22/09/2022;22/09/2022;104.05;
21/09/2022;GMAES;PVB;ES;01/10/2022;31/10/2022;125.0;
21/09/2022;GQES_Q+1;PVB;ES;01/10/2022;31/12/2022;143.78;
21/09/2022;GYES_Y+1;PVB;ES;01/01/2023;31/12/2023;163.33;
20/09/2022;GDAES_D+1;PVB;ES;21/09/2022;21/09/2022;118.08;
20/09/2022;GMAES;PVB;ES;01/10/2022;31/10/2022;133.67;
20/09/2022;GQES_Q+1;PVB;ES;01/10/2022;31/12/2022;146.9;
20/09/2022;GYES_Y+1;PVB;ES;01/01/2023;31/12/2023;162.09;
19/09/2022;GDAES_D+1;PVB;ES;20/09/2022;20/09/2022;104.85;
19/09/2022;GMAES;PVB;ES;01/10/2022;31/10/2022;130.26;
19/09/2022;GQES_Q+1;PVB;ES;01/10/2022;31/12/2022;139.81;
19/09/2022;GYES_Y+1;PVB;ES;01/01/2023;31/12/2023;152.99;
18/09/2022;GDAES_D+1;PVB;ES;19/09/2022;19/09/2022;114.73;
17/09/2022;GDAES_D+1;PVB;ES;18/09/2022;18/09/2022;118.16;
16/09/2022;GDAES_D+1;PVB;ES;17/09/2022;17/09/2022;107.59;
16/09/2022;GMAES;PVB;ES;01/10/2022;31/10/2022;120.0;
16/09/2022;GQES_Q+1;PVB;ES;01/10/2022;31/12/2022;144.21;
16/09/2022;GYES_Y+1;PVB;ES;01/01/2023;31/12/2023;156.22;
15/09/2022;GDAES_D+1;PVB;ES;16/09/2022;16/09/2022;135.0;
15/09/2022;GMAES;PVB;ES;01/10/2022;31/10/2022;155.44;
15/09/2022;GQES_Q+1;PVB;ES;01/10/2022;31/12/2022;166.67;
15/09/2022;GYES_Y+1;PVB;ES;01/01/2023;31/12/2023;180.59;
14/09/2022;GDAES_D+1;PVB;ES;15/09/2022;15/09/2022;167.5;
14/09/2022;GMAES;PVB;ES;01/10/2022;31/10/2022;171.0;
14/09/2022;GQES_Q+1;PVB;ES;01/10/2022;31/12/2022;167.78;
14/09/2022;GYES_Y+1;PVB;ES;01/01/2023;31/12/2023;174.5;
13/09/2022;GDAES_D+1;PVB;ES;14/09/2022;14/09/2022;138.53;
13/09/2022;GMAES;PVB;ES;01/10/2022;31/10/2022;154.5;
13/09/2022;GQES_Q+1;PVB;ES;01/10/2022;31/12/2022;150.26;
13/09/2022;GYES_Y+1;PVB;ES;01/01/2023;31/12/2023;156.71;
12/09/2022;GDAES_D+1;PVB;ES;13/09/2022;13/09/2022;131.78;
12/09/2022;GMAES;PVB;ES;01/10/2022;31/10/2022;136.5;
12/09/2022;GQES_Q+1;PVB;ES;01/10/2022;31/12/2022;151.19;
12/09/2022;GYES_Y+1;PVB;ES;01/01/2023;31/12/2023;154.58;
11/09/2022;GDAES_D+1;PVB;ES;12/09/2022;12/09/2022;148.94;
10/09/2022;GDAES_D+1;PVB;ES;11/09/2022;11/09/2022;142.5;
09/09/2022;GDAES_D+1;PVB;ES;10/09/2022;10/09/2022;134.73;
09/09/2022;GMAES;PVB;ES;01/10/2022;31/10/2022;130.0;
09/09/2022;GQES_Q+1;PVB;ES;01/10/2022;31/12/2022;154.1;
09/09/2022;GYES_Y+1;PVB;ES;01/01/2023;31/12/2023;162.37;
08/09/2022;GDAES_D+1;PVB;ES;09/09/2022;09/09/2022;144.0;
08/09/2022;GMAES;PVB;ES;01/10/2022;31/10/2022;135.0;
08/09/2022;GQES_Q+1;PVB;ES;01/10/2022;31/12/2022;167.05;
08/09/2022;GYES_Y+1;PVB;ES;01/01/2023;31/12/2023;177.47;
07/09/2022;GDAES_D+1;PVB;ES;08/09/2022;08/09/2022;105.0;
07/09/2022;GMAES;PVB;ES;01/10/2022;31/10/2022;116.5;
07/09/2022;GQES_Q+1;PVB;ES;01/10/2022;31/12/2022;151.5;
07/09/2022;GYES_Y+1;PVB;ES;01/01/2023;31/12/2023;170.33;
06/09/2022;GDAES_D+1;PVB;ES;07/09/2022;07/09/2022;107.2;
06/09/2022;GMAES;PVB;ES;01/10/2022;31/10/2022;146.43;
06/09/2022;GQES_Q+1;PVB;ES;01/10/2022;31/12/2022;177.84;
06/09/2022;GYES_Y+1;PVB;ES;01/01/2023;31/12/2023;186.35;
05/09/2022;GDAES_D+1;PVB;ES;06/09/2022;06/09/2022;111.15;
05/09/2022;GMAES;PVB;ES;01/10/2022;31/10/2022;147.28;
05/09/2022;GQES_Q+1;PVB;ES;01/10/2022;31/12/2022;184.12;
05/09/2022;GYES_Y+1;PVB;ES;01/01/2023;31/12/2023;183.08;
04/09/2022;GDAES_D+1;PVB;ES;05/09/2022;05/09/2022;133.0;
03/09/2022;GDAES_D+1;PVB;ES;04/09/2022;04/09/2022;126.67;
02/09/2022;GDAES_D+1;PVB;ES;03/09/2022;03/09/2022;100.0;
02/09/2022;GMAES;PVB;ES;01/10/2022;31/10/2022;122.3;
02/09/2022;GQES_Q+1;PVB;ES;01/10/2022;31/12/2022;171.37;
02/09/2022;GYES_Y+1;PVB;ES;01/01/2023;31/12/2023;164.47;
01/09/2022;GDAES_D+1;PVB;ES;02/09/2022;02/09/2022;154.18;
01/09/2022;GMAES;PVB;ES;01/10/2022;31/10/2022;183.33;
01/09/2022;GQES_Q+1;PVB;ES;01/10/2022;31/12/2022;201.0;
01/09/2022;GYES_Y+1;PVB;ES;01/01/2023;31/12/2023;177.89;
31/08/2022;GDAES_D+1;PVB;ES;01/09/2022;01/09/2022;172.0;
31/08/2022;GMAES;PVB;ES;01/09/2022;30/09/2022;167.0;
31/08/2022;GQES_Q+1;PVB;ES;01/10/2022;31/12/2022;192.9;
31/08/2022;GYES_Y+1;PVB;ES;01/01/2023;31/12/2023;174.78;
30/08/2022;GDAES_D+1;PVB;ES;31/08/2022;31/08/2022;188.38;
30/08/2022;GMAES;PVB;ES;01/09/2022;30/09/2022;200.0;
30/08/2022;GQES_Q+1;PVB;ES;01/10/2022;31/12/2022;222.56;
30/08/2022;GYES_Y+1;PVB;ES;01/01/2023;31/12/2023;210.5;
29/08/2022;GDAES_D+1;PVB;ES;30/08/2022;30/08/2022;240.0;
29/08/2022;GMAES;PVB;ES;01/09/2022;30/09/2022;233.0;
29/08/2022;GQES_Q+1;PVB;ES;01/10/2022;31/12/2022;235.87;
29/08/2022;GYES_Y+1;PVB;ES;01/01/2023;31/12/2023;243.29;
28/08/2022;GDAES_D+1;PVB;ES;29/08/2022;29/08/2022;227.83;
27/08/2022;GDAES_D+1;PVB;ES;28/08/2022;28/08/2022;222.8;
26/08/2022;GDAES_D+1;PVB;ES;27/08/2022;27/08/2022;205.0;
26/08/2022;GMAES;PVB;ES;01/09/2022;30/09/2022;230.0;
26/08/2022;GQES_Q+1;PVB;ES;01/10/2022;31/12/2022;288.75;
26/08/2022;GYES_Y+1;PVB;ES;01/01/2023;31/12/2023;291.54;
25/08/2022;GDAES_D+1;PVB;ES;26/08/2022;26/08/2022;218.0;
25/08/2022;GMAES;PVB;ES;01/09/2022;30/09/2022;230.76;
25/08/2022;GQES_Q+1;PVB;ES;01/10/2022;31/12/2022;277.8;
25/08/2022;GYES_Y+1;PVB;ES;01/01/2023;31/12/2023;269.56;
24/08/2022;GDAES_D+1;PVB;ES;25/08/2022;25/08/2022;208.62;
24/08/2022;GMAES;PVB;ES;01/09/2022;30/09/2022;215.0;
24/08/2022;GQES_Q+1;PVB;ES;01/10/2022;31/12/2022;247.47;
24/08/2022;GYES_Y+1;PVB;ES;01/01/2023;31/12/2023;247.47;
23/08/2022;GDAES_D+1;PVB;ES;24/08/2022;24/08/2022;193.54;
23/08/2022;GMAES;PVB;ES;01/09/2022;30/09/2022;195.0;
23/08/2022;GQES_Q+1;PVB;ES;01/10/2022;31/12/2022;218.14;
23/08/2022;GYES_Y+1;PVB;ES;01/01/2023;31/12/2023;229.14;
22/08/2022;GDAES_D+1;PVB;ES;23/08/2022;23/08/2022;216.0;
22/08/2022;GMAES;PVB;ES;01/09/2022;30/09/2022;214.0;
22/08/2022;GQES_Q+1;PVB;ES;01/10/2022;31/12/2022;244.83;
22/08/2022;GYES_Y+1;PVB;ES;01/01/2023;31/12/2023;236.33;
21/08/2022;GDAES_D+1;PVB;ES;22/08/2022;22/08/2022;189.56;
20/08/2022;GDAES_D+1;PVB;ES;21/08/2022;21/08/2022;187.56;
19/08/2022;GDAES_D+1;PVB;ES;20/08/2022;20/08/2022;172.0;
19/08/2022;GMAES;PVB;ES;01/09/2022;30/09/2022;184.0;
19/08/2022;GQES_Q+1;PVB;ES;01/10/2022;31/12/2022;214.41;
19/08/2022;GYES_Y+1;PVB;ES;01/01/2023;31/12/2023;214.92;
18/08/2022;GDAES_D+1;PVB;ES;19/08/2022;19/08/2022;162.95;
18/08/2022;GMAES;PVB;ES;01/09/2022;30/09/2022;174.07;
18/08/2022;GQES_Q+1;PVB;ES;01/10/2022;31/12/2022;211.75;
18/08/2022;GYES_Y+1;PVB;ES;01/01/2023;31/12/2023;209.42;
17/08/2022;GDAES_D+1;PVB;ES;18/08/2022;18/08/2022;158.0;
17/08/2022;GMAES;PVB;ES;01/09/2022;30/09/2022;160.8;
17/08/2022;GQES_Q+1;PVB;ES;01/10/2022;31/12/2022;196.43;
17/08/2022;GYES_Y+1;PVB;ES;01/01/2023;31/12/2023;195.26;
16/08/2022;GDAES_D+1;PVB;ES;17/08/2022;17/08/2022;153.38;
16/08/2022;GMAES;PVB;ES;01/09/2022;30/09/2022;162.77;
16/08/2022;GQES_Q+1;PVB;ES;01/10/2022;31/12/2022;197.72;
16/08/2022;GYES_Y+1;PVB;ES;01/01/2023;31/12/2023;194.61;
15/08/2022;GDAES_D+1;PVB;ES;16/08/2022;16/08/2022;147.59;
15/08/2022;GMAES;PVB;ES;01/09/2022;30/09/2022;156.39;
15/08/2022;GQES_Q+1;PVB;ES;01/10/2022;31/12/2022;192.78;
15/08/2022;GYES_Y+1;PVB;ES;01/01/2023;31/12/2023;188.27;
14/08/2022;GDAES_D+1;PVB;ES;15/08/2022;15/08/2022;146.28;
13/08/2022;GDAES_D+1;PVB;ES;14/08/2022;14/08/2022;148.48;
12/08/2022;GDAES_D+1;PVB;ES;13/08/2022;13/08/2022;148.76;
12/08/2022;GMAES;PVB;ES;01/09/2022;30/09/2022;145.0;
12/08/2022;GQES_Q+1;PVB;ES;01/10/2022;31/12/2022;179.32;
12/08/2022;GYES_Y+1;PVB;ES;01/01/2023;31/12/2023;178.01;
11/08/2022;GDAES_D+1;PVB;ES;12/08/2022;12/08/2022;153.92;
11/08/2022;GMAES;PVB;ES;01/09/2022;30/09/2022;152.55;
11/08/2022;GQES_Q+1;PVB;ES;01/10/2022;31/12/2022;181.09;
11/08/2022;GYES_Y+1;PVB;ES;01/01/2023;31/12/2023;178.16;
10/08/2022;GDAES_D+1;PVB;ES;11/08/2022;11/08/2022;145.0;
10/08/2022;GMAES;PVB;ES;01/09/2022;30/09/2022;146.0;
10/08/2022;GQES_Q+1;PVB;ES;01/10/2022;31/12/2022;176.43;
10/08/2022;GYES_Y+1;PVB;ES;01/01/2023;31/12/2023;167.33;
09/08/2022;GDAES_D+1;PVB;ES;10/08/2022;10/08/2022;123.55;
09/08/2022;GMAES;PVB;ES;01/09/2022;30/09/2022;139.35;
09/08/2022;GQES_Q+1;PVB;ES;01/10/2022;31/12/2022;160.8;
09/08/2022;GYES_Y+1;PVB;ES;01/01/2023;31/12/2023;150.99;
08/08/2022;GDAES_D+1;PVB;ES;09/08/2022;09/08/2022;123.05;
08/08/2022;GMAES;PVB;ES;01/09/2022;30/09/2022;139.45;
08/08/2022;GQES_Q+1;PVB;ES;01/10/2022;31/12/2022;164.71;
08/08/2022;GYES_Y+1;PVB;ES;01/01/2023;31/12/2023;149.78;
07/08/2022;GDAES_D+1;PVB;ES;08/08/2022;08/08/2022;130.39;
06/08/2022;GDAES_D+1;PVB;ES;07/08/2022;07/08/2022;120.61;
05/08/2022;GDAES_D+1;PVB;ES;06/08/2022;06/08/2022;125.91;
05/08/2022;GMAES;PVB;ES;01/09/2022;30/09/2022;139.9;
05/08/2022;GQES_Q+1;PVB;ES;01/10/2022;31/12/2022;166.82;
05/08/2022;GYES_Y+1;PVB;ES;01/01/2023;31/12/2023;148.68;
04/08/2022;GDAES_D+1;PVB;ES;05/08/2022;05/08/2022;134.56;
04/08/2022;GMAES;PVB;ES;01/09/2022;30/09/2022;142.85;
04/08/2022;GQES_Q+1;PVB;ES;01/10/2022;31/12/2022;167.68;
04/08/2022;GYES_Y+1;PVB;ES;01/01/2023;31/12/2023;147.55;
03/08/2022;GDAES_D+1;PVB;ES;04/08/2022;04/08/2022;129.0;
03/08/2022;GMAES;PVB;ES;01/09/2022;30/09/2022;144.9;
03/08/2022;GQES_Q+1;PVB;ES;01/10/2022;31/12/2022;168.32;
03/08/2022;GYES_Y+1;PVB;ES;01/01/2023;31/12/2023;148.02;
02/08/2022;GDAES_D+1;PVB;ES;03/08/2022;03/08/2022;126.76;
02/08/2022;GMAES;PVB;ES;01/09/2022;30/09/2022;140.32;
02/08/2022;GQES_Q+1;PVB;ES;01/10/2022;31/12/2022;175.43;
02/08/2022;GYES_Y+1;PVB;ES;01/01/2023;31/12/2023;148.56;
01/08/2022;GDAES_D+1;PVB;ES;02/08/2022;02/08/2022;122.0;
01/08/2022;GMAES;PVB;ES;01/09/2022;30/09/2022;136.0;
01/08/2022;GQES_Q+1;PVB;ES;01/10/2022;31/12/2022;183.54;
01/08/2022;GYES_Y+1;PVB;ES;01/01/2023;31/12/2023;144.48;
31/07/2022;GDAES_D+1;PVB;ES;01/08/2022;01/08/2022;129.22;
30/07/2022;GDAES_D+1;PVB;ES;31/07/2022;31/07/2022;110.0;
29/07/2022;GDAES_D+1;PVB;ES;30/07/2022;30/07/2022;109.66;
29/07/2022;GMAES;PVB;ES;01/08/2022;31/08/2022;120.0;
29/07/2022;GQES_Q+1;PVB;ES;01/10/2022;31/12/2022;171.66;
29/07/2022;GYES_Y+1;PVB;ES;01/01/2023;31/12/2023;141.81;
28/07/2022;GDAES_D+1;PVB;ES;29/07/2022;29/07/2022;127.1;
28/07/2022;GMAES;PVB;ES;01/08/2022;31/08/2022;141.2;
28/07/2022;GQES_Q+1;PVB;ES;01/10/2022;31/12/2022;180.5;
28/07/2022;GYES_Y+1;PVB;ES;01/01/2023;31/12/2023;142.0;
27/07/2022;GDAES_D+1;PVB;ES;28/07/2022;28/07/2022;134.34;
27/07/2022;GMAES;PVB;ES;01/08/2022;31/08/2022;148.0;
27/07/2022;GQES_Q+1;PVB;ES;01/10/2022;31/12/2022;185.74;
27/07/2022;GYES_Y+1;PVB;ES;01/01/2023;31/12/2023;138.2;
26/07/2022;GDAES_D+1;PVB;ES;27/07/2022;27/07/2022;134.0;
26/07/2022;GMAES;PVB;ES;01/08/2022;31/08/2022;140.65;
26/07/2022;GQES_Q+1;PVB;ES;01/10/2022;31/12/2022;181.94;
26/07/2022;GYES_Y+1;PVB;ES;01/01/2023;31/12/2023;141.22;
25/07/2022;GDAES_D+1;PVB;ES;26/07/2022;26/07/2022;120.2;
25/07/2022;GMAES;PVB;ES;01/08/2022;31/08/2022;135.0;
25/07/2022;GQES_Q+1;PVB;ES;01/10/2022;31/12/2022;159.31;
25/07/2022;GYES_Y+1;PVB;ES;01/01/2023;31/12/2023;128.52;
24/07/2022;GDAES_D+1;PVB;ES;25/07/2022;25/07/2022;132.73;
23/07/2022;GDAES_D+1;PVB;ES;24/07/2022;24/07/2022;128.0;
22/07/2022;GDAES_D+1;PVB;ES;23/07/2022;23/07/2022;115.05;
22/07/2022;GMAES;PVB;ES;01/08/2022;31/08/2022;130.3;
22/07/2022;GQES_Q+1;PVB;ES;01/10/2022;31/12/2022;143.35;
22/07/2022;GYES_Y+1;PVB;ES;01/01/2023;31/12/2023;120.57;
21/07/2022;GDAES_D+1;PVB;ES;22/07/2022;22/07/2022;126.91;
21/07/2022;GMAES;PVB;ES;01/08/2022;31/08/2022;130.86;
21/07/2022;GQES_Q+1;PVB;ES;01/10/2022;31/12/2022;139.58;
21/07/2022;GYES_Y+1;PVB;ES;01/01/2023;31/12/2023;115.99;
20/07/2022;GDAES_D+1;PVB;ES;21/07/2022;21/07/2022;115.17;
20/07/2022;GMAES;PVB;ES;01/08/2022;31/08/2022;118.5;
20/07/2022;GQES_Q+1;PVB;ES;01/10/2022;31/12/2022;141.49;
20/07/2022;GYES_Y+1;PVB;ES;01/01/2023;31/12/2023;115.77;
19/07/2022;GDAES_D+1;PVB;ES;20/07/2022;20/07/2022;111.0;
19/07/2022;GMAES;PVB;ES;01/08/2022;31/08/2022;115.29;
19/07/2022;GQES_Q+1;PVB;ES;01/10/2022;31/12/2022;133.69;
19/07/2022;GYES_Y+1;PVB;ES;01/01/2023;31/12/2023;111.37;
18/07/2022;GDAES_D+1;PVB;ES;19/07/2022;19/07/2022;107.3;
18/07/2022;GMAES;PVB;ES;01/08/2022;31/08/2022;107.6;
18/07/2022;GQES_Q+1;PVB;ES;01/10/2022;31/12/2022;130.85;
18/07/2022;GYES_Y+1;PVB;ES;01/01/2023;31/12/2023;110.53;
17/07/2022;GDAES_D+1;PVB;ES;18/07/2022;18/07/2022;102.0;
16/07/2022;GDAES_D+1;PVB;ES;17/07/2022;17/07/2022;97.24;
15/07/2022;GDAES_D+1;PVB;ES;16/07/2022;16/07/2022;94.75;
15/07/2022;GMAES;PVB;ES;01/08/2022;31/08/2022;110.36;
15/07/2022;GQES_Q+1;PVB;ES;01/10/2022;31/12/2022;124.66;
15/07/2022;GYES_Y+1;PVB;ES;01/01/2023;31/12/2023;110.13;
14/07/2022;GDAES_D+1;PVB;ES;15/07/2022;15/07/2022;123.2;
14/07/2022;GMAES;PVB;ES;01/08/2022;31/08/2022;132.0;
14/07/2022;GQES_Q+1;PVB;ES;01/10/2022;31/12/2022;149.06;
14/07/2022;GYES_Y+1;PVB;ES;01/01/2023;31/12/2023;123.71;
13/07/2022;GDAES_D+1;PVB;ES;14/07/2022;14/07/2022;137.5;
13/07/2022;GMAES;PVB;ES;01/08/2022;31/08/2022;146.01;
13/07/2022;GQES_Q+1;PVB;ES;01/10/2022;31/12/2022;157.67;
13/07/2022;GYES_Y+1;PVB;ES;01/01/2023;31/12/2023;128.8;
12/07/2022;GDAES_D+1;PVB;ES;13/07/2022;13/07/2022;139.63;
12/07/2022;GMAES;PVB;ES;01/08/2022;31/08/2022;141.5;
12/07/2022;GQES_Q+1;PVB;ES;01/10/2022;31/12/2022;152.2;
12/07/2022;GYES_Y+1;PVB;ES;01/01/2023;31/12/2023;126.09;
11/07/2022;GDAES_D+1;PVB;ES;12/07/2022;12/07/2022;134.03;
11/07/2022;GMAES;PVB;ES;01/08/2022;31/08/2022;130.0;
11/07/2022;GQES_Q+1;PVB;ES;01/10/2022;31/12/2022;147.97;
11/07/2022;GYES_Y+1;PVB;ES;01/01/2023;31/12/2023;122.17;
10/07/2022;GDAES_D+1;PVB;ES;11/07/2022;11/07/2022;145.59;
09/07/2022;GDAES_D+1;PVB;ES;10/07/2022;10/07/2022;145.89;
08/07/2022;GDAES_D+1;PVB;ES;09/07/2022;09/07/2022;130.0;
08/07/2022;GMAES;PVB;ES;01/08/2022;31/08/2022;138.0;
08/07/2022;GQES_Q+1;PVB;ES;01/10/2022;31/12/2022;157.51;
08/07/2022;GYES_Y+1;PVB;ES;01/01/2023;31/12/2023;124.82;
07/07/2022;GDAES_D+1;PVB;ES;08/07/2022;08/07/2022;154.5;
07/07/2022;GMAES;PVB;ES;01/08/2022;31/08/2022;157.0;
07/07/2022;GQES_Q+1;PVB;ES;01/10/2022;31/12/2022;165.59;
07/07/2022;GYES_Y+1;PVB;ES;01/01/2023;31/12/2023;130.79;
06/07/2022;GDAES_D+1;PVB;ES;07/07/2022;07/07/2022;141.44;
06/07/2022;GMAES;PVB;ES;01/08/2022;31/08/2022;145.0;
06/07/2022;GQES_Q+1;PVB;ES;01/10/2022;31/12/2022;153.09;
06/07/2022;GYES_Y+1;PVB;ES;01/01/2023;31/12/2023;118.52;
05/07/2022;GDAES_D+1;PVB;ES;06/07/2022;06/07/2022;137.83;
05/07/2022;GMAES;PVB;ES;01/08/2022;31/08/2022;141.54;
05/07/2022;GQES_Q+1;PVB;ES;01/10/2022;31/12/2022;146.19;
05/07/2022;GYES_Y+1;PVB;ES;01/01/2023;31/12/2023;110.95;
04/07/2022;GDAES_D+1;PVB;ES;05/07/2022;05/07/2022;138.3;
04/07/2022;GMAES;PVB;ES;01/08/2022;31/08/2022;138.65;
04/07/2022;GQES_Q+1;PVB;ES;01/10/2022;31/12/2022;147.22;
04/07/2022;GYES_Y+1;PVB;ES;01/01/2023;31/12/2023;109.51;
03/07/2022;GDAES_D+1;PVB;ES;04/07/2022;04/07/2022;138.18;
02/07/2022;GDAES_D+1;PVB;ES;03/07/2022;03/07/2022;129.0;
01/07/2022;GDAES_D+1;PVB;ES;02/07/2022;02/07/2022;120.53;
01/07/2022;GMAES;PVB;ES;01/08/2022;31/08/2022;125.35;
01/07/2022;GQES_Q+1;PVB;ES;01/10/2022;31/12/2022;132.0;
01/07/2022;GYES_Y+1;PVB;ES;01/01/2023;31/12/2023;99.18;
30/06/2022;GDAES_D+1;PVB;ES;01/07/2022;01/07/2022;121.21;
30/06/2022;GMAES;PVB;ES;01/07/2022;31/07/2022;123.02;
30/06/2022;GYES_Y+1;PVB;ES;01/01/2023;31/12/2023;97.6;
29/06/2022;GDAES_D+1;PVB;ES;30/06/2022;30/06/2022;115.88;
29/06/2022;GMAES;PVB;ES;01/07/2022;31/07/2022;120.89;
29/06/2022;GQES_Q+1;PVB;ES;01/07/2022;30/09/2022;123.46;
29/06/2022;GYES_Y+1;PVB;ES;01/01/2023;31/12/2023;95.38;
28/06/2022;GDAES_D+1;PVB;ES;29/06/2022;29/06/2022;113.43;
28/06/2022;GMAES;PVB;ES;01/07/2022;31/07/2022;116.0;
28/06/2022;GQES_Q+1;PVB;ES;01/07/2022;30/09/2022;117.37;
28/06/2022;GYES_Y+1;PVB;ES;01/01/2023;31/12/2023;89.31;
27/06/2022;GDAES_D+1;PVB;ES;28/06/2022;28/06/2022;115.47;
27/06/2022;GMAES;PVB;ES;01/07/2022;31/07/2022;116.75;
27/06/2022;GQES_Q+1;PVB;ES;01/07/2022;30/09/2022;118.74;
27/06/2022;GYES_Y+1;PVB;ES;01/01/2023;31/12/2023;90.81;
26/06/2022;GDAES_D+1;PVB;ES;27/06/2022;27/06/2022;124.05;
25/06/2022;GDAES_D+1;PVB;ES;26/06/2022;26/06/2022;120.46;
24/06/2022;GDAES_D+1;PVB;ES;25/06/2022;25/06/2022;110.93;
24/06/2022;GMAES;PVB;ES;01/07/2022;31/07/2022;115.62;
24/06/2022;GQES_Q+1;PVB;ES;01/07/2022;30/09/2022;117.78;
24/06/2022;GYES_Y+1;PVB;ES;01/01/2023;31/12/2023;90.37;
23/06/2022;GDAES_D+1;PVB;ES;24/06/2022;24/06/2022;117.75;
23/06/2022;GMAES;PVB;ES;01/07/2022;31/07/2022;120.0;
23/06/2022;GQES_Q+1;PVB;ES;01/07/2022;30/09/2022;122.0;
23/06/2022;GYES_Y+1;PVB;ES;01/01/2023;31/12/2023;92.68;
22/06/2022;GDAES_D+1;PVB;ES;23/06/2022;23/06/2022;114.91;
22/06/2022;GMAES;PVB;ES;01/07/2022;31/07/2022;118.22;
22/06/2022;GQES_Q+1;PVB;ES;01/07/2022;30/09/2022;117.18;
22/06/2022;GYES_Y+1;PVB;ES;01/01/2023;31/12/2023;89.97;
21/06/2022;GDAES_D+1;PVB;ES;22/06/2022;22/06/2022;112.94;
21/06/2022;GMAES;PVB;ES;01/07/2022;31/07/2022;115.49;
21/06/2022;GQES_Q+1;PVB;ES;01/07/2022;30/09/2022;114.0;
21/06/2022;GYES_Y+1;PVB;ES;01/01/2023;31/12/2023;86.69;
20/06/2022;GDAES_D+1;PVB;ES;21/06/2022;21/06/2022;108.38;
20/06/2022;GMAES;PVB;ES;01/07/2022;31/07/2022;116.38;
20/06/2022;GQES_Q+1;PVB;ES;01/07/2022;30/09/2022;110.41;
20/06/2022;GYES_Y+1;PVB;ES;01/01/2023;31/12/2023;82.82;
19/06/2022;GDAES_D+1;PVB;ES;20/06/2022;20/06/2022;114.98;
18/06/2022;GDAES_D+1;PVB;ES;19/06/2022;19/06/2022;106.94;
17/06/2022;GDAES_D+1;PVB;ES;18/06/2022;18/06/2022;106.0;
17/06/2022;GMAES;PVB;ES;01/07/2022;31/07/2022;104.14;
17/06/2022;GQES_Q+1;PVB;ES;01/07/2022;30/09/2022;106.42;
17/06/2022;GYES_Y+1;PVB;ES;01/01/2023;31/12/2023;79.08;
16/06/2022;GDAES_D+1;PVB;ES;17/06/2022;17/06/2022;109.0;
16/06/2022;GMAES;PVB;ES;01/07/2022;31/07/2022;105.5;
16/06/2022;GQES_Q+1;PVB;ES;01/07/2022;30/09/2022;111.66;
16/06/2022;GYES_Y+1;PVB;ES;01/01/2023;31/12/2023;85.24;
15/06/2022;GDAES_D+1;PVB;ES;16/06/2022;16/06/2022;105.5;
15/06/2022;GMAES;PVB;ES;01/07/2022;31/07/2022;106.5;
15/06/2022;GQES_Q+1;PVB;ES;01/07/2022;30/09/2022;105.05;
15/06/2022;GYES_Y+1;PVB;ES;01/01/2023;31/12/2023;84.92;
14/06/2022;GDAES_D+1;PVB;ES;15/06/2022;15/06/2022;89.5;
14/06/2022;GMAES;PVB;ES;01/07/2022;31/07/2022;90.0;
14/06/2022;GQES_Q+1;PVB;ES;01/07/2022;30/09/2022;89.6;
14/06/2022;GYES_Y+1;PVB;ES;01/01/2023;31/12/2023;78.41;
13/06/2022;GDAES_D+1;PVB;ES;14/06/2022;14/06/2022;78.75;
13/06/2022;GMAES;PVB;ES;01/07/2022;31/07/2022;79.66;
13/06/2022;GQES_Q+1;PVB;ES;01/07/2022;30/09/2022;78.75;
13/06/2022;GYES_Y+1;PVB;ES;01/01/2023;31/12/2023;74.85;
12/06/2022;GDAES_D+1;PVB;ES;13/06/2022;13/06/2022;80.31;
11/06/2022;GDAES_D+1;PVB;ES;12/06/2022;12/06/2022;75.31;
10/06/2022;GDAES_D+1;PVB;ES;11/06/2022;11/06/2022;77.1;
10/06/2022;GMAES;PVB;ES;01/07/2022;31/07/2022;78.09;
10/06/2022;GQES_Q+1;PVB;ES;01/07/2022;30/09/2022;77.87;
10/06/2022;GYES_Y+1;PVB;ES;01/01/2023;31/12/2023;74.38;
09/06/2022;GDAES_D+1;PVB;ES;10/06/2022;10/06/2022;80.0;
09/06/2022;GMAES;PVB;ES;01/07/2022;31/07/2022;79.41;
09/06/2022;GQES_Q+1;PVB;ES;01/07/2022;30/09/2022;79.59;
09/06/2022;GYES_Y+1;PVB;ES;01/01/2023;31/12/2023;74.81;
08/06/2022;GDAES_D+1;PVB;ES;09/06/2022;09/06/2022;71.25;
08/06/2022;GMAES;PVB;ES;01/07/2022;31/07/2022;71.5;
08/06/2022;GQES_Q+1;PVB;ES;01/07/2022;30/09/2022;71.23;
08/06/2022;GYES_Y+1;PVB;ES;01/01/2023;31/12/2023;72.56;
07/06/2022;GDAES_D+1;PVB;ES;08/06/2022;08/06/2022;73.9;
07/06/2022;GMAES;PVB;ES;01/07/2022;31/07/2022;69.9;
07/06/2022;GQES_Q+1;PVB;ES;01/07/2022;30/09/2022;70.58;
07/06/2022;GYES_Y+1;PVB;ES;01/01/2023;31/12/2023;73.16;
06/06/2022;GDAES_D+1;PVB;ES;07/06/2022;07/06/2022;72.88;
06/06/2022;GMAES;PVB;ES;01/07/2022;31/07/2022;73.0;
06/06/2022;GQES_Q+1;PVB;ES;01/07/2022;30/09/2022;71.46;
06/06/2022;GYES_Y+1;PVB;ES;01/01/2023;31/12/2023;74.03;
05/06/2022;GDAES_D+1;PVB;ES;06/06/2022;06/06/2022;78.4;
04/06/2022;GDAES_D+1;PVB;ES;05/06/2022;05/06/2022;78.96;
03/06/2022;GDAES_D+1;PVB;ES;04/06/2022;04/06/2022;74.73;
03/06/2022;GMAES;PVB;ES;01/07/2022;31/07/2022;74.63;
03/06/2022;GQES_Q+1;PVB;ES;01/07/2022;30/09/2022;73.37;
03/06/2022;GYES_Y+1;PVB;ES;01/01/2023;31/12/2023;74.94;
02/06/2022;GDAES_D+1;PVB;ES;03/06/2022;03/06/2022;76.1;
02/06/2022;GMAES;PVB;ES;01/07/2022;31/07/2022;74.54;
02/06/2022;GQES_Q+1;PVB;ES;01/07/2022;30/09/2022;74.01;
02/06/2022;GYES_Y+1;PVB;ES;01/01/2023;31/12/2023;75.52;
01/06/2022;GDAES_D+1;PVB;ES;02/06/2022;02/06/2022;74.64;
01/06/2022;GMAES;PVB;ES;01/07/2022;31/07/2022;71.45;
01/06/2022;GQES_Q+1;PVB;ES;01/07/2022;30/09/2022;73.2;
01/06/2022;GYES_Y+1;PVB;ES;01/01/2023;31/12/2023;73.08;
31/05/2022;GDAES_D+1;PVB;ES;01/06/2022;01/06/2022;82.13;
31/05/2022;GMAES;PVB;ES;01/06/2022;30/06/2022;80.5;
31/05/2022;GQES_Q+1;PVB;ES;01/07/2022;30/09/2022;80.7;
31/05/2022;GYES_Y+1;PVB;ES;01/01/2023;31/12/2023;74.83;
30/05/2022;GDAES_D+1;PVB;ES;31/05/2022;31/05/2022;79.78;
30/05/2022;GMAES;PVB;ES;01/06/2022;30/06/2022;78.7;
30/05/2022;GQES_Q+1;PVB;ES;01/07/2022;30/09/2022;77.52;
30/05/2022;GYES_Y+1;PVB;ES;01/01/2023;31/12/2023;72.4;
29/05/2022;GDAES_D+1;PVB;ES;30/05/2022;30/05/2022;81.25;
28/05/2022;GDAES_D+1;PVB;ES;29/05/2022;29/05/2022;78.14;
27/05/2022;GDAES_D+1;PVB;ES;28/05/2022;28/05/2022;71.89;
27/05/2022;GMAES;PVB;ES;01/06/2022;30/06/2022;74.5;
27/05/2022;GQES_Q+1;PVB;ES;01/07/2022;30/09/2022;79.5;
27/05/2022;GYES_Y+1;PVB;ES;01/01/2023;31/12/2023;71.1;
26/05/2022;GDAES_D+1;PVB;ES;27/05/2022;27/05/2022;74.59;
26/05/2022;GMAES;PVB;ES;01/06/2022;30/06/2022;74.0;
26/05/2022;GQES_Q+1;PVB;ES;01/07/2022;30/09/2022;78.01;
26/05/2022;GYES_Y+1;PVB;ES;01/01/2023;31/12/2023;69.84;
25/05/2022;GDAES_D+1;PVB;ES;26/05/2022;26/05/2022;74.83;
25/05/2022;GMAES;PVB;ES;01/06/2022;30/06/2022;77.0;
25/05/2022;GQES_Q+1;PVB;ES;01/07/2022;30/09/2022;80.14;
25/05/2022;GYES_Y+1;PVB;ES;01/01/2023;31/12/2023;69.53;
24/05/2022;GDAES_D+1;PVB;ES;25/05/2022;25/05/2022;77.78;
24/05/2022;GMAES;PVB;ES;01/06/2022;30/06/2022;74.0;
24/05/2022;GQES_Q+1;PVB;ES;01/07/2022;30/09/2022;75.89;
24/05/2022;GYES_Y+1;PVB;ES;01/01/2023;31/12/2023;67.2;
23/05/2022;GDAES_D+1;PVB;ES;24/05/2022;24/05/2022;75.0;
23/05/2022;GMAES;PVB;ES;01/06/2022;30/06/2022;73.44;
23/05/2022;GQES_Q+1;PVB;ES;01/07/2022;30/09/2022;75.0;
23/05/2022;GYES_Y+1;PVB;ES;01/01/2023;31/12/2023;66.1;
22/05/2022;GDAES_D+1;PVB;ES;23/05/2022;23/05/2022;81.0;
21/05/2022;GDAES_D+1;PVB;ES;22/05/2022;22/05/2022;77.67;
20/05/2022;GDAES_D+1;PVB;ES;21/05/2022;21/05/2022;73.6;
20/05/2022;GMAES;PVB;ES;01/06/2022;30/06/2022;71.5;
20/05/2022;GQES_Q+1;PVB;ES;01/07/2022;30/09/2022;77.36;
20/05/2022;GYES_Y+1;PVB;ES;01/01/2023;31/12/2023;67.71;
19/05/2022;GDAES_D+1;PVB;ES;20/05/2022;20/05/2022;75.99;
19/05/2022;GMAES;PVB;ES;01/06/2022;30/06/2022;73.0;
19/05/2022;GQES_Q+1;PVB;ES;01/07/2022;30/09/2022;76.78;
19/05/2022;GYES_Y+1;PVB;ES;01/01/2023;31/12/2023;66.01;
18/05/2022;GDAES_D+1;PVB;ES;19/05/2022;19/05/2022;77.05;
18/05/2022;GMAES;PVB;ES;01/06/2022;30/06/2022;74.5;
18/05/2022;GQES_Q+1;PVB;ES;01/07/2022;30/09/2022;77.52;
18/05/2022;GYES_Y+1;PVB;ES;01/01/2023;31/12/2023;65.44;
17/05/2022;GDAES_D+1;PVB;ES;18/05/2022;18/05/2022;71.76;
17/05/2022;GMAES;PVB;ES;01/06/2022;30/06/2022;70.76;
17/05/2022;GQES_Q+1;PVB;ES;01/07/2022;30/09/2022;74.03;
17/05/2022;GYES_Y+1;PVB;ES;01/01/2023;31/12/2023;66.43;
16/05/2022;GDAES_D+1;PVB;ES;17/05/2022;17/05/2022;68.0;
16/05/2022;GMAES;PVB;ES;01/06/2022;30/06/2022;70.82;
16/05/2022;GQES_Q+1;PVB;ES;01/07/2022;30/09/2022;69.47;
16/05/2022;GYES_Y+1;PVB;ES;01/01/2023;31/12/2023;65.04;
15/05/2022;GDAES_D+1;PVB;ES;16/05/2022;16/05/2022;80.0;
14/05/2022;GDAES_D+1;PVB;ES;15/05/2022;15/05/2022;71.91;
13/05/2022;GDAES_D+1;PVB;ES;14/05/2022;14/05/2022;73.19;
13/05/2022;GMAES;PVB;ES;01/06/2022;30/06/2022;74.65;
13/05/2022;GQES_Q+1;PVB;ES;01/07/2022;30/09/2022;73.81;
13/05/2022;GYES_Y+1;PVB;ES;01/01/2023;31/12/2023;65.42;
12/05/2022;GDAES_D+1;PVB;ES;13/05/2022;13/05/2022;79.0;
12/05/2022;GMAES;PVB;ES;01/06/2022;30/06/2022;81.0;
12/05/2022;GQES_Q+1;PVB;ES;01/07/2022;30/09/2022;82.89;
12/05/2022;GYES_Y+1;PVB;ES;01/01/2023;31/12/2023;70.05;
11/05/2022;GDAES_D+1;PVB;ES;12/05/2022;12/05/2022;71.94;
11/05/2022;GMAES;PVB;ES;01/06/2022;30/06/2022;70.35;
11/05/2022;GQES_Q+1;PVB;ES;01/07/2022;30/09/2022;76.91;
11/05/2022;GYES_Y+1;PVB;ES;01/01/2023;31/12/2023;67.7;
10/05/2022;GDAES_D+1;PVB;ES;11/05/2022;11/05/2022;64.25;
10/05/2022;GMAES;PVB;ES;01/06/2022;30/06/2022;70.0;
10/05/2022;GQES_Q+1;PVB;ES;01/07/2022;30/09/2022;77.8;
10/05/2022;GYES_Y+1;PVB;ES;01/01/2023;31/12/2023;68.57;
09/05/2022;GDAES_D+1;PVB;ES;10/05/2022;10/05/2022;72.7;
09/05/2022;GMAES;PVB;ES;01/06/2022;30/06/2022;73.0;
09/05/2022;GQES_Q+1;PVB;ES;01/07/2022;30/09/2022;76.12;
09/05/2022;GYES_Y+1;PVB;ES;01/01/2023;31/12/2023;68.05;
08/05/2022;GDAES_D+1;PVB;ES;09/05/2022;09/05/2022;84.0;
07/05/2022;GDAES_D+1;PVB;ES;08/05/2022;08/05/2022;80.64;
06/05/2022;GDAES_D+1;PVB;ES;07/05/2022;07/05/2022;77.88;
06/05/2022;GMAES;PVB;ES;01/06/2022;30/06/2022;76.55;
06/05/2022;GQES_Q+1;PVB;ES;01/07/2022;30/09/2022;83.39;
06/05/2022;GYES_Y+1;PVB;ES;01/01/2023;31/12/2023;74.34;
05/05/2022;GDAES_D+1;PVB;ES;06/05/2022;06/05/2022;87.0;
05/05/2022;GMAES;PVB;ES;01/06/2022;30/06/2022;82.61;
05/05/2022;GQES_Q+1;PVB;ES;01/07/2022;30/09/2022;88.12;
05/05/2022;GYES_Y+1;PVB;ES;01/01/2023;31/12/2023;76.87;
04/05/2022;GDAES_D+1;PVB;ES;05/05/2022;05/05/2022;82.0;
04/05/2022;GMAES;PVB;ES;01/06/2022;30/06/2022;82.56;
04/05/2022;GQES_Q+1;PVB;ES;01/07/2022;30/09/2022;86.8;
04/05/2022;GYES_Y+1;PVB;ES;01/01/2023;31/12/2023;76.49;
03/05/2022;GDAES_D+1;PVB;ES;04/05/2022;04/05/2022;81.99;
03/05/2022;GMAES;PVB;ES;01/06/2022;30/06/2022;78.0;
03/05/2022;GQES_Q+1;PVB;ES;01/07/2022;30/09/2022;79.11;
03/05/2022;GYES_Y+1;PVB;ES;01/01/2023;31/12/2023;72.59;
02/05/2022;GDAES_D+1;PVB;ES;03/05/2022;03/05/2022;83.12;
02/05/2022;GMAES;PVB;ES;01/06/2022;30/06/2022;82.62;
02/05/2022;GQES_Q+1;PVB;ES;01/07/2022;30/09/2022;79.5;
02/05/2022;GYES_Y+1;PVB;ES;01/01/2023;31/12/2023;72.32;
01/05/2022;GDAES_D+1;PVB;ES;02/05/2022;02/05/2022;85.0;
30/04/2022;GDAES_D+1;PVB;ES;01/05/2022;01/05/2022;75.55;
29/04/2022;GDAES_D+1;PVB;ES;30/04/2022;30/04/2022;77.47;
29/04/2022;GMAES;PVB;ES;01/05/2022;31/05/2022;74.34;
29/04/2022;GQES_Q+1;PVB;ES;01/07/2022;30/09/2022;81.77;
29/04/2022;GYES_Y+1;PVB;ES;01/01/2023;31/12/2023;76.58;
28/04/2022;GDAES_D+1;PVB;ES;29/04/2022;29/04/2022;76.88;
28/04/2022;GMAES;PVB;ES;01/05/2022;31/05/2022;78.8;
28/04/2022;GQES_Q+1;PVB;ES;01/07/2022;30/09/2022;81.93;
28/04/2022;GYES_Y+1;PVB;ES;01/01/2023;31/12/2023;77.34;
27/04/2022;GDAES_D+1;PVB;ES;28/04/2022;28/04/2022;90.08;
27/04/2022;GMAES;PVB;ES;01/05/2022;31/05/2022;85.29;
27/04/2022;GQES_Q+1;PVB;ES;01/07/2022;30/09/2022;90.83;
27/04/2022;GYES_Y+1;PVB;ES;01/01/2023;31/12/2023;79.5;
26/04/2022;GDAES_D+1;PVB;ES;27/04/2022;27/04/2022;82.79;
26/04/2022;GMAES;PVB;ES;01/05/2022;31/05/2022;80.31;
26/04/2022;GQES_Q+1;PVB;ES;01/07/2022;30/09/2022;83.07;
26/04/2022;GYES_Y+1;PVB;ES;01/01/2023;31/12/2023;78.94;
25/04/2022;GDAES_D+1;PVB;ES;26/04/2022;26/04/2022;79.95;
25/04/2022;GMAES;PVB;ES;01/05/2022;31/05/2022;80.65;
25/04/2022;GQES_Q+1;PVB;ES;01/07/2022;30/09/2022;78.7;
25/04/2022;GYES_Y+1;PVB;ES;01/01/2023;31/12/2023;78.34;
24/04/2022;GDAES_D+1;PVB;ES;25/04/2022;25/04/2022;89.27;
23/04/2022;GDAES_D+1;PVB;ES;24/04/2022;24/04/2022;83.56;
22/04/2022;GDAES_D+1;PVB;ES;23/04/2022;23/04/2022;72.46;
22/04/2022;GMAES;PVB;ES;01/05/2022;31/05/2022;77.0;
22/04/2022;GQES_Q+1;PVB;ES;01/07/2022;30/09/2022;81.45;
22/04/2022;GYES_Y+1;PVB;ES;01/01/2023;31/12/2023;82.27;
21/04/2022;GDAES_D+1;PVB;ES;22/04/2022;22/04/2022;86.5;
21/04/2022;GMAES;PVB;ES;01/05/2022;31/05/2022;89.5;
21/04/2022;GQES_Q+1;PVB;ES;01/07/2022;30/09/2022;88.0;
21/04/2022;GYES_Y+1;PVB;ES;01/01/2023;31/12/2023;85.07;
20/04/2022;GDAES_D+1;PVB;ES;21/04/2022;21/04/2022;80.99;
20/04/2022;GMAES;PVB;ES;01/05/2022;31/05/2022;81.0;
20/04/2022;GQES_Q+1;PVB;ES;01/07/2022;30/09/2022;81.64;
20/04/2022;GYES_Y+1;PVB;ES;01/01/2023;31/12/2023;81.27;
19/04/2022;GDAES_D+1;PVB;ES;20/04/2022;20/04/2022;78.23;
19/04/2022;GMAES;PVB;ES;01/05/2022;31/05/2022;79.2;
19/04/2022;GQES_Q+1;PVB;ES;01/07/2022;30/09/2022;79.36;
19/04/2022;GYES_Y+1;PVB;ES;01/01/2023;31/12/2023;78.84;
18/04/2022;GDAES_D+1;PVB;ES;19/04/2022;19/04/2022;64.66;
17/04/2022;GDAES_D+1;PVB;ES;18/04/2022;18/04/2022;55.13;
16/04/2022;GDAES_D+1;PVB;ES;17/04/2022;17/04/2022;71.19;
15/04/2022;GDAES_D+1;PVB;ES;16/04/2022;16/04/2022;71.5;
14/04/2022;GDAES_D+1;PVB;ES;15/04/2022;15/04/2022;77.43;
14/04/2022;GMAES;PVB;ES;01/05/2022;31/05/2022;79.11;
14/04/2022;GQES_Q+1;PVB;ES;01/07/2022;30/09/2022;80.65;
14/04/2022;GYES_Y+1;PVB;ES;01/01/2023;31/12/2023;75.55;
13/04/2022;GDAES_D+1;PVB;ES;14/04/2022;14/04/2022;91.02;
13/04/2022;GMAES;PVB;ES;01/05/2022;31/05/2022;94.43;
13/04/2022;GQES_Q+1;PVB;ES;01/07/2022;30/09/2022;94.86;
13/04/2022;GYES_Y+1;PVB;ES;01/01/2023;31/12/2023;84.2;
12/04/2022;GDAES_D+1;PVB;ES;13/04/2022;13/04/2022;94.2;
12/04/2022;GMAES;PVB;ES;01/05/2022;31/05/2022;91.95;
12/04/2022;GQES_Q+1;PVB;ES;01/07/2022;30/09/2022;93.75;
12/04/2022;GYES_Y+1;PVB;ES;01/01/2023;31/12/2023;80.95;
11/04/2022;GDAES_D+1;PVB;ES;12/04/2022;12/04/2022;94.0;
11/04/2022;GMAES;PVB;ES;01/05/2022;31/05/2022;92.5;
11/04/2022;GQES_Q+1;PVB;ES;01/07/2022;30/09/2022;91.87;
11/04/2022;GYES_Y+1;PVB;ES;01/01/2023;31/12/2023;78.56;
10/04/2022;GDAES_D+1;PVB;ES;11/04/2022;11/04/2022;97.01;
09/04/2022;GDAES_D+1;PVB;ES;10/04/2022;10/04/2022;100.77;
08/04/2022;GDAES_D+1;PVB;ES;09/04/2022;09/04/2022;96.16;
08/04/2022;GMAES;PVB;ES;01/05/2022;31/05/2022;93.6;
08/04/2022;GQES_Q+1;PVB;ES;01/07/2022;30/09/2022;94.4;
08/04/2022;GYES_Y+1;PVB;ES;01/01/2023;31/12/2023;77.95;
07/04/2022;GDAES_D+1;PVB;ES;08/04/2022;08/04/2022;94.33;
07/04/2022;GMAES;PVB;ES;01/05/2022;31/05/2022;95.75;
07/04/2022;GQES_Q+1;PVB;ES;01/07/2022;30/09/2022;96.5;
07/04/2022;GYES_Y+1;PVB;ES;01/01/2023;31/12/2023;74.9;
06/04/2022;GDAES_D+1;PVB;ES;07/04/2022;07/04/2022;101.18;
06/04/2022;GMAES;PVB;ES;01/05/2022;31/05/2022;100.33;
06/04/2022;GQES_Q+1;PVB;ES;01/07/2022;30/09/2022;101.4;
06/04/2022;GYES_Y+1;PVB;ES;01/01/2023;31/12/2023;75.55;
05/04/2022;GDAES_D+1;PVB;ES;06/04/2022;06/04/2022;101.95;
05/04/2022;GMAES;PVB;ES;01/05/2022;31/05/2022;101.5;
05/04/2022;GQES_Q+1;PVB;ES;01/07/2022;30/09/2022;102.74;
05/04/2022;GYES_Y+1;PVB;ES;01/01/2023;31/12/2023;73.99;
04/04/2022;GDAES_D+1;PVB;ES;05/04/2022;05/04/2022;107.0;
04/04/2022;GMAES;PVB;ES;01/05/2022;31/05/2022;103.95;
04/04/2022;GQES_Q+1;PVB;ES;01/07/2022;30/09/2022;103.28;
04/04/2022;GYES_Y+1;PVB;ES;01/01/2023;31/12/2023;70.35;
03/04/2022;GDAES_D+1;PVB;ES;04/04/2022;04/04/2022;115.98;
02/04/2022;GDAES_D+1;PVB;ES;03/04/2022;03/04/2022;115.04;
01/04/2022;GDAES_D+1;PVB;ES;02/04/2022;02/04/2022;113.29;
01/04/2022;GMAES;PVB;ES;01/05/2022;31/05/2022;106.25;
01/04/2022;GQES_Q+1;PVB;ES;01/07/2022;30/09/2022;105.4;
01/04/2022;GYES_Y+1;PVB;ES;01/01/2023;31/12/2023;68.99;
31/03/2022;GDAES_D+1;PVB;ES;01/04/2022;01/04/2022;119.99;
31/03/2022;GMAES;PVB;ES;01/04/2022;30/04/2022;115.96;
31/03/2022;GYES_Y+1;PVB;ES;01/01/2023;31/12/2023;73.2;
30/03/2022;GDAES_D+1;PVB;ES;31/03/2022;31/03/2022;112.46;
30/03/2022;GMAES;PVB;ES;01/04/2022;30/04/2022;112.53;
30/03/2022;GQES_Q+1;PVB;ES;01/04/2022;30/06/2022;112.5;
30/03/2022;GYES_Y+1;PVB;ES;01/01/2023;31/12/2023;71.45;
29/03/2022;GDAES_D+1;PVB;ES;30/03/2022;30/03/2022;102.25;
29/03/2022;GMAES;PVB;ES;01/04/2022;30/04/2022;104.2;
29/03/2022;GQES_Q+1;PVB;ES;01/04/2022;30/06/2022;103.38;
29/03/2022;GYES_Y+1;PVB;ES;01/01/2023;31/12/2023;68.8;
28/03/2022;GDAES_D+1;PVB;ES;29/03/2022;29/03/2022;102.5;
28/03/2022;GMAES;PVB;ES;01/04/2022;30/04/2022;100.5;
28/03/2022;GQES_Q+1;PVB;ES;01/04/2022;30/06/2022;101.25;
28/03/2022;GYES_Y+1;PVB;ES;01/01/2023;31/12/2023;67.85;
27/03/2022;GDAES_D+1;PVB;ES;28/03/2022;28/03/2022;96.2;
26/03/2022;GDAES_D+1;PVB;ES;27/03/2022;27/03/2022;91.46;
25/03/2022;GDAES_D+1;PVB;ES;26/03/2022;26/03/2022;95.2;
25/03/2022;GMAES;PVB;ES;01/04/2022;30/04/2022;93.5;
25/03/2022;GQES_Q+1;PVB;ES;01/04/2022;30/06/2022;93.9;
25/03/2022;GYES_Y+1;PVB;ES;01/01/2023;31/12/2023;68.61;
24/03/2022;GDAES_D+1;PVB;ES;25/03/2022;25/03/2022;102.64;
24/03/2022;GMAES;PVB;ES;01/04/2022;30/04/2022;101.0;
24/03/2022;GQES_Q+1;PVB;ES;01/04/2022;30/06/2022;101.93;
24/03/2022;GYES_Y+1;PVB;ES;01/01/2023;31/12/2023;71.04;
23/03/2022;GDAES_D+1;PVB;ES;24/03/2022;24/03/2022;102.0;
23/03/2022;GMAES;PVB;ES;01/04/2022;30/04/2022;108.55;
23/03/2022;GQES_Q+1;PVB;ES;01/04/2022;30/06/2022;110.5;
23/03/2022;GYES_Y+1;PVB;ES;01/01/2023;31/12/2023;72.66;
22/03/2022;GDAES_D+1;PVB;ES;23/03/2022;23/03/2022;92.4;
22/03/2022;GMAES;PVB;ES;01/04/2022;30/04/2022;94.45;
22/03/2022;GQES_Q+1;PVB;ES;01/04/2022;30/06/2022;95.14;
22/03/2022;GYES_Y+1;PVB;ES;01/01/2023;31/12/2023;65.4;
21/03/2022;GDAES_D+1;PVB;ES;22/03/2022;22/03/2022;93.34;
21/03/2022;GMAES;PVB;ES;01/04/2022;30/04/2022;93.3;
21/03/2022;GQES_Q+1;PVB;ES;01/04/2022;30/06/2022;93.45;
21/03/2022;GYES_Y+1;PVB;ES;01/01/2023;31/12/2023;63.46;
20/03/2022;GDAES_D+1;PVB;ES;21/03/2022;21/03/2022;98.01;
19/03/2022;GDAES_D+1;PVB;ES;20/03/2022;20/03/2022;91.0;
18/03/2022;GDAES_D+1;PVB;ES;19/03/2022;19/03/2022;97.76;
18/03/2022;GMAES;PVB;ES;01/04/2022;30/04/2022;99.22;
18/03/2022;GQES_Q+1;PVB;ES;01/04/2022;30/06/2022;99.43;
18/03/2022;GYES_Y+1;PVB;ES;01/01/2023;31/12/2023;64.07;
17/03/2022;GDAES_D+1;PVB;ES;18/03/2022;18/03/2022;100.8;
17/03/2022;GMAES;PVB;ES;01/04/2022;30/04/2022;100.3;
17/03/2022;GQES_Q+1;PVB;ES;01/04/2022;30/06/2022;100.24;
17/03/2022;GYES_Y+1;PVB;ES;01/01/2023;31/12/2023;62.1;
16/03/2022;GDAES_D+1;PVB;ES;17/03/2022;17/03/2022;100.5;
16/03/2022;GMAES;PVB;ES;01/04/2022;30/04/2022;98.3;
16/03/2022;GQES_Q+1;PVB;ES;01/04/2022;30/06/2022;97.28;
16/03/2022;GYES_Y+1;PVB;ES;01/01/2023;31/12/2023;60.03;
15/03/2022;GDAES_D+1;PVB;ES;16/03/2022;16/03/2022;108.33;
15/03/2022;GMAES;PVB;ES;01/04/2022;30/04/2022;102.01;
15/03/2022;GQES_Q+1;PVB;ES;01/04/2022;30/06/2022;105.34;
15/03/2022;GYES_Y+1;PVB;ES;01/01/2023;31/12/2023;60.56;
14/03/2022;GDAES_D+1;PVB;ES;15/03/2022;15/03/2022;105.08;
14/03/2022;GMAES;PVB;ES;01/04/2022;30/04/2022;102.2;
14/03/2022;GQES_Q+1;PVB;ES;01/04/2022;30/06/2022;104.05;
14/03/2022;GYES_Y+1;PVB;ES;01/01/2023;31/12/2023;65.15;
13/03/2022;GDAES_D+1;PVB;ES;14/03/2022;14/03/2022;119.85;
12/03/2022;GDAES_D+1;PVB;ES;13/03/2022;13/03/2022;110.47;
11/03/2022;GDAES_D+1;PVB;ES;12/03/2022;12/03/2022;119.17;
11/03/2022;GMAES;PVB;ES;01/04/2022;30/04/2022;120.0;
11/03/2022;GQES_Q+1;PVB;ES;01/04/2022;30/06/2022;120.64;
11/03/2022;GYES_Y+1;PVB;ES;01/01/2023;31/12/2023;71.54;
10/03/2022;GDAES_D+1;PVB;ES;11/03/2022;11/03/2022;118.0;
10/03/2022;GMAES;PVB;ES;01/04/2022;30/04/2022;122.5;
10/03/2022;GQES_Q+1;PVB;ES;01/04/2022;30/06/2022;116.9;
10/03/2022;GYES_Y+1;PVB;ES;01/01/2023;31/12/2023;67.69;
09/03/2022;GDAES_D+1;PVB;ES;10/03/2022;10/03/2022;143.9;
09/03/2022;GMAES;PVB;ES;01/04/2022;30/04/2022;139.5;
09/03/2022;GQES_Q+1;PVB;ES;01/04/2022;30/06/2022;136.4;
09/03/2022;GYES_Y+1;PVB;ES;01/01/2023;31/12/2023;74.58;
08/03/2022;GDAES_D+1;PVB;ES;09/03/2022;09/03/2022;200.9;
08/03/2022;GMAES;PVB;ES;01/04/2022;30/04/2022;202.0;
08/03/2022;GQES_Q+1;PVB;ES;01/04/2022;30/06/2022;190.0;
08/03/2022;GYES_Y+1;PVB;ES;01/01/2023;31/12/2023;81.49;
07/03/2022;GDAES_D+1;PVB;ES;08/03/2022;08/03/2022;214.36;
07/03/2022;GMAES;PVB;ES;01/04/2022;30/04/2022;200.1;
07/03/2022;GQES_Q+1;PVB;ES;01/04/2022;30/06/2022;194.5;
07/03/2022;GYES_Y+1;PVB;ES;01/01/2023;31/12/2023;84.57;
06/03/2022;GDAES_D+1;PVB;ES;07/03/2022;07/03/2022;194.15;
05/03/2022;GDAES_D+1;PVB;ES;06/03/2022;06/03/2022;189.8;
04/03/2022;GDAES_D+1;PVB;ES;05/03/2022;05/03/2022;195.08;
04/03/2022;GMAES;PVB;ES;01/04/2022;30/04/2022;191.0;
04/03/2022;GQES_Q+1;PVB;ES;01/04/2022;30/06/2022;185.0;
04/03/2022;GYES_Y+1;PVB;ES;01/01/2023;31/12/2023;82.0;
03/03/2022;GDAES_D+1;PVB;ES;04/03/2022;04/03/2022;151.58;
03/03/2022;GMAES;PVB;ES;01/04/2022;30/04/2022;142.1;
03/03/2022;GQES_Q+1;PVB;ES;01/04/2022;30/06/2022;139.0;
03/03/2022;GYES_Y+1;PVB;ES;01/01/2023;31/12/2023;77.1;
02/03/2022;GDAES_D+1;PVB;ES;03/03/2022;03/03/2022;163.73;
02/03/2022;GMAES;PVB;ES;01/04/2022;30/04/2022;170.92;
02/03/2022;GQES_Q+1;PVB;ES;01/04/2022;30/06/2022;172.0;
02/03/2022;GYES_Y+1;PVB;ES;01/01/2023;31/12/2023;86.1;
01/03/2022;GDAES_D+1;PVB;ES;02/03/2022;02/03/2022;122.1;
01/03/2022;GMAES;PVB;ES;01/04/2022;30/04/2022;115.0;
01/03/2022;GQES_Q+1;PVB;ES;01/04/2022;30/06/2022;118.0;
01/03/2022;GYES_Y+1;PVB;ES;01/01/2023;31/12/2023;70.2;
28/02/2022;GDAES_D+1;PVB;ES;01/03/2022;01/03/2022;99.72;
28/02/2022;GMAES;PVB;ES;01/03/2022;31/03/2022;97.0;
28/02/2022;GQES_Q+1;PVB;ES;01/04/2022;30/06/2022;94.4;
28/02/2022;GYES_Y+1;PVB;ES;01/01/2023;31/12/2023;65.15;
27/02/2022;GDAES_D+1;PVB;ES;28/02/2022;28/02/2022;107.54;
26/02/2022;GDAES_D+1;PVB;ES;27/02/2022;27/02/2022;101.16;
25/02/2022;GDAES_D+1;PVB;ES;26/02/2022;26/02/2022;90.64;
25/02/2022;GMAES;PVB;ES;01/03/2022;31/03/2022;88.65;
25/02/2022;GQES_Q+1;PVB;ES;01/04/2022;30/06/2022;88.9;
25/02/2022;GYES_Y+1;PVB;ES;01/01/2023;31/12/2023;62.69;
24/02/2022;GDAES_D+1;PVB;ES;25/02/2022;25/02/2022;113.05;
24/02/2022;GMAES;PVB;ES;01/03/2022;31/03/2022;113.4;
24/02/2022;GQES_Q+1;PVB;ES;01/04/2022;30/06/2022;112.2;
24/02/2022;GYES_Y+1;PVB;ES;01/01/2023;31/12/2023;77.79;
23/02/2022;GDAES_D+1;PVB;ES;24/02/2022;24/02/2022;87.53;
23/02/2022;GMAES;PVB;ES;01/03/2022;31/03/2022;86.45;
23/02/2022;GQES_Q+1;PVB;ES;01/04/2022;30/06/2022;87.89;
23/02/2022;GYES_Y+1;PVB;ES;01/01/2023;31/12/2023;63.62;
22/02/2022;GDAES_D+1;PVB;ES;23/02/2022;23/02/2022;78.73;
22/02/2022;GMAES;PVB;ES;01/03/2022;31/03/2022;78.1;
22/02/2022;GQES_Q+1;PVB;ES;01/04/2022;30/06/2022;79.0;
22/02/2022;GYES_Y+1;PVB;ES;01/01/2023;31/12/2023;58.0;
21/02/2022;GDAES_D+1;PVB;ES;22/02/2022;22/02/2022;70.98;
21/02/2022;GMAES;PVB;ES;01/03/2022;31/03/2022;71.55;
21/02/2022;GQES_Q+1;PVB;ES;01/04/2022;30/06/2022;72.2;
21/02/2022;GYES_Y+1;PVB;ES;01/01/2023;31/12/2023;52.35;
20/02/2022;GDAES_D+1;PVB;ES;21/02/2022;21/02/2022;77.61;
19/02/2022;GDAES_D+1;PVB;ES;20/02/2022;20/02/2022;73.97;
18/02/2022;GDAES_D+1;PVB;ES;19/02/2022;19/02/2022;69.5;
18/02/2022;GMAES;PVB;ES;01/03/2022;31/03/2022;71.5;
18/02/2022;GQES_Q+1;PVB;ES;01/04/2022;30/06/2022;72.53;
18/02/2022;GYES_Y+1;PVB;ES;01/01/2023;31/12/2023;52.66;
17/02/2022;GDAES_D+1;PVB;ES;18/02/2022;18/02/2022;71.93;
17/02/2022;GMAES;PVB;ES;01/03/2022;31/03/2022;70.56;
17/02/2022;GQES_Q+1;PVB;ES;01/04/2022;30/06/2022;70.68;
17/02/2022;GYES_Y+1;PVB;ES;01/01/2023;31/12/2023;51.35;
16/02/2022;GDAES_D+1;PVB;ES;17/02/2022;17/02/2022;69.17;
16/02/2022;GMAES;PVB;ES;01/03/2022;31/03/2022;68.15;
16/02/2022;GQES_Q+1;PVB;ES;01/04/2022;30/06/2022;68.71;
16/02/2022;GYES_Y+1;PVB;ES;01/01/2023;31/12/2023;51.41;
15/02/2022;GDAES_D+1;PVB;ES;16/02/2022;16/02/2022;68.5;
15/02/2022;GMAES;PVB;ES;01/03/2022;31/03/2022;70.0;
15/02/2022;GQES_Q+1;PVB;ES;01/04/2022;30/06/2022;69.66;
15/02/2022;GYES_Y+1;PVB;ES;01/01/2023;31/12/2023;52.77;
14/02/2022;GDAES_D+1;PVB;ES;15/02/2022;15/02/2022;79.38;
14/02/2022;GMAES;PVB;ES;01/03/2022;31/03/2022;79.9;
14/02/2022;GQES_Q+1;PVB;ES;01/04/2022;30/06/2022;79.65;
14/02/2022;GYES_Y+1;PVB;ES;01/01/2023;31/12/2023;56.71;
13/02/2022;GDAES_D+1;PVB;ES;14/02/2022;14/02/2022;79.44;
12/02/2022;GDAES_D+1;PVB;ES;13/02/2022;13/02/2022;77.27;
11/02/2022;GDAES_D+1;PVB;ES;12/02/2022;12/02/2022;75.6;
11/02/2022;GMAES;PVB;ES;01/03/2022;31/03/2022;74.1;
11/02/2022;GQES_Q+1;PVB;ES;01/04/2022;30/06/2022;76.11;
11/02/2022;GYES_Y+1;PVB;ES;01/01/2023;31/12/2023;54.8;
10/02/2022;GDAES_D+1;PVB;ES;11/02/2022;11/02/2022;74.97;
10/02/2022;GMAES;PVB;ES;01/03/2022;31/03/2022;73.5;
10/02/2022;GQES_Q+1;PVB;ES;01/04/2022;30/06/2022;72.76;
10/02/2022;GYES_Y+1;PVB;ES;01/01/2023;31/12/2023;52.4;
09/02/2022;GDAES_D+1;PVB;ES;10/02/2022;10/02/2022;78.0;
09/02/2022;GMAES;PVB;ES;01/03/2022;31/03/2022;74.65;
09/02/2022;GQES_Q+1;PVB;ES;01/04/2022;30/06/2022;72.53;
09/02/2022;GYES_Y+1;PVB;ES;01/01/2023;31/12/2023;52.1;
08/02/2022;GDAES_D+1;PVB;ES;09/02/2022;09/02/2022;79.11;
08/02/2022;GMAES;PVB;ES;01/03/2022;31/03/2022;79.35;
08/02/2022;GQES_Q+1;PVB;ES;01/04/2022;30/06/2022;79.85;
08/02/2022;GYES_Y+1;PVB;ES;01/01/2023;31/12/2023;53.84;
07/02/2022;GDAES_D+1;PVB;ES;08/02/2022;08/02/2022;78.57;
07/02/2022;GMAES;PVB;ES;01/03/2022;31/03/2022;77.9;
07/02/2022;GQES_Q+1;PVB;ES;01/04/2022;30/06/2022;78.01;
07/02/2022;GYES_Y+1;PVB;ES;01/01/2023;31/12/2023;54.49;
06/02/2022;GDAES_D+1;PVB;ES;07/02/2022;07/02/2022;81.58;
05/02/2022;GDAES_D+1;PVB;ES;06/02/2022;06/02/2022;79.24;
04/02/2022;GDAES_D+1;PVB;ES;05/02/2022;05/02/2022;80.7;
04/02/2022;GMAES;PVB;ES;01/03/2022;31/03/2022;81.15;
04/02/2022;GQES_Q+1;PVB;ES;01/04/2022;30/06/2022;78.2;
04/02/2022;GYES_Y+1;PVB;ES;01/01/2023;31/12/2023;55.63;
03/02/2022;GDAES_D+1;PVB;ES;04/02/2022;04/02/2022;78.66;
03/02/2022;GMAES;PVB;ES;01/03/2022;31/03/2022;78.45;
03/02/2022;GQES_Q+1;PVB;ES;01/04/2022;30/06/2022;77.4;
03/02/2022;GYES_Y+1;PVB;ES;01/01/2023;31/12/2023;53.11;
02/02/2022;GDAES_D+1;PVB;ES;03/02/2022;03/02/2022;79.25;
02/02/2022;GMAES;PVB;ES;01/03/2022;31/03/2022;75.9;
02/02/2022;GQES_Q+1;PVB;ES;01/04/2022;30/06/2022;74.53;
02/02/2022;GYES_Y+1;PVB;ES;01/01/2023;31/12/2023;52.19;
01/02/2022;GDAES_D+1;PVB;ES;02/02/2022;02/02/2022;76.02;
01/02/2022;GMAES;PVB;ES;01/03/2022;31/03/2022;74.8;
01/02/2022;GQES_Q+1;PVB;ES;01/04/2022;30/06/2022;72.7;
01/02/2022;GYES_Y+1;PVB;ES;01/01/2023;31/12/2023;52.0;
31/01/2022;GDAES_D+1;PVB;ES;01/02/2022;01/02/2022;82.29;
31/01/2022;GMAES;PVB;ES;01/02/2022;28/02/2022;84.3;
31/01/2022;GQES_Q+1;PVB;ES;01/04/2022;30/06/2022;80.83;
31/01/2022;GYES_Y+1;PVB;ES;01/01/2023;31/12/2023;55.44;
30/01/2022;GDAES_D+1;PVB;ES;31/01/2022;31/01/2022;92.74;
29/01/2022;GDAES_D+1;PVB;ES;30/01/2022;30/01/2022;93.12;
28/01/2022;GDAES_D+1;PVB;ES;29/01/2022;29/01/2022;91.99;
28/01/2022;GMAES;PVB;ES;01/02/2022;28/02/2022;91.4;
28/01/2022;GQES_Q+1;PVB;ES;01/04/2022;30/06/2022;87.87;
28/01/2022;GYES_Y+1;PVB;ES;01/01/2023;31/12/2023;57.17;
27/01/2022;GDAES_D+1;PVB;ES;28/01/2022;28/01/2022;90.97;
27/01/2022;GMAES;PVB;ES;01/02/2022;28/02/2022;90.45;
27/01/2022;GQES_Q+1;PVB;ES;01/04/2022;30/06/2022;88.01;
27/01/2022;GYES_Y+1;PVB;ES;01/01/2023;31/12/2023;54.65;
26/01/2022;GDAES_D+1;PVB;ES;27/01/2022;27/01/2022;90.83;
26/01/2022;GMAES;PVB;ES;01/02/2022;28/02/2022;90.6;
26/01/2022;GQES_Q+1;PVB;ES;01/04/2022;30/06/2022;85.23;
26/01/2022;GYES_Y+1;PVB;ES;01/01/2023;31/12/2023;52.77;
25/01/2022;GDAES_D+1;PVB;ES;26/01/2022;26/01/2022;91.52;
25/01/2022;GMAES;PVB;ES;01/02/2022;28/02/2022;93.0;
25/01/2022;GQES_Q+1;PVB;ES;01/04/2022;30/06/2022;83.14;
25/01/2022;GYES_Y+1;PVB;ES;01/01/2023;31/12/2023;50.95;
24/01/2022;GDAES_D+1;PVB;ES;25/01/2022;25/01/2022;90.4;
24/01/2022;GMAES;PVB;ES;01/02/2022;28/02/2022;89.5;
24/01/2022;GQES_Q+1;PVB;ES;01/04/2022;30/06/2022;80.73;
24/01/2022;GYES_Y+1;PVB;ES;01/01/2023;31/12/2023;49.53;
23/01/2022;GDAES_D+1;PVB;ES;24/01/2022;24/01/2022;87.0;
22/01/2022;GDAES_D+1;PVB;ES;23/01/2022;23/01/2022;79.99;
21/01/2022;GDAES_D+1;PVB;ES;22/01/2022;22/01/2022;79.0;
21/01/2022;GMAES;PVB;ES;01/02/2022;28/02/2022;77.08;
21/01/2022;GQES_Q+1;PVB;ES;01/04/2022;30/06/2022;68.39;
21/01/2022;GYES_Y+1;PVB;ES;01/01/2023;31/12/2023;45.73;
20/01/2022;GDAES_D+1;PVB;ES;21/01/2022;21/01/2022;76.0;
20/01/2022;GMAES;PVB;ES;01/02/2022;28/02/2022;74.0;
20/01/2022;GQES_Q+1;PVB;ES;01/04/2022;30/06/2022;64.09;
20/01/2022;GYES_Y+1;PVB;ES;01/01/2023;31/12/2023;44.45;
19/01/2022;GDAES_D+1;PVB;ES;20/01/2022;20/01/2022;74.4;
19/01/2022;GMAES;PVB;ES;01/02/2022;28/02/2022;71.9;
19/01/2022;GQES_Q+1;PVB;ES;01/04/2022;30/06/2022;61.53;
19/01/2022;GYES_Y+1;PVB;ES;01/01/2023;31/12/2023;43.43;
18/01/2022;GDAES_D+1;PVB;ES;19/01/2022;19/01/2022;80.5;
18/01/2022;GMAES;PVB;ES;01/02/2022;28/02/2022;76.62;
18/01/2022;GQES_Q+1;PVB;ES;01/04/2022;30/06/2022;64.14;
18/01/2022;GYES_Y+1;PVB;ES;01/01/2023;31/12/2023;44.24;
17/01/2022;GDAES_D+1;PVB;ES;18/01/2022;18/01/2022;78.5;
17/01/2022;GMAES;PVB;ES;01/02/2022;28/02/2022;80.25;
17/01/2022;GQES_Q+1;PVB;ES;01/04/2022;30/06/2022;64.13;
17/01/2022;GYES_Y+1;PVB;ES;01/01/2023;31/12/2023;43.9;
16/01/2022;GDAES_D+1;PVB;ES;17/01/2022;17/01/2022;94.99;
15/01/2022;GDAES_D+1;PVB;ES;16/01/2022;16/01/2022;89.76;
14/01/2022;GDAES_D+1;PVB;ES;15/01/2022;15/01/2022;86.0;
14/01/2022;GMAES;PVB;ES;01/02/2022;28/02/2022;81.0;
14/01/2022;GQES_Q+1;PVB;ES;01/04/2022;30/06/2022;67.17;
14/01/2022;GYES_Y+1;PVB;ES;01/01/2023;31/12/2023;44.97;
13/01/2022;GDAES_D+1;PVB;ES;14/01/2022;14/01/2022;83.47;
13/01/2022;GMAES;PVB;ES;01/02/2022;28/02/2022;81.0;
13/01/2022;GQES_Q+1;PVB;ES;01/04/2022;30/06/2022;64.7;
13/01/2022;GYES_Y+1;PVB;ES;01/01/2023;31/12/2023;44.55;
12/01/2022;GDAES_D+1;PVB;ES;13/01/2022;13/01/2022;74.94;
12/01/2022;GMAES;PVB;ES;01/02/2022;28/02/2022;78.0;
12/01/2022;GQES_Q+1;PVB;ES;01/04/2022;30/06/2022;64.32;
12/01/2022;GYES_Y+1;PVB;ES;01/01/2023;31/12/2023;44.2;
11/01/2022;GDAES_D+1;PVB;ES;12/01/2022;12/01/2022;81.0;
11/01/2022;GMAES;PVB;ES;01/02/2022;28/02/2022;78.0;
11/01/2022;GQES_Q+1;PVB;ES;01/04/2022;30/06/2022;70.94;
11/01/2022;GYES_Y+1;PVB;ES;01/01/2023;31/12/2023;46.42;
10/01/2022;GDAES_D+1;PVB;ES;11/01/2022;11/01/2022;83.4;
10/01/2022;GMAES;PVB;ES;01/02/2022;28/02/2022;87.43;
10/01/2022;GQES_Q+1;PVB;ES;01/04/2022;30/06/2022;77.17;
10/01/2022;GYES_Y+1;PVB;ES;01/01/2023;31/12/2023;48.17;
09/01/2022;GDAES_D+1;PVB;ES;10/01/2022;10/01/2022;90.0;
08/01/2022;GDAES_D+1;PVB;ES;09/01/2022;09/01/2022;83.67;
07/01/2022;GDAES_D+1;PVB;ES;08/01/2022;08/01/2022;84.93;
07/01/2022;GMAES;PVB;ES;01/02/2022;28/02/2022;94.0;
07/01/2022;GQES_Q+1;PVB;ES;01/04/2022;30/06/2022;78.95;
07/01/2022;GYES_Y+1;PVB;ES;01/01/2023;31/12/2023;48.69;
06/01/2022;GDAES_D+1;PVB;ES;07/01/2022;07/01/2022;94.96;
06/01/2022;GMAES;PVB;ES;01/02/2022;28/02/2022;94.0;
06/01/2022;GQES_Q+1;PVB;ES;01/04/2022;30/06/2022;85.92;
06/01/2022;GYES_Y+1;PVB;ES;01/01/2023;31/12/2023;51.75;
05/01/2022;GDAES_D+1;PVB;ES;06/01/2022;06/01/2022;92.8;
05/01/2022;GMAES;PVB;ES;01/02/2022;28/02/2022;94.0;
05/01/2022;GQES_Q+1;PVB;ES;01/04/2022;30/06/2022;82.63;
05/01/2022;GYES_Y+1;PVB;ES;01/01/2023;31/12/2023;50.46;
04/01/2022;GDAES_D+1;PVB;ES;05/01/2022;05/01/2022;85.87;
04/01/2022;GMAES;PVB;ES;01/02/2022;28/02/2022;85.5;
04/01/2022;GQES_Q+1;PVB;ES;01/04/2022;30/06/2022;80.39;
04/01/2022;GYES_Y+1;PVB;ES;01/01/2023;31/12/2023;48.95;
03/01/2022;GDAES_D+1;PVB;ES;04/01/2022;04/01/2022;78.2;
03/01/2022;GMAES;PVB;ES;01/02/2022;28/02/2022;79.5;
03/01/2022;GQES_Q+1;PVB;ES;01/04/2022;30/06/2022;71.81;
03/01/2022;GYES_Y+1;PVB;ES;01/01/2023;31/12/2023;45.51;
02/01/2022;GDAES_D+1;PVB;ES;03/01/2022;03/01/2022;60.5;
01/01/2022;GDAES_D+1;PVB;ES;02/01/2022;02/01/2022;48.56;
31/12/2021;GDAES_D+1;PVB;ES;01/01/2022;01/01/2022;62.44;
31/12/2021;GMAES;PVB;ES;01/01/2022;31/01/2022;62.7;
31/12/2023;GDAES_D+1;PVB;ES;01/01/2024;01/01/2024;31.18;
30/12/2023;GDAES_D+1;PVB;ES;31/12/2023;31/12/2023;30.99;
29/12/2023;GDAES_D+1;PVB;ES;30/12/2023;30/12/2023;31.59;
29/12/2023;GMAES;PVB;ES;01/01/2024;31/01/2024;32.25;
28/12/2023;GDAES_D+1;PVB;ES;29/12/2023;29/12/2023;31.35;
28/12/2023;GMAES;PVB;ES;01/01/2024;31/01/2024;31.2;
28/12/2023;GQES_Q+1;PVB;ES;01/01/2024;31/03/2024;31.55;
28/12/2023;GYES_Y+1;PVB;ES;01/01/2024;31/12/2024;32.48;
27/12/2023;GDAES_D+1;PVB;ES;28/12/2023;28/12/2023;33.26;
27/12/2023;GMAES;PVB;ES;01/01/2024;31/01/2024;33.56;
27/12/2023;GQES_Q+1;PVB;ES;01/01/2024;31/03/2024;33.86;
27/12/2023;GYES_Y+1;PVB;ES;01/01/2024;31/12/2024;34.46;
26/12/2023;GDAES_D+1;PVB;ES;27/12/2023;27/12/2023;34.85;
25/12/2023;GDAES_D+1;PVB;ES;26/12/2023;26/12/2023;33.81;
24/12/2023;GDAES_D+1;PVB;ES;25/12/2023;25/12/2023;33.55;
23/12/2023;GDAES_D+1;PVB;ES;24/12/2023;24/12/2023;32.26;
22/12/2023;GDAES_D+1;PVB;ES;23/12/2023;23/12/2023;33.5;
22/12/2023;GMAES;PVB;ES;01/01/2024;31/01/2024;32.0;
22/12/2023;GQES_Q+1;PVB;ES;01/01/2024;31/03/2024;32.31;
22/12/2023;GYES_Y+1;PVB;ES;01/01/2024;31/12/2024;33.05;
21/12/2023;GDAES_D+1;PVB;ES;22/12/2023;22/12/2023;31.31;
21/12/2023;GMAES;PVB;ES;01/01/2024;31/01/2024;32.25;
21/12/2023;GQES_Q+1;PVB;ES;01/01/2024;31/03/2024;32.81;
21/12/2023;GYES_Y+1;PVB;ES;01/01/2024;31/12/2024;33.8;
20/12/2023;GDAES_D+1;PVB;ES;21/12/2023;21/12/2023;31.5;
20/12/2023;GMAES;PVB;ES;01/01/2024;31/01/2024;31.6;
20/12/2023;GQES_Q+1;PVB;ES;01/01/2024;31/03/2024;31.75;
20/12/2023;GYES_Y+1;PVB;ES;01/01/2024;31/12/2024;32.61;
19/12/2023;GDAES_D+1;PVB;ES;20/12/2023;20/12/2023;30.81;
19/12/2023;GMAES;PVB;ES;01/01/2024;31/01/2024;31.1;
19/12/2023;GQES_Q+1;PVB;ES;01/01/2024;31/03/2024;31.2;
19/12/2023;GYES_Y+1;PVB;ES;01/01/2024;31/12/2024;32.19;
18/12/2023;GDAES_D+1;PVB;ES;19/12/2023;19/12/2023;33.94;
18/12/2023;GMAES;PVB;ES;01/01/2024;31/01/2024;33.41;
18/12/2023;GQES_Q+1;PVB;ES;01/01/2024;31/03/2024;33.7;
18/12/2023;GYES_Y+1;PVB;ES;01/01/2024;31/12/2024;34.6;
17/12/2023;GDAES_D+1;PVB;ES;18/12/2023;18/12/2023;34.49;
16/12/2023;GDAES_D+1;PVB;ES;17/12/2023;17/12/2023;32.49;
15/12/2023;GDAES_D+1;PVB;ES;16/12/2023;16/12/2023;30.76;
15/12/2023;GMAES;PVB;ES;01/01/2024;31/01/2024;31.1;
15/12/2023;GQES_Q+1;PVB;ES;01/01/2024;31/03/2024;31.5;
15/12/2023;GYES_Y+1;PVB;ES;01/01/2024;31/12/2024;32.75;
14/12/2023;GDAES_D+1;PVB;ES;15/12/2023;15/12/2023;31.78;
14/12/2023;GMAES;PVB;ES;01/01/2024;31/01/2024;32.35;
14/12/2023;GQES_Q+1;PVB;ES;01/01/2024;31/03/2024;33.13;
14/12/2023;GYES_Y+1;PVB;ES;01/01/2024;31/12/2024;34.35;
13/12/2023;GDAES_D+1;PVB;ES;14/12/2023;14/12/2023;32.87;
13/12/2023;GMAES;PVB;ES;01/01/2024;31/01/2024;33.1;
13/12/2023;GQES_Q+1;PVB;ES;01/01/2024;31/03/2024;33.64;
13/12/2023;GYES_Y+1;PVB;ES;01/01/2024;31/12/2024;34.8;
12/12/2023;GDAES_D+1;PVB;ES;13/12/2023;13/12/2023;32.07;
12/12/2023;GMAES;PVB;ES;01/01/2024;31/01/2024;32.13;
12/12/2023;GQES_Q+1;PVB;ES;01/01/2024;31/03/2024;33.5;
12/12/2023;GYES_Y+1;PVB;ES;01/01/2024;31/12/2024;34.4;
11/12/2023;GDAES_D+1;PVB;ES;12/12/2023;12/12/2023;33.56;
11/12/2023;GMAES;PVB;ES;01/01/2024;31/01/2024;33.73;
11/12/2023;GQES_Q+1;PVB;ES;01/01/2024;31/03/2024;34.6;
11/12/2023;GYES_Y+1;PVB;ES;01/01/2024;31/12/2024;35.5;
10/12/2023;GDAES_D+1;PVB;ES;11/12/2023;11/12/2023;36.18;
09/12/2023;GDAES_D+1;PVB;ES;10/12/2023;10/12/2023;35.11;
08/12/2023;GDAES_D+1;PVB;ES;09/12/2023;09/12/2023;37.29;
08/12/2023;GMAES;PVB;ES;01/01/2024;31/01/2024;36.12;
08/12/2023;GQES_Q+1;PVB;ES;01/01/2024;31/03/2024;36.46;
08/12/2023;GYES_Y+1;PVB;ES;01/01/2024;31/12/2024;36.98;
07/12/2023;GDAES_D+1;PVB;ES;08/12/2023;08/12/2023;37.5;
07/12/2023;GMAES;PVB;ES;01/01/2024;31/01/2024;37.18;
07/12/2023;GQES_Q+1;PVB;ES;01/01/2024;31/03/2024;37.52;
07/12/2023;GYES_Y+1;PVB;ES;01/01/2024;31/12/2024;37.87;
06/12/2023;GDAES_D+1;PVB;ES;07/12/2023;07/12/2023;36.17;
06/12/2023;GMAES;PVB;ES;01/01/2024;31/01/2024;37.0;
06/12/2023;GQES_Q+1;PVB;ES;01/01/2024;31/03/2024;37.29;
06/12/2023;GYES_Y+1;PVB;ES;01/01/2024;31/12/2024;37.67;
05/12/2023;GDAES_D+1;PVB;ES;06/12/2023;06/12/2023;36.42;
05/12/2023;GMAES;PVB;ES;01/01/2024;31/01/2024;35.15;
05/12/2023;GQES_Q+1;PVB;ES;01/01/2024;31/03/2024;36.1;
05/12/2023;GYES_Y+1;PVB;ES;01/01/2024;31/12/2024;36.9;
04/12/2023;GDAES_D+1;PVB;ES;05/12/2023;05/12/2023;37.87;
04/12/2023;GMAES;PVB;ES;01/01/2024;31/01/2024;37.1;
04/12/2023;GQES_Q+1;PVB;ES;01/01/2024;31/03/2024;37.55;
04/12/2023;GYES_Y+1;PVB;ES;01/01/2024;31/12/2024;38.85;
03/12/2023;GDAES_D+1;PVB;ES;04/12/2023;04/12/2023;42.02;
02/12/2023;GDAES_D+1;PVB;ES;03/12/2023;03/12/2023;42.2;
01/12/2023;GDAES_D+1;PVB;ES;02/12/2023;02/12/2023;40.98;
01/12/2023;GMAES;PVB;ES;01/01/2024;31/01/2024;40.93;
01/12/2023;GQES_Q+1;PVB;ES;01/01/2024;31/03/2024;41.71;
01/12/2023;GYES_Y+1;PVB;ES;01/01/2024;31/12/2024;42.25;
30/11/2023;GDAES_D+1;PVB;ES;01/12/2023;01/12/2023;38.12;
30/11/2023;GMAES;PVB;ES;01/12/2023;31/12/2023;37.88;
30/11/2023;GQES_Q+1;PVB;ES;01/01/2024;31/03/2024;39.89;
30/11/2023;GYES_Y+1;PVB;ES;01/01/2024;31/12/2024;40.35;
29/11/2023;GDAES_D+1;PVB;ES;30/11/2023;30/11/2023;37.13;
29/11/2023;GMAES;PVB;ES;01/12/2023;31/12/2023;36.05;
29/11/2023;GQES_Q+1;PVB;ES;01/01/2024;31/03/2024;38.96;
29/11/2023;GYES_Y+1;PVB;ES;01/01/2024;31/12/2024;39.65;
28/11/2023;GDAES_D+1;PVB;ES;29/11/2023;29/11/2023;40.58;
28/11/2023;GMAES;PVB;ES;01/12/2023;31/12/2023;39.49;
28/11/2023;GQES_Q+1;PVB;ES;01/01/2024;31/03/2024;42.0;
28/11/2023;GYES_Y+1;PVB;ES;01/01/2024;31/12/2024;42.5;
27/11/2023;GDAES_D+1;PVB;ES;28/11/2023;28/11/2023;41.16;
27/11/2023;GMAES;PVB;ES;01/12/2023;31/12/2023;40.34;
27/11/2023;GQES_Q+1;PVB;ES;01/01/2024;31/03/2024;43.23;
27/11/2023;GYES_Y+1;PVB;ES;01/01/2024;31/12/2024;43.2;
26/11/2023;GDAES_D+1;PVB;ES;27/11/2023;27/11/2023;44.53;
25/11/2023;GDAES_D+1;PVB;ES;26/11/2023;26/11/2023;43.53;
24/11/2023;GDAES_D+1;PVB;ES;25/11/2023;25/11/2023;43.1;
24/11/2023;GMAES;PVB;ES;01/12/2023;31/12/2023;43.3;
24/11/2023;GQES_Q+1;PVB;ES;01/01/2024;31/03/2024;45.2;
24/11/2023;GYES_Y+1;PVB;ES;01/01/2024;31/12/2024;45.6;
23/11/2023;GDAES_D+1;PVB;ES;24/11/2023;24/11/2023;41.3;
23/11/2023;GMAES;PVB;ES;01/12/2023;31/12/2023;43.45;
23/11/2023;GQES_Q+1;PVB;ES;01/01/2024;31/03/2024;45.3;
23/11/2023;GYES_Y+1;PVB;ES;01/01/2024;31/12/2024;45.6;
22/11/2023;GDAES_D+1;PVB;ES;23/11/2023;23/11/2023;39.29;
22/11/2023;GMAES;PVB;ES;01/12/2023;31/12/2023;41.23;
22/11/2023;GQES_Q+1;PVB;ES;01/01/2024;31/03/2024;43.68;
22/11/2023;GYES_Y+1;PVB;ES;01/01/2024;31/12/2024;44.0;
21/11/2023;GDAES_D+1;PVB;ES;22/11/2023;22/11/2023;38.05;
21/11/2023;GMAES;PVB;ES;01/12/2023;31/12/2023;40.38;
21/11/2023;GQES_Q+1;PVB;ES;01/01/2024;31/03/2024;43.06;
21/11/2023;GYES_Y+1;PVB;ES;01/01/2024;31/12/2024;43.4;
20/11/2023;GDAES_D+1;PVB;ES;21/11/2023;21/11/2023;40.13;
20/11/2023;GMAES;PVB;ES;01/12/2023;31/12/2023;42.68;
20/11/2023;GQES_Q+1;PVB;ES;01/01/2024;31/03/2024;45.0;
20/11/2023;GYES_Y+1;PVB;ES;01/01/2024;31/12/2024;45.5;
19/11/2023;GDAES_D+1;PVB;ES;20/11/2023;20/11/2023;38.0;
18/11/2023;GDAES_D+1;PVB;ES;19/11/2023;19/11/2023;37.81;
17/11/2023;GDAES_D+1;PVB;ES;18/11/2023;18/11/2023;37.05;
17/11/2023;GMAES;PVB;ES;01/12/2023;31/12/2023;41.75;
17/11/2023;GQES_Q+1;PVB;ES;01/01/2024;31/03/2024;44.3;
17/11/2023;GYES_Y+1;PVB;ES;01/01/2024;31/12/2024;44.84;
16/11/2023;GDAES_D+1;PVB;ES;17/11/2023;17/11/2023;39.77;
16/11/2023;GMAES;PVB;ES;01/12/2023;31/12/2023;42.24;
16/11/2023;GQES_Q+1;PVB;ES;01/01/2024;31/03/2024;45.2;
16/11/2023;GYES_Y+1;PVB;ES;01/01/2024;31/12/2024;45.66;
15/11/2023;GDAES_D+1;PVB;ES;16/11/2023;16/11/2023;40.17;
15/11/2023;GMAES;PVB;ES;01/12/2023;31/12/2023;43.25;
15/11/2023;GQES_Q+1;PVB;ES;01/01/2024;31/03/2024;46.1;
15/11/2023;GYES_Y+1;PVB;ES;01/01/2024;31/12/2024;46.44;
14/11/2023;GDAES_D+1;PVB;ES;15/11/2023;15/11/2023;37.83;
14/11/2023;GMAES;PVB;ES;01/12/2023;31/12/2023;43.89;
14/11/2023;GQES_Q+1;PVB;ES;01/01/2024;31/03/2024;47.2;
14/11/2023;GYES_Y+1;PVB;ES;01/01/2024;31/12/2024;47.3;
13/11/2023;GDAES_D+1;PVB;ES;14/11/2023;14/11/2023;30.04;
13/11/2023;GMAES;PVB;ES;01/12/2023;31/12/2023;42.63;
13/11/2023;GQES_Q+1;PVB;ES;01/01/2024;31/03/2024;47.25;
13/11/2023;GYES_Y+1;PVB;ES;01/01/2024;31/12/2024;47.1;
12/11/2023;GDAES_D+1;PVB;ES;13/11/2023;13/11/2023;30.56;
11/11/2023;GDAES_D+1;PVB;ES;12/11/2023;12/11/2023;33.04;
10/11/2023;GDAES_D+1;PVB;ES;11/11/2023;11/11/2023;34.89;
10/11/2023;GMAES;PVB;ES;01/12/2023;31/12/2023;43.38;
10/11/2023;GQES_Q+1;PVB;ES;01/01/2024;31/03/2024;46.4;
10/11/2023;GYES_Y+1;PVB;ES;01/01/2024;31/12/2024;46.2;
09/11/2023;GDAES_D+1;PVB;ES;10/11/2023;10/11/2023;35.98;
09/11/2023;GMAES;PVB;ES;01/12/2023;31/12/2023;45.23;
09/11/2023;GQES_Q+1;PVB;ES;01/01/2024;31/03/2024;46.79;
09/11/2023;GYES_Y+1;PVB;ES;01/01/2024;31/12/2024;46.31;
08/11/2023;GDAES_D+1;PVB;ES;09/11/2023;09/11/2023;38.98;
08/11/2023;GMAES;PVB;ES;01/12/2023;31/12/2023;42.98;
08/11/2023;GQES_Q+1;PVB;ES;01/01/2024;31/03/2024;45.7;
08/11/2023;GYES_Y+1;PVB;ES;01/01/2024;31/12/2024;45.75;
07/11/2023;GDAES_D+1;PVB;ES;08/11/2023;08/11/2023;40.4;
07/11/2023;GMAES;PVB;ES;01/12/2023;31/12/2023;44.38;
07/11/2023;GQES_Q+1;PVB;ES;01/01/2024;31/03/2024;46.7;
07/11/2023;GYES_Y+1;PVB;ES;01/01/2024;31/12/2024;46.55;
06/11/2023;GDAES_D+1;PVB;ES;07/11/2023;07/11/2023;39.25;
06/11/2023;GMAES;PVB;ES;01/12/2023;31/12/2023;42.59;
06/11/2023;GQES_Q+1;PVB;ES;01/01/2024;31/03/2024;45.25;
06/11/2023;GYES_Y+1;PVB;ES;01/01/2024;31/12/2024;45.3;
05/11/2023;GDAES_D+1;PVB;ES;06/11/2023;06/11/2023;37.92;
04/11/2023;GDAES_D+1;PVB;ES;05/11/2023;05/11/2023;38.1;
03/11/2023;GDAES_D+1;PVB;ES;04/11/2023;04/11/2023;35.03;
03/11/2023;GMAES;PVB;ES;01/12/2023;31/12/2023;45.4;
03/11/2023;GQES_Q+1;PVB;ES;01/01/2024;31/03/2024;48.3;
03/11/2023;GYES_Y+1;PVB;ES;01/01/2024;31/12/2024;48.0;
02/11/2023;GDAES_D+1;PVB;ES;03/11/2023;03/11/2023;34.33;
02/11/2023;GMAES;PVB;ES;01/12/2023;31/12/2023;46.53;
02/11/2023;GQES_Q+1;PVB;ES;01/01/2024;31/03/2024;49.6;
02/11/2023;GYES_Y+1;PVB;ES;01/01/2024;31/12/2024;49.0;
01/11/2023;GDAES_D+1;PVB;ES;02/11/2023;02/11/2023;35.18;
01/11/2023;GMAES;PVB;ES;01/12/2023;31/12/2023;46.0;
01/11/2023;GQES_Q+1;PVB;ES;01/01/2024;31/03/2024;48.41;
01/11/2023;GYES_Y+1;PVB;ES;01/01/2024;31/12/2024;48.72;
31/10/2023;GDAES_D+1;PVB;ES;01/11/2023;01/11/2023;36.45;
31/10/2023;GMAES;PVB;ES;01/11/2023;30/11/2023;40.0;
31/10/2023;GQES_Q+1;PVB;ES;01/01/2024;31/03/2024;48.2;
31/10/2023;GYES_Y+1;PVB;ES;01/01/2024;31/12/2024;47.8;
30/10/2023;GDAES_D+1;PVB;ES;31/10/2023;31/10/2023;45.89;
30/10/2023;GMAES;PVB;ES;01/11/2023;30/11/2023;46.78;
30/10/2023;GQES_Q+1;PVB;ES;01/01/2024;31/03/2024;52.7;
30/10/2023;GYES_Y+1;PVB;ES;01/01/2024;31/12/2024;51.8;
29/10/2023;GDAES_D+1;PVB;ES;30/10/2023;30/10/2023;45.98;
28/10/2023;GDAES_D+1;PVB;ES;29/10/2023;29/10/2023;45.62;
27/10/2023;GDAES_D+1;PVB;ES;28/10/2023;28/10/2023;44.85;
27/10/2023;GMAES;PVB;ES;01/11/2023;30/11/2023;46.88;
27/10/2023;GQES_Q+1;PVB;ES;01/01/2024;31/03/2024;50.82;
27/10/2023;GYES_Y+1;PVB;ES;01/01/2024;31/12/2024;49.9;
26/10/2023;GDAES_D+1;PVB;ES;27/10/2023;27/10/2023;45.02;
26/10/2023;GMAES;PVB;ES;01/11/2023;30/11/2023;47.9;
26/10/2023;GQES_Q+1;PVB;ES;01/01/2024;31/03/2024;52.55;
26/10/2023;GYES_Y+1;PVB;ES;01/01/2024;31/12/2024;51.7;
25/10/2023;GDAES_D+1;PVB;ES;26/10/2023;26/10/2023;45.9;
25/10/2023;GMAES;PVB;ES;01/11/2023;30/11/2023;47.51;
25/10/2023;GQES_Q+1;PVB;ES;01/01/2024;31/03/2024;53.6;
25/10/2023;GYES_Y+1;PVB;ES;01/01/2024;31/12/2024;52.7;
24/10/2023;GDAES_D+1;PVB;ES;25/10/2023;25/10/2023;45.47;
24/10/2023;GMAES;PVB;ES;01/11/2023;30/11/2023;46.29;
24/10/2023;GQES_Q+1;PVB;ES;01/01/2024;31/03/2024;52.9;
24/10/2023;GYES_Y+1;PVB;ES;01/01/2024;31/12/2024;52.1;
23/10/2023;GDAES_D+1;PVB;ES;24/10/2023;24/10/2023;45.44;
23/10/2023;GMAES;PVB;ES;01/11/2023;30/11/2023;48.78;
23/10/2023;GQES_Q+1;PVB;ES;01/01/2024;31/03/2024;55.2;
23/10/2023;GYES_Y+1;PVB;ES;01/01/2024;31/12/2024;55.6;
22/10/2023;GDAES_D+1;PVB;ES;23/10/2023;23/10/2023;48.49;
21/10/2023;GDAES_D+1;PVB;ES;22/10/2023;22/10/2023;44.18;
20/10/2023;GDAES_D+1;PVB;ES;21/10/2023;21/10/2023;44.0;
20/10/2023;GMAES;PVB;ES;01/11/2023;30/11/2023;46.98;
20/10/2023;GQES_Q+1;PVB;ES;01/01/2024;31/03/2024;55.45;
20/10/2023;GYES_Y+1;PVB;ES;01/01/2024;31/12/2024;54.4;
19/10/2023;GDAES_D+1;PVB;ES;20/10/2023;20/10/2023;40.59;
19/10/2023;GMAES;PVB;ES;01/11/2023;30/11/2023;47.49;
19/10/2023;GQES_Q+1;PVB;ES;01/01/2024;31/03/2024;55.4;
19/10/2023;GYES_Y+1;PVB;ES;01/01/2024;31/12/2024;54.6;
18/10/2023;GDAES_D+1;PVB;ES;19/10/2023;19/10/2023;42.96;
18/10/2023;GMAES;PVB;ES;01/11/2023;30/11/2023;47.5;
18/10/2023;GQES_Q+1;PVB;ES;01/01/2024;31/03/2024;55.35;
18/10/2023;GYES_Y+1;PVB;ES;01/01/2024;31/12/2024;54.35;
17/10/2023;GDAES_D+1;PVB;ES;18/10/2023;18/10/2023;41.56;
17/10/2023;GMAES;PVB;ES;01/11/2023;30/11/2023;46.43;
17/10/2023;GQES_Q+1;PVB;ES;01/01/2024;31/03/2024;53.75;
17/10/2023;GYES_Y+1;PVB;ES;01/01/2024;31/12/2024;52.55;
16/10/2023;GDAES_D+1;PVB;ES;17/10/2023;17/10/2023;45.14;
16/10/2023;GMAES;PVB;ES;01/11/2023;30/11/2023;46.23;
16/10/2023;GQES_Q+1;PVB;ES;01/01/2024;31/03/2024;51.56;
16/10/2023;GYES_Y+1;PVB;ES;01/01/2024;31/12/2024;50.84;
15/10/2023;GDAES_D+1;PVB;ES;16/10/2023;16/10/2023;52.56;
14/10/2023;GDAES_D+1;PVB;ES;15/10/2023;15/10/2023;51.9;
13/10/2023;GDAES_D+1;PVB;ES;14/10/2023;14/10/2023;51.34;
13/10/2023;GMAES;PVB;ES;01/11/2023;30/11/2023;52.76;
13/10/2023;GQES_Q+1;PVB;ES;01/01/2024;31/03/2024;55.0;
13/10/2023;GYES_Y+1;PVB;ES;01/01/2024;31/12/2024;54.0;
12/10/2023;GDAES_D+1;PVB;ES;13/10/2023;13/10/2023;48.49;
12/10/2023;GMAES;PVB;ES;01/11/2023;30/11/2023;51.55;
12/10/2023;GQES_Q+1;PVB;ES;01/01/2024;31/03/2024;54.91;
12/10/2023;GYES_Y+1;PVB;ES;01/01/2024;31/12/2024;54.25;
11/10/2023;GDAES_D+1;PVB;ES;12/10/2023;12/10/2023;44.55;
11/10/2023;GMAES;PVB;ES;01/11/2023;30/11/2023;44.43;
11/10/2023;GQES_Q+1;PVB;ES;01/01/2024;31/03/2024;50.1;
11/10/2023;GYES_Y+1;PVB;ES;01/01/2024;31/12/2024;49.65;
10/10/2023;GDAES_D+1;PVB;ES;11/10/2023;11/10/2023;46.6;
10/10/2023;GMAES;PVB;ES;01/11/2023;30/11/2023;47.7;
10/10/2023;GQES_Q+1;PVB;ES;01/01/2024;31/03/2024;51.65;
10/10/2023;GYES_Y+1;PVB;ES;01/01/2024;31/12/2024;50.68;
09/10/2023;GDAES_D+1;PVB;ES;10/10/2023;10/10/2023;41.38;
09/10/2023;GMAES;PVB;ES;01/11/2023;30/11/2023;41.16;
09/10/2023;GQES_Q+1;PVB;ES;01/01/2024;31/03/2024;47.55;
09/10/2023;GYES_Y+1;PVB;ES;01/01/2024;31/12/2024;47.12;
08/10/2023;GDAES_D+1;PVB;ES;09/10/2023;09/10/2023;38.43;
07/10/2023;GDAES_D+1;PVB;ES;08/10/2023;08/10/2023;36.78;
06/10/2023;GDAES_D+1;PVB;ES;07/10/2023;07/10/2023;34.5;
06/10/2023;GMAES;PVB;ES;01/11/2023;30/11/2023;37.2;
06/10/2023;GQES_Q+1;PVB;ES;01/01/2024;31/03/2024;44.4;
06/10/2023;GYES_Y+1;PVB;ES;01/01/2024;31/12/2024;44.25;
05/10/2023;GDAES_D+1;PVB;ES;06/10/2023;06/10/2023;34.36;
05/10/2023;GMAES;PVB;ES;01/11/2023;30/11/2023;35.79;
05/10/2023;GQES_Q+1;PVB;ES;01/01/2024;31/03/2024;43.0;
05/10/2023;GYES_Y+1;PVB;ES;01/01/2024;31/12/2024;43.1;
04/10/2023;GDAES_D+1;PVB;ES;05/10/2023;05/10/2023;34.95;
04/10/2023;GMAES;PVB;ES;01/11/2023;30/11/2023;37.21;
04/10/2023;GQES_Q+1;PVB;ES;01/01/2024;31/03/2024;44.4;
04/10/2023;GYES_Y+1;PVB;ES;01/01/2024;31/12/2024;44.3;
03/10/2023;GDAES_D+1;PVB;ES;04/10/2023;04/10/2023;33.32;
03/10/2023;GMAES;PVB;ES;01/11/2023;30/11/2023;36.85;
03/10/2023;GQES_Q+1;PVB;ES;01/01/2024;31/03/2024;43.45;
03/10/2023;GYES_Y+1;PVB;ES;01/01/2024;31/12/2024;43.3;
02/10/2023;GDAES_D+1;PVB;ES;03/10/2023;03/10/2023;36.46;
02/10/2023;GMAES;PVB;ES;01/11/2023;30/11/2023;38.36;
02/10/2023;GQES_Q+1;PVB;ES;01/01/2024;31/03/2024;45.23;
02/10/2023;GYES_Y+1;PVB;ES;01/01/2024;31/12/2024;44.85;
01/10/2023;GDAES_D+1;PVB;ES;02/10/2023;02/10/2023;41.28;
30/09/2023;GDAES_D+1;PVB;ES;01/10/2023;01/10/2023;38.44;
29/09/2023;GDAES_D+1;PVB;ES;30/09/2023;30/09/2023;37.95;
29/09/2023;GMAES;PVB;ES;01/10/2023;31/10/2023;37.5;
29/09/2023;GQES_Q+1;PVB;ES;01/10/2023;31/12/2023;42.22;
29/09/2023;GYES_Y+1;PVB;ES;01/01/2024;31/12/2024;46.14;
28/09/2023;GDAES_D+1;PVB;ES;29/09/2023;29/09/2023;39.93;
28/09/2023;GMAES;PVB;ES;01/10/2023;31/10/2023;39.96;
28/09/2023;GQES_Q+1;PVB;ES;01/10/2023;31/12/2023;42.22;
28/09/2023;GYES_Y+1;PVB;ES;01/01/2024;31/12/2024;46.11;
27/09/2023;GDAES_D+1;PVB;ES;28/09/2023;28/09/2023;39.52;
27/09/2023;GMAES;PVB;ES;01/10/2023;31/10/2023;39.2;
27/09/2023;GQES_Q+1;PVB;ES;01/10/2023;31/12/2023;42.5;
27/09/2023;GYES_Y+1;PVB;ES;01/01/2024;31/12/2024;47.3;
26/09/2023;GDAES_D+1;PVB;ES;27/09/2023;27/09/2023;40.03;
26/09/2023;GMAES;PVB;ES;01/10/2023;31/10/2023;40.0;
26/09/2023;GQES_Q+1;PVB;ES;01/10/2023;31/12/2023;43.1;
26/09/2023;GYES_Y+1;PVB;ES;01/01/2024;31/12/2024;46.8;
25/09/2023;GDAES_D+1;PVB;ES;26/09/2023;26/09/2023;44.81;
25/09/2023;GMAES;PVB;ES;01/10/2023;31/10/2023;44.15;
25/09/2023;GQES_Q+1;PVB;ES;01/10/2023;31/12/2023;46.87;
25/09/2023;GYES_Y+1;PVB;ES;01/01/2024;31/12/2024;50.3;
24/09/2023;GDAES_D+1;PVB;ES;25/09/2023;25/09/2023;41.11;
23/09/2023;GDAES_D+1;PVB;ES;24/09/2023;24/09/2023;41.18;
22/09/2023;GDAES_D+1;PVB;ES;23/09/2023;23/09/2023;40.28;
22/09/2023;GMAES;PVB;ES;01/10/2023;31/10/2023;40.08;
22/09/2023;GQES_Q+1;PVB;ES;01/10/2023;31/12/2023;42.45;
22/09/2023;GYES_Y+1;PVB;ES;01/01/2024;31/12/2024;48.45;
21/09/2023;GDAES_D+1;PVB;ES;22/09/2023;22/09/2023;38.76;
21/09/2023;GMAES;PVB;ES;01/10/2023;31/10/2023;38.6;
21/09/2023;GQES_Q+1;PVB;ES;01/10/2023;31/12/2023;41.85;
21/09/2023;GYES_Y+1;PVB;ES;01/01/2024;31/12/2024;48.25;
20/09/2023;GDAES_D+1;PVB;ES;21/09/2023;21/09/2023;37.67;
20/09/2023;GMAES;PVB;ES;01/10/2023;31/10/2023;37.39;
20/09/2023;GQES_Q+1;PVB;ES;01/10/2023;31/12/2023;41.25;
20/09/2023;GYES_Y+1;PVB;ES;01/01/2024;31/12/2024;48.45;
19/09/2023;GDAES_D+1;PVB;ES;20/09/2023;20/09/2023;37.7;
19/09/2023;GMAES;PVB;ES;01/10/2023;31/10/2023;37.18;
19/09/2023;GQES_Q+1;PVB;ES;01/10/2023;31/12/2023;42.05;
19/09/2023;GYES_Y+1;PVB;ES;01/01/2024;31/12/2024;49.65;
18/09/2023;GDAES_D+1;PVB;ES;19/09/2023;19/09/2023;35.64;
18/09/2023;GMAES;PVB;ES;01/10/2023;31/10/2023;34.4;
18/09/2023;GQES_Q+1;PVB;ES;01/10/2023;31/12/2023;40.2;
18/09/2023;GYES_Y+1;PVB;ES;01/01/2024;31/12/2024;48.7;
17/09/2023;GDAES_D+1;PVB;ES;18/09/2023;18/09/2023;36.78;
16/09/2023;GDAES_D+1;PVB;ES;17/09/2023;17/09/2023;38.03;
15/09/2023;GDAES_D+1;PVB;ES;16/09/2023;16/09/2023;36.66;
15/09/2023;GMAES;PVB;ES;01/10/2023;31/10/2023;36.03;
15/09/2023;GQES_Q+1;PVB;ES;01/10/2023;31/12/2023;42.81;
15/09/2023;GYES_Y+1;PVB;ES;01/01/2024;31/12/2024;50.05;
14/09/2023;GDAES_D+1;PVB;ES;15/09/2023;15/09/2023;36.1;
14/09/2023;GMAES;PVB;ES;01/10/2023;31/10/2023;35.3;
14/09/2023;GQES_Q+1;PVB;ES;01/10/2023;31/12/2023;41.85;
14/09/2023;GYES_Y+1;PVB;ES;01/01/2024;31/12/2024;50.25;
13/09/2023;GDAES_D+1;PVB;ES;14/09/2023;14/09/2023;36.89;
13/09/2023;GMAES;PVB;ES;01/10/2023;31/10/2023;36.77;
13/09/2023;GQES_Q+1;PVB;ES;01/10/2023;31/12/2023;43.65;
13/09/2023;GYES_Y+1;PVB;ES;01/01/2024;31/12/2024;51.05;
12/09/2023;GDAES_D+1;PVB;ES;13/09/2023;13/09/2023;35.19;
12/09/2023;GMAES;PVB;ES;01/10/2023;31/10/2023;35.08;
12/09/2023;GQES_Q+1;PVB;ES;01/10/2023;31/12/2023;41.45;
12/09/2023;GYES_Y+1;PVB;ES;01/01/2024;31/12/2024;49.65;
11/09/2023;GDAES_D+1;PVB;ES;12/09/2023;12/09/2023;36.96;
11/09/2023;GMAES;PVB;ES;01/10/2023;31/10/2023;37.1;
11/09/2023;GQES_Q+1;PVB;ES;01/10/2023;31/12/2023;43.0;
11/09/2023;GYES_Y+1;PVB;ES;01/01/2024;31/12/2024;50.4;
10/09/2023;GDAES_D+1;PVB;ES;11/09/2023;11/09/2023;39.13;
09/09/2023;GDAES_D+1;PVB;ES;10/09/2023;10/09/2023;36.13;
08/09/2023;GDAES_D+1;PVB;ES;09/09/2023;09/09/2023;34.5;
08/09/2023;GMAES;PVB;ES;01/10/2023;31/10/2023;35.2;
08/09/2023;GQES_Q+1;PVB;ES;01/10/2023;31/12/2023;41.65;
08/09/2023;GYES_Y+1;PVB;ES;01/01/2024;31/12/2024;49.43;
07/09/2023;GDAES_D+1;PVB;ES;08/09/2023;08/09/2023;31.78;
07/09/2023;GMAES;PVB;ES;01/10/2023;31/10/2023;33.44;
07/09/2023;GQES_Q+1;PVB;ES;01/10/2023;31/12/2023;40.7;
07/09/2023;GYES_Y+1;PVB;ES;01/01/2024;31/12/2024;49.7;
06/09/2023;GDAES_D+1;PVB;ES;07/09/2023;07/09/2023;31.67;
06/09/2023;GMAES;PVB;ES;01/10/2023;31/10/2023;32.24;
06/09/2023;GQES_Q+1;PVB;ES;01/10/2023;31/12/2023;39.53;
06/09/2023;GYES_Y+1;PVB;ES;01/01/2024;31/12/2024;50.1;
05/09/2023;GDAES_D+1;PVB;ES;06/09/2023;06/09/2023;34.58;
05/09/2023;GMAES;PVB;ES;01/10/2023;31/10/2023;34.05;
05/09/2023;GQES_Q+1;PVB;ES;01/10/2023;31/12/2023;42.7;
05/09/2023;GYES_Y+1;PVB;ES;01/01/2024;31/12/2024;51.3;
04/09/2023;GDAES_D+1;PVB;ES;05/09/2023;05/09/2023;33.04;
04/09/2023;GMAES;PVB;ES;01/10/2023;31/10/2023;33.6;
04/09/2023;GQES_Q+1;PVB;ES;01/10/2023;31/12/2023;41.34;
04/09/2023;GYES_Y+1;PVB;ES;01/01/2024;31/12/2024;50.07;
03/09/2023;GDAES_D+1;PVB;ES;04/09/2023;04/09/2023;33.62;
02/09/2023;GDAES_D+1;PVB;ES;03/09/2023;03/09/2023;33.39;
01/09/2023;GDAES_D+1;PVB;ES;02/09/2023;02/09/2023;34.51;
01/09/2023;GMAES;PVB;ES;01/10/2023;31/10/2023;34.65;
01/09/2023;GQES_Q+1;PVB;ES;01/10/2023;31/12/2023;42.3;
01/09/2023;GYES_Y+1;PVB;ES;01/01/2024;31/12/2024;51.1;
31/08/2023;GDAES_D+1;PVB;ES;01/09/2023;01/09/2023;34.48;
31/08/2023;GMAES;PVB;ES;01/09/2023;30/09/2023;33.59;
31/08/2023;GQES_Q+1;PVB;ES;01/10/2023;31/12/2023;42.65;
31/08/2023;GYES_Y+1;PVB;ES;01/01/2024;31/12/2024;52.0;
30/08/2023;GDAES_D+1;PVB;ES;31/08/2023;31/08/2023;36.69;
30/08/2023;GMAES;PVB;ES;01/09/2023;30/09/2023;35.63;
30/08/2023;GQES_Q+1;PVB;ES;01/10/2023;31/12/2023;45.33;
30/08/2023;GYES_Y+1;PVB;ES;01/01/2024;31/12/2024;52.5;
29/08/2023;GDAES_D+1;PVB;ES;30/08/2023;30/08/2023;35.63;
29/08/2023;GMAES;PVB;ES;01/09/2023;30/09/2023;35.46;
29/08/2023;GQES_Q+1;PVB;ES;01/10/2023;31/12/2023;44.5;
29/08/2023;GYES_Y+1;PVB;ES;01/01/2024;31/12/2024;51.15;
28/08/2023;GDAES_D+1;PVB;ES;29/08/2023;29/08/2023;37.94;
28/08/2023;GMAES;PVB;ES;01/09/2023;30/09/2023;38.11;
28/08/2023;GQES_Q+1;PVB;ES;01/10/2023;31/12/2023;47.2;
28/08/2023;GYES_Y+1;PVB;ES;01/01/2024;31/12/2024;53.18;
27/08/2023;GDAES_D+1;PVB;ES;28/08/2023;28/08/2023;34.75;
26/08/2023;GDAES_D+1;PVB;ES;27/08/2023;27/08/2023;34.66;
25/08/2023;GDAES_D+1;PVB;ES;26/08/2023;26/08/2023;35.0;
25/08/2023;GMAES;PVB;ES;01/09/2023;30/09/2023;35.01;
25/08/2023;GQES_Q+1;PVB;ES;01/10/2023;31/12/2023;44.3;
25/08/2023;GYES_Y+1;PVB;ES;01/01/2024;31/12/2024;50.61;
24/08/2023;GDAES_D+1;PVB;ES;25/08/2023;25/08/2023;31.51;
24/08/2023;GMAES;PVB;ES;01/09/2023;30/09/2023;31.88;
24/08/2023;GQES_Q+1;PVB;ES;01/10/2023;31/12/2023;44.65;
24/08/2023;GYES_Y+1;PVB;ES;01/01/2024;31/12/2024;49.18;
23/08/2023;GDAES_D+1;PVB;ES;24/08/2023;24/08/2023;36.8;
23/08/2023;GMAES;PVB;ES;01/09/2023;30/09/2023;36.9;
23/08/2023;GQES_Q+1;PVB;ES;01/10/2023;31/12/2023;48.0;
23/08/2023;GYES_Y+1;PVB;ES;01/01/2024;31/12/2024;54.18;
22/08/2023;GDAES_D+1;PVB;ES;23/08/2023;23/08/2023;43.93;
22/08/2023;GMAES;PVB;ES;01/09/2023;30/09/2023;43.04;
22/08/2023;GQES_Q+1;PVB;ES;01/10/2023;31/12/2023;52.8;
22/08/2023;GYES_Y+1;PVB;ES;01/01/2024;31/12/2024;55.99;
21/08/2023;GDAES_D+1;PVB;ES;22/08/2023;22/08/2023;40.0;
21/08/2023;GMAES;PVB;ES;01/09/2023;30/09/2023;39.96;
21/08/2023;GQES_Q+1;PVB;ES;01/10/2023;31/12/2023;50.8;
21/08/2023;GYES_Y+1;PVB;ES;01/01/2024;31/12/2024;55.2;
20/08/2023;GDAES_D+1;PVB;ES;21/08/2023;21/08/2023;40.95;
19/08/2023;GDAES_D+1;PVB;ES;20/08/2023;20/08/2023;37.45;
18/08/2023;GDAES_D+1;PVB;ES;19/08/2023;19/08/2023;35.08;
18/08/2023;GMAES;PVB;ES;01/09/2023;30/09/2023;36.36;
18/08/2023;GQES_Q+1;PVB;ES;01/10/2023;31/12/2023;48.73;
18/08/2023;GYES_Y+1;PVB;ES;01/01/2024;31/12/2024;53.24;
17/08/2023;GDAES_D+1;PVB;ES;18/08/2023;18/08/2023;35.55;
17/08/2023;GMAES;PVB;ES;01/09/2023;30/09/2023;36.44;
17/08/2023;GQES_Q+1;PVB;ES;01/10/2023;31/12/2023;46.19;
17/08/2023;GYES_Y+1;PVB;ES;01/01/2024;31/12/2024;52.81;
16/08/2023;GDAES_D+1;PVB;ES;17/08/2023;17/08/2023;36.87;
16/08/2023;GMAES;PVB;ES;01/09/2023;30/09/2023;37.6;
16/08/2023;GQES_Q+1;PVB;ES;01/10/2023;31/12/2023;48.67;
16/08/2023;GYES_Y+1;PVB;ES;01/01/2024;31/12/2024;53.5;
15/08/2023;GDAES_D+1;PVB;ES;16/08/2023;16/08/2023;35.81;
15/08/2023;GMAES;PVB;ES;01/09/2023;30/09/2023;39.0;
15/08/2023;GQES_Q+1;PVB;ES;01/10/2023;31/12/2023;49.18;
15/08/2023;GYES_Y+1;PVB;ES;01/01/2024;31/12/2024;53.59;
14/08/2023;GDAES_D+1;PVB;ES;15/08/2023;15/08/2023;31.87;
14/08/2023;GMAES;PVB;ES;01/09/2023;30/09/2023;34.5;
14/08/2023;GQES_Q+1;PVB;ES;01/10/2023;31/12/2023;44.63;
14/08/2023;GYES_Y+1;PVB;ES;01/01/2024;31/12/2024;50.31;
13/08/2023;GDAES_D+1;PVB;ES;14/08/2023;14/08/2023;33.38;
12/08/2023;GDAES_D+1;PVB;ES;13/08/2023;13/08/2023;32.25;
11/08/2023;GDAES_D+1;PVB;ES;12/08/2023;12/08/2023;33.37;
11/08/2023;GMAES;PVB;ES;01/09/2023;30/09/2023;34.96;
11/08/2023;GQES_Q+1;PVB;ES;01/10/2023;31/12/2023;44.6;
11/08/2023;GYES_Y+1;PVB;ES;01/01/2024;31/12/2024;50.03;
10/08/2023;GDAES_D+1;PVB;ES;11/08/2023;11/08/2023;36.54;
10/08/2023;GMAES;PVB;ES;01/09/2023;30/09/2023;36.76;
10/08/2023;GQES_Q+1;PVB;ES;01/10/2023;31/12/2023;44.75;
10/08/2023;GYES_Y+1;PVB;ES;01/01/2024;31/12/2024;49.98;
09/08/2023;GDAES_D+1;PVB;ES;10/08/2023;10/08/2023;38.54;
09/08/2023;GMAES;PVB;ES;01/09/2023;30/09/2023;38.42;
09/08/2023;GQES_Q+1;PVB;ES;01/10/2023;31/12/2023;46.74;
09/08/2023;GYES_Y+1;PVB;ES;01/01/2024;31/12/2024;51.39;
08/08/2023;GDAES_D+1;PVB;ES;09/08/2023;09/08/2023;29.94;
08/08/2023;GMAES;PVB;ES;01/09/2023;30/09/2023;31.32;
08/08/2023;GQES_Q+1;PVB;ES;01/10/2023;31/12/2023;41.44;
08/08/2023;GYES_Y+1;PVB;ES;01/01/2024;31/12/2024;48.77;
07/08/2023;GDAES_D+1;PVB;ES;08/08/2023;08/08/2023;29.46;
07/08/2023;GMAES;PVB;ES;01/09/2023;30/09/2023;30.33;
07/08/2023;GQES_Q+1;PVB;ES;01/10/2023;31/12/2023;41.28;
07/08/2023;GYES_Y+1;PVB;ES;01/01/2024;31/12/2024;48.73;
06/08/2023;GDAES_D+1;PVB;ES;07/08/2023;07/08/2023;28.07;
05/08/2023;GDAES_D+1;PVB;ES;06/08/2023;06/08/2023;29.15;
04/08/2023;GDAES_D+1;PVB;ES;05/08/2023;05/08/2023;28.26;
04/08/2023;GMAES;PVB;ES;01/09/2023;30/09/2023;29.15;
04/08/2023;GQES_Q+1;PVB;ES;01/10/2023;31/12/2023;39.85;
04/08/2023;GYES_Y+1;PVB;ES;01/01/2024;31/12/2024;47.88;
03/08/2023;GDAES_D+1;PVB;ES;04/08/2023;04/08/2023;29.67;
03/08/2023;GMAES;PVB;ES;01/09/2023;30/09/2023;30.48;
03/08/2023;GQES_Q+1;PVB;ES;01/10/2023;31/12/2023;40.39;
03/08/2023;GYES_Y+1;PVB;ES;01/01/2024;31/12/2024;48.08;
02/08/2023;GDAES_D+1;PVB;ES;03/08/2023;03/08/2023;27.24;
02/08/2023;GMAES;PVB;ES;01/09/2023;30/09/2023;28.96;
02/08/2023;GQES_Q+1;PVB;ES;01/10/2023;31/12/2023;40.38;
02/08/2023;GYES_Y+1;PVB;ES;01/01/2024;31/12/2024;48.1;
01/08/2023;GDAES_D+1;PVB;ES;02/08/2023;02/08/2023;26.42;
01/08/2023;GMAES;PVB;ES;01/09/2023;30/09/2023;27.61;
01/08/2023;GQES_Q+1;PVB;ES;01/10/2023;31/12/2023;40.26;
01/08/2023;GYES_Y+1;PVB;ES;01/01/2024;31/12/2024;48.45;
31/07/2023;GDAES_D+1;PVB;ES;01/08/2023;01/08/2023;26.74;
31/07/2023;GMAES;PVB;ES;01/08/2023;31/08/2023;26.7;
31/07/2023;GQES_Q+1;PVB;ES;01/10/2023;31/12/2023;41.47;
31/07/2023;GYES_Y+1;PVB;ES;01/01/2024;31/12/2024;50.03;
30/07/2023;GDAES_D+1;PVB;ES;31/07/2023;31/07/2023;24.8;
29/07/2023;GDAES_D+1;PVB;ES;30/07/2023;30/07/2023;24.03;
28/07/2023;GDAES_D+1;PVB;ES;29/07/2023;29/07/2023;25.9;
28/07/2023;GMAES;PVB;ES;01/08/2023;31/08/2023;26.01;
28/07/2023;GQES_Q+1;PVB;ES;01/10/2023;31/12/2023;40.28;
28/07/2023;GYES_Y+1;PVB;ES;01/01/2024;31/12/2024;48.88;
27/07/2023;GDAES_D+1;PVB;ES;28/07/2023;28/07/2023;27.65;
27/07/2023;GMAES;PVB;ES;01/08/2023;31/08/2023;28.27;
27/07/2023;GQES_Q+1;PVB;ES;01/10/2023;31/12/2023;43.4;
27/07/2023;GYES_Y+1;PVB;ES;01/01/2024;31/12/2024;50.94;
26/07/2023;GDAES_D+1;PVB;ES;27/07/2023;27/07/2023;28.59;
26/07/2023;GMAES;PVB;ES;01/08/2023;31/08/2023;28.76;
26/07/2023;GQES_Q+1;PVB;ES;01/10/2023;31/12/2023;43.21;
26/07/2023;GYES_Y+1;PVB;ES;01/01/2024;31/12/2024;50.89;
25/07/2023;GDAES_D+1;PVB;ES;26/07/2023;26/07/2023;32.14;
25/07/2023;GMAES;PVB;ES;01/08/2023;31/08/2023;32.11;
25/07/2023;GQES_Q+1;PVB;ES;01/10/2023;31/12/2023;46.99;
25/07/2023;GYES_Y+1;PVB;ES;01/01/2024;31/12/2024;54.29;
24/07/2023;GDAES_D+1;PVB;ES;25/07/2023;25/07/2023;29.75;
24/07/2023;GMAES;PVB;ES;01/08/2023;31/08/2023;30.13;
24/07/2023;GQES_Q+1;PVB;ES;01/10/2023;31/12/2023;44.49;
24/07/2023;GYES_Y+1;PVB;ES;01/01/2024;31/12/2024;51.9;
23/07/2023;GDAES_D+1;PVB;ES;24/07/2023;24/07/2023;28.15;
22/07/2023;GDAES_D+1;PVB;ES;23/07/2023;23/07/2023;28.5;
21/07/2023;GDAES_D+1;PVB;ES;22/07/2023;22/07/2023;28.62;
21/07/2023;GMAES;PVB;ES;01/08/2023;31/08/2023;27.28;
21/07/2023;GQES_Q+1;PVB;ES;01/10/2023;31/12/2023;43.18;
21/07/2023;GYES_Y+1;PVB;ES;01/01/2024;31/12/2024;50.81;
20/07/2023;GDAES_D+1;PVB;ES;21/07/2023;21/07/2023;29.0;
20/07/2023;GMAES;PVB;ES;01/08/2023;31/08/2023;28.9;
20/07/2023;GQES_Q+1;PVB;ES;01/10/2023;31/12/2023;43.68;
20/07/2023;GYES_Y+1;PVB;ES;01/01/2024;31/12/2024;52.11;
19/07/2023;GDAES_D+1;PVB;ES;20/07/2023;20/07/2023;30.01;
19/07/2023;GMAES;PVB;ES;01/08/2023;31/08/2023;26.75;
19/07/2023;GQES_Q+1;PVB;ES;01/10/2023;31/12/2023;42.9;
19/07/2023;GYES_Y+1;PVB;ES;01/01/2024;31/12/2024;50.05;
18/07/2023;GDAES_D+1;PVB;ES;19/07/2023;19/07/2023;29.85;
18/07/2023;GMAES;PVB;ES;01/08/2023;31/08/2023;27.71;
18/07/2023;GQES_Q+1;PVB;ES;01/10/2023;31/12/2023;42.95;
18/07/2023;GYES_Y+1;PVB;ES;01/01/2024;31/12/2024;49.65;
17/07/2023;GDAES_D+1;PVB;ES;18/07/2023;18/07/2023;26.15;
17/07/2023;GMAES;PVB;ES;01/08/2023;31/08/2023;25.78;
17/07/2023;GQES_Q+1;PVB;ES;01/10/2023;31/12/2023;41.25;
17/07/2023;GYES_Y+1;PVB;ES;01/01/2024;31/12/2024;47.45;
16/07/2023;GDAES_D+1;PVB;ES;17/07/2023;17/07/2023;40.0;
15/07/2023;GDAES_D+1;PVB;ES;16/07/2023;16/07/2023;25.46;
14/07/2023;GDAES_D+1;PVB;ES;15/07/2023;15/07/2023;24.68;
14/07/2023;GMAES;PVB;ES;01/08/2023;31/08/2023;25.21;
14/07/2023;GQES_Q+1;PVB;ES;01/10/2023;31/12/2023;40.33;
14/07/2023;GYES_Y+1;PVB;ES;01/01/2024;31/12/2024;46.91;
13/07/2023;GDAES_D+1;PVB;ES;14/07/2023;14/07/2023;28.44;
13/07/2023;GMAES;PVB;ES;01/08/2023;31/08/2023;27.18;
13/07/2023;GQES_Q+1;PVB;ES;01/10/2023;31/12/2023;40.95;
13/07/2023;GYES_Y+1;PVB;ES;01/01/2024;31/12/2024;47.25;
12/07/2023;GDAES_D+1;PVB;ES;13/07/2023;13/07/2023;28.9;
12/07/2023;GMAES;PVB;ES;01/08/2023;31/08/2023;26.98;
12/07/2023;GQES_Q+1;PVB;ES;01/10/2023;31/12/2023;39.65;
12/07/2023;GYES_Y+1;PVB;ES;01/01/2024;31/12/2024;46.45;
11/07/2023;GDAES_D+1;PVB;ES;12/07/2023;12/07/2023;29.98;
11/07/2023;GMAES;PVB;ES;01/08/2023;31/08/2023;28.63;
11/07/2023;GQES_Q+1;PVB;ES;01/10/2023;31/12/2023;41.35;
11/07/2023;GYES_Y+1;PVB;ES;01/01/2024;31/12/2024;47.95;
10/07/2023;GDAES_D+1;PVB;ES;11/07/2023;11/07/2023;31.52;
10/07/2023;GMAES;PVB;ES;01/08/2023;31/08/2023;29.35;
10/07/2023;GQES_Q+1;PVB;ES;01/10/2023;31/12/2023;42.8;
10/07/2023;GYES_Y+1;PVB;ES;01/01/2024;31/12/2024;47.95;
09/07/2023;GDAES_D+1;PVB;ES;10/07/2023;10/07/2023;34.27;
08/07/2023;GDAES_D+1;PVB;ES;09/07/2023;09/07/2023;32.77;
07/07/2023;GDAES_D+1;PVB;ES;08/07/2023;08/07/2023;32.06;
07/07/2023;GMAES;PVB;ES;01/08/2023;31/08/2023;32.63;
07/07/2023;GQES_Q+1;PVB;ES;01/10/2023;31/12/2023;46.24;
07/07/2023;GYES_Y+1;PVB;ES;01/01/2024;31/12/2024;52.95;
06/07/2023;GDAES_D+1;PVB;ES;07/07/2023;07/07/2023;31.65;
06/07/2023;GMAES;PVB;ES;01/08/2023;31/08/2023;32.11;
06/07/2023;GQES_Q+1;PVB;ES;01/10/2023;31/12/2023;44.62;
06/07/2023;GYES_Y+1;PVB;ES;01/01/2024;31/12/2024;50.97;
05/07/2023;GDAES_D+1;PVB;ES;06/07/2023;06/07/2023;34.61;
05/07/2023;GMAES;PVB;ES;01/08/2023;31/08/2023;34.0;
05/07/2023;GQES_Q+1;PVB;ES;01/10/2023;31/12/2023;45.5;
05/07/2023;GYES_Y+1;PVB;ES;01/01/2024;31/12/2024;50.88;
04/07/2023;GDAES_D+1;PVB;ES;05/07/2023;05/07/2023;34.48;
04/07/2023;GMAES;PVB;ES;01/08/2023;31/08/2023;34.5;
04/07/2023;GQES_Q+1;PVB;ES;01/10/2023;31/12/2023;45.32;
04/07/2023;GYES_Y+1;PVB;ES;01/01/2024;31/12/2024;50.4;
03/07/2023;GDAES_D+1;PVB;ES;04/07/2023;04/07/2023;34.51;
03/07/2023;GMAES;PVB;ES;01/08/2023;31/08/2023;33.07;
03/07/2023;GQES_Q+1;PVB;ES;01/10/2023;31/12/2023;45.0;
03/07/2023;GYES_Y+1;PVB;ES;01/01/2024;31/12/2024;48.6;
02/07/2023;GDAES_D+1;PVB;ES;03/07/2023;03/07/2023;37.96;
01/07/2023;GDAES_D+1;PVB;ES;02/07/2023;02/07/2023;37.17;
30/06/2023;GDAES_D+1;PVB;ES;01/07/2023;01/07/2023;35.5;
30/06/2023;GMAES;PVB;ES;01/07/2023;31/07/2023;35.0;
30/06/2023;GYES_Y+1;PVB;ES;01/01/2024;31/12/2024;49.13;
29/06/2023;GDAES_D+1;PVB;ES;30/06/2023;30/06/2023;32.52;
29/06/2023;GMAES;PVB;ES;01/07/2023;31/07/2023;34.37;
29/06/2023;GQES_Q+1;PVB;ES;01/07/2023;30/09/2023;34.2;
29/06/2023;GYES_Y+1;PVB;ES;01/01/2024;31/12/2024;48.95;
28/06/2023;GDAES_D+1;PVB;ES;29/06/2023;29/06/2023;33.25;
28/06/2023;GMAES;PVB;ES;01/07/2023;31/07/2023;32.89;
28/06/2023;GQES_Q+1;PVB;ES;01/07/2023;30/09/2023;33.8;
28/06/2023;GYES_Y+1;PVB;ES;01/01/2024;31/12/2024;48.29;
27/06/2023;GDAES_D+1;PVB;ES;28/06/2023;28/06/2023;33.78;
27/06/2023;GMAES;PVB;ES;01/07/2023;31/07/2023;33.69;
27/06/2023;GQES_Q+1;PVB;ES;01/07/2023;30/09/2023;34.14;
27/06/2023;GYES_Y+1;PVB;ES;01/01/2024;31/12/2024;49.14;
26/06/2023;GDAES_D+1;PVB;ES;27/06/2023;27/06/2023;30.96;
26/06/2023;GMAES;PVB;ES;01/07/2023;31/07/2023;30.9;
26/06/2023;GQES_Q+1;PVB;ES;01/07/2023;30/09/2023;32.16;
26/06/2023;GYES_Y+1;PVB;ES;01/01/2024;31/12/2024;48.25;
25/06/2023;GDAES_D+1;PVB;ES;26/06/2023;26/06/2023;32.15;
24/06/2023;GDAES_D+1;PVB;ES;25/06/2023;25/06/2023;32.23;
23/06/2023;GDAES_D+1;PVB;ES;24/06/2023;24/06/2023;30.73;
23/06/2023;GMAES;PVB;ES;01/07/2023;31/07/2023;32.5;
23/06/2023;GQES_Q+1;PVB;ES;01/07/2023;30/09/2023;33.15;
23/06/2023;GYES_Y+1;PVB;ES;01/01/2024;31/12/2024;48.88;
22/06/2023;GDAES_D+1;PVB;ES;23/06/2023;23/06/2023;34.34;
22/06/2023;GMAES;PVB;ES;01/07/2023;31/07/2023;33.34;
22/06/2023;GQES_Q+1;PVB;ES;01/07/2023;30/09/2023;35.12;
22/06/2023;GYES_Y+1;PVB;ES;01/01/2024;31/12/2024;49.81;
21/06/2023;GDAES_D+1;PVB;ES;22/06/2023;22/06/2023;38.67;
21/06/2023;GMAES;PVB;ES;01/07/2023;31/07/2023;36.63;
21/06/2023;GQES_Q+1;PVB;ES;01/07/2023;30/09/2023;36.9;
21/06/2023;GYES_Y+1;PVB;ES;01/01/2024;31/12/2024;50.82;
20/06/2023;GDAES_D+1;PVB;ES;21/06/2023;21/06/2023;38.93;
20/06/2023;GMAES;PVB;ES;01/07/2023;31/07/2023;37.0;
20/06/2023;GQES_Q+1;PVB;ES;01/07/2023;30/09/2023;37.26;
20/06/2023;GYES_Y+1;PVB;ES;01/01/2024;31/12/2024;51.45;
19/06/2023;GDAES_D+1;PVB;ES;20/06/2023;20/06/2023;35.31;
19/06/2023;GMAES;PVB;ES;01/07/2023;31/07/2023;33.58;
19/06/2023;GQES_Q+1;PVB;ES;01/07/2023;30/09/2023;34.85;
19/06/2023;GYES_Y+1;PVB;ES;01/01/2024;31/12/2024;48.8;
18/06/2023;GDAES_D+1;PVB;ES;19/06/2023;19/06/2023;34.15;
17/06/2023;GDAES_D+1;PVB;ES;18/06/2023;18/06/2023;34.27;
16/06/2023;GDAES_D+1;PVB;ES;17/06/2023;17/06/2023;34.86;
16/06/2023;GMAES;PVB;ES;01/07/2023;31/07/2023;33.5;
16/06/2023;GQES_Q+1;PVB;ES;01/07/2023;30/09/2023;33.8;
16/06/2023;GYES_Y+1;PVB;ES;01/01/2024;31/12/2024;48.87;
15/06/2023;GDAES_D+1;PVB;ES;16/06/2023;16/06/2023;39.88;
15/06/2023;GMAES;PVB;ES;01/07/2023;31/07/2023;39.4;
15/06/2023;GQES_Q+1;PVB;ES;01/07/2023;30/09/2023;40.09;
15/06/2023;GYES_Y+1;PVB;ES;01/01/2024;31/12/2024;54.5;
14/06/2023;GDAES_D+1;PVB;ES;15/06/2023;15/06/2023;39.5;
14/06/2023;GMAES;PVB;ES;01/07/2023;31/07/2023;36.5;
14/06/2023;GQES_Q+1;PVB;ES;01/07/2023;30/09/2023;37.2;
14/06/2023;GYES_Y+1;PVB;ES;01/01/2024;31/12/2024;50.4;
13/06/2023;GDAES_D+1;PVB;ES;14/06/2023;14/06/2023;34.99;
13/06/2023;GMAES;PVB;ES;01/07/2023;31/07/2023;34.26;
13/06/2023;GQES_Q+1;PVB;ES;01/07/2023;30/09/2023;35.25;
13/06/2023;GYES_Y+1;PVB;ES;01/01/2024;31/12/2024;47.39;
12/06/2023;GDAES_D+1;PVB;ES;13/06/2023;13/06/2023;29.03;
12/06/2023;GMAES;PVB;ES;01/07/2023;31/07/2023;29.82;
12/06/2023;GQES_Q+1;PVB;ES;01/07/2023;30/09/2023;31.01;
12/06/2023;GYES_Y+1;PVB;ES;01/01/2024;31/12/2024;44.4;
11/06/2023;GDAES_D+1;PVB;ES;12/06/2023;12/06/2023;28.83;
10/06/2023;GDAES_D+1;PVB;ES;11/06/2023;11/06/2023;24.94;
09/06/2023;GDAES_D+1;PVB;ES;10/06/2023;10/06/2023;26.93;
09/06/2023;GMAES;PVB;ES;01/07/2023;31/07/2023;29.55;
09/06/2023;GQES_Q+1;PVB;ES;01/07/2023;30/09/2023;31.01;
09/06/2023;GYES_Y+1;PVB;ES;01/01/2024;31/12/2024;44.83;
08/06/2023;GDAES_D+1;PVB;ES;09/06/2023;09/06/2023;26.36;
08/06/2023;GMAES;PVB;ES;01/07/2023;31/07/2023;26.5;
08/06/2023;GQES_Q+1;PVB;ES;01/07/2023;30/09/2023;27.65;
08/06/2023;GYES_Y+1;PVB;ES;01/01/2024;31/12/2024;41.58;
07/06/2023;GDAES_D+1;PVB;ES;08/06/2023;08/06/2023;26.1;
07/06/2023;GMAES;PVB;ES;01/07/2023;31/07/2023;25.68;
07/06/2023;GQES_Q+1;PVB;ES;01/07/2023;30/09/2023;26.6;
07/06/2023;GYES_Y+1;PVB;ES;01/01/2024;31/12/2024;40.3;
06/06/2023;GDAES_D+1;PVB;ES;07/06/2023;07/06/2023;24.68;
06/06/2023;GMAES;PVB;ES;01/07/2023;31/07/2023;25.2;
06/06/2023;GQES_Q+1;PVB;ES;01/07/2023;30/09/2023;26.88;
06/06/2023;GYES_Y+1;PVB;ES;01/01/2024;31/12/2024;40.85;
05/06/2023;GDAES_D+1;PVB;ES;06/06/2023;06/06/2023;27.84;
05/06/2023;GMAES;PVB;ES;01/07/2023;31/07/2023;27.98;
05/06/2023;GQES_Q+1;PVB;ES;01/07/2023;30/09/2023;29.32;
05/06/2023;GYES_Y+1;PVB;ES;01/01/2024;31/12/2024;42.47;
04/06/2023;GDAES_D+1;PVB;ES;05/06/2023;05/06/2023;24.61;
03/06/2023;GDAES_D+1;PVB;ES;04/06/2023;04/06/2023;23.84;
02/06/2023;GDAES_D+1;PVB;ES;03/06/2023;03/06/2023;23.96;
02/06/2023;GMAES;PVB;ES;01/07/2023;31/07/2023;23.24;
02/06/2023;GQES_Q+1;PVB;ES;01/07/2023;30/09/2023;25.0;
02/06/2023;GYES_Y+1;PVB;ES;01/01/2024;31/12/2024;41.35;
01/06/2023;GDAES_D+1;PVB;ES;02/06/2023;02/06/2023;24.28;
01/06/2023;GMAES;PVB;ES;01/07/2023;31/07/2023;22.82;
01/06/2023;GQES_Q+1;PVB;ES;01/07/2023;30/09/2023;25.25;
01/06/2023;GYES_Y+1;PVB;ES;01/01/2024;31/12/2024;41.03;
31/05/2023;GDAES_D+1;PVB;ES;01/06/2023;01/06/2023;26.1;
31/05/2023;GMAES;PVB;ES;01/06/2023;30/06/2023;26.01;
31/05/2023;GQES_Q+1;PVB;ES;01/07/2023;30/09/2023;27.4;
31/05/2023;GYES_Y+1;PVB;ES;01/01/2024;31/12/2024;42.32;
30/05/2023;GDAES_D+1;PVB;ES;31/05/2023;31/05/2023;25.07;
30/05/2023;GMAES;PVB;ES;01/06/2023;30/06/2023;25.04;
30/05/2023;GQES_Q+1;PVB;ES;01/07/2023;30/09/2023;26.85;
30/05/2023;GYES_Y+1;PVB;ES;01/01/2024;31/12/2024;41.91;
29/05/2023;GDAES_D+1;PVB;ES;30/05/2023;30/05/2023;27.28;
29/05/2023;GMAES;PVB;ES;01/06/2023;30/06/2023;25.68;
29/05/2023;GQES_Q+1;PVB;ES;01/07/2023;30/09/2023;25.83;
29/05/2023;GYES_Y+1;PVB;ES;01/01/2024;31/12/2024;41.76;
28/05/2023;GDAES_D+1;PVB;ES;29/05/2023;29/05/2023;28.68;
27/05/2023;GDAES_D+1;PVB;ES;28/05/2023;28/05/2023;27.74;
26/05/2023;GDAES_D+1;PVB;ES;27/05/2023;27/05/2023;25.04;
26/05/2023;GMAES;PVB;ES;01/06/2023;30/06/2023;23.0;
26/05/2023;GQES_Q+1;PVB;ES;01/07/2023;30/09/2023;25.84;
26/05/2023;GYES_Y+1;PVB;ES;01/01/2024;31/12/2024;42.09;
25/05/2023;GDAES_D+1;PVB;ES;26/05/2023;26/05/2023;23.78;
25/05/2023;GMAES;PVB;ES;01/06/2023;30/06/2023;24.43;
25/05/2023;GQES_Q+1;PVB;ES;01/07/2023;30/09/2023;26.04;
25/05/2023;GYES_Y+1;PVB;ES;01/01/2024;31/12/2024;43.3;
24/05/2023;GDAES_D+1;PVB;ES;25/05/2023;25/05/2023;25.8;
24/05/2023;GMAES;PVB;ES;01/06/2023;30/06/2023;26.2;
24/05/2023;GQES_Q+1;PVB;ES;01/07/2023;30/09/2023;28.95;
24/05/2023;GYES_Y+1;PVB;ES;01/01/2024;31/12/2024;46.72;
23/05/2023;GDAES_D+1;PVB;ES;24/05/2023;24/05/2023;27.75;
23/05/2023;GMAES;PVB;ES;01/06/2023;30/06/2023;27.04;
23/05/2023;GQES_Q+1;PVB;ES;01/07/2023;30/09/2023;28.74;
23/05/2023;GYES_Y+1;PVB;ES;01/01/2024;31/12/2024;46.91;
22/05/2023;GDAES_D+1;PVB;ES;23/05/2023;23/05/2023;27.58;
22/05/2023;GMAES;PVB;ES;01/06/2023;30/06/2023;27.22;
22/05/2023;GQES_Q+1;PVB;ES;01/07/2023;30/09/2023;28.91;
22/05/2023;GYES_Y+1;PVB;ES;01/01/2024;31/12/2024;46.83;
21/05/2023;GDAES_D+1;PVB;ES;22/05/2023;22/05/2023;28.94;
20/05/2023;GDAES_D+1;PVB;ES;21/05/2023;21/05/2023;27.93;
19/05/2023;GDAES_D+1;PVB;ES;20/05/2023;20/05/2023;26.8;
19/05/2023;GMAES;PVB;ES;01/06/2023;30/06/2023;26.9;
19/05/2023;GQES_Q+1;PVB;ES;01/07/2023;30/09/2023;29.12;
19/05/2023;GYES_Y+1;PVB;ES;01/01/2024;31/12/2024;46.5;
18/05/2023;GDAES_D+1;PVB;ES;19/05/2023;19/05/2023;25.67;
18/05/2023;GMAES;PVB;ES;01/06/2023;30/06/2023;26.9;
18/05/2023;GQES_Q+1;PVB;ES;01/07/2023;30/09/2023;28.71;
18/05/2023;GYES_Y+1;PVB;ES;01/01/2024;31/12/2024;45.86;
17/05/2023;GDAES_D+1;PVB;ES;18/05/2023;18/05/2023;26.6;
17/05/2023;GMAES;PVB;ES;01/06/2023;30/06/2023;28.35;
17/05/2023;GQES_Q+1;PVB;ES;01/07/2023;30/09/2023;30.38;
17/05/2023;GYES_Y+1;PVB;ES;01/01/2024;31/12/2024;47.29;
16/05/2023;GDAES_D+1;PVB;ES;17/05/2023;17/05/2023;26.6;
16/05/2023;GMAES;PVB;ES;01/06/2023;30/06/2023;28.0;
16/05/2023;GQES_Q+1;PVB;ES;01/07/2023;30/09/2023;30.11;
16/05/2023;GYES_Y+1;PVB;ES;01/01/2024;31/12/2024;45.3;
15/05/2023;GDAES_D+1;PVB;ES;16/05/2023;16/05/2023;25.2;
15/05/2023;GMAES;PVB;ES;01/06/2023;30/06/2023;27.65;
15/05/2023;GQES_Q+1;PVB;ES;01/07/2023;30/09/2023;30.35;
15/05/2023;GYES_Y+1;PVB;ES;01/01/2024;31/12/2024;47.22;
14/05/2023;GDAES_D+1;PVB;ES;15/05/2023;15/05/2023;28.19;
13/05/2023;GDAES_D+1;PVB;ES;14/05/2023;14/05/2023;29.4;
12/05/2023;GDAES_D+1;PVB;ES;13/05/2023;13/05/2023;26.19;
12/05/2023;GMAES;PVB;ES;01/06/2023;30/06/2023;28.3;
12/05/2023;GQES_Q+1;PVB;ES;01/07/2023;30/09/2023;32.0;
12/05/2023;GYES_Y+1;PVB;ES;01/01/2024;31/12/2024;50.37;
11/05/2023;GDAES_D+1;PVB;ES;12/05/2023;12/05/2023;27.0;
11/05/2023;GMAES;PVB;ES;01/06/2023;30/06/2023;30.0;
11/05/2023;GQES_Q+1;PVB;ES;01/07/2023;30/09/2023;33.3;
11/05/2023;GYES_Y+1;PVB;ES;01/01/2024;31/12/2024;52.33;
10/05/2023;GDAES_D+1;PVB;ES;11/05/2023;11/05/2023;28.94;
10/05/2023;GMAES;PVB;ES;01/06/2023;30/06/2023;32.25;
10/05/2023;GQES_Q+1;PVB;ES;01/07/2023;30/09/2023;34.33;
10/05/2023;GYES_Y+1;PVB;ES;01/01/2024;31/12/2024;52.13;
09/05/2023;GDAES_D+1;PVB;ES;10/05/2023;10/05/2023;31.92;
09/05/2023;GMAES;PVB;ES;01/06/2023;30/06/2023;33.35;
09/05/2023;GQES_Q+1;PVB;ES;01/07/2023;30/09/2023;35.35;
09/05/2023;GYES_Y+1;PVB;ES;01/01/2024;31/12/2024;52.23;
08/05/2023;GDAES_D+1;PVB;ES;09/05/2023;09/05/2023;33.86;
08/05/2023;GMAES;PVB;ES;01/06/2023;30/06/2023;34.1;
08/05/2023;GQES_Q+1;PVB;ES;01/07/2023;30/09/2023;35.05;
08/05/2023;GYES_Y+1;PVB;ES;01/01/2024;31/12/2024;51.28;
07/05/2023;GDAES_D+1;PVB;ES;08/05/2023;08/05/2023;34.23;
06/05/2023;GDAES_D+1;PVB;ES;07/05/2023;07/05/2023;34.0;
05/05/2023;GDAES_D+1;PVB;ES;06/05/2023;06/05/2023;33.77;
05/05/2023;GMAES;PVB;ES;01/06/2023;30/06/2023;33.45;
05/05/2023;GQES_Q+1;PVB;ES;01/07/2023;30/09/2023;33.63;
05/05/2023;GYES_Y+1;PVB;ES;01/01/2024;31/12/2024;50.65;
04/05/2023;GDAES_D+1;PVB;ES;05/05/2023;05/05/2023;33.33;
04/05/2023;GMAES;PVB;ES;01/06/2023;30/06/2023;33.36;
04/05/2023;GQES_Q+1;PVB;ES;01/07/2023;30/09/2023;34.97;
04/05/2023;GYES_Y+1;PVB;ES;01/01/2024;31/12/2024;50.24;
03/05/2023;GDAES_D+1;PVB;ES;04/05/2023;04/05/2023;33.21;
03/05/2023;GMAES;PVB;ES;01/06/2023;30/06/2023;33.85;
03/05/2023;GQES_Q+1;PVB;ES;01/07/2023;30/09/2023;35.93;
03/05/2023;GYES_Y+1;PVB;ES;01/01/2024;31/12/2024;51.07;
02/05/2023;GDAES_D+1;PVB;ES;03/05/2023;03/05/2023;34.25;
02/05/2023;GMAES;PVB;ES;01/06/2023;30/06/2023;35.5;
02/05/2023;GQES_Q+1;PVB;ES;01/07/2023;30/09/2023;36.3;
02/05/2023;GYES_Y+1;PVB;ES;01/01/2024;31/12/2024;51.85;
01/05/2023;GDAES_D+1;PVB;ES;02/05/2023;02/05/2023;36.47;
30/04/2023;GDAES_D+1;PVB;ES;01/05/2023;01/05/2023;34.92;
29/04/2023;GDAES_D+1;PVB;ES;30/04/2023;30/04/2023;35.66;
28/04/2023;GDAES_D+1;PVB;ES;29/04/2023;29/04/2023;34.42;
28/04/2023;GMAES;PVB;ES;01/05/2023;31/05/2023;33.55;
28/04/2023;GQES_Q+1;PVB;ES;01/07/2023;30/09/2023;37.37;
28/04/2023;GYES_Y+1;PVB;ES;01/01/2024;31/12/2024;52.41;
27/04/2023;GDAES_D+1;PVB;ES;28/04/2023;28/04/2023;35.19;
27/04/2023;GMAES;PVB;ES;01/05/2023;31/05/2023;34.17;
27/04/2023;GQES_Q+1;PVB;ES;01/07/2023;30/09/2023;37.45;
27/04/2023;GYES_Y+1;PVB;ES;01/01/2024;31/12/2024;52.98;
26/04/2023;GDAES_D+1;PVB;ES;27/04/2023;27/04/2023;35.78;
26/04/2023;GMAES;PVB;ES;01/05/2023;31/05/2023;34.12;
26/04/2023;GQES_Q+1;PVB;ES;01/07/2023;30/09/2023;37.76;
26/04/2023;GYES_Y+1;PVB;ES;01/01/2024;31/12/2024;50.79;
25/04/2023;GDAES_D+1;PVB;ES;26/04/2023;26/04/2023;34.86;
25/04/2023;GMAES;PVB;ES;01/05/2023;31/05/2023;34.5;
25/04/2023;GQES_Q+1;PVB;ES;01/07/2023;30/09/2023;38.1;
25/04/2023;GYES_Y+1;PVB;ES;01/01/2024;31/12/2024;50.63;
24/04/2023;GDAES_D+1;PVB;ES;25/04/2023;25/04/2023;33.34;
24/04/2023;GMAES;PVB;ES;01/05/2023;31/05/2023;34.85;
24/04/2023;GQES_Q+1;PVB;ES;01/07/2023;30/09/2023;38.91;
24/04/2023;GYES_Y+1;PVB;ES;01/01/2024;31/12/2024;50.18;
23/04/2023;GDAES_D+1;PVB;ES;24/04/2023;24/04/2023;34.54;
22/04/2023;GDAES_D+1;PVB;ES;23/04/2023;23/04/2023;34.03;
21/04/2023;GDAES_D+1;PVB;ES;22/04/2023;22/04/2023;34.69;
21/04/2023;GMAES;PVB;ES;01/05/2023;31/05/2023;36.23;
21/04/2023;GQES_Q+1;PVB;ES;01/07/2023;30/09/2023;39.42;
21/04/2023;GYES_Y+1;PVB;ES;01/01/2024;31/12/2024;50.65;
20/04/2023;GDAES_D+1;PVB;ES;21/04/2023;21/04/2023;36.4;
20/04/2023;GMAES;PVB;ES;01/05/2023;31/05/2023;36.0;
20/04/2023;GQES_Q+1;PVB;ES;01/07/2023;30/09/2023;38.75;
20/04/2023;GYES_Y+1;PVB;ES;01/01/2024;31/12/2024;50.7;
19/04/2023;GDAES_D+1;PVB;ES;20/04/2023;20/04/2023;35.66;
19/04/2023;GMAES;PVB;ES;01/05/2023;31/05/2023;35.2;
19/04/2023;GQES_Q+1;PVB;ES;01/07/2023;30/09/2023;38.39;
19/04/2023;GYES_Y+1;PVB;ES;01/01/2024;31/12/2024;51.25;
18/04/2023;GDAES_D+1;PVB;ES;19/04/2023;19/04/2023;36.49;
18/04/2023;GMAES;PVB;ES;01/05/2023;31/05/2023;37.54;
18/04/2023;GQES_Q+1;PVB;ES;01/07/2023;30/09/2023;40.35;
18/04/2023;GYES_Y+1;PVB;ES;01/01/2024;31/12/2024;52.53;
17/04/2023;GDAES_D+1;PVB;ES;18/04/2023;18/04/2023;36.02;
17/04/2023;GMAES;PVB;ES;01/05/2023;31/05/2023;36.49;
17/04/2023;GQES_Q+1;PVB;ES;01/07/2023;30/09/2023;40.32;
17/04/2023;GYES_Y+1;PVB;ES;01/01/2024;31/12/2024;51.77;
16/04/2023;GDAES_D+1;PVB;ES;17/04/2023;17/04/2023;37.67;
15/04/2023;GDAES_D+1;PVB;ES;16/04/2023;16/04/2023;36.93;
14/04/2023;GDAES_D+1;PVB;ES;15/04/2023;15/04/2023;37.3;
14/04/2023;GMAES;PVB;ES;01/05/2023;31/05/2023;36.6;
14/04/2023;GQES_Q+1;PVB;ES;01/07/2023;30/09/2023;40.5;
14/04/2023;GYES_Y+1;PVB;ES;01/01/2024;31/12/2024;51.1;
13/04/2023;GDAES_D+1;PVB;ES;14/04/2023;14/04/2023;36.82;
13/04/2023;GMAES;PVB;ES;01/05/2023;31/05/2023;36.97;
13/04/2023;GQES_Q+1;PVB;ES;01/07/2023;30/09/2023;41.23;
13/04/2023;GYES_Y+1;PVB;ES;01/01/2024;31/12/2024;52.35;
12/04/2023;GDAES_D+1;PVB;ES;13/04/2023;13/04/2023;37.9;
12/04/2023;GMAES;PVB;ES;01/05/2023;31/05/2023;37.2;
12/04/2023;GQES_Q+1;PVB;ES;01/07/2023;30/09/2023;42.12;
12/04/2023;GYES_Y+1;PVB;ES;01/01/2024;31/12/2024;53.16;
11/04/2023;GDAES_D+1;PVB;ES;12/04/2023;12/04/2023;38.94;
11/04/2023;GMAES;PVB;ES;01/05/2023;31/05/2023;37.82;
11/04/2023;GQES_Q+1;PVB;ES;01/07/2023;30/09/2023;42.65;
11/04/2023;GYES_Y+1;PVB;ES;01/01/2024;31/12/2024;52.44;
10/04/2023;GDAES_D+1;PVB;ES;11/04/2023;11/04/2023;40.09;
09/04/2023;GDAES_D+1;PVB;ES;10/04/2023;10/04/2023;41.78;
08/04/2023;GDAES_D+1;PVB;ES;09/04/2023;09/04/2023;41.92;
07/04/2023;GDAES_D+1;PVB;ES;08/04/2023;08/04/2023;41.31;
06/04/2023;GDAES_D+1;PVB;ES;07/04/2023;07/04/2023;39.42;
06/04/2023;GMAES;PVB;ES;01/05/2023;31/05/2023;38.38;
06/04/2023;GQES_Q+1;PVB;ES;01/07/2023;30/09/2023;41.08;
06/04/2023;GYES_Y+1;PVB;ES;01/01/2024;31/12/2024;50.19;
05/04/2023;GDAES_D+1;PVB;ES;06/04/2023;06/04/2023;41.3;
05/04/2023;GMAES;PVB;ES;01/05/2023;31/05/2023;40.5;
05/04/2023;GQES_Q+1;PVB;ES;01/07/2023;30/09/2023;42.71;
05/04/2023;GYES_Y+1;PVB;ES;01/01/2024;31/12/2024;51.29;
04/04/2023;GDAES_D+1;PVB;ES;05/04/2023;05/04/2023;41.74;
04/04/2023;GMAES;PVB;ES;01/05/2023;31/05/2023;40.0;
04/04/2023;GQES_Q+1;PVB;ES;01/07/2023;30/09/2023;44.77;
04/04/2023;GYES_Y+1;PVB;ES;01/01/2024;31/12/2024;54.58;
03/04/2023;GDAES_D+1;PVB;ES;04/04/2023;04/04/2023;44.14;
03/04/2023;GMAES;PVB;ES;01/05/2023;31/05/2023;44.31;
03/04/2023;GQES_Q+1;PVB;ES;01/07/2023;30/09/2023;47.85;
03/04/2023;GYES_Y+1;PVB;ES;01/01/2024;31/12/2024;55.9;
02/04/2023;GDAES_D+1;PVB;ES;03/04/2023;03/04/2023;43.81;
01/04/2023;GDAES_D+1;PVB;ES;02/04/2023;02/04/2023;43.13;
31/03/2023;GDAES_D+1;PVB;ES;01/04/2023;01/04/2023;41.5;
31/03/2023;GMAES;PVB;ES;01/04/2023;30/04/2023;41.6;
31/03/2023;GYES_Y+1;PVB;ES;01/01/2024;31/12/2024;53.12;
30/03/2023;GDAES_D+1;PVB;ES;31/03/2023;31/03/2023;34.87;
30/03/2023;GMAES;PVB;ES;01/04/2023;30/04/2023;38.15;
30/03/2023;GQES_Q+1;PVB;ES;01/04/2023;30/06/2023;40.23;
30/03/2023;GYES_Y+1;PVB;ES;01/01/2024;31/12/2024;49.47;
29/03/2023;GDAES_D+1;PVB;ES;30/03/2023;30/03/2023;36.69;
29/03/2023;GMAES;PVB;ES;01/04/2023;30/04/2023;39.45;
29/03/2023;GQES_Q+1;PVB;ES;01/04/2023;30/06/2023;40.41;
29/03/2023;GYES_Y+1;PVB;ES;01/01/2024;31/12/2024;47.68;
28/03/2023;GDAES_D+1;PVB;ES;29/03/2023;29/03/2023;39.88;
28/03/2023;GMAES;PVB;ES;01/04/2023;30/04/2023;40.56;
28/03/2023;GQES_Q+1;PVB;ES;01/04/2023;30/06/2023;40.56;
28/03/2023;GYES_Y+1;PVB;ES;01/01/2024;31/12/2024;48.22;
27/03/2023;GDAES_D+1;PVB;ES;28/03/2023;28/03/2023;40.39;
27/03/2023;GMAES;PVB;ES;01/04/2023;30/04/2023;40.48;
27/03/2023;GQES_Q+1;PVB;ES;01/04/2023;30/06/2023;40.48;
27/03/2023;GYES_Y+1;PVB;ES;01/01/2024;31/12/2024;48.16;
26/03/2023;GDAES_D+1;PVB;ES;27/03/2023;27/03/2023;38.71;
25/03/2023;GDAES_D+1;PVB;ES;26/03/2023;26/03/2023;38.86;
24/03/2023;GDAES_D+1;PVB;ES;25/03/2023;25/03/2023;40.0;
24/03/2023;GMAES;PVB;ES;01/04/2023;30/04/2023;40.75;
24/03/2023;GQES_Q+1;PVB;ES;01/04/2023;30/06/2023;40.0;
24/03/2023;GYES_Y+1;PVB;ES;01/01/2024;31/12/2024;47.33;
23/03/2023;GDAES_D+1;PVB;ES;24/03/2023;24/03/2023;41.73;
23/03/2023;GMAES;PVB;ES;01/04/2023;30/04/2023;41.5;
23/03/2023;GQES_Q+1;PVB;ES;01/04/2023;30/06/2023;42.0;
23/03/2023;GYES_Y+1;PVB;ES;01/01/2024;31/12/2024;48.78;
22/03/2023;GDAES_D+1;PVB;ES;23/03/2023;23/03/2023;38.57;
22/03/2023;GMAES;PVB;ES;01/04/2023;30/04/2023;39.0;
22/03/2023;GQES_Q+1;PVB;ES;01/04/2023;30/06/2023;39.19;
22/03/2023;GYES_Y+1;PVB;ES;01/01/2024;31/12/2024;46.32;
21/03/2023;GDAES_D+1;PVB;ES;22/03/2023;22/03/2023;40.18;
21/03/2023;GMAES;PVB;ES;01/04/2023;30/04/2023;40.34;
21/03/2023;GQES_Q+1;PVB;ES;01/04/2023;30/06/2023;41.48;
21/03/2023;GYES_Y+1;PVB;ES;01/01/2024;31/12/2024;47.95;
20/03/2023;GDAES_D+1;PVB;ES;21/03/2023;21/03/2023;38.99;
20/03/2023;GMAES;PVB;ES;01/04/2023;30/04/2023;39.5;
20/03/2023;GQES_Q+1;PVB;ES;01/04/2023;30/06/2023;38.28;
20/03/2023;GYES_Y+1;PVB;ES;01/01/2024;31/12/2024;45.16;
19/03/2023;GDAES_D+1;PVB;ES;20/03/2023;20/03/2023;44.27;
18/03/2023;GDAES_D+1;PVB;ES;19/03/2023;19/03/2023;41.34;
17/03/2023;GDAES_D+1;PVB;ES;18/03/2023;18/03/2023;42.09;
17/03/2023;GMAES;PVB;ES;01/04/2023;30/04/2023;41.68;
17/03/2023;GQES_Q+1;PVB;ES;01/04/2023;30/06/2023;41.8;
17/03/2023;GYES_Y+1;PVB;ES;01/01/2024;31/12/2024;47.9;
16/03/2023;GDAES_D+1;PVB;ES;17/03/2023;17/03/2023;42.83;
16/03/2023;GMAES;PVB;ES;01/04/2023;30/04/2023;43.66;
16/03/2023;GQES_Q+1;PVB;ES;01/04/2023;30/06/2023;43.92;
16/03/2023;GYES_Y+1;PVB;ES;01/01/2024;31/12/2024;48.55;
15/03/2023;GDAES_D+1;PVB;ES;16/03/2023;16/03/2023;42.24;
15/03/2023;GMAES;PVB;ES;01/04/2023;30/04/2023;42.05;
15/03/2023;GQES_Q+1;PVB;ES;01/04/2023;30/06/2023;42.34;
15/03/2023;GYES_Y+1;PVB;ES;01/01/2024;31/12/2024;46.7;
14/03/2023;GDAES_D+1;PVB;ES;15/03/2023;15/03/2023;46.48;
14/03/2023;GMAES;PVB;ES;01/04/2023;30/04/2023;43.68;
14/03/2023;GQES_Q+1;PVB;ES;01/04/2023;30/06/2023;44.1;
14/03/2023;GYES_Y+1;PVB;ES;01/01/2024;31/12/2024;50.76;
13/03/2023;GDAES_D+1;PVB;ES;14/03/2023;14/03/2023;47.38;
13/03/2023;GMAES;PVB;ES;01/04/2023;30/04/2023;47.5;
13/03/2023;GQES_Q+1;PVB;ES;01/04/2023;30/06/2023;47.88;
13/03/2023;GYES_Y+1;PVB;ES;01/01/2024;31/12/2024;52.7;
12/03/2023;GDAES_D+1;PVB;ES;13/03/2023;13/03/2023;49.52;
11/03/2023;GDAES_D+1;PVB;ES;12/03/2023;12/03/2023;53.09;
10/03/2023;GDAES_D+1;PVB;ES;11/03/2023;11/03/2023;52.51;
10/03/2023;GMAES;PVB;ES;01/04/2023;30/04/2023;51.72;
10/03/2023;GQES_Q+1;PVB;ES;01/04/2023;30/06/2023;53.5;
10/03/2023;GYES_Y+1;PVB;ES;01/01/2024;31/12/2024;54.54;
09/03/2023;GDAES_D+1;PVB;ES;10/03/2023;10/03/2023;46.25;
09/03/2023;GMAES;PVB;ES;01/04/2023;30/04/2023;44.97;
09/03/2023;GQES_Q+1;PVB;ES;01/04/2023;30/06/2023;45.39;
09/03/2023;GYES_Y+1;PVB;ES;01/01/2024;31/12/2024;50.61;
08/03/2023;GDAES_D+1;PVB;ES;09/03/2023;09/03/2023;41.4;
08/03/2023;GMAES;PVB;ES;01/04/2023;30/04/2023;42.0;
08/03/2023;GQES_Q+1;PVB;ES;01/04/2023;30/06/2023;42.12;
08/03/2023;GYES_Y+1;PVB;ES;01/01/2024;31/12/2024;45.8;
07/03/2023;GDAES_D+1;PVB;ES;08/03/2023;08/03/2023;43.9;
07/03/2023;GMAES;PVB;ES;01/04/2023;30/04/2023;42.4;
07/03/2023;GQES_Q+1;PVB;ES;01/04/2023;30/06/2023;43.06;
07/03/2023;GYES_Y+1;PVB;ES;01/01/2024;31/12/2024;46.26;
06/03/2023;GDAES_D+1;PVB;ES;07/03/2023;07/03/2023;44.2;
06/03/2023;GMAES;PVB;ES;01/04/2023;30/04/2023;41.91;
06/03/2023;GQES_Q+1;PVB;ES;01/04/2023;30/06/2023;41.48;
06/03/2023;GYES_Y+1;PVB;ES;01/01/2024;31/12/2024;45.97;
05/03/2023;GDAES_D+1;PVB;ES;06/03/2023;06/03/2023;50.45;
04/03/2023;GDAES_D+1;PVB;ES;05/03/2023;05/03/2023;48.16;
03/03/2023;GDAES_D+1;PVB;ES;04/03/2023;04/03/2023;46.25;
03/03/2023;GMAES;PVB;ES;01/04/2023;30/04/2023;44.95;
03/03/2023;GQES_Q+1;PVB;ES;01/04/2023;30/06/2023;44.5;
03/03/2023;GYES_Y+1;PVB;ES;01/01/2024;31/12/2024;48.16;
02/03/2023;GDAES_D+1;PVB;ES;03/03/2023;03/03/2023;47.63;
02/03/2023;GMAES;PVB;ES;01/04/2023;30/04/2023;46.13;
02/03/2023;GQES_Q+1;PVB;ES;01/04/2023;30/06/2023;45.23;
02/03/2023;GYES_Y+1;PVB;ES;01/01/2024;31/12/2024;50.0;
01/03/2023;GDAES_D+1;PVB;ES;02/03/2023;02/03/2023;48.45;
01/03/2023;GMAES;PVB;ES;01/04/2023;30/04/2023;46.35;
01/03/2023;GQES_Q+1;PVB;ES;01/04/2023;30/06/2023;45.08;
01/03/2023;GYES_Y+1;PVB;ES;01/01/2024;31/12/2024;50.25;
28/02/2023;GDAES_D+1;PVB;ES;01/03/2023;01/03/2023;46.31;
28/02/2023;GMAES;PVB;ES;01/03/2023;31/03/2023;46.8;
28/02/2023;GQES_Q+1;PVB;ES;01/04/2023;30/06/2023;46.6;
28/02/2023;GYES_Y+1;PVB;ES;01/01/2024;31/12/2024;50.68;
27/02/2023;GDAES_D+1;PVB;ES;28/02/2023;28/02/2023;45.41;
27/02/2023;GMAES;PVB;ES;01/03/2023;31/03/2023;46.69;
27/02/2023;GQES_Q+1;PVB;ES;01/04/2023;30/06/2023;45.73;
27/02/2023;GYES_Y+1;PVB;ES;01/01/2024;31/12/2024;51.22;
26/02/2023;GDAES_D+1;PVB;ES;27/02/2023;27/02/2023;50.52;
25/02/2023;GDAES_D+1;PVB;ES;26/02/2023;26/02/2023;49.28;
24/02/2023;GDAES_D+1;PVB;ES;25/02/2023;25/02/2023;49.29;
24/02/2023;GMAES;PVB;ES;01/03/2023;31/03/2023;50.3;
24/02/2023;GQES_Q+1;PVB;ES;01/04/2023;30/06/2023;50.1;
24/02/2023;GYES_Y+1;PVB;ES;01/01/2024;31/12/2024;54.6;
23/02/2023;GDAES_D+1;PVB;ES;24/02/2023;24/02/2023;49.54;
23/02/2023;GMAES;PVB;ES;01/03/2023;31/03/2023;49.0;
23/02/2023;GQES_Q+1;PVB;ES;01/04/2023;30/06/2023;48.4;
23/02/2023;GYES_Y+1;PVB;ES;01/01/2024;31/12/2024;53.35;
22/02/2023;GDAES_D+1;PVB;ES;23/02/2023;23/02/2023;48.1;
22/02/2023;GMAES;PVB;ES;01/03/2023;31/03/2023;48.17;
22/02/2023;GQES_Q+1;PVB;ES;01/04/2023;30/06/2023;47.92;
22/02/2023;GYES_Y+1;PVB;ES;01/01/2024;31/12/2024;52.57;
21/02/2023;GDAES_D+1;PVB;ES;22/02/2023;22/02/2023;48.5;
21/02/2023;GMAES;PVB;ES;01/03/2023;31/03/2023;47.24;
21/02/2023;GQES_Q+1;PVB;ES;01/04/2023;30/06/2023;47.0;
21/02/2023;GYES_Y+1;PVB;ES;01/01/2024;31/12/2024;51.29;
20/02/2023;GDAES_D+1;PVB;ES;21/02/2023;21/02/2023;49.52;
20/02/2023;GMAES;PVB;ES;01/03/2023;31/03/2023;47.8;
20/02/2023;GQES_Q+1;PVB;ES;01/04/2023;30/06/2023;49.0;
20/02/2023;GYES_Y+1;PVB;ES;01/01/2024;31/12/2024;52.38;
19/02/2023;GDAES_D+1;PVB;ES;20/02/2023;20/02/2023;49.69;
18/02/2023;GDAES_D+1;PVB;ES;19/02/2023;19/02/2023;47.95;
17/02/2023;GDAES_D+1;PVB;ES;18/02/2023;18/02/2023;47.69;
17/02/2023;GMAES;PVB;ES;01/03/2023;31/03/2023;47.75;
17/02/2023;GQES_Q+1;PVB;ES;01/04/2023;30/06/2023;48.5;
17/02/2023;GYES_Y+1;PVB;ES;01/01/2024;31/12/2024;52.7;
16/02/2023;GDAES_D+1;PVB;ES;17/02/2023;17/02/2023;49.59;
16/02/2023;GMAES;PVB;ES;01/03/2023;31/03/2023;50.15;
16/02/2023;GQES_Q+1;PVB;ES;01/04/2023;30/06/2023;49.68;
16/02/2023;GYES_Y+1;PVB;ES;01/01/2024;31/12/2024;54.8;
15/02/2023;GDAES_D+1;PVB;ES;16/02/2023;16/02/2023;53.43;
15/02/2023;GMAES;PVB;ES;01/03/2023;31/03/2023;52.0;
15/02/2023;GQES_Q+1;PVB;ES;01/04/2023;30/06/2023;51.61;
15/02/2023;GYES_Y+1;PVB;ES;01/01/2024;31/12/2024;56.07;
14/02/2023;GDAES_D+1;PVB;ES;15/02/2023;15/02/2023;51.72;
14/02/2023;GMAES;PVB;ES;01/03/2023;31/03/2023;50.0;
14/02/2023;GQES_Q+1;PVB;ES;01/04/2023;30/06/2023;49.33;
14/02/2023;GYES_Y+1;PVB;ES;01/01/2024;31/12/2024;55.26;
13/02/2023;GDAES_D+1;PVB;ES;14/02/2023;14/02/2023;51.04;
13/02/2023;GMAES;PVB;ES;01/03/2023;31/03/2023;49.16;
13/02/2023;GQES_Q+1;PVB;ES;01/04/2023;30/06/2023;48.66;
13/02/2023;GYES_Y+1;PVB;ES;01/01/2024;31/12/2024;55.2;
12/02/2023;GDAES_D+1;PVB;ES;13/02/2023;13/02/2023;56.13;
11/02/2023;GDAES_D+1;PVB;ES;12/02/2023;12/02/2023;55.07;
10/02/2023;GDAES_D+1;PVB;ES;11/02/2023;11/02/2023;51.61;
10/02/2023;GMAES;PVB;ES;01/03/2023;31/03/2023;50.4;
10/02/2023;GQES_Q+1;PVB;ES;01/04/2023;30/06/2023;50.98;
10/02/2023;GYES_Y+1;PVB;ES;01/01/2024;31/12/2024;56.62;
09/02/2023;GDAES_D+1;PVB;ES;10/02/2023;10/02/2023;52.49;
09/02/2023;GMAES;PVB;ES;01/03/2023;31/03/2023;51.16;
09/02/2023;GQES_Q+1;PVB;ES;01/04/2023;30/06/2023;50.68;
09/02/2023;GYES_Y+1;PVB;ES;01/01/2024;31/12/2024;56.44;
08/02/2023;GDAES_D+1;PVB;ES;09/02/2023;09/02/2023;52.65;
08/02/2023;GMAES;PVB;ES;01/03/2023;31/03/2023;50.3;
08/02/2023;GQES_Q+1;PVB;ES;01/04/2023;30/06/2023;51.71;
08/02/2023;GYES_Y+1;PVB;ES;01/01/2024;31/12/2024;57.65;
07/02/2023;GDAES_D+1;PVB;ES;08/02/2023;08/02/2023;53.13;
07/02/2023;GMAES;PVB;ES;01/03/2023;31/03/2023;52.24;
07/02/2023;GQES_Q+1;PVB;ES;01/04/2023;30/06/2023;53.25;
07/02/2023;GYES_Y+1;PVB;ES;01/01/2024;31/12/2024;58.99;
06/02/2023;GDAES_D+1;PVB;ES;07/02/2023;07/02/2023;55.64;
06/02/2023;GMAES;PVB;ES;01/03/2023;31/03/2023;54.94;
06/02/2023;GQES_Q+1;PVB;ES;01/04/2023;30/06/2023;55.42;
06/02/2023;GYES_Y+1;PVB;ES;01/01/2024;31/12/2024;60.09;
05/02/2023;GDAES_D+1;PVB;ES;06/02/2023;06/02/2023;60.63;
04/02/2023;GDAES_D+1;PVB;ES;05/02/2023;05/02/2023;58.25;
03/02/2023;GDAES_D+1;PVB;ES;04/02/2023;04/02/2023;56.56;
03/02/2023;GMAES;PVB;ES;01/03/2023;31/03/2023;56.0;
03/02/2023;GQES_Q+1;PVB;ES;01/04/2023;30/06/2023;56.19;
03/02/2023;GYES_Y+1;PVB;ES;01/01/2024;31/12/2024;60.15;
02/02/2023;GDAES_D+1;PVB;ES;03/02/2023;03/02/2023;54.8;
02/02/2023;GMAES;PVB;ES;01/03/2023;31/03/2023;55.35;
02/02/2023;GQES_Q+1;PVB;ES;01/04/2023;30/06/2023;55.23;
02/02/2023;GYES_Y+1;PVB;ES;01/01/2024;31/12/2024;60.21;
01/02/2023;GDAES_D+1;PVB;ES;02/02/2023;02/02/2023;57.57;
01/02/2023;GMAES;PVB;ES;01/03/2023;31/03/2023;57.3;
01/02/2023;GQES_Q+1;PVB;ES;01/04/2023;30/06/2023;56.89;
01/02/2023;GYES_Y+1;PVB;ES;01/01/2024;31/12/2024;61.06;
31/01/2023;GDAES_D+1;PVB;ES;01/02/2023;01/02/2023;54.89;
31/01/2023;GMAES;PVB;ES;01/02/2023;28/02/2023;55.06;
31/01/2023;GQES_Q+1;PVB;ES;01/04/2023;30/06/2023;54.17;
31/01/2023;GYES_Y+1;PVB;ES;01/01/2024;31/12/2024;59.07;
30/01/2023;GDAES_D+1;PVB;ES;31/01/2023;31/01/2023;54.2;
30/01/2023;GMAES;PVB;ES;01/02/2023;28/02/2023;52.0;
30/01/2023;GQES_Q+1;PVB;ES;01/04/2023;30/06/2023;52.53;
30/01/2023;GYES_Y+1;PVB;ES;01/01/2024;31/12/2024;57.95;
29/01/2023;GDAES_D+1;PVB;ES;30/01/2023;30/01/2023;56.83;
28/01/2023;GDAES_D+1;PVB;ES;29/01/2023;29/01/2023;56.18;
27/01/2023;GDAES_D+1;PVB;ES;28/01/2023;28/01/2023;53.75;
27/01/2023;GMAES;PVB;ES;01/02/2023;28/02/2023;52.14;
27/01/2023;GQES_Q+1;PVB;ES;01/04/2023;30/06/2023;51.62;
27/01/2023;GYES_Y+1;PVB;ES;01/01/2024;31/12/2024;57.26;
26/01/2023;GDAES_D+1;PVB;ES;27/01/2023;27/01/2023;50.09;
26/01/2023;GMAES;PVB;ES;01/02/2023;28/02/2023;52.0;
26/01/2023;GQES_Q+1;PVB;ES;01/04/2023;30/06/2023;51.82;
26/01/2023;GYES_Y+1;PVB;ES;01/01/2024;31/12/2024;56.95;
25/01/2023;GDAES_D+1;PVB;ES;26/01/2023;26/01/2023;52.15;
25/01/2023;GMAES;PVB;ES;01/02/2023;28/02/2023;51.91;
25/01/2023;GQES_Q+1;PVB;ES;01/04/2023;30/06/2023;53.5;
25/01/2023;GYES_Y+1;PVB;ES;01/01/2024;31/12/2024;56.91;
24/01/2023;GDAES_D+1;PVB;ES;25/01/2023;25/01/2023;54.66;
24/01/2023;GMAES;PVB;ES;01/02/2023;28/02/2023;55.4;
24/01/2023;GQES_Q+1;PVB;ES;01/04/2023;30/06/2023;54.9;
24/01/2023;GYES_Y+1;PVB;ES;01/01/2024;31/12/2024;58.59;
23/01/2023;GDAES_D+1;PVB;ES;24/01/2023;24/01/2023;62.23;
23/01/2023;GMAES;PVB;ES;01/02/2023;28/02/2023;60.0;
23/01/2023;GQES_Q+1;PVB;ES;01/04/2023;30/06/2023;62.0;
23/01/2023;GYES_Y+1;PVB;ES;01/01/2024;31/12/2024;64.23;
22/01/2023;GDAES_D+1;PVB;ES;23/01/2023;23/01/2023;67.62;
21/01/2023;GDAES_D+1;PVB;ES;22/01/2023;22/01/2023;66.0;
20/01/2023;GDAES_D+1;PVB;ES;21/01/2023;21/01/2023;64.04;
20/01/2023;GMAES;PVB;ES;01/02/2023;28/02/2023;63.5;
20/01/2023;GQES_Q+1;PVB;ES;01/04/2023;30/06/2023;64.0;
20/01/2023;GYES_Y+1;PVB;ES;01/01/2024;31/12/2024;65.35;
19/01/2023;GDAES_D+1;PVB;ES;20/01/2023;20/01/2023;60.0;
19/01/2023;GMAES;PVB;ES;01/02/2023;28/02/2023;57.8;
19/01/2023;GQES_Q+1;PVB;ES;01/04/2023;30/06/2023;58.5;
19/01/2023;GYES_Y+1;PVB;ES;01/01/2024;31/12/2024;60.68;
18/01/2023;GDAES_D+1;PVB;ES;19/01/2023;19/01/2023;57.52;
18/01/2023;GMAES;PVB;ES;01/02/2023;28/02/2023;58.96;
18/01/2023;GQES_Q+1;PVB;ES;01/04/2023;30/06/2023;60.0;
18/01/2023;GYES_Y+1;PVB;ES;01/01/2024;31/12/2024;60.05;
17/01/2023;GDAES_D+1;PVB;ES;18/01/2023;18/01/2023;55.8;
17/01/2023;GMAES;PVB;ES;01/02/2023;28/02/2023;56.46;
17/01/2023;GQES_Q+1;PVB;ES;01/04/2023;30/06/2023;56.72;
17/01/2023;GYES_Y+1;PVB;ES;01/01/2024;31/12/2024;57.5;
16/01/2023;GDAES_D+1;PVB;ES;17/01/2023;17/01/2023;52.9;
16/01/2023;GMAES;PVB;ES;01/02/2023;28/02/2023;52.0;
16/01/2023;GQES_Q+1;PVB;ES;01/04/2023;30/06/2023;52.33;
16/01/2023;GYES_Y+1;PVB;ES;01/01/2024;31/12/2024;54.9;
15/01/2023;GDAES_D+1;PVB;ES;16/01/2023;16/01/2023;60.13;
14/01/2023;GDAES_D+1;PVB;ES;15/01/2023;15/01/2023;61.79;
13/01/2023;GDAES_D+1;PVB;ES;14/01/2023;14/01/2023;60.0;
13/01/2023;GMAES;PVB;ES;01/02/2023;28/02/2023;60.5;
13/01/2023;GQES_Q+1;PVB;ES;01/04/2023;30/06/2023;61.5;
13/01/2023;GYES_Y+1;PVB;ES;01/01/2024;31/12/2024;61.41;
12/01/2023;GDAES_D+1;PVB;ES;13/01/2023;13/01/2023;63.18;
12/01/2023;GMAES;PVB;ES;01/02/2023;28/02/2023;63.32;
12/01/2023;GQES_Q+1;PVB;ES;01/04/2023;30/06/2023;66.5;
12/01/2023;GYES_Y+1;PVB;ES;01/01/2024;31/12/2024;64.5;
11/01/2023;GDAES_D+1;PVB;ES;12/01/2023;12/01/2023;61.7;
11/01/2023;GMAES;PVB;ES;01/02/2023;28/02/2023;61.9;
11/01/2023;GQES_Q+1;PVB;ES;01/04/2023;30/06/2023;65.56;
11/01/2023;GYES_Y+1;PVB;ES;01/01/2024;31/12/2024;61.39;
10/01/2023;GDAES_D+1;PVB;ES;11/01/2023;11/01/2023;63.25;
10/01/2023;GMAES;PVB;ES;01/02/2023;28/02/2023;66.06;
10/01/2023;GQES_Q+1;PVB;ES;01/04/2023;30/06/2023;68.23;
10/01/2023;GYES_Y+1;PVB;ES;01/01/2024;31/12/2024;64.18;
09/01/2023;GDAES_D+1;PVB;ES;10/01/2023;10/01/2023;69.78;
09/01/2023;GMAES;PVB;ES;01/02/2023;28/02/2023;69.63;
09/01/2023;GQES_Q+1;PVB;ES;01/04/2023;30/06/2023;70.01;
09/01/2023;GYES_Y+1;PVB;ES;01/01/2024;31/12/2024;66.64;
08/01/2023;GDAES_D+1;PVB;ES;09/01/2023;09/01/2023;64.55;
07/01/2023;GDAES_D+1;PVB;ES;08/01/2023;08/01/2023;62.34;
06/01/2023;GDAES_D+1;PVB;ES;07/01/2023;07/01/2023;63.9;
06/01/2023;GMAES;PVB;ES;01/02/2023;28/02/2023;64.16;
06/01/2023;GQES_Q+1;PVB;ES;01/04/2023;30/06/2023;65.54;
06/01/2023;GYES_Y+1;PVB;ES;01/01/2024;31/12/2024;62.75;
05/01/2023;GDAES_D+1;PVB;ES;06/01/2023;06/01/2023;59.3;
05/01/2023;GMAES;PVB;ES;01/02/2023;28/02/2023;66.5;
05/01/2023;GQES_Q+1;PVB;ES;01/04/2023;30/06/2023;67.5;
05/01/2023;GYES_Y+1;PVB;ES;01/01/2024;31/12/2024;63.86;
04/01/2023;GDAES_D+1;PVB;ES;05/01/2023;05/01/2023;58.0;
04/01/2023;GMAES;PVB;ES;01/02/2023;28/02/2023;60.85;
04/01/2023;GQES_Q+1;PVB;ES;01/04/2023;30/06/2023;60.18;
04/01/2023;GYES_Y+1;PVB;ES;01/01/2024;31/12/2024;59.22;
03/01/2023;GDAES_D+1;PVB;ES;04/01/2023;04/01/2023;63.0;
03/01/2023;GMAES;PVB;ES;01/02/2023;28/02/2023;69.0;
03/01/2023;GQES_Q+1;PVB;ES;01/04/2023;30/06/2023;67.94;
03/01/2023;GYES_Y+1;PVB;ES;01/01/2024;31/12/2024;62.25;
02/01/2023;GDAES_D+1;PVB;ES;03/01/2023;03/01/2023;71.49;
02/01/2023;GMAES;PVB;ES;01/02/2023;28/02/2023;70.0;
02/01/2023;GQES_Q+1;PVB;ES;01/04/2023;30/06/2023;75.99;
02/01/2023;GYES_Y+1;PVB;ES;01/01/2024;31/12/2024;70.58;
01/01/2023;GDAES_D+1;PVB;ES;02/01/2023;02/01/2023;70.45;
31/12/2022;GDAES_D+1;PVB;ES;01/01/2023;01/01/2023;62.49;
31/12/2024;GDAES_D+1;PVB;ES;01/01/2025;01/01/2025;52.18;
31/12/2024;GMAES;PVB;ES;01/01/2025;31/01/2025;48.9;
30/12/2024;GDAES_D+1;PVB;ES;31/12/2024;31/12/2024;48.67;
30/12/2024;GMAES;PVB;ES;01/01/2025;31/01/2025;47.7;
30/12/2024;GQES_Q+1;PVB;ES;01/01/2025;31/03/2025;47.29;
30/12/2024;GYES_Y+1;PVB;ES;01/01/2025;31/12/2025;45.9;
29/12/2024;GDAES_D+1;PVB;ES;30/12/2024;30/12/2024;52.8;
28/12/2024;GDAES_D+1;PVB;ES;29/12/2024;29/12/2024;50.26;
27/12/2024;GDAES_D+1;PVB;ES;28/12/2024;28/12/2024;49.1;
27/12/2024;GMAES;PVB;ES;01/01/2025;31/01/2025;47.59;
27/12/2024;GQES_Q+1;PVB;ES;01/01/2025;31/03/2025;47.6;
27/12/2024;GYES_Y+1;PVB;ES;01/01/2025;31/12/2025;46.3;
26/12/2024;GDAES_D+1;PVB;ES;27/12/2024;27/12/2024;49.42;
25/12/2024;GDAES_D+1;PVB;ES;26/12/2024;26/12/2024;49.05;
24/12/2024;GDAES_D+1;PVB;ES;25/12/2024;25/12/2024;46.59;
24/12/2024;GMAES;PVB;ES;01/01/2025;31/01/2025;45.13;
24/12/2024;GQES_Q+1;PVB;ES;01/01/2025;31/03/2025;45.38;
24/12/2024;GYES_Y+1;PVB;ES;01/01/2025;31/12/2025;43.93;
23/12/2024;GDAES_D+1;PVB;ES;24/12/2024;24/12/2024;45.83;
23/12/2024;GMAES;PVB;ES;01/01/2025;31/01/2025;45.6;
23/12/2024;GQES_Q+1;PVB;ES;01/01/2025;31/03/2025;45.78;
23/12/2024;GYES_Y+1;PVB;ES;01/01/2025;31/12/2025;44.23;
22/12/2024;GDAES_D+1;PVB;ES;23/12/2024;23/12/2024;45.39;
21/12/2024;GDAES_D+1;PVB;ES;22/12/2024;22/12/2024;46.04;
20/12/2024;GDAES_D+1;PVB;ES;21/12/2024;21/12/2024;45.4;
20/12/2024;GMAES;PVB;ES;01/01/2025;31/01/2025;43.87;
20/12/2024;GQES_Q+1;PVB;ES;01/01/2025;31/03/2025;43.95;
20/12/2024;GYES_Y+1;PVB;ES;01/01/2025;31/12/2025;42.73;
19/12/2024;GDAES_D+1;PVB;ES;20/12/2024;20/12/2024;43.55;
19/12/2024;GMAES;PVB;ES;01/01/2025;31/01/2025;43.2;
19/12/2024;GQES_Q+1;PVB;ES;01/01/2025;31/03/2025;43.38;
19/12/2024;GYES_Y+1;PVB;ES;01/01/2025;31/12/2025;42.18;
18/12/2024;GDAES_D+1;PVB;ES;19/12/2024;19/12/2024;41.53;
18/12/2024;GMAES;PVB;ES;01/01/2025;31/01/2025;41.03;
18/12/2024;GQES_Q+1;PVB;ES;01/01/2025;31/03/2025;41.23;
18/12/2024;GYES_Y+1;PVB;ES;01/01/2025;31/12/2025;40.23;
17/12/2024;GDAES_D+1;PVB;ES;18/12/2024;18/12/2024;42.51;
17/12/2024;GMAES;PVB;ES;01/01/2025;31/01/2025;41.78;
17/12/2024;GQES_Q+1;PVB;ES;01/01/2025;31/03/2025;42.13;
17/12/2024;GYES_Y+1;PVB;ES;01/01/2025;31/12/2025;40.65;
16/12/2024;GDAES_D+1;PVB;ES;17/12/2024;17/12/2024;40.96;
16/12/2024;GMAES;PVB;ES;01/01/2025;31/01/2025;40.19;
16/12/2024;GQES_Q+1;PVB;ES;01/01/2025;31/03/2025;40.33;
16/12/2024;GYES_Y+1;PVB;ES;01/01/2025;31/12/2025;38.98;
15/12/2024;GDAES_D+1;PVB;ES;16/12/2024;16/12/2024;42.67;
14/12/2024;GDAES_D+1;PVB;ES;15/12/2024;15/12/2024;43.03;
13/12/2024;GDAES_D+1;PVB;ES;14/12/2024;14/12/2024;41.38;
13/12/2024;GMAES;PVB;ES;01/01/2025;31/01/2025;41.33;
13/12/2024;GQES_Q+1;PVB;ES;01/01/2025;31/03/2025;41.2;
13/12/2024;GYES_Y+1;PVB;ES;01/01/2025;31/12/2025;40.03;
12/12/2024;GDAES_D+1;PVB;ES;13/12/2024;13/12/2024;43.16;
12/12/2024;GMAES;PVB;ES;01/01/2025;31/01/2025;42.93;
12/12/2024;GQES_Q+1;PVB;ES;01/01/2025;31/03/2025;42.88;
12/12/2024;GYES_Y+1;PVB;ES;01/01/2025;31/12/2025;41.33;
11/12/2024;GDAES_D+1;PVB;ES;12/12/2024;12/12/2024;45.23;
11/12/2024;GMAES;PVB;ES;01/01/2025;31/01/2025;44.95;
11/12/2024;GQES_Q+1;PVB;ES;01/01/2025;31/03/2025;44.76;
11/12/2024;GYES_Y+1;PVB;ES;01/01/2025;31/12/2025;43.03;
10/12/2024;GDAES_D+1;PVB;ES;11/12/2024;11/12/2024;45.78;
10/12/2024;GMAES;PVB;ES;01/01/2025;31/01/2025;45.58;
10/12/2024;GQES_Q+1;PVB;ES;01/01/2025;31/03/2025;45.5;
10/12/2024;GYES_Y+1;PVB;ES;01/01/2025;31/12/2025;43.26;
09/12/2024;GDAES_D+1;PVB;ES;10/12/2024;10/12/2024;44.6;
09/12/2024;GMAES;PVB;ES;01/01/2025;31/01/2025;45.03;
09/12/2024;GQES_Q+1;PVB;ES;01/01/2025;31/03/2025;44.83;
09/12/2024;GYES_Y+1;PVB;ES;01/01/2025;31/12/2025;42.61;
08/12/2024;GDAES_D+1;PVB;ES;09/12/2024;09/12/2024;46.65;
07/12/2024;GDAES_D+1;PVB;ES;08/12/2024;08/12/2024;45.55;
06/12/2024;GDAES_D+1;PVB;ES;07/12/2024;07/12/2024;46.51;
06/12/2024;GMAES;PVB;ES;01/01/2025;31/01/2025;46.23;
06/12/2024;GQES_Q+1;PVB;ES;01/01/2025;31/03/2025;46.03;
06/12/2024;GYES_Y+1;PVB;ES;01/01/2025;31/12/2025;43.6;
05/12/2024;GDAES_D+1;PVB;ES;06/12/2024;06/12/2024;46.42;
05/12/2024;GMAES;PVB;ES;01/01/2025;31/01/2025;46.45;
05/12/2024;GQES_Q+1;PVB;ES;01/01/2025;31/03/2025;46.29;
05/12/2024;GYES_Y+1;PVB;ES;01/01/2025;31/12/2025;43.98;
04/12/2024;GDAES_D+1;PVB;ES;05/12/2024;05/12/2024;47.56;
04/12/2024;GMAES;PVB;ES;01/01/2025;31/01/2025;47.03;
04/12/2024;GQES_Q+1;PVB;ES;01/01/2025;31/03/2025;46.84;
04/12/2024;GYES_Y+1;PVB;ES;01/01/2025;31/12/2025;44.45;
03/12/2024;GDAES_D+1;PVB;ES;04/12/2024;04/12/2024;48.78;
03/12/2024;GMAES;PVB;ES;01/01/2025;31/01/2025;48.2;
03/12/2024;GQES_Q+1;PVB;ES;01/01/2025;31/03/2025;48.2;
03/12/2024;GYES_Y+1;PVB;ES;01/01/2025;31/12/2025;45.43;
02/12/2024;GDAES_D+1;PVB;ES;03/12/2024;03/12/2024;48.91;
02/12/2024;GMAES;PVB;ES;01/01/2025;31/01/2025;48.03;
02/12/2024;GQES_Q+1;PVB;ES;01/01/2025;31/03/2025;48.24;
02/12/2024;GYES_Y+1;PVB;ES;01/01/2025;31/12/2025;45.48;
01/12/2024;GDAES_D+1;PVB;ES;02/12/2024;02/12/2024;50.79;
30/11/2024;GDAES_D+1;PVB;ES;01/12/2024;01/12/2024;49.03;
29/11/2024;GDAES_D+1;PVB;ES;30/11/2024;30/11/2024;47.67;
29/11/2024;GMAES;PVB;ES;01/12/2024;31/12/2024;46.61;
29/11/2024;GQES_Q+1;PVB;ES;01/01/2025;31/03/2025;47.3;
29/11/2024;GYES_Y+1;PVB;ES;01/01/2025;31/12/2025;44.75;
28/11/2024;GDAES_D+1;PVB;ES;29/11/2024;29/11/2024;46.35;
28/11/2024;GMAES;PVB;ES;01/12/2024;31/12/2024;46.14;
28/11/2024;GQES_Q+1;PVB;ES;01/01/2025;31/03/2025;46.45;
28/11/2024;GYES_Y+1;PVB;ES;01/01/2025;31/12/2025;44.05;
27/11/2024;GDAES_D+1;PVB;ES;28/11/2024;28/11/2024;46.58;
27/11/2024;GMAES;PVB;ES;01/12/2024;31/12/2024;46.33;
27/11/2024;GQES_Q+1;PVB;ES;01/01/2025;31/03/2025;46.55;
27/11/2024;GYES_Y+1;PVB;ES;01/01/2025;31/12/2025;44.2;
26/11/2024;GDAES_D+1;PVB;ES;27/11/2024;27/11/2024;47.15;
26/11/2024;GMAES;PVB;ES;01/12/2024;31/12/2024;46.76;
26/11/2024;GQES_Q+1;PVB;ES;01/01/2025;31/03/2025;46.9;
26/11/2024;GYES_Y+1;PVB;ES;01/01/2025;31/12/2025;44.3;
25/11/2024;GDAES_D+1;PVB;ES;26/11/2024;26/11/2024;47.88;
25/11/2024;GMAES;PVB;ES;01/12/2024;31/12/2024;47.75;
25/11/2024;GQES_Q+1;PVB;ES;01/01/2025;31/03/2025;47.9;
25/11/2024;GYES_Y+1;PVB;ES;01/01/2025;31/12/2025;44.7;
24/11/2024;GDAES_D+1;PVB;ES;25/11/2024;25/11/2024;46.26;
23/11/2024;GDAES_D+1;PVB;ES;24/11/2024;24/11/2024;46.08;
22/11/2024;GDAES_D+1;PVB;ES;23/11/2024;23/11/2024;46.35;
22/11/2024;GMAES;PVB;ES;01/12/2024;31/12/2024;46.48;
22/11/2024;GQES_Q+1;PVB;ES;01/01/2025;31/03/2025;46.9;
22/11/2024;GYES_Y+1;PVB;ES;01/01/2025;31/12/2025;44.05;
21/11/2024;GDAES_D+1;PVB;ES;22/11/2024;22/11/2024;48.4;
21/11/2024;GMAES;PVB;ES;01/12/2024;31/12/2024;47.93;
21/11/2024;GQES_Q+1;PVB;ES;01/01/2025;31/03/2025;48.1;
21/11/2024;GYES_Y+1;PVB;ES;01/01/2025;31/12/2025;45.4;
20/11/2024;GDAES_D+1;PVB;ES;21/11/2024;21/11/2024;46.45;
20/11/2024;GMAES;PVB;ES;01/12/2024;31/12/2024;46.1;
20/11/2024;GQES_Q+1;PVB;ES;01/01/2025;31/03/2025;46.65;
20/11/2024;GYES_Y+1;PVB;ES;01/01/2025;31/12/2025;43.6;
19/11/2024;GDAES_D+1;PVB;ES;20/11/2024;20/11/2024;45.39;
19/11/2024;GMAES;PVB;ES;01/12/2024;31/12/2024;45.42;
19/11/2024;GQES_Q+1;PVB;ES;01/01/2025;31/03/2025;45.68;
19/11/2024;GYES_Y+1;PVB;ES;01/01/2025;31/12/2025;42.9;
18/11/2024;GDAES_D+1;PVB;ES;19/11/2024;19/11/2024;46.84;
18/11/2024;GMAES;PVB;ES;01/12/2024;31/12/2024;46.6;
18/11/2024;GQES_Q+1;PVB;ES;01/01/2025;31/03/2025;46.7;
18/11/2024;GYES_Y+1;PVB;ES;01/01/2025;31/12/2025;44.24;
17/11/2024;GDAES_D+1;PVB;ES;18/11/2024;18/11/2024;47.07;
16/11/2024;GDAES_D+1;PVB;ES;17/11/2024;17/11/2024;45.69;
15/11/2024;GDAES_D+1;PVB;ES;16/11/2024;16/11/2024;46.05;
15/11/2024;GMAES;PVB;ES;01/12/2024;31/12/2024;45.83;
15/11/2024;GQES_Q+1;PVB;ES;01/01/2025;31/03/2025;45.84;
15/11/2024;GYES_Y+1;PVB;ES;01/01/2025;31/12/2025;43.7;
14/11/2024;GDAES_D+1;PVB;ES;15/11/2024;15/11/2024;46.02;
14/11/2024;GMAES;PVB;ES;01/12/2024;31/12/2024;45.73;
14/11/2024;GQES_Q+1;PVB;ES;01/01/2025;31/03/2025;45.2;
14/11/2024;GYES_Y+1;PVB;ES;01/01/2025;31/12/2025;42.85;
13/11/2024;GDAES_D+1;PVB;ES;14/11/2024;14/11/2024;43.86;
13/11/2024;GMAES;PVB;ES;01/12/2024;31/12/2024;43.5;
13/11/2024;GQES_Q+1;PVB;ES;01/01/2025;31/03/2025;43.68;
13/11/2024;GYES_Y+1;PVB;ES;01/01/2025;31/12/2025;41.5;
12/11/2024;GDAES_D+1;PVB;ES;13/11/2024;13/11/2024;43.73;
12/11/2024;GMAES;PVB;ES;01/12/2024;31/12/2024;43.53;
12/11/2024;GQES_Q+1;PVB;ES;01/01/2025;31/03/2025;43.6;
12/11/2024;GYES_Y+1;PVB;ES;01/01/2025;31/12/2025;41.25;
11/11/2024;GDAES_D+1;PVB;ES;12/11/2024;12/11/2024;43.61;
11/11/2024;GMAES;PVB;ES;01/12/2024;31/12/2024;43.48;
11/11/2024;GQES_Q+1;PVB;ES;01/01/2025;31/03/2025;43.6;
11/11/2024;GYES_Y+1;PVB;ES;01/01/2025;31/12/2025;40.93;
10/11/2024;GDAES_D+1;PVB;ES;11/11/2024;11/11/2024;42.31;
09/11/2024;GDAES_D+1;PVB;ES;10/11/2024;10/11/2024;42.14;
08/11/2024;GDAES_D+1;PVB;ES;09/11/2024;09/11/2024;41.94;
08/11/2024;GMAES;PVB;ES;01/12/2024;31/12/2024;41.93;
08/11/2024;GQES_Q+1;PVB;ES;01/01/2025;31/03/2025;42.1;
08/11/2024;GYES_Y+1;PVB;ES;01/01/2025;31/12/2025;40.1;
07/11/2024;GDAES_D+1;PVB;ES;08/11/2024;08/11/2024;41.31;
07/11/2024;GMAES;PVB;ES;01/12/2024;31/12/2024;41.15;
07/11/2024;GQES_Q+1;PVB;ES;01/01/2025;31/03/2025;41.3;
07/11/2024;GYES_Y+1;PVB;ES;01/01/2025;31/12/2025;39.6;
06/11/2024;GDAES_D+1;PVB;ES;07/11/2024;07/11/2024;40.45;
06/11/2024;GMAES;PVB;ES;01/12/2024;31/12/2024;40.45;
06/11/2024;GQES_Q+1;PVB;ES;01/01/2025;31/03/2025;40.45;
06/11/2024;GYES_Y+1;PVB;ES;01/01/2025;31/12/2025;38.7;
05/11/2024;GDAES_D+1;PVB;ES;06/11/2024;06/11/2024;40.5;
05/11/2024;GMAES;PVB;ES;01/12/2024;31/12/2024;40.34;
05/11/2024;GQES_Q+1;PVB;ES;01/01/2025;31/03/2025;40.4;
05/11/2024;GYES_Y+1;PVB;ES;01/01/2025;31/12/2025;38.8;
04/11/2024;GDAES_D+1;PVB;ES;05/11/2024;05/11/2024;40.29;
04/11/2024;GMAES;PVB;ES;01/12/2024;31/12/2024;39.93;
04/11/2024;GQES_Q+1;PVB;ES;01/01/2025;31/03/2025;40.23;
04/11/2024;GYES_Y+1;PVB;ES;01/01/2025;31/12/2025;38.58;
03/11/2024;GDAES_D+1;PVB;ES;04/11/2024;04/11/2024;40.47;
02/11/2024;GDAES_D+1;PVB;ES;03/11/2024;03/11/2024;38.75;
01/11/2024;GDAES_D+1;PVB;ES;02/11/2024;02/11/2024;38.9;
01/11/2024;GMAES;PVB;ES;01/12/2024;31/12/2024;38.88;
01/11/2024;GQES_Q+1;PVB;ES;01/01/2025;31/03/2025;39.13;
01/11/2024;GYES_Y+1;PVB;ES;01/01/2025;31/12/2025;37.95;
31/10/2024;GDAES_D+1;PVB;ES;01/11/2024;01/11/2024;40.44;
31/10/2024;GMAES;PVB;ES;01/11/2024;30/11/2024;40.03;
31/10/2024;GQES_Q+1;PVB;ES;01/01/2025;31/03/2025;40.5;
31/10/2024;GYES_Y+1;PVB;ES;01/01/2025;31/12/2025;38.95;
30/10/2024;GDAES_D+1;PVB;ES;31/10/2024;31/10/2024;41.72;
30/10/2024;GMAES;PVB;ES;01/11/2024;30/11/2024;41.19;
30/10/2024;GQES_Q+1;PVB;ES;01/01/2025;31/03/2025;41.4;
30/10/2024;GYES_Y+1;PVB;ES;01/01/2025;31/12/2025;39.7;
29/10/2024;GDAES_D+1;PVB;ES;30/10/2024;30/10/2024;43.04;
29/10/2024;GMAES;PVB;ES;01/11/2024;30/11/2024;42.43;
29/10/2024;GQES_Q+1;PVB;ES;01/01/2025;31/03/2025;42.63;
29/10/2024;GYES_Y+1;PVB;ES;01/01/2025;31/12/2025;40.73;
28/10/2024;GDAES_D+1;PVB;ES;29/10/2024;29/10/2024;42.8;
28/10/2024;GMAES;PVB;ES;01/11/2024;30/11/2024;42.38;
28/10/2024;GQES_Q+1;PVB;ES;01/01/2025;31/03/2025;42.6;
28/10/2024;GYES_Y+1;PVB;ES;01/01/2025;31/12/2025;40.7;
27/10/2024;GDAES_D+1;PVB;ES;28/10/2024;28/10/2024;44.35;
26/10/2024;GDAES_D+1;PVB;ES;27/10/2024;27/10/2024;44.63;
25/10/2024;GDAES_D+1;PVB;ES;26/10/2024;26/10/2024;43.64;
25/10/2024;GMAES;PVB;ES;01/11/2024;30/11/2024;43.15;
25/10/2024;GQES_Q+1;PVB;ES;01/01/2025;31/03/2025;43.3;
25/10/2024;GYES_Y+1;PVB;ES;01/01/2025;31/12/2025;41.45;
24/10/2024;GDAES_D+1;PVB;ES;25/10/2024;25/10/2024;42.07;
24/10/2024;GMAES;PVB;ES;01/11/2024;30/11/2024;41.88;
24/10/2024;GQES_Q+1;PVB;ES;01/01/2025;31/03/2025;42.2;
24/10/2024;GYES_Y+1;PVB;ES;01/01/2025;31/12/2025;40.59;
23/10/2024;GDAES_D+1;PVB;ES;24/10/2024;24/10/2024;41.16;
23/10/2024;GMAES;PVB;ES;01/11/2024;30/11/2024;40.93;
23/10/2024;GQES_Q+1;PVB;ES;01/01/2025;31/03/2025;41.35;
23/10/2024;GYES_Y+1;PVB;ES;01/01/2025;31/12/2025;39.85;
22/10/2024;GDAES_D+1;PVB;ES;23/10/2024;23/10/2024;40.42;
22/10/2024;GMAES;PVB;ES;01/11/2024;30/11/2024;40.33;
22/10/2024;GQES_Q+1;PVB;ES;01/01/2025;31/03/2025;40.85;
22/10/2024;GYES_Y+1;PVB;ES;01/01/2025;31/12/2025;39.28;
21/10/2024;GDAES_D+1;PVB;ES;22/10/2024;22/10/2024;39.61;
21/10/2024;GMAES;PVB;ES;01/11/2024;30/11/2024;39.38;
21/10/2024;GQES_Q+1;PVB;ES;01/01/2025;31/03/2025;40.05;
21/10/2024;GYES_Y+1;PVB;ES;01/01/2025;31/12/2025;38.5;
20/10/2024;GDAES_D+1;PVB;ES;21/10/2024;21/10/2024;39.41;
19/10/2024;GDAES_D+1;PVB;ES;20/10/2024;20/10/2024;39.05;
18/10/2024;GDAES_D+1;PVB;ES;19/10/2024;19/10/2024;38.87;
18/10/2024;GMAES;PVB;ES;01/11/2024;30/11/2024;38.75;
18/10/2024;GQES_Q+1;PVB;ES;01/01/2025;31/03/2025;39.48;
18/10/2024;GYES_Y+1;PVB;ES;01/01/2025;31/12/2025;37.9;
17/10/2024;GDAES_D+1;PVB;ES;18/10/2024;18/10/2024;39.37;
17/10/2024;GMAES;PVB;ES;01/11/2024;30/11/2024;39.25;
17/10/2024;GQES_Q+1;PVB;ES;01/01/2025;31/03/2025;39.6;
17/10/2024;GYES_Y+1;PVB;ES;01/01/2025;31/12/2025;38.2;
16/10/2024;GDAES_D+1;PVB;ES;17/10/2024;17/10/2024;38.92;
16/10/2024;GMAES;PVB;ES;01/11/2024;30/11/2024;38.9;
16/10/2024;GQES_Q+1;PVB;ES;01/01/2025;31/03/2025;39.86;
16/10/2024;GYES_Y+1;PVB;ES;01/01/2025;31/12/2025;38.35;
15/10/2024;GDAES_D+1;PVB;ES;16/10/2024;16/10/2024;39.48;
15/10/2024;GMAES;PVB;ES;01/11/2024;30/11/2024;39.38;
15/10/2024;GQES_Q+1;PVB;ES;01/01/2025;31/03/2025;40.08;
15/10/2024;GYES_Y+1;PVB;ES;01/01/2025;31/12/2025;38.75;
14/10/2024;GDAES_D+1;PVB;ES;15/10/2024;15/10/2024;39.93;
14/10/2024;GMAES;PVB;ES;01/11/2024;30/11/2024;39.88;
14/10/2024;GQES_Q+1;PVB;ES;01/01/2025;31/03/2025;40.85;
14/10/2024;GYES_Y+1;PVB;ES;01/01/2025;31/12/2025;39.18;
13/10/2024;GDAES_D+1;PVB;ES;14/10/2024;14/10/2024;40.04;
12/10/2024;GDAES_D+1;PVB;ES;13/10/2024;13/10/2024;38.95;
11/10/2024;GDAES_D+1;PVB;ES;12/10/2024;12/10/2024;39.27;
11/10/2024;GMAES;PVB;ES;01/11/2024;30/11/2024;39.31;
11/10/2024;GQES_Q+1;PVB;ES;01/01/2025;31/03/2025;39.85;
11/10/2024;GYES_Y+1;PVB;ES;01/01/2025;31/12/2025;38.55;
10/10/2024;GDAES_D+1;PVB;ES;11/10/2024;11/10/2024;39.79;
10/10/2024;GMAES;PVB;ES;01/11/2024;30/11/2024;39.73;
10/10/2024;GQES_Q+1;PVB;ES;01/01/2025;31/03/2025;40.38;
10/10/2024;GYES_Y+1;PVB;ES;01/01/2025;31/12/2025;38.9;
09/10/2024;GDAES_D+1;PVB;ES;10/10/2024;10/10/2024;38.12;
09/10/2024;GMAES;PVB;ES;01/11/2024;30/11/2024;38.15;
09/10/2024;GQES_Q+1;PVB;ES;01/01/2025;31/03/2025;39.05;
09/10/2024;GYES_Y+1;PVB;ES;01/01/2025;31/12/2025;37.93;
08/10/2024;GDAES_D+1;PVB;ES;09/10/2024;09/10/2024;38.59;
08/10/2024;GMAES;PVB;ES;01/11/2024;30/11/2024;38.3;
08/10/2024;GQES_Q+1;PVB;ES;01/01/2025;31/03/2025;39.6;
08/10/2024;GYES_Y+1;PVB;ES;01/01/2025;31/12/2025;38.08;
07/10/2024;GDAES_D+1;PVB;ES;08/10/2024;08/10/2024;40.3;
07/10/2024;GMAES;PVB;ES;01/11/2024;30/11/2024;40.13;
07/10/2024;GQES_Q+1;PVB;ES;01/01/2025;31/03/2025;41.1;
07/10/2024;GYES_Y+1;PVB;ES;01/01/2025;31/12/2025;39.53;
06/10/2024;GDAES_D+1;PVB;ES;07/10/2024;07/10/2024;41.24;
05/10/2024;GDAES_D+1;PVB;ES;06/10/2024;06/10/2024;40.73;
04/10/2024;GDAES_D+1;PVB;ES;05/10/2024;05/10/2024;40.74;
04/10/2024;GMAES;PVB;ES;01/11/2024;30/11/2024;40.28;
04/10/2024;GQES_Q+1;PVB;ES;01/01/2025;31/03/2025;41.2;
04/10/2024;GYES_Y+1;PVB;ES;01/01/2025;31/12/2025;39.45;
03/10/2024;GDAES_D+1;PVB;ES;04/10/2024;04/10/2024;39.49;
03/10/2024;GMAES;PVB;ES;01/11/2024;30/11/2024;39.53;
03/10/2024;GQES_Q+1;PVB;ES;01/01/2025;31/03/2025;40.23;
03/10/2024;GYES_Y+1;PVB;ES;01/01/2025;31/12/2025;38.65;
02/10/2024;GDAES_D+1;PVB;ES;03/10/2024;03/10/2024;38.64;
02/10/2024;GMAES;PVB;ES;01/11/2024;30/11/2024;38.28;
02/10/2024;GQES_Q+1;PVB;ES;01/01/2025;31/03/2025;39.4;
02/10/2024;GYES_Y+1;PVB;ES;01/01/2025;31/12/2025;38.1;
01/10/2024;GDAES_D+1;PVB;ES;02/10/2024;02/10/2024;39.36;
01/10/2024;GMAES;PVB;ES;01/11/2024;30/11/2024;39.06;
01/10/2024;GQES_Q+1;PVB;ES;01/01/2025;31/03/2025;39.95;
01/10/2024;GYES_Y+1;PVB;ES;01/01/2025;31/12/2025;38.51;
30/09/2024;GDAES_D+1;PVB;ES;01/10/2024;01/10/2024;38.94;
30/09/2024;GMAES;PVB;ES;01/10/2024;31/10/2024;38.98;
30/09/2024;GYES_Y+1;PVB;ES;01/01/2025;31/12/2025;37.93;
29/09/2024;GDAES_D+1;PVB;ES;30/09/2024;30/09/2024;38.7;
28/09/2024;GDAES_D+1;PVB;ES;29/09/2024;29/09/2024;38.28;
27/09/2024;GDAES_D+1;PVB;ES;28/09/2024;28/09/2024;38.1;
27/09/2024;GMAES;PVB;ES;01/10/2024;31/10/2024;37.85;
27/09/2024;GQES_Q+1;PVB;ES;01/10/2024;31/12/2024;38.1;
27/09/2024;GYES_Y+1;PVB;ES;01/01/2025;31/12/2025;37.2;
26/09/2024;GDAES_D+1;PVB;ES;27/09/2024;27/09/2024;38.07;
26/09/2024;GMAES;PVB;ES;01/10/2024;31/10/2024;37.93;
26/09/2024;GQES_Q+1;PVB;ES;01/10/2024;31/12/2024;38.25;
26/09/2024;GYES_Y+1;PVB;ES;01/01/2025;31/12/2025;37.43;
25/09/2024;GDAES_D+1;PVB;ES;26/09/2024;26/09/2024;37.52;
25/09/2024;GMAES;PVB;ES;01/10/2024;31/10/2024;37.46;
25/09/2024;GQES_Q+1;PVB;ES;01/10/2024;31/12/2024;37.83;
25/09/2024;GYES_Y+1;PVB;ES;01/01/2025;31/12/2025;37.13;
24/09/2024;GDAES_D+1;PVB;ES;25/09/2024;25/09/2024;35.81;
24/09/2024;GMAES;PVB;ES;01/10/2024;31/10/2024;35.94;
24/09/2024;GQES_Q+1;PVB;ES;01/10/2024;31/12/2024;36.37;
24/09/2024;GYES_Y+1;PVB;ES;01/01/2025;31/12/2025;36.25;
23/09/2024;GDAES_D+1;PVB;ES;24/09/2024;24/09/2024;36.43;
23/09/2024;GMAES;PVB;ES;01/10/2024;31/10/2024;36.15;
23/09/2024;GQES_Q+1;PVB;ES;01/10/2024;31/12/2024;36.58;
23/09/2024;GYES_Y+1;PVB;ES;01/01/2025;31/12/2025;36.23;
22/09/2024;GDAES_D+1;PVB;ES;23/09/2024;23/09/2024;35.99;
21/09/2024;GDAES_D+1;PVB;ES;22/09/2024;22/09/2024;35.73;
20/09/2024;GDAES_D+1;PVB;ES;21/09/2024;21/09/2024;35.14;
20/09/2024;GMAES;PVB;ES;01/10/2024;31/10/2024;34.8;
20/09/2024;GQES_Q+1;PVB;ES;01/10/2024;31/12/2024;35.63;
20/09/2024;GYES_Y+1;PVB;ES;01/01/2025;31/12/2025;35.8;
19/09/2024;GDAES_D+1;PVB;ES;20/09/2024;20/09/2024;33.2;
19/09/2024;GMAES;PVB;ES;01/10/2024;31/10/2024;33.65;
19/09/2024;GQES_Q+1;PVB;ES;01/10/2024;31/12/2024;34.49;
19/09/2024;GYES_Y+1;PVB;ES;01/01/2025;31/12/2025;34.5;
18/09/2024;GDAES_D+1;PVB;ES;19/09/2024;19/09/2024;35.82;
18/09/2024;GMAES;PVB;ES;01/10/2024;31/10/2024;35.45;
18/09/2024;GQES_Q+1;PVB;ES;01/10/2024;31/12/2024;36.57;
18/09/2024;GYES_Y+1;PVB;ES;01/01/2025;31/12/2025;37.03;
17/09/2024;GDAES_D+1;PVB;ES;18/09/2024;18/09/2024;35.95;
17/09/2024;GMAES;PVB;ES;01/10/2024;31/10/2024;35.53;
17/09/2024;GQES_Q+1;PVB;ES;01/10/2024;31/12/2024;36.58;
17/09/2024;GYES_Y+1;PVB;ES;01/01/2025;31/12/2025;36.7;
16/09/2024;GDAES_D+1;PVB;ES;17/09/2024;17/09/2024;34.52;
16/09/2024;GMAES;PVB;ES;01/10/2024;31/10/2024;34.35;
16/09/2024;GQES_Q+1;PVB;ES;01/10/2024;31/12/2024;35.38;
16/09/2024;GYES_Y+1;PVB;ES;01/01/2025;31/12/2025;35.53;
15/09/2024;GDAES_D+1;PVB;ES;16/09/2024;16/09/2024;35.59;
14/09/2024;GDAES_D+1;PVB;ES;15/09/2024;15/09/2024;36.58;
13/09/2024;GDAES_D+1;PVB;ES;14/09/2024;14/09/2024;35.17;
13/09/2024;GMAES;PVB;ES;01/10/2024;31/10/2024;35.75;
13/09/2024;GQES_Q+1;PVB;ES;01/10/2024;31/12/2024;36.79;
13/09/2024;GYES_Y+1;PVB;ES;01/01/2025;31/12/2025;36.83;
12/09/2024;GDAES_D+1;PVB;ES;13/09/2024;13/09/2024;35.14;
12/09/2024;GMAES;PVB;ES;01/10/2024;31/10/2024;35.3;
12/09/2024;GQES_Q+1;PVB;ES;01/10/2024;31/12/2024;36.41;
12/09/2024;GYES_Y+1;PVB;ES;01/01/2025;31/12/2025;36.5;
11/09/2024;GDAES_D+1;PVB;ES;12/09/2024;12/09/2024;35.58;
11/09/2024;GMAES;PVB;ES;01/10/2024;31/10/2024;36.13;
11/09/2024;GQES_Q+1;PVB;ES;01/10/2024;31/12/2024;37.29;
11/09/2024;GYES_Y+1;PVB;ES;01/01/2025;31/12/2025;37.4;
10/09/2024;GDAES_D+1;PVB;ES;11/09/2024;11/09/2024;34.75;
10/09/2024;GMAES;PVB;ES;01/10/2024;31/10/2024;35.18;
10/09/2024;GQES_Q+1;PVB;ES;01/10/2024;31/12/2024;36.66;
10/09/2024;GYES_Y+1;PVB;ES;01/01/2025;31/12/2025;36.98;
09/09/2024;GDAES_D+1;PVB;ES;10/09/2024;10/09/2024;36.7;
09/09/2024;GMAES;PVB;ES;01/10/2024;31/10/2024;37.18;
09/09/2024;GQES_Q+1;PVB;ES;01/10/2024;31/12/2024;38.58;
09/09/2024;GYES_Y+1;PVB;ES;01/01/2025;31/12/2025;38.4;
08/09/2024;GDAES_D+1;PVB;ES;09/09/2024;09/09/2024;36.14;
07/09/2024;GDAES_D+1;PVB;ES;08/09/2024;08/09/2024;35.85;
06/09/2024;GDAES_D+1;PVB;ES;07/09/2024;07/09/2024;36.32;
06/09/2024;GMAES;PVB;ES;01/10/2024;31/10/2024;36.38;
06/09/2024;GQES_Q+1;PVB;ES;01/10/2024;31/12/2024;37.72;
06/09/2024;GYES_Y+1;PVB;ES;01/01/2025;31/12/2025;38.08;
05/09/2024;GDAES_D+1;PVB;ES;06/09/2024;06/09/2024;36.43;
05/09/2024;GMAES;PVB;ES;01/10/2024;31/10/2024;36.13;
05/09/2024;GQES_Q+1;PVB;ES;01/10/2024;31/12/2024;37.69;
05/09/2024;GYES_Y+1;PVB;ES;01/01/2025;31/12/2025;38.38;
04/09/2024;GDAES_D+1;PVB;ES;05/09/2024;05/09/2024;36.3;
04/09/2024;GMAES;PVB;ES;01/10/2024;31/10/2024;35.63;
04/09/2024;GQES_Q+1;PVB;ES;01/10/2024;31/12/2024;37.1;
04/09/2024;GYES_Y+1;PVB;ES;01/01/2025;31/12/2025;37.73;
03/09/2024;GDAES_D+1;PVB;ES;04/09/2024;04/09/2024;37.48;
03/09/2024;GMAES;PVB;ES;01/10/2024;31/10/2024;37.26;
03/09/2024;GQES_Q+1;PVB;ES;01/10/2024;31/12/2024;38.35;
03/09/2024;GYES_Y+1;PVB;ES;01/01/2025;31/12/2025;38.7;
02/09/2024;GDAES_D+1;PVB;ES;03/09/2024;03/09/2024;39.64;
02/09/2024;GMAES;PVB;ES;01/10/2024;31/10/2024;38.73;
02/09/2024;GQES_Q+1;PVB;ES;01/10/2024;31/12/2024;39.89;
02/09/2024;GYES_Y+1;PVB;ES;01/01/2025;31/12/2025;39.75;
01/09/2024;GDAES_D+1;PVB;ES;02/09/2024;02/09/2024;42.1;
31/08/2024;GDAES_D+1;PVB;ES;01/09/2024;01/09/2024;41.36;
30/08/2024;GDAES_D+1;PVB;ES;31/08/2024;31/08/2024;40.01;
30/08/2024;GMAES;PVB;ES;01/09/2024;30/09/2024;39.44;
30/08/2024;GQES_Q+1;PVB;ES;01/10/2024;31/12/2024;40.53;
30/08/2024;GYES_Y+1;PVB;ES;01/01/2025;31/12/2025;40.34;
29/08/2024;GDAES_D+1;PVB;ES;30/08/2024;30/08/2024;39.22;
29/08/2024;GMAES;PVB;ES;01/09/2024;30/09/2024;38.78;
29/08/2024;GQES_Q+1;PVB;ES;01/10/2024;31/12/2024;39.32;
29/08/2024;GYES_Y+1;PVB;ES;01/01/2025;31/12/2025;39.43;
28/08/2024;GDAES_D+1;PVB;ES;29/08/2024;29/08/2024;39.06;
28/08/2024;GMAES;PVB;ES;01/09/2024;30/09/2024;38.63;
28/08/2024;GQES_Q+1;PVB;ES;01/10/2024;31/12/2024;40.03;
28/08/2024;GYES_Y+1;PVB;ES;01/01/2025;31/12/2025;40.23;
27/08/2024;GDAES_D+1;PVB;ES;28/08/2024;28/08/2024;39.15;
27/08/2024;GMAES;PVB;ES;01/09/2024;30/09/2024;38.58;
27/08/2024;GQES_Q+1;PVB;ES;01/10/2024;31/12/2024;40.18;
27/08/2024;GYES_Y+1;PVB;ES;01/01/2025;31/12/2025;40.6;
26/08/2024;GDAES_D+1;PVB;ES;27/08/2024;27/08/2024;38.08;
26/08/2024;GMAES;PVB;ES;01/09/2024;30/09/2024;37.78;
26/08/2024;GQES_Q+1;PVB;ES;01/10/2024;31/12/2024;39.54;
26/08/2024;GYES_Y+1;PVB;ES;01/01/2025;31/12/2025;39.7;
25/08/2024;GDAES_D+1;PVB;ES;26/08/2024;26/08/2024;37.47;
24/08/2024;GDAES_D+1;PVB;ES;25/08/2024;25/08/2024;37.02;
23/08/2024;GDAES_D+1;PVB;ES;24/08/2024;24/08/2024;36.65;
23/08/2024;GMAES;PVB;ES;01/09/2024;30/09/2024;37.08;
23/08/2024;GQES_Q+1;PVB;ES;01/10/2024;31/12/2024;38.93;
23/08/2024;GYES_Y+1;PVB;ES;01/01/2025;31/12/2025;39.6;
22/08/2024;GDAES_D+1;PVB;ES;23/08/2024;23/08/2024;36.98;
22/08/2024;GMAES;PVB;ES;01/09/2024;30/09/2024;36.93;
22/08/2024;GQES_Q+1;PVB;ES;01/10/2024;31/12/2024;38.83;
22/08/2024;GYES_Y+1;PVB;ES;01/01/2025;31/12/2025;39.33;
21/08/2024;GDAES_D+1;PVB;ES;22/08/2024;22/08/2024;37.45;
21/08/2024;GMAES;PVB;ES;01/09/2024;30/09/2024;37.18;
21/08/2024;GQES_Q+1;PVB;ES;01/10/2024;31/12/2024;39.03;
21/08/2024;GYES_Y+1;PVB;ES;01/01/2025;31/12/2025;39.33;
20/08/2024;GDAES_D+1;PVB;ES;21/08/2024;21/08/2024;37.89;
20/08/2024;GMAES;PVB;ES;01/09/2024;30/09/2024;37.88;
20/08/2024;GQES_Q+1;PVB;ES;01/10/2024;31/12/2024;39.73;
20/08/2024;GYES_Y+1;PVB;ES;01/01/2025;31/12/2025;39.98;
19/08/2024;GDAES_D+1;PVB;ES;20/08/2024;20/08/2024;39.91;
19/08/2024;GMAES;PVB;ES;01/09/2024;30/09/2024;39.68;
19/08/2024;GQES_Q+1;PVB;ES;01/10/2024;31/12/2024;41.63;
19/08/2024;GYES_Y+1;PVB;ES;01/01/2025;31/12/2025;41.68;
18/08/2024;GDAES_D+1;PVB;ES;19/08/2024;19/08/2024;39.76;
17/08/2024;GDAES_D+1;PVB;ES;18/08/2024;18/08/2024;39.39;
16/08/2024;GDAES_D+1;PVB;ES;17/08/2024;17/08/2024;39.5;
16/08/2024;GMAES;PVB;ES;01/09/2024;30/09/2024;39.46;
16/08/2024;GQES_Q+1;PVB;ES;01/10/2024;31/12/2024;41.8;
16/08/2024;GYES_Y+1;PVB;ES;01/01/2025;31/12/2025;41.9;
15/08/2024;GDAES_D+1;PVB;ES;16/08/2024;16/08/2024;39.22;
15/08/2024;GMAES;PVB;ES;01/09/2024;30/09/2024;38.98;
15/08/2024;GQES_Q+1;PVB;ES;01/10/2024;31/12/2024;41.53;
15/08/2024;GYES_Y+1;PVB;ES;01/01/2025;31/12/2025;41.6;
14/08/2024;GDAES_D+1;PVB;ES;15/08/2024;15/08/2024;38.75;
14/08/2024;GMAES;PVB;ES;01/09/2024;30/09/2024;39.0;
14/08/2024;GQES_Q+1;PVB;ES;01/10/2024;31/12/2024;41.25;
14/08/2024;GYES_Y+1;PVB;ES;01/01/2025;31/12/2025;41.25;
13/08/2024;GDAES_D+1;PVB;ES;14/08/2024;14/08/2024;39.16;
13/08/2024;GMAES;PVB;ES;01/09/2024;30/09/2024;39.05;
13/08/2024;GQES_Q+1;PVB;ES;01/10/2024;31/12/2024;41.18;
13/08/2024;GYES_Y+1;PVB;ES;01/01/2025;31/12/2025;40.78;
12/08/2024;GDAES_D+1;PVB;ES;13/08/2024;13/08/2024;39.6;
12/08/2024;GMAES;PVB;ES;01/09/2024;30/09/2024;39.91;
12/08/2024;GQES_Q+1;PVB;ES;01/10/2024;31/12/2024;41.53;
12/08/2024;GYES_Y+1;PVB;ES;01/01/2025;31/12/2025;40.78;
11/08/2024;GDAES_D+1;PVB;ES;12/08/2024;12/08/2024;41.0;
10/08/2024;GDAES_D+1;PVB;ES;11/08/2024;11/08/2024;39.78;
09/08/2024;GDAES_D+1;PVB;ES;10/08/2024;10/08/2024;39.35;
09/08/2024;GMAES;PVB;ES;01/09/2024;30/09/2024;39.85;
09/08/2024;GQES_Q+1;PVB;ES;01/10/2024;31/12/2024;41.83;
09/08/2024;GYES_Y+1;PVB;ES;01/01/2025;31/12/2025;41.08;
08/08/2024;GDAES_D+1;PVB;ES;09/08/2024;09/08/2024;39.96;
08/08/2024;GMAES;PVB;ES;01/09/2024;30/09/2024;40.08;
08/08/2024;GQES_Q+1;PVB;ES;01/10/2024;31/12/2024;41.73;
08/08/2024;GYES_Y+1;PVB;ES;01/01/2025;31/12/2025;41.03;
07/08/2024;GDAES_D+1;PVB;ES;08/08/2024;08/08/2024;37.96;
07/08/2024;GMAES;PVB;ES;01/09/2024;30/09/2024;38.6;
07/08/2024;GQES_Q+1;PVB;ES;01/10/2024;31/12/2024;40.43;
07/08/2024;GYES_Y+1;PVB;ES;01/01/2025;31/12/2025;40.05;
06/08/2024;GDAES_D+1;PVB;ES;07/08/2024;07/08/2024;36.01;
06/08/2024;GMAES;PVB;ES;01/09/2024;30/09/2024;36.85;
06/08/2024;GQES_Q+1;PVB;ES;01/10/2024;31/12/2024;38.63;
06/08/2024;GYES_Y+1;PVB;ES;01/01/2025;31/12/2025;38.53;
05/08/2024;GDAES_D+1;PVB;ES;06/08/2024;06/08/2024;36.18;
05/08/2024;GMAES;PVB;ES;01/09/2024;30/09/2024;36.05;
05/08/2024;GQES_Q+1;PVB;ES;01/10/2024;31/12/2024;38.26;
05/08/2024;GYES_Y+1;PVB;ES;01/01/2025;31/12/2025;38.13;
04/08/2024;GDAES_D+1;PVB;ES;05/08/2024;05/08/2024;38.81;
03/08/2024;GDAES_D+1;PVB;ES;04/08/2024;04/08/2024;37.03;
02/08/2024;GDAES_D+1;PVB;ES;03/08/2024;03/08/2024;37.53;
02/08/2024;GMAES;PVB;ES;01/09/2024;30/09/2024;37.02;
02/08/2024;GQES_Q+1;PVB;ES;01/10/2024;31/12/2024;39.15;
02/08/2024;GYES_Y+1;PVB;ES;01/01/2025;31/12/2025;39.18;
01/08/2024;GDAES_D+1;PVB;ES;02/08/2024;02/08/2024;37.64;
01/08/2024;GMAES;PVB;ES;01/09/2024;30/09/2024;37.33;
01/08/2024;GQES_Q+1;PVB;ES;01/10/2024;31/12/2024;39.35;
01/08/2024;GYES_Y+1;PVB;ES;01/01/2025;31/12/2025;39.2;
31/07/2024;GDAES_D+1;PVB;ES;01/08/2024;01/08/2024;36.39;
31/07/2024;GMAES;PVB;ES;01/08/2024;31/08/2024;36.05;
31/07/2024;GQES_Q+1;PVB;ES;01/10/2024;31/12/2024;37.95;
31/07/2024;GYES_Y+1;PVB;ES;01/01/2025;31/12/2025;38.5;
30/07/2024;GDAES_D+1;PVB;ES;31/07/2024;31/07/2024;35.41;
30/07/2024;GMAES;PVB;ES;01/08/2024;31/08/2024;35.18;
30/07/2024;GQES_Q+1;PVB;ES;01/10/2024;31/12/2024;37.49;
30/07/2024;GYES_Y+1;PVB;ES;01/01/2025;31/12/2025;37.93;
29/07/2024;GDAES_D+1;PVB;ES;30/07/2024;30/07/2024;35.57;
29/07/2024;GMAES;PVB;ES;01/08/2024;31/08/2024;34.39;
29/07/2024;GQES_Q+1;PVB;ES;01/10/2024;31/12/2024;36.8;
29/07/2024;GYES_Y+1;PVB;ES;01/01/2025;31/12/2025;37.4;
28/07/2024;GDAES_D+1;PVB;ES;29/07/2024;29/07/2024;34.23;
27/07/2024;GDAES_D+1;PVB;ES;28/07/2024;28/07/2024;32.92;
26/07/2024;GDAES_D+1;PVB;ES;27/07/2024;27/07/2024;32.93;
26/07/2024;GMAES;PVB;ES;01/08/2024;31/08/2024;32.58;
26/07/2024;GQES_Q+1;PVB;ES;01/10/2024;31/12/2024;36.11;
26/07/2024;GYES_Y+1;PVB;ES;01/01/2025;31/12/2025;36.55;
25/07/2024;GDAES_D+1;PVB;ES;26/07/2024;26/07/2024;32.2;
25/07/2024;GMAES;PVB;ES;01/08/2024;31/08/2024;31.89;
25/07/2024;GQES_Q+1;PVB;ES;01/10/2024;31/12/2024;35.25;
25/07/2024;GYES_Y+1;PVB;ES;01/01/2025;31/12/2025;36.1;
24/07/2024;GDAES_D+1;PVB;ES;25/07/2024;25/07/2024;33.17;
24/07/2024;GMAES;PVB;ES;01/08/2024;31/08/2024;32.93;
24/07/2024;GQES_Q+1;PVB;ES;01/10/2024;31/12/2024;36.36;
24/07/2024;GYES_Y+1;PVB;ES;01/01/2025;31/12/2025;36.65;
23/07/2024;GDAES_D+1;PVB;ES;24/07/2024;24/07/2024;32.04;
23/07/2024;GMAES;PVB;ES;01/08/2024;31/08/2024;31.41;
23/07/2024;GQES_Q+1;PVB;ES;01/10/2024;31/12/2024;34.95;
23/07/2024;GYES_Y+1;PVB;ES;01/01/2025;31/12/2025;35.6;
22/07/2024;GDAES_D+1;PVB;ES;23/07/2024;23/07/2024;31.88;
22/07/2024;GMAES;PVB;ES;01/08/2024;31/08/2024;31.85;
22/07/2024;GQES_Q+1;PVB;ES;01/10/2024;31/12/2024;35.54;
22/07/2024;GYES_Y+1;PVB;ES;01/01/2025;31/12/2025;35.83;
21/07/2024;GDAES_D+1;PVB;ES;22/07/2024;22/07/2024;31.82;
20/07/2024;GDAES_D+1;PVB;ES;21/07/2024;21/07/2024;30.7;
19/07/2024;GDAES_D+1;PVB;ES;20/07/2024;20/07/2024;32.1;
19/07/2024;GMAES;PVB;ES;01/08/2024;31/08/2024;32.03;
19/07/2024;GQES_Q+1;PVB;ES;01/10/2024;31/12/2024;35.58;
19/07/2024;GYES_Y+1;PVB;ES;01/01/2025;31/12/2025;35.98;
18/07/2024;GDAES_D+1;PVB;ES;19/07/2024;19/07/2024;32.65;
18/07/2024;GMAES;PVB;ES;01/08/2024;31/08/2024;32.5;
18/07/2024;GQES_Q+1;PVB;ES;01/10/2024;31/12/2024;36.05;
18/07/2024;GYES_Y+1;PVB;ES;01/01/2025;31/12/2025;36.38;
17/07/2024;GDAES_D+1;PVB;ES;18/07/2024;18/07/2024;32.11;
17/07/2024;GMAES;PVB;ES;01/08/2024;31/08/2024;31.83;
17/07/2024;GQES_Q+1;PVB;ES;01/10/2024;31/12/2024;35.55;
17/07/2024;GYES_Y+1;PVB;ES;01/01/2025;31/12/2025;35.95;
16/07/2024;GDAES_D+1;PVB;ES;17/07/2024;17/07/2024;32.74;
16/07/2024;GMAES;PVB;ES;01/08/2024;31/08/2024;32.8;
16/07/2024;GQES_Q+1;PVB;ES;01/10/2024;31/12/2024;36.5;
16/07/2024;GYES_Y+1;PVB;ES;01/01/2025;31/12/2025;36.88;
15/07/2024;GDAES_D+1;PVB;ES;16/07/2024;16/07/2024;31.07;
15/07/2024;GMAES;PVB;ES;01/08/2024;31/08/2024;31.35;
15/07/2024;GQES_Q+1;PVB;ES;01/10/2024;31/12/2024;35.38;
15/07/2024;GYES_Y+1;PVB;ES;01/01/2025;31/12/2025;35.9;
14/07/2024;GDAES_D+1;PVB;ES;15/07/2024;15/07/2024;31.46;
13/07/2024;GDAES_D+1;PVB;ES;14/07/2024;14/07/2024;31.78;
12/07/2024;GDAES_D+1;PVB;ES;13/07/2024;13/07/2024;31.45;
12/07/2024;GMAES;PVB;ES;01/08/2024;31/08/2024;31.58;
12/07/2024;GQES_Q+1;PVB;ES;01/10/2024;31/12/2024;35.88;
12/07/2024;GYES_Y+1;PVB;ES;01/01/2025;31/12/2025;36.33;
11/07/2024;GDAES_D+1;PVB;ES;12/07/2024;12/07/2024;30.58;
11/07/2024;GMAES;PVB;ES;01/08/2024;31/08/2024;30.83;
11/07/2024;GQES_Q+1;PVB;ES;01/10/2024;31/12/2024;35.15;
11/07/2024;GYES_Y+1;PVB;ES;01/01/2025;31/12/2025;35.65;
10/07/2024;GDAES_D+1;PVB;ES;11/07/2024;11/07/2024;30.38;
10/07/2024;GMAES;PVB;ES;01/08/2024;31/08/2024;30.6;
10/07/2024;GQES_Q+1;PVB;ES;01/10/2024;31/12/2024;34.8;
10/07/2024;GYES_Y+1;PVB;ES;01/01/2025;31/12/2025;35.35;
09/07/2024;GDAES_D+1;PVB;ES;10/07/2024;10/07/2024;30.69;
09/07/2024;GMAES;PVB;ES;01/08/2024;31/08/2024;31.01;
09/07/2024;GQES_Q+1;PVB;ES;01/10/2024;31/12/2024;35.15;
09/07/2024;GYES_Y+1;PVB;ES;01/01/2025;31/12/2025;35.6;
08/07/2024;GDAES_D+1;PVB;ES;09/07/2024;09/07/2024;31.66;
08/07/2024;GMAES;PVB;ES;01/08/2024;31/08/2024;31.93;
08/07/2024;GQES_Q+1;PVB;ES;01/10/2024;31/12/2024;36.4;
08/07/2024;GYES_Y+1;PVB;ES;01/01/2025;31/12/2025;36.53;
07/07/2024;GDAES_D+1;PVB;ES;08/07/2024;08/07/2024;32.09;
06/07/2024;GDAES_D+1;PVB;ES;07/07/2024;07/07/2024;32.58;
05/07/2024;GDAES_D+1;PVB;ES;06/07/2024;06/07/2024;32.38;
05/07/2024;GMAES;PVB;ES;01/08/2024;31/08/2024;32.93;
05/07/2024;GQES_Q+1;PVB;ES;01/10/2024;31/12/2024;36.7;
05/07/2024;GYES_Y+1;PVB;ES;01/01/2025;31/12/2025;36.9;
04/07/2024;GDAES_D+1;PVB;ES;05/07/2024;05/07/2024;32.95;
04/07/2024;GMAES;PVB;ES;01/08/2024;31/08/2024;33.23;
04/07/2024;GQES_Q+1;PVB;ES;01/10/2024;31/12/2024;37.13;
04/07/2024;GYES_Y+1;PVB;ES;01/01/2025;31/12/2025;37.38;
03/07/2024;GDAES_D+1;PVB;ES;04/07/2024;04/07/2024;32.49;
03/07/2024;GMAES;PVB;ES;01/08/2024;31/08/2024;32.53;
03/07/2024;GQES_Q+1;PVB;ES;01/10/2024;31/12/2024;36.8;
03/07/2024;GYES_Y+1;PVB;ES;01/01/2025;31/12/2025;37.0;
02/07/2024;GDAES_D+1;PVB;ES;03/07/2024;03/07/2024;33.33;
02/07/2024;GMAES;PVB;ES;01/08/2024;31/08/2024;33.18;
02/07/2024;GQES_Q+1;PVB;ES;01/10/2024;31/12/2024;37.3;
02/07/2024;GYES_Y+1;PVB;ES;01/01/2025;31/12/2025;37.35;
01/07/2024;GDAES_D+1;PVB;ES;02/07/2024;02/07/2024;33.33;
01/07/2024;GMAES;PVB;ES;01/08/2024;31/08/2024;33.35;
01/07/2024;GQES_Q+1;PVB;ES;01/10/2024;31/12/2024;36.9;
01/07/2024;GYES_Y+1;PVB;ES;01/01/2025;31/12/2025;36.85;
30/06/2024;GDAES_D+1;PVB;ES;01/07/2024;01/07/2024;34.2;
29/06/2024;GDAES_D+1;PVB;ES;30/06/2024;30/06/2024;34.71;
28/06/2024;GDAES_D+1;PVB;ES;29/06/2024;29/06/2024;34.06;
28/06/2024;GMAES;PVB;ES;01/07/2024;31/07/2024;34.03;
28/06/2024;GYES_Y+1;PVB;ES;01/01/2025;31/12/2025;37.05;
27/06/2024;GDAES_D+1;PVB;ES;28/06/2024;28/06/2024;34.39;
27/06/2024;GMAES;PVB;ES;01/07/2024;31/07/2024;34.03;
27/06/2024;GQES_Q+1;PVB;ES;01/07/2024;30/09/2024;34.65;
27/06/2024;GYES_Y+1;PVB;ES;01/01/2025;31/12/2025;36.95;
26/06/2024;GDAES_D+1;PVB;ES;27/06/2024;27/06/2024;34.37;
26/06/2024;GMAES;PVB;ES;01/07/2024;31/07/2024;34.03;
26/06/2024;GQES_Q+1;PVB;ES;01/07/2024;30/09/2024;34.5;
26/06/2024;GYES_Y+1;PVB;ES;01/01/2025;31/12/2025;36.7;
25/06/2024;GDAES_D+1;PVB;ES;26/06/2024;26/06/2024;35.31;
25/06/2024;GMAES;PVB;ES;01/07/2024;31/07/2024;34.83;
25/06/2024;GQES_Q+1;PVB;ES;01/07/2024;30/09/2024;35.23;
25/06/2024;GYES_Y+1;PVB;ES;01/01/2025;31/12/2025;37.15;
24/06/2024;GDAES_D+1;PVB;ES;25/06/2024;25/06/2024;34.25;
24/06/2024;GMAES;PVB;ES;01/07/2024;31/07/2024;34.25;
24/06/2024;GQES_Q+1;PVB;ES;01/07/2024;30/09/2024;34.74;
24/06/2024;GYES_Y+1;PVB;ES;01/01/2025;31/12/2025;36.9;
23/06/2024;GDAES_D+1;PVB;ES;24/06/2024;24/06/2024;34.35;
22/06/2024;GDAES_D+1;PVB;ES;23/06/2024;23/06/2024;34.38;
21/06/2024;GDAES_D+1;PVB;ES;22/06/2024;22/06/2024;34.0;
21/06/2024;GMAES;PVB;ES;01/07/2024;31/07/2024;34.08;
21/06/2024;GQES_Q+1;PVB;ES;01/07/2024;30/09/2024;34.52;
21/06/2024;GYES_Y+1;PVB;ES;01/01/2025;31/12/2025;37.34;
20/06/2024;GDAES_D+1;PVB;ES;21/06/2024;21/06/2024;34.49;
20/06/2024;GMAES;PVB;ES;01/07/2024;31/07/2024;34.43;
20/06/2024;GQES_Q+1;PVB;ES;01/07/2024;30/09/2024;35.05;
20/06/2024;GYES_Y+1;PVB;ES;01/01/2025;31/12/2025;37.14;
19/06/2024;GDAES_D+1;PVB;ES;20/06/2024;20/06/2024;35.38;
19/06/2024;GMAES;PVB;ES;01/07/2024;31/07/2024;35.33;
19/06/2024;GQES_Q+1;PVB;ES;01/07/2024;30/09/2024;35.98;
19/06/2024;GYES_Y+1;PVB;ES;01/01/2025;31/12/2025;37.3;
18/06/2024;GDAES_D+1;PVB;ES;19/06/2024;19/06/2024;34.22;
18/06/2024;GMAES;PVB;ES;01/07/2024;31/07/2024;34.53;
18/06/2024;GQES_Q+1;PVB;ES;01/07/2024;30/09/2024;35.24;
18/06/2024;GYES_Y+1;PVB;ES;01/01/2025;31/12/2025;36.5;
17/06/2024;GDAES_D+1;PVB;ES;18/06/2024;18/06/2024;34.09;
17/06/2024;GMAES;PVB;ES;01/07/2024;31/07/2024;34.2;
17/06/2024;GQES_Q+1;PVB;ES;01/07/2024;30/09/2024;35.26;
17/06/2024;GYES_Y+1;PVB;ES;01/01/2025;31/12/2025;35.95;
16/06/2024;GDAES_D+1;PVB;ES;17/06/2024;17/06/2024;34.77;
15/06/2024;GDAES_D+1;PVB;ES;16/06/2024;16/06/2024;34.19;
14/06/2024;GDAES_D+1;PVB;ES;15/06/2024;15/06/2024;35.5;
14/06/2024;GMAES;PVB;ES;01/07/2024;31/07/2024;35.43;
14/06/2024;GQES_Q+1;PVB;ES;01/07/2024;30/09/2024;35.95;
14/06/2024;GYES_Y+1;PVB;ES;01/01/2025;31/12/2025;36.65;
13/06/2024;GDAES_D+1;PVB;ES;14/06/2024;14/06/2024;35.75;
13/06/2024;GMAES;PVB;ES;01/07/2024;31/07/2024;35.75;
13/06/2024;GQES_Q+1;PVB;ES;01/07/2024;30/09/2024;35.9;
13/06/2024;GYES_Y+1;PVB;ES;01/01/2025;31/12/2025;36.75;
12/06/2024;GDAES_D+1;PVB;ES;13/06/2024;13/06/2024;35.26;
12/06/2024;GMAES;PVB;ES;01/07/2024;31/07/2024;35.23;
12/06/2024;GQES_Q+1;PVB;ES;01/07/2024;30/09/2024;35.55;
12/06/2024;GYES_Y+1;PVB;ES;01/01/2025;31/12/2025;36.45;
11/06/2024;GDAES_D+1;PVB;ES;12/06/2024;12/06/2024;34.55;
11/06/2024;GMAES;PVB;ES;01/07/2024;31/07/2024;34.08;
11/06/2024;GQES_Q+1;PVB;ES;01/07/2024;30/09/2024;34.45;
11/06/2024;GYES_Y+1;PVB;ES;01/01/2025;31/12/2025;35.7;
10/06/2024;GDAES_D+1;PVB;ES;11/06/2024;11/06/2024;35.02;
10/06/2024;GMAES;PVB;ES;01/07/2024;31/07/2024;34.63;
10/06/2024;GQES_Q+1;PVB;ES;01/07/2024;30/09/2024;35.05;
10/06/2024;GYES_Y+1;PVB;ES;01/01/2025;31/12/2025;36.45;
09/06/2024;GDAES_D+1;PVB;ES;10/06/2024;10/06/2024;33.86;
08/06/2024;GDAES_D+1;PVB;ES;09/06/2024;09/06/2024;33.78;
07/06/2024;GDAES_D+1;PVB;ES;08/06/2024;08/06/2024;33.4;
07/06/2024;GMAES;PVB;ES;01/07/2024;31/07/2024;33.38;
07/06/2024;GQES_Q+1;PVB;ES;01/07/2024;30/09/2024;33.7;
07/06/2024;GYES_Y+1;PVB;ES;01/01/2025;31/12/2025;35.25;
06/06/2024;GDAES_D+1;PVB;ES;07/06/2024;07/06/2024;33.96;
06/06/2024;GMAES;PVB;ES;01/07/2024;31/07/2024;33.43;
06/06/2024;GQES_Q+1;PVB;ES;01/07/2024;30/09/2024;33.75;
06/06/2024;GYES_Y+1;PVB;ES;01/01/2025;31/12/2025;35.15;
05/06/2024;GDAES_D+1;PVB;ES;06/06/2024;06/06/2024;34.04;
05/06/2024;GMAES;PVB;ES;01/07/2024;31/07/2024;33.45;
05/06/2024;GQES_Q+1;PVB;ES;01/07/2024;30/09/2024;33.95;
05/06/2024;GYES_Y+1;PVB;ES;01/01/2025;31/12/2025;35.15;
04/06/2024;GDAES_D+1;PVB;ES;05/06/2024;05/06/2024;34.8;
04/06/2024;GMAES;PVB;ES;01/07/2024;31/07/2024;34.33;
04/06/2024;GQES_Q+1;PVB;ES;01/07/2024;30/09/2024;34.55;
04/06/2024;GYES_Y+1;PVB;ES;01/01/2025;31/12/2025;36.0;
03/06/2024;GDAES_D+1;PVB;ES;04/06/2024;04/06/2024;36.47;
03/06/2024;GMAES;PVB;ES;01/07/2024;31/07/2024;35.83;
03/06/2024;GQES_Q+1;PVB;ES;01/07/2024;30/09/2024;36.2;
03/06/2024;GYES_Y+1;PVB;ES;01/01/2025;31/12/2025;37.49;
02/06/2024;GDAES_D+1;PVB;ES;03/06/2024;03/06/2024;34.85;
01/06/2024;GDAES_D+1;PVB;ES;02/06/2024;02/06/2024;33.85;
31/05/2024;GDAES_D+1;PVB;ES;01/06/2024;01/06/2024;34.5;
31/05/2024;GMAES;PVB;ES;01/06/2024;30/06/2024;34.93;
31/05/2024;GQES_Q+1;PVB;ES;01/07/2024;30/09/2024;34.77;
31/05/2024;GYES_Y+1;PVB;ES;01/01/2025;31/12/2025;36.46;
30/05/2024;GDAES_D+1;PVB;ES;31/05/2024;31/05/2024;35.34;
30/05/2024;GMAES;PVB;ES;01/06/2024;30/06/2024;35.2;
30/05/2024;GQES_Q+1;PVB;ES;01/07/2024;30/09/2024;35.73;
30/05/2024;GYES_Y+1;PVB;ES;01/01/2025;31/12/2025;37.85;
29/05/2024;GDAES_D+1;PVB;ES;30/05/2024;30/05/2024;34.35;
29/05/2024;GMAES;PVB;ES;01/06/2024;30/06/2024;33.87;
29/05/2024;GQES_Q+1;PVB;ES;01/07/2024;30/09/2024;34.41;
29/05/2024;GYES_Y+1;PVB;ES;01/01/2025;31/12/2025;37.1;
28/05/2024;GDAES_D+1;PVB;ES;29/05/2024;29/05/2024;34.22;
28/05/2024;GMAES;PVB;ES;01/06/2024;30/06/2024;33.58;
28/05/2024;GQES_Q+1;PVB;ES;01/07/2024;30/09/2024;34.27;
28/05/2024;GYES_Y+1;PVB;ES;01/01/2025;31/12/2025;36.85;
27/05/2024;GDAES_D+1;PVB;ES;28/05/2024;28/05/2024;35.74;
27/05/2024;GMAES;PVB;ES;01/06/2024;30/06/2024;35.2;
27/05/2024;GQES_Q+1;PVB;ES;01/07/2024;30/09/2024;35.9;
27/05/2024;GYES_Y+1;PVB;ES;01/01/2025;31/12/2025;38.2;
26/05/2024;GDAES_D+1;PVB;ES;27/05/2024;27/05/2024;34.48;
25/05/2024;GDAES_D+1;PVB;ES;26/05/2024;26/05/2024;34.3;
24/05/2024;GDAES_D+1;PVB;ES;25/05/2024;25/05/2024;34.62;
24/05/2024;GMAES;PVB;ES;01/06/2024;30/06/2024;34.03;
24/05/2024;GQES_Q+1;PVB;ES;01/07/2024;30/09/2024;34.5;
24/05/2024;GYES_Y+1;PVB;ES;01/01/2025;31/12/2025;37.2;
23/05/2024;GDAES_D+1;PVB;ES;24/05/2024;24/05/2024;35.88;
23/05/2024;GMAES;PVB;ES;01/06/2024;30/06/2024;35.3;
23/05/2024;GQES_Q+1;PVB;ES;01/07/2024;30/09/2024;36.1;
23/05/2024;GYES_Y+1;PVB;ES;01/01/2025;31/12/2025;38.4;
22/05/2024;GDAES_D+1;PVB;ES;23/05/2024;23/05/2024;35.13;
22/05/2024;GMAES;PVB;ES;01/06/2024;30/06/2024;34.55;
22/05/2024;GQES_Q+1;PVB;ES;01/07/2024;30/09/2024;35.45;
22/05/2024;GYES_Y+1;PVB;ES;01/01/2025;31/12/2025;38.05;
21/05/2024;GDAES_D+1;PVB;ES;22/05/2024;22/05/2024;33.46;
21/05/2024;GMAES;PVB;ES;01/06/2024;30/06/2024;32.95;
21/05/2024;GQES_Q+1;PVB;ES;01/07/2024;30/09/2024;33.9;
21/05/2024;GYES_Y+1;PVB;ES;01/01/2025;31/12/2025;37.1;
20/05/2024;GDAES_D+1;PVB;ES;21/05/2024;21/05/2024;32.35;
20/05/2024;GMAES;PVB;ES;01/06/2024;30/06/2024;31.93;
20/05/2024;GQES_Q+1;PVB;ES;01/07/2024;30/09/2024;32.6;
20/05/2024;GYES_Y+1;PVB;ES;01/01/2025;31/12/2025;35.95;
19/05/2024;GDAES_D+1;PVB;ES;20/05/2024;20/05/2024;31.61;
18/05/2024;GDAES_D+1;PVB;ES;19/05/2024;19/05/2024;31.65;
17/05/2024;GDAES_D+1;PVB;ES;18/05/2024;18/05/2024;30.98;
17/05/2024;GMAES;PVB;ES;01/06/2024;30/06/2024;30.5;
17/05/2024;GQES_Q+1;PVB;ES;01/07/2024;30/09/2024;31.2;
17/05/2024;GYES_Y+1;PVB;ES;01/01/2025;31/12/2025;35.05;
16/05/2024;GDAES_D+1;PVB;ES;17/05/2024;17/05/2024;30.81;
16/05/2024;GMAES;PVB;ES;01/06/2024;30/06/2024;30.33;
16/05/2024;GQES_Q+1;PVB;ES;01/07/2024;30/09/2024;31.0;
16/05/2024;GYES_Y+1;PVB;ES;01/01/2025;31/12/2025;35.1;
15/05/2024;GDAES_D+1;PVB;ES;16/05/2024;16/05/2024;29.85;
15/05/2024;GMAES;PVB;ES;01/06/2024;30/06/2024;29.63;
15/05/2024;GQES_Q+1;PVB;ES;01/07/2024;30/09/2024;30.37;
15/05/2024;GYES_Y+1;PVB;ES;01/01/2025;31/12/2025;35.13;
14/05/2024;GDAES_D+1;PVB;ES;15/05/2024;15/05/2024;29.81;
14/05/2024;GMAES;PVB;ES;01/06/2024;30/06/2024;29.45;
14/05/2024;GQES_Q+1;PVB;ES;01/07/2024;30/09/2024;30.3;
14/05/2024;GYES_Y+1;PVB;ES;01/01/2025;31/12/2025;34.55;
13/05/2024;GDAES_D+1;PVB;ES;14/05/2024;14/05/2024;29.23;
13/05/2024;GMAES;PVB;ES;01/06/2024;30/06/2024;29.2;
13/05/2024;GQES_Q+1;PVB;ES;01/07/2024;30/09/2024;30.05;
13/05/2024;GYES_Y+1;PVB;ES;01/01/2025;31/12/2025;34.15;
12/05/2024;GDAES_D+1;PVB;ES;13/05/2024;13/05/2024;30.0;
11/05/2024;GDAES_D+1;PVB;ES;12/05/2024;12/05/2024;29.35;
10/05/2024;GDAES_D+1;PVB;ES;11/05/2024;11/05/2024;30.13;
10/05/2024;GMAES;PVB;ES;01/06/2024;30/06/2024;29.43;
10/05/2024;GQES_Q+1;PVB;ES;01/07/2024;30/09/2024;30.15;
10/05/2024;GYES_Y+1;PVB;ES;01/01/2025;31/12/2025;34.05;
09/05/2024;GDAES_D+1;PVB;ES;10/05/2024;10/05/2024;30.77;
09/05/2024;GMAES;PVB;ES;01/06/2024;30/06/2024;30.65;
09/05/2024;GQES_Q+1;PVB;ES;01/07/2024;30/09/2024;31.35;
09/05/2024;GYES_Y+1;PVB;ES;01/01/2025;31/12/2025;34.8;
08/05/2024;GDAES_D+1;PVB;ES;09/05/2024;09/05/2024;30.25;
08/05/2024;GMAES;PVB;ES;01/06/2024;30/06/2024;30.45;
08/05/2024;GQES_Q+1;PVB;ES;01/07/2024;30/09/2024;31.05;
08/05/2024;GYES_Y+1;PVB;ES;01/01/2025;31/12/2025;34.5;
07/05/2024;GDAES_D+1;PVB;ES;08/05/2024;08/05/2024;30.72;
07/05/2024;GMAES;PVB;ES;01/06/2024;30/06/2024;30.65;
07/05/2024;GQES_Q+1;PVB;ES;01/07/2024;30/09/2024;31.2;
07/05/2024;GYES_Y+1;PVB;ES;01/01/2025;31/12/2025;34.6;
06/05/2024;GDAES_D+1;PVB;ES;07/05/2024;07/05/2024;32.15;
06/05/2024;GMAES;PVB;ES;01/06/2024;30/06/2024;31.63;
06/05/2024;GQES_Q+1;PVB;ES;01/07/2024;30/09/2024;31.97;
06/05/2024;GYES_Y+1;PVB;ES;01/01/2025;31/12/2025;35.28;
05/05/2024;GDAES_D+1;PVB;ES;06/05/2024;06/05/2024;30.41;
04/05/2024;GDAES_D+1;PVB;ES;05/05/2024;05/05/2024;29.76;
03/05/2024;GDAES_D+1;PVB;ES;04/05/2024;04/05/2024;30.63;
03/05/2024;GMAES;PVB;ES;01/06/2024;30/06/2024;30.13;
03/05/2024;GQES_Q+1;PVB;ES;01/07/2024;30/09/2024;30.61;
03/05/2024;GYES_Y+1;PVB;ES;01/01/2025;31/12/2025;33.92;
02/05/2024;GDAES_D+1;PVB;ES;03/05/2024;03/05/2024;30.56;
02/05/2024;GMAES;PVB;ES;01/06/2024;30/06/2024;30.81;
02/05/2024;GQES_Q+1;PVB;ES;01/07/2024;30/09/2024;31.3;
02/05/2024;GYES_Y+1;PVB;ES;01/01/2025;31/12/2025;34.41;
01/05/2024;GDAES_D+1;PVB;ES;02/05/2024;02/05/2024;29.12;
30/04/2024;GDAES_D+1;PVB;ES;01/05/2024;01/05/2024;29.52;
30/04/2024;GMAES;PVB;ES;01/05/2024;31/05/2024;29.15;
30/04/2024;GQES_Q+1;PVB;ES;01/07/2024;30/09/2024;29.8;
30/04/2024;GYES_Y+1;PVB;ES;01/01/2025;31/12/2025;33.1;
29/04/2024;GDAES_D+1;PVB;ES;30/04/2024;30/04/2024;28.26;
29/04/2024;GMAES;PVB;ES;01/05/2024;31/05/2024;27.94;
29/04/2024;GQES_Q+1;PVB;ES;01/07/2024;30/09/2024;28.53;
29/04/2024;GYES_Y+1;PVB;ES;01/01/2025;31/12/2025;31.9;
28/04/2024;GDAES_D+1;PVB;ES;29/04/2024;29/04/2024;29.99;
27/04/2024;GDAES_D+1;PVB;ES;28/04/2024;28/04/2024;29.67;
26/04/2024;GDAES_D+1;PVB;ES;27/04/2024;27/04/2024;29.21;
26/04/2024;GMAES;PVB;ES;01/05/2024;31/05/2024;28.58;
26/04/2024;GQES_Q+1;PVB;ES;01/07/2024;30/09/2024;29.38;
26/04/2024;GYES_Y+1;PVB;ES;01/01/2025;31/12/2025;32.75;
25/04/2024;GDAES_D+1;PVB;ES;26/04/2024;26/04/2024;30.27;
25/04/2024;GMAES;PVB;ES;01/05/2024;31/05/2024;29.63;
25/04/2024;GQES_Q+1;PVB;ES;01/07/2024;30/09/2024;30.25;
25/04/2024;GYES_Y+1;PVB;ES;01/01/2025;31/12/2025;33.25;
24/04/2024;GDAES_D+1;PVB;ES;25/04/2024;25/04/2024;29.43;
24/04/2024;GMAES;PVB;ES;01/05/2024;31/05/2024;28.18;
24/04/2024;GQES_Q+1;PVB;ES;01/07/2024;30/09/2024;28.8;
24/04/2024;GYES_Y+1;PVB;ES;01/01/2025;31/12/2025;32.67;
23/04/2024;GDAES_D+1;PVB;ES;24/04/2024;24/04/2024;28.65;
23/04/2024;GMAES;PVB;ES;01/05/2024;31/05/2024;28.23;
23/04/2024;GQES_Q+1;PVB;ES;01/07/2024;30/09/2024;28.83;
23/04/2024;GYES_Y+1;PVB;ES;01/01/2025;31/12/2025;32.15;
22/04/2024;GDAES_D+1;PVB;ES;23/04/2024;23/04/2024;29.15;
22/04/2024;GMAES;PVB;ES;01/05/2024;31/05/2024;28.88;
22/04/2024;GQES_Q+1;PVB;ES;01/07/2024;30/09/2024;29.45;
22/04/2024;GYES_Y+1;PVB;ES;01/01/2025;31/12/2025;32.55;
21/04/2024;GDAES_D+1;PVB;ES;22/04/2024;22/04/2024;30.61;
20/04/2024;GDAES_D+1;PVB;ES;21/04/2024;21/04/2024;30.49;
19/04/2024;GDAES_D+1;PVB;ES;20/04/2024;20/04/2024;30.5;
19/04/2024;GMAES;PVB;ES;01/05/2024;31/05/2024;30.43;
19/04/2024;GQES_Q+1;PVB;ES;01/07/2024;30/09/2024;30.85;
19/04/2024;GYES_Y+1;PVB;ES;01/01/2025;31/12/2025;33.6;
18/04/2024;GDAES_D+1;PVB;ES;19/04/2024;19/04/2024;32.18;
18/04/2024;GMAES;PVB;ES;01/05/2024;31/05/2024;31.98;
18/04/2024;GQES_Q+1;PVB;ES;01/07/2024;30/09/2024;32.48;
18/04/2024;GYES_Y+1;PVB;ES;01/01/2025;31/12/2025;35.1;
17/04/2024;GDAES_D+1;PVB;ES;18/04/2024;18/04/2024;30.7;
17/04/2024;GMAES;PVB;ES;01/05/2024;31/05/2024;31.28;
17/04/2024;GQES_Q+1;PVB;ES;01/07/2024;30/09/2024;31.65;
17/04/2024;GYES_Y+1;PVB;ES;01/01/2025;31/12/2025;34.4;
16/04/2024;GDAES_D+1;PVB;ES;17/04/2024;17/04/2024;33.05;
16/04/2024;GMAES;PVB;ES;01/05/2024;31/05/2024;33.18;
16/04/2024;GQES_Q+1;PVB;ES;01/07/2024;30/09/2024;33.55;
16/04/2024;GYES_Y+1;PVB;ES;01/01/2025;31/12/2025;36.25;
15/04/2024;GDAES_D+1;PVB;ES;16/04/2024;16/04/2024;31.05;
15/04/2024;GMAES;PVB;ES;01/05/2024;31/05/2024;31.23;
15/04/2024;GQES_Q+1;PVB;ES;01/07/2024;30/09/2024;31.66;
15/04/2024;GYES_Y+1;PVB;ES;01/01/2025;31/12/2025;35.25;
14/04/2024;GDAES_D+1;PVB;ES;15/04/2024;15/04/2024;31.1;
13/04/2024;GDAES_D+1;PVB;ES;14/04/2024;14/04/2024;29.54;
12/04/2024;GDAES_D+1;PVB;ES;13/04/2024;13/04/2024;30.13;
12/04/2024;GMAES;PVB;ES;01/05/2024;31/05/2024;30.43;
12/04/2024;GQES_Q+1;PVB;ES;01/07/2024;30/09/2024;31.33;
12/04/2024;GYES_Y+1;PVB;ES;01/01/2025;31/12/2025;35.15;
11/04/2024;GDAES_D+1;PVB;ES;12/04/2024;12/04/2024;29.62;
11/04/2024;GMAES;PVB;ES;01/05/2024;31/05/2024;29.4;
11/04/2024;GQES_Q+1;PVB;ES;01/07/2024;30/09/2024;30.15;
11/04/2024;GYES_Y+1;PVB;ES;01/01/2025;31/12/2025;34.35;
10/04/2024;GDAES_D+1;PVB;ES;11/04/2024;11/04/2024;27.87;
10/04/2024;GMAES;PVB;ES;01/05/2024;31/05/2024;27.18;
10/04/2024;GQES_Q+1;PVB;ES;01/07/2024;30/09/2024;28.05;
10/04/2024;GYES_Y+1;PVB;ES;01/01/2025;31/12/2025;32.15;
09/04/2024;GDAES_D+1;PVB;ES;10/04/2024;10/04/2024;27.61;
09/04/2024;GMAES;PVB;ES;01/05/2024;31/05/2024;27.35;
09/04/2024;GQES_Q+1;PVB;ES;01/07/2024;30/09/2024;28.05;
09/04/2024;GYES_Y+1;PVB;ES;01/01/2025;31/12/2025;31.95;
08/04/2024;GDAES_D+1;PVB;ES;09/04/2024;09/04/2024;27.86;
08/04/2024;GMAES;PVB;ES;01/05/2024;31/05/2024;27.73;
08/04/2024;GQES_Q+1;PVB;ES;01/07/2024;30/09/2024;28.45;
08/04/2024;GYES_Y+1;PVB;ES;01/01/2025;31/12/2025;32.05;
07/04/2024;GDAES_D+1;PVB;ES;08/04/2024;08/04/2024;27.01;
06/04/2024;GDAES_D+1;PVB;ES;07/04/2024;07/04/2024;27.55;
05/04/2024;GDAES_D+1;PVB;ES;06/04/2024;06/04/2024;26.83;
05/04/2024;GMAES;PVB;ES;01/05/2024;31/05/2024;26.33;
05/04/2024;GQES_Q+1;PVB;ES;01/07/2024;30/09/2024;27.15;
05/04/2024;GYES_Y+1;PVB;ES;01/01/2025;31/12/2025;30.6;
04/04/2024;GDAES_D+1;PVB;ES;05/04/2024;05/04/2024;26.33;
04/04/2024;GMAES;PVB;ES;01/05/2024;31/05/2024;26.18;
04/04/2024;GQES_Q+1;PVB;ES;01/07/2024;30/09/2024;26.9;
04/04/2024;GYES_Y+1;PVB;ES;01/01/2025;31/12/2025;30.2;
03/04/2024;GDAES_D+1;PVB;ES;04/04/2024;04/04/2024;26.0;
03/04/2024;GMAES;PVB;ES;01/05/2024;31/05/2024;25.77;
03/04/2024;GQES_Q+1;PVB;ES;01/07/2024;30/09/2024;26.35;
03/04/2024;GYES_Y+1;PVB;ES;01/01/2025;31/12/2025;29.8;
02/04/2024;GDAES_D+1;PVB;ES;03/04/2024;03/04/2024;26.8;
02/04/2024;GMAES;PVB;ES;01/05/2024;31/05/2024;26.35;
02/04/2024;GQES_Q+1;PVB;ES;01/07/2024;30/09/2024;26.75;
02/04/2024;GYES_Y+1;PVB;ES;01/01/2025;31/12/2025;29.9;
01/04/2024;GDAES_D+1;PVB;ES;02/04/2024;02/04/2024;29.67;
31/03/2024;GDAES_D+1;PVB;ES;01/04/2024;01/04/2024;29.11;
30/03/2024;GDAES_D+1;PVB;ES;31/03/2024;31/03/2024;28.64;
29/03/2024;GDAES_D+1;PVB;ES;30/03/2024;30/03/2024;27.79;
28/03/2024;GDAES_D+1;PVB;ES;29/03/2024;29/03/2024;27.31;
28/03/2024;GMAES;PVB;ES;01/04/2024;30/04/2024;27.5;
28/03/2024;GYES_Y+1;PVB;ES;01/01/2025;31/12/2025;31.13;
27/03/2024;GDAES_D+1;PVB;ES;28/03/2024;28/03/2024;27.58;
27/03/2024;GMAES;PVB;ES;01/04/2024;30/04/2024;27.38;
27/03/2024;GQES_Q+1;PVB;ES;01/04/2024;30/06/2024;26.97;
27/03/2024;GYES_Y+1;PVB;ES;01/01/2025;31/12/2025;30.54;
26/03/2024;GDAES_D+1;PVB;ES;27/03/2024;27/03/2024;27.12;
26/03/2024;GMAES;PVB;ES;01/04/2024;30/04/2024;27.18;
26/03/2024;GQES_Q+1;PVB;ES;01/04/2024;30/06/2024;27.27;
26/03/2024;GYES_Y+1;PVB;ES;01/01/2025;31/12/2025;30.5;
25/03/2024;GDAES_D+1;PVB;ES;26/03/2024;26/03/2024;28.16;
25/03/2024;GMAES;PVB;ES;01/04/2024;30/04/2024;28.15;
25/03/2024;GQES_Q+1;PVB;ES;01/04/2024;30/06/2024;28.2;
25/03/2024;GYES_Y+1;PVB;ES;01/01/2025;31/12/2025;31.05;
24/03/2024;GDAES_D+1;PVB;ES;25/03/2024;25/03/2024;27.24;
23/03/2024;GDAES_D+1;PVB;ES;24/03/2024;24/03/2024;26.97;
22/03/2024;GDAES_D+1;PVB;ES;23/03/2024;23/03/2024;27.57;
22/03/2024;GMAES;PVB;ES;01/04/2024;30/04/2024;27.23;
22/03/2024;GQES_Q+1;PVB;ES;01/04/2024;30/06/2024;27.35;
22/03/2024;GYES_Y+1;PVB;ES;01/01/2025;31/12/2025;30.15;
21/03/2024;GDAES_D+1;PVB;ES;22/03/2024;22/03/2024;26.38;
21/03/2024;GMAES;PVB;ES;01/04/2024;30/04/2024;26.18;
21/03/2024;GQES_Q+1;PVB;ES;01/04/2024;30/06/2024;26.31;
21/03/2024;GYES_Y+1;PVB;ES;01/01/2025;31/12/2025;29.4;
20/03/2024;GDAES_D+1;PVB;ES;21/03/2024;21/03/2024;27.89;
20/03/2024;GMAES;PVB;ES;01/04/2024;30/04/2024;27.63;
20/03/2024;GQES_Q+1;PVB;ES;01/04/2024;30/06/2024;27.6;
20/03/2024;GYES_Y+1;PVB;ES;01/01/2025;31/12/2025;30.1;
19/03/2024;GDAES_D+1;PVB;ES;20/03/2024;20/03/2024;28.75;
19/03/2024;GMAES;PVB;ES;01/04/2024;30/04/2024;28.66;
19/03/2024;GQES_Q+1;PVB;ES;01/04/2024;30/06/2024;28.71;
19/03/2024;GYES_Y+1;PVB;ES;01/01/2025;31/12/2025;30.75;
18/03/2024;GDAES_D+1;PVB;ES;19/03/2024;19/03/2024;28.65;
18/03/2024;GMAES;PVB;ES;01/04/2024;30/04/2024;28.5;
18/03/2024;GQES_Q+1;PVB;ES;01/04/2024;30/06/2024;28.52;
18/03/2024;GYES_Y+1;PVB;ES;01/01/2025;31/12/2025;30.45;
17/03/2024;GDAES_D+1;PVB;ES;18/03/2024;18/03/2024;28.02;
16/03/2024;GDAES_D+1;PVB;ES;17/03/2024;17/03/2024;27.74;
15/03/2024;GDAES_D+1;PVB;ES;16/03/2024;16/03/2024;27.23;
15/03/2024;GMAES;PVB;ES;01/04/2024;30/04/2024;27.07;
15/03/2024;GQES_Q+1;PVB;ES;01/04/2024;30/06/2024;27.0;
15/03/2024;GYES_Y+1;PVB;ES;01/01/2025;31/12/2025;29.65;
14/03/2024;GDAES_D+1;PVB;ES;15/03/2024;15/03/2024;25.71;
14/03/2024;GMAES;PVB;ES;01/04/2024;30/04/2024;25.78;
14/03/2024;GQES_Q+1;PVB;ES;01/04/2024;30/06/2024;25.8;
14/03/2024;GYES_Y+1;PVB;ES;01/01/2025;31/12/2025;29.05;
13/03/2024;GDAES_D+1;PVB;ES;14/03/2024;14/03/2024;24.84;
13/03/2024;GMAES;PVB;ES;01/04/2024;30/04/2024;24.67;
13/03/2024;GQES_Q+1;PVB;ES;01/04/2024;30/06/2024;24.6;
13/03/2024;GYES_Y+1;PVB;ES;01/01/2025;31/12/2025;28.2;
12/03/2024;GDAES_D+1;PVB;ES;13/03/2024;13/03/2024;24.76;
12/03/2024;GMAES;PVB;ES;01/04/2024;30/04/2024;24.53;
12/03/2024;GQES_Q+1;PVB;ES;01/04/2024;30/06/2024;24.67;
12/03/2024;GYES_Y+1;PVB;ES;01/01/2025;31/12/2025;28.52;
11/03/2024;GDAES_D+1;PVB;ES;12/03/2024;12/03/2024;24.92;
11/03/2024;GMAES;PVB;ES;01/04/2024;30/04/2024;24.65;
11/03/2024;GQES_Q+1;PVB;ES;01/04/2024;30/06/2024;24.78;
11/03/2024;GYES_Y+1;PVB;ES;01/01/2025;31/12/2025;28.3;
10/03/2024;GDAES_D+1;PVB;ES;11/03/2024;11/03/2024;26.75;
09/03/2024;GDAES_D+1;PVB;ES;10/03/2024;10/03/2024;26.86;
08/03/2024;GDAES_D+1;PVB;ES;09/03/2024;09/03/2024;26.28;
08/03/2024;GMAES;PVB;ES;01/04/2024;30/04/2024;25.98;
08/03/2024;GQES_Q+1;PVB;ES;01/04/2024;30/06/2024;26.0;
08/03/2024;GYES_Y+1;PVB;ES;01/01/2025;31/12/2025;29.1;
07/03/2024;GDAES_D+1;PVB;ES;08/03/2024;08/03/2024;25.81;
07/03/2024;GMAES;PVB;ES;01/04/2024;30/04/2024;25.5;
07/03/2024;GQES_Q+1;PVB;ES;01/04/2024;30/06/2024;25.68;
07/03/2024;GYES_Y+1;PVB;ES;01/01/2025;31/12/2025;29.15;
06/03/2024;GDAES_D+1;PVB;ES;07/03/2024;07/03/2024;26.01;
06/03/2024;GMAES;PVB;ES;01/04/2024;30/04/2024;25.98;
06/03/2024;GQES_Q+1;PVB;ES;01/04/2024;30/06/2024;26.02;
06/03/2024;GYES_Y+1;PVB;ES;01/01/2025;31/12/2025;29.45;
05/03/2024;GDAES_D+1;PVB;ES;06/03/2024;06/03/2024;27.29;
05/03/2024;GMAES;PVB;ES;01/04/2024;30/04/2024;26.98;
05/03/2024;GQES_Q+1;PVB;ES;01/04/2024;30/06/2024;27.25;
05/03/2024;GYES_Y+1;PVB;ES;01/01/2025;31/12/2025;30.35;
04/03/2024;GDAES_D+1;PVB;ES;05/03/2024;05/03/2024;26.52;
04/03/2024;GMAES;PVB;ES;01/04/2024;30/04/2024;26.25;
04/03/2024;GQES_Q+1;PVB;ES;01/04/2024;30/06/2024;26.28;
04/03/2024;GYES_Y+1;PVB;ES;01/01/2025;31/12/2025;29.98;
03/03/2024;GDAES_D+1;PVB;ES;04/03/2024;04/03/2024;25.03;
02/03/2024;GDAES_D+1;PVB;ES;03/03/2024;03/03/2024;24.72;
01/03/2024;GDAES_D+1;PVB;ES;02/03/2024;02/03/2024;25.22;
01/03/2024;GMAES;PVB;ES;01/04/2024;30/04/2024;24.7;
01/03/2024;GQES_Q+1;PVB;ES;01/04/2024;30/06/2024;24.85;
01/03/2024;GYES_Y+1;PVB;ES;01/01/2025;31/12/2025;28.7;
29/02/2024;GDAES_D+1;PVB;ES;01/03/2024;01/03/2024;24.45;
29/02/2024;GMAES;PVB;ES;01/03/2024;31/03/2024;24.26;
29/02/2024;GQES_Q+1;PVB;ES;01/04/2024;30/06/2024;24.35;
29/02/2024;GYES_Y+1;PVB;ES;01/01/2025;31/12/2025;28.56;
28/02/2024;GDAES_D+1;PVB;ES;29/02/2024;29/02/2024;25.06;
28/02/2024;GMAES;PVB;ES;01/03/2024;31/03/2024;24.65;
28/02/2024;GQES_Q+1;PVB;ES;01/04/2024;30/06/2024;24.85;
28/02/2024;GYES_Y+1;PVB;ES;01/01/2025;31/12/2025;28.55;
27/02/2024;GDAES_D+1;PVB;ES;28/02/2024;28/02/2024;24.4;
27/02/2024;GMAES;PVB;ES;01/03/2024;31/03/2024;23.33;
27/02/2024;GQES_Q+1;PVB;ES;01/04/2024;30/06/2024;24.12;
27/02/2024;GYES_Y+1;PVB;ES;01/01/2025;31/12/2025;27.76;
26/02/2024;GDAES_D+1;PVB;ES;27/02/2024;27/02/2024;23.99;
26/02/2024;GMAES;PVB;ES;01/03/2024;31/03/2024;23.14;
26/02/2024;GQES_Q+1;PVB;ES;01/04/2024;30/06/2024;23.3;
26/02/2024;GYES_Y+1;PVB;ES;01/01/2025;31/12/2025;26.65;
25/02/2024;GDAES_D+1;PVB;ES;26/02/2024;26/02/2024;23.39;
24/02/2024;GDAES_D+1;PVB;ES;25/02/2024;25/02/2024;23.62;
23/02/2024;GDAES_D+1;PVB;ES;24/02/2024;24/02/2024;22.72;
23/02/2024;GMAES;PVB;ES;01/03/2024;31/03/2024;22.23;
23/02/2024;GQES_Q+1;PVB;ES;01/04/2024;30/06/2024;22.7;
23/02/2024;GYES_Y+1;PVB;ES;01/01/2025;31/12/2025;26.8;
22/02/2024;GDAES_D+1;PVB;ES;23/02/2024;23/02/2024;22.91;
22/02/2024;GMAES;PVB;ES;01/03/2024;31/03/2024;22.73;
22/02/2024;GQES_Q+1;PVB;ES;01/04/2024;30/06/2024;22.48;
22/02/2024;GYES_Y+1;PVB;ES;01/01/2025;31/12/2025;26.79;
21/02/2024;GDAES_D+1;PVB;ES;22/02/2024;22/02/2024;23.78;
21/02/2024;GMAES;PVB;ES;01/03/2024;31/03/2024;23.38;
21/02/2024;GQES_Q+1;PVB;ES;01/04/2024;30/06/2024;23.38;
21/02/2024;GYES_Y+1;PVB;ES;01/01/2025;31/12/2025;27.45;
20/02/2024;GDAES_D+1;PVB;ES;21/02/2024;21/02/2024;23.86;
20/02/2024;GMAES;PVB;ES;01/03/2024;31/03/2024;23.23;
20/02/2024;GQES_Q+1;PVB;ES;01/04/2024;30/06/2024;23.8;
20/02/2024;GYES_Y+1;PVB;ES;01/01/2025;31/12/2025;27.8;
19/02/2024;GDAES_D+1;PVB;ES;20/02/2024;20/02/2024;23.3;
19/02/2024;GMAES;PVB;ES;01/03/2024;31/03/2024;22.9;
19/02/2024;GQES_Q+1;PVB;ES;01/04/2024;30/06/2024;23.26;
19/02/2024;GYES_Y+1;PVB;ES;01/01/2025;31/12/2025;26.98;
18/02/2024;GDAES_D+1;PVB;ES;19/02/2024;19/02/2024;24.07;
17/02/2024;GDAES_D+1;PVB;ES;18/02/2024;18/02/2024;24.51;
16/02/2024;GDAES_D+1;PVB;ES;17/02/2024;17/02/2024;24.65;
16/02/2024;GMAES;PVB;ES;01/03/2024;31/03/2024;24.01;
16/02/2024;GQES_Q+1;PVB;ES;01/04/2024;30/06/2024;24.44;
16/02/2024;GYES_Y+1;PVB;ES;01/01/2025;31/12/2025;27.9;
15/02/2024;GDAES_D+1;PVB;ES;16/02/2024;16/02/2024;24.45;
15/02/2024;GMAES;PVB;ES;01/03/2024;31/03/2024;24.5;
15/02/2024;GQES_Q+1;PVB;ES;01/04/2024;30/06/2024;25.06;
15/02/2024;GYES_Y+1;PVB;ES;01/01/2025;31/12/2025;28.31;
14/02/2024;GDAES_D+1;PVB;ES;15/02/2024;15/02/2024;24.43;
14/02/2024;GMAES;PVB;ES;01/03/2024;31/03/2024;23.93;
14/02/2024;GQES_Q+1;PVB;ES;01/04/2024;30/06/2024;24.66;
14/02/2024;GYES_Y+1;PVB;ES;01/01/2025;31/12/2025;27.73;
13/02/2024;GDAES_D+1;PVB;ES;14/02/2024;14/02/2024;25.15;
13/02/2024;GMAES;PVB;ES;01/03/2024;31/03/2024;24.58;
13/02/2024;GQES_Q+1;PVB;ES;01/04/2024;30/06/2024;25.15;
13/02/2024;GYES_Y+1;PVB;ES;01/01/2025;31/12/2025;27.95;
12/02/2024;GDAES_D+1;PVB;ES;13/02/2024;13/02/2024;25.36;
12/02/2024;GMAES;PVB;ES;01/03/2024;31/03/2024;24.88;
12/02/2024;GQES_Q+1;PVB;ES;01/04/2024;30/06/2024;25.12;
12/02/2024;GYES_Y+1;PVB;ES;01/01/2025;31/12/2025;28.15;
11/02/2024;GDAES_D+1;PVB;ES;12/02/2024;12/02/2024;25.62;
10/02/2024;GDAES_D+1;PVB;ES;11/02/2024;11/02/2024;25.81;
09/02/2024;GDAES_D+1;PVB;ES;10/02/2024;10/02/2024;26.44;
09/02/2024;GMAES;PVB;ES;01/03/2024;31/03/2024;26.01;
09/02/2024;GQES_Q+1;PVB;ES;01/04/2024;30/06/2024;26.05;
09/02/2024;GYES_Y+1;PVB;ES;01/01/2025;31/12/2025;28.35;
08/02/2024;GDAES_D+1;PVB;ES;09/02/2024;09/02/2024;26.86;
08/02/2024;GMAES;PVB;ES;01/03/2024;31/03/2024;26.63;
08/02/2024;GQES_Q+1;PVB;ES;01/04/2024;30/06/2024;26.85;
08/02/2024;GYES_Y+1;PVB;ES;01/01/2025;31/12/2025;29.25;
07/02/2024;GDAES_D+1;PVB;ES;08/02/2024;08/02/2024;27.27;
07/02/2024;GMAES;PVB;ES;01/03/2024;31/03/2024;26.98;
07/02/2024;GQES_Q+1;PVB;ES;01/04/2024;30/06/2024;27.85;
07/02/2024;GYES_Y+1;PVB;ES;01/01/2025;31/12/2025;30.8;
06/02/2024;GDAES_D+1;PVB;ES;07/02/2024;07/02/2024;27.56;
06/02/2024;GMAES;PVB;ES;01/03/2024;31/03/2024;27.4;
06/02/2024;GQES_Q+1;PVB;ES;01/04/2024;30/06/2024;28.1;
06/02/2024;GYES_Y+1;PVB;ES;01/01/2025;31/12/2025;30.7;
05/02/2024;GDAES_D+1;PVB;ES;06/02/2024;06/02/2024;27.68;
05/02/2024;GMAES;PVB;ES;01/03/2024;31/03/2024;27.03;
05/02/2024;GQES_Q+1;PVB;ES;01/04/2024;30/06/2024;27.5;
05/02/2024;GYES_Y+1;PVB;ES;01/01/2025;31/12/2025;30.8;
04/02/2024;GDAES_D+1;PVB;ES;05/02/2024;05/02/2024;29.48;
03/02/2024;GDAES_D+1;PVB;ES;04/02/2024;04/02/2024;28.31;
02/02/2024;GDAES_D+1;PVB;ES;03/02/2024;03/02/2024;28.19;
02/02/2024;GMAES;PVB;ES;01/03/2024;31/03/2024;27.85;
02/02/2024;GQES_Q+1;PVB;ES;01/04/2024;30/06/2024;28.15;
02/02/2024;GYES_Y+1;PVB;ES;01/01/2025;31/12/2025;31.75;
01/02/2024;GDAES_D+1;PVB;ES;02/02/2024;02/02/2024;27.63;
01/02/2024;GMAES;PVB;ES;01/03/2024;31/03/2024;27.93;
01/02/2024;GQES_Q+1;PVB;ES;01/04/2024;30/06/2024;28.45;
01/02/2024;GYES_Y+1;PVB;ES;01/01/2025;31/12/2025;31.95;
31/01/2024;GDAES_D+1;PVB;ES;01/02/2024;01/02/2024;28.91;
31/01/2024;GMAES;PVB;ES;01/02/2024;29/02/2024;28.73;
31/01/2024;GQES_Q+1;PVB;ES;01/04/2024;30/06/2024;29.25;
31/01/2024;GYES_Y+1;PVB;ES;01/01/2025;31/12/2025;32.25;
30/01/2024;GDAES_D+1;PVB;ES;31/01/2024;31/01/2024;28.71;
30/01/2024;GMAES;PVB;ES;01/02/2024;29/02/2024;28.6;
30/01/2024;GQES_Q+1;PVB;ES;01/04/2024;30/06/2024;29.05;
30/01/2024;GYES_Y+1;PVB;ES;01/01/2025;31/12/2025;31.85;
29/01/2024;GDAES_D+1;PVB;ES;30/01/2024;30/01/2024;27.41;
29/01/2024;GMAES;PVB;ES;01/02/2024;29/02/2024;27.48;
29/01/2024;GQES_Q+1;PVB;ES;01/04/2024;30/06/2024;28.3;
29/01/2024;GYES_Y+1;PVB;ES;01/01/2025;31/12/2025;31.3;
28/01/2024;GDAES_D+1;PVB;ES;29/01/2024;29/01/2024;28.02;
27/01/2024;GDAES_D+1;PVB;ES;28/01/2024;28/01/2024;27.09;
26/01/2024;GDAES_D+1;PVB;ES;27/01/2024;27/01/2024;26.94;
26/01/2024;GMAES;PVB;ES;01/02/2024;29/02/2024;26.88;
26/01/2024;GQES_Q+1;PVB;ES;01/04/2024;30/06/2024;27.65;
26/01/2024;GYES_Y+1;PVB;ES;01/01/2025;31/12/2025;31.4;
25/01/2024;GDAES_D+1;PVB;ES;26/01/2024;26/01/2024;26.58;
25/01/2024;GMAES;PVB;ES;01/02/2024;29/02/2024;26.68;
25/01/2024;GQES_Q+1;PVB;ES;01/04/2024;30/06/2024;27.6;
25/01/2024;GYES_Y+1;PVB;ES;01/01/2025;31/12/2025;31.05;
24/01/2024;GDAES_D+1;PVB;ES;25/01/2024;25/01/2024;27.94;
24/01/2024;GMAES;PVB;ES;01/02/2024;29/02/2024;27.65;
24/01/2024;GQES_Q+1;PVB;ES;01/04/2024;30/06/2024;28.41;
24/01/2024;GYES_Y+1;PVB;ES;01/01/2025;31/12/2025;32.06;
23/01/2024;GDAES_D+1;PVB;ES;24/01/2024;24/01/2024;26.92;
23/01/2024;GMAES;PVB;ES;01/02/2024;29/02/2024;26.1;
23/01/2024;GQES_Q+1;PVB;ES;01/04/2024;30/06/2024;27.1;
23/01/2024;GYES_Y+1;PVB;ES;01/01/2025;31/12/2025;30.7;
22/01/2024;GDAES_D+1;PVB;ES;23/01/2024;23/01/2024;27.48;
22/01/2024;GMAES;PVB;ES;01/02/2024;29/02/2024;26.43;
22/01/2024;GQES_Q+1;PVB;ES;01/04/2024;30/06/2024;27.5;
22/01/2024;GYES_Y+1;PVB;ES;01/01/2025;31/12/2025;30.68;
21/01/2024;GDAES_D+1;PVB;ES;22/01/2024;22/01/2024;27.48;
20/01/2024;GDAES_D+1;PVB;ES;21/01/2024;21/01/2024;27.84;
19/01/2024;GDAES_D+1;PVB;ES;20/01/2024;20/01/2024;27.98;
19/01/2024;GMAES;PVB;ES;01/02/2024;29/02/2024;27.06;
19/01/2024;GQES_Q+1;PVB;ES;01/04/2024;30/06/2024;27.7;
19/01/2024;GYES_Y+1;PVB;ES;01/01/2025;31/12/2025;31.1;
18/01/2024;GDAES_D+1;PVB;ES;19/01/2024;19/01/2024;27.46;
18/01/2024;GMAES;PVB;ES;01/02/2024;29/02/2024;26.56;
18/01/2024;GQES_Q+1;PVB;ES;01/04/2024;30/06/2024;27.05;
18/01/2024;GYES_Y+1;PVB;ES;01/01/2025;31/12/2025;30.8;
17/01/2024;GDAES_D+1;PVB;ES;18/01/2024;18/01/2024;26.55;
17/01/2024;GMAES;PVB;ES;01/02/2024;29/02/2024;25.58;
17/01/2024;GQES_Q+1;PVB;ES;01/04/2024;30/06/2024;26.0;
17/01/2024;GYES_Y+1;PVB;ES;01/01/2025;31/12/2025;30.35;
16/01/2024;GDAES_D+1;PVB;ES;17/01/2024;17/01/2024;28.51;
16/01/2024;GMAES;PVB;ES;01/02/2024;29/02/2024;27.9;
16/01/2024;GQES_Q+1;PVB;ES;01/04/2024;30/06/2024;27.91;
16/01/2024;GYES_Y+1;PVB;ES;01/01/2025;31/12/2025;31.75;
15/01/2024;GDAES_D+1;PVB;ES;16/01/2024;16/01/2024;29.47;
15/01/2024;GMAES;PVB;ES;01/02/2024;29/02/2024;28.13;
15/01/2024;GQES_Q+1;PVB;ES;01/04/2024;30/06/2024;28.7;
15/01/2024;GYES_Y+1;PVB;ES;01/01/2025;31/12/2025;31.95;
14/01/2024;GDAES_D+1;PVB;ES;15/01/2024;15/01/2024;32.01;
13/01/2024;GDAES_D+1;PVB;ES;14/01/2024;14/01/2024;32.18;
12/01/2024;GDAES_D+1;PVB;ES;13/01/2024;13/01/2024;31.09;
12/01/2024;GMAES;PVB;ES;01/02/2024;29/02/2024;30.38;
12/01/2024;GQES_Q+1;PVB;ES;01/04/2024;30/06/2024;30.65;
12/01/2024;GYES_Y+1;PVB;ES;01/01/2025;31/12/2025;33.05;
11/01/2024;GDAES_D+1;PVB;ES;12/01/2024;12/01/2024;30.43;
11/01/2024;GMAES;PVB;ES;01/02/2024;29/02/2024;29.28;
11/01/2024;GQES_Q+1;PVB;ES;01/04/2024;30/06/2024;29.9;
11/01/2024;GYES_Y+1;PVB;ES;01/01/2025;31/12/2025;32.5;
10/01/2024;GDAES_D+1;PVB;ES;11/01/2024;11/01/2024;30.85;
10/01/2024;GMAES;PVB;ES;01/02/2024;29/02/2024;29.39;
10/01/2024;GQES_Q+1;PVB;ES;01/04/2024;30/06/2024;29.7;
10/01/2024;GYES_Y+1;PVB;ES;01/01/2025;31/12/2025;33.0;
09/01/2024;GDAES_D+1;PVB;ES;10/01/2024;10/01/2024;31.24;
09/01/2024;GMAES;PVB;ES;01/02/2024;29/02/2024;29.45;
09/01/2024;GQES_Q+1;PVB;ES;01/04/2024;30/06/2024;30.1;
09/01/2024;GYES_Y+1;PVB;ES;01/01/2025;31/12/2025;32.7;
08/01/2024;GDAES_D+1;PVB;ES;09/01/2024;09/01/2024;32.37;
08/01/2024;GMAES;PVB;ES;01/02/2024;29/02/2024;30.19;
08/01/2024;GQES_Q+1;PVB;ES;01/04/2024;30/06/2024;30.25;
08/01/2024;GYES_Y+1;PVB;ES;01/01/2025;31/12/2025;32.9;
07/01/2024;GDAES_D+1;PVB;ES;08/01/2024;08/01/2024;37.67;
06/01/2024;GDAES_D+1;PVB;ES;07/01/2024;07/01/2024;34.68;
05/01/2024;GDAES_D+1;PVB;ES;06/01/2024;06/01/2024;34.28;
05/01/2024;GMAES;PVB;ES;01/02/2024;29/02/2024;32.99;
05/01/2024;GQES_Q+1;PVB;ES;01/04/2024;30/06/2024;32.68;
05/01/2024;GYES_Y+1;PVB;ES;01/01/2025;31/12/2025;34.19;
04/01/2024;GDAES_D+1;PVB;ES;05/01/2024;05/01/2024;32.77;
04/01/2024;GMAES;PVB;ES;01/02/2024;29/02/2024;31.78;
04/01/2024;GQES_Q+1;PVB;ES;01/04/2024;30/06/2024;31.5;
04/01/2024;GYES_Y+1;PVB;ES;01/01/2025;31/12/2025;33.8;
03/01/2024;GDAES_D+1;PVB;ES;04/01/2024;04/01/2024;32.82;
03/01/2024;GMAES;PVB;ES;01/02/2024;29/02/2024;31.77;
03/01/2024;GQES_Q+1;PVB;ES;01/04/2024;30/06/2024;31.3;
03/01/2024;GYES_Y+1;PVB;ES;01/01/2025;31/12/2025;33.75;
02/01/2024;GDAES_D+1;PVB;ES;03/01/2024;03/01/2024;30.11;
02/01/2024;GMAES;PVB;ES;01/02/2024;29/02/2024;29.35;
02/01/2024;GQES_Q+1;PVB;ES;01/04/2024;30/06/2024;28.8;
02/01/2024;GYES_Y+1;PVB;ES;01/01/2025;31/12/2025;32.15;
01/01/2024;GDAES_D+1;PVB;ES;02/01/2024;02/01/2024;31.32;
31/12/2025;GDAES_D+1;PVB;ES;01/01/2026;01/01/2026;28.96;
31/12/2025;GMAES;PVB;ES;01/01/2026;31/01/2026;28.1;
30/12/2025;GDAES_D+1;PVB;ES;31/12/2025;31/12/2025;27.79;
30/12/2025;GMAES;PVB;ES;01/01/2026;31/01/2026;27.7;
30/12/2025;GQES_Q+1;PVB;ES;01/01/2026;31/03/2026;27.29;
30/12/2025;GYES_Y+1;PVB;ES;01/01/2026;31/12/2026;26.63;
29/12/2025;GDAES_D+1;PVB;ES;30/12/2025;30/12/2025;28.47;
29/12/2025;GMAES;PVB;ES;01/01/2026;31/01/2026;28.35;
29/12/2025;GQES_Q+1;PVB;ES;01/01/2026;31/03/2026;27.89;
29/12/2025;GYES_Y+1;PVB;ES;01/01/2026;31/12/2026;26.87;
28/12/2025;GDAES_D+1;PVB;ES;29/12/2025;29/12/2025;29.81;
27/12/2025;GDAES_D+1;PVB;ES;28/12/2025;28/12/2025;29.82;
26/12/2025;GDAES_D+1;PVB;ES;27/12/2025;27/12/2025;29.69;
25/12/2025;GDAES_D+1;PVB;ES;26/12/2025;26/12/2025;29.39;
24/12/2025;GDAES_D+1;PVB;ES;25/12/2025;25/12/2025;28.42;
24/12/2025;GMAES;PVB;ES;01/01/2026;31/01/2026;27.48;
24/12/2025;GQES_Q+1;PVB;ES;01/01/2026;31/03/2026;27.41;
24/12/2025;GYES_Y+1;PVB;ES;01/01/2026;31/12/2026;26.75;
23/12/2025;GDAES_D+1;PVB;ES;24/12/2025;24/12/2025;27.69;
23/12/2025;GMAES;PVB;ES;01/01/2026;31/01/2026;27.58;
23/12/2025;GQES_Q+1;PVB;ES;01/01/2026;31/03/2026;27.18;
23/12/2025;GYES_Y+1;PVB;ES;01/01/2026;31/12/2026;26.38;
22/12/2025;GDAES_D+1;PVB;ES;23/12/2025;23/12/2025;27.69;
22/12/2025;GMAES;PVB;ES;01/01/2026;31/01/2026;27.23;
22/12/2025;GQES_Q+1;PVB;ES;01/01/2026;31/03/2026;26.98;
22/12/2025;GYES_Y+1;PVB;ES;01/01/2026;31/12/2026;26.18;
21/12/2025;GDAES_D+1;PVB;ES;22/12/2025;22/12/2025;29.08;
20/12/2025;GDAES_D+1;PVB;ES;21/12/2025;21/12/2025;28.95;
19/12/2025;GDAES_D+1;PVB;ES;20/12/2025;20/12/2025;28.01;
19/12/2025;GMAES;PVB;ES;01/01/2026;31/01/2026;27.62;
19/12/2025;GQES_Q+1;PVB;ES;01/01/2026;31/03/2026;27.56;
19/12/2025;GYES_Y+1;PVB;ES;01/01/2026;31/12/2026;26.48;
18/12/2025;GDAES_D+1;PVB;ES;19/12/2025;19/12/2025;27.5;
18/12/2025;GMAES;PVB;ES;01/01/2026;31/01/2026;27.11;
18/12/2025;GQES_Q+1;PVB;ES;01/01/2026;31/03/2026;26.88;
18/12/2025;GYES_Y+1;PVB;ES;01/01/2026;31/12/2026;26.07;
17/12/2025;GDAES_D+1;PVB;ES;18/12/2025;18/12/2025;27.13;
17/12/2025;GMAES;PVB;ES;01/01/2026;31/01/2026;26.83;
17/12/2025;GQES_Q+1;PVB;ES;01/01/2026;31/03/2026;26.68;
17/12/2025;GYES_Y+1;PVB;ES;01/01/2026;31/12/2026;25.68;
16/12/2025;GDAES_D+1;PVB;ES;17/12/2025;17/12/2025;26.62;
16/12/2025;GMAES;PVB;ES;01/01/2026;31/01/2026;26.42;
16/12/2025;GQES_Q+1;PVB;ES;01/01/2026;31/03/2026;26.14;
16/12/2025;GYES_Y+1;PVB;ES;01/01/2026;31/12/2026;25.28;
15/12/2025;GDAES_D+1;PVB;ES;16/12/2025;16/12/2025;27.18;
15/12/2025;GMAES;PVB;ES;01/01/2026;31/01/2026;26.93;
15/12/2025;GQES_Q+1;PVB;ES;01/01/2026;31/03/2026;26.78;
15/12/2025;GYES_Y+1;PVB;ES;01/01/2026;31/12/2026;25.83;
14/12/2025;GDAES_D+1;PVB;ES;15/12/2025;15/12/2025;28.47;
13/12/2025;GDAES_D+1;PVB;ES;14/12/2025;14/12/2025;29.1;
12/12/2025;GDAES_D+1;PVB;ES;13/12/2025;13/12/2025;27.37;
12/12/2025;GMAES;PVB;ES;01/01/2026;31/01/2026;27.18;
12/12/2025;GQES_Q+1;PVB;ES;01/01/2026;31/03/2026;26.93;
12/12/2025;GYES_Y+1;PVB;ES;01/01/2026;31/12/2026;26.13;
11/12/2025;GDAES_D+1;PVB;ES;12/12/2025;12/12/2025;26.59;
11/12/2025;GMAES;PVB;ES;01/01/2026;31/01/2026;26.48;
11/12/2025;GQES_Q+1;PVB;ES;01/01/2026;31/03/2026;26.33;
11/12/2025;GYES_Y+1;PVB;ES;01/01/2026;31/12/2026;25.55;
10/12/2025;GDAES_D+1;PVB;ES;11/12/2025;11/12/2025;26.54;
10/12/2025;GMAES;PVB;ES;01/01/2026;31/01/2026;26.23;
10/12/2025;GQES_Q+1;PVB;ES;01/01/2026;31/03/2026;26.29;
10/12/2025;GYES_Y+1;PVB;ES;01/01/2026;31/12/2026;25.48;
09/12/2025;GDAES_D+1;PVB;ES;10/12/2025;10/12/2025;27.27;
09/12/2025;GMAES;PVB;ES;01/01/2026;31/01/2026;27.13;
09/12/2025;GQES_Q+1;PVB;ES;01/01/2026;31/03/2026;27.0;
09/12/2025;GYES_Y+1;PVB;ES;01/01/2026;31/12/2026;26.33;
08/12/2025;GDAES_D+1;PVB;ES;09/12/2025;09/12/2025;26.71;
08/12/2025;GMAES;PVB;ES;01/01/2026;31/01/2026;26.63;
08/12/2025;GQES_Q+1;PVB;ES;01/01/2026;31/03/2026;26.59;
08/12/2025;GYES_Y+1;PVB;ES;01/01/2026;31/12/2026;26.18;
07/12/2025;GDAES_D+1;PVB;ES;08/12/2025;08/12/2025;27.16;
06/12/2025;GDAES_D+1;PVB;ES;07/12/2025;07/12/2025;27.46;
05/12/2025;GDAES_D+1;PVB;ES;06/12/2025;06/12/2025;27.23;
05/12/2025;GMAES;PVB;ES;01/01/2026;31/01/2026;26.83;
05/12/2025;GQES_Q+1;PVB;ES;01/01/2026;31/03/2026;26.93;
05/12/2025;GYES_Y+1;PVB;ES;01/01/2026;31/12/2026;26.18;
04/12/2025;GDAES_D+1;PVB;ES;05/12/2025;05/12/2025;26.92;
04/12/2025;GMAES;PVB;ES;01/01/2026;31/01/2026;26.68;
04/12/2025;GQES_Q+1;PVB;ES;01/01/2026;31/03/2026;26.73;
04/12/2025;GYES_Y+1;PVB;ES;01/01/2026;31/12/2026;26.13;
03/12/2025;GDAES_D+1;PVB;ES;04/12/2025;04/12/2025;28.04;
03/12/2025;GMAES;PVB;ES;01/01/2026;31/01/2026;27.88;
03/12/2025;GQES_Q+1;PVB;ES;01/01/2026;31/03/2026;27.68;
03/12/2025;GYES_Y+1;PVB;ES;01/01/2026;31/12/2026;27.08;
02/12/2025;GDAES_D+1;PVB;ES;03/12/2025;03/12/2025;27.69;
02/12/2025;GMAES;PVB;ES;01/01/2026;31/01/2026;27.73;
02/12/2025;GQES_Q+1;PVB;ES;01/01/2026;31/03/2026;27.48;
02/12/2025;GYES_Y+1;PVB;ES;01/01/2026;31/12/2026;26.88;
01/12/2025;GDAES_D+1;PVB;ES;02/12/2025;02/12/2025;28.15;
01/12/2025;GMAES;PVB;ES;01/01/2026;31/01/2026;27.87;
01/12/2025;GQES_Q+1;PVB;ES;01/01/2026;31/03/2026;27.73;
01/12/2025;GYES_Y+1;PVB;ES;01/01/2026;31/12/2026;26.93;
30/11/2025;GDAES_D+1;PVB;ES;01/12/2025;01/12/2025;28.91;
29/11/2025;GDAES_D+1;PVB;ES;30/11/2025;30/11/2025;29.04;
28/11/2025;GDAES_D+1;PVB;ES;29/11/2025;29/11/2025;28.95;
28/11/2025;GMAES;PVB;ES;01/12/2025;31/12/2025;28.3;
28/11/2025;GQES_Q+1;PVB;ES;01/01/2026;31/03/2026;28.18;
28/11/2025;GYES_Y+1;PVB;ES;01/01/2026;31/12/2026;27.33;
27/11/2025;GDAES_D+1;PVB;ES;28/11/2025;28/11/2025;28.82;
27/11/2025;GMAES;PVB;ES;01/12/2025;31/12/2025;28.7;
27/11/2025;GQES_Q+1;PVB;ES;01/01/2026;31/03/2026;28.67;
27/11/2025;GYES_Y+1;PVB;ES;01/01/2026;31/12/2026;27.73;
26/11/2025;GDAES_D+1;PVB;ES;27/11/2025;27/11/2025;29.12;
26/11/2025;GMAES;PVB;ES;01/12/2025;31/12/2025;28.88;
26/11/2025;GQES_Q+1;PVB;ES;01/01/2026;31/03/2026;28.73;
26/11/2025;GYES_Y+1;PVB;ES;01/01/2026;31/12/2026;27.78;
25/11/2025;GDAES_D+1;PVB;ES;26/11/2025;26/11/2025;29.23;
25/11/2025;GMAES;PVB;ES;01/12/2025;31/12/2025;28.88;
25/11/2025;GQES_Q+1;PVB;ES;01/01/2026;31/03/2026;29.08;
25/11/2025;GYES_Y+1;PVB;ES;01/01/2026;31/12/2026;27.93;
24/11/2025;GDAES_D+1;PVB;ES;25/11/2025;25/11/2025;29.37;
24/11/2025;GMAES;PVB;ES;01/12/2025;31/12/2025;29.28;
24/11/2025;GQES_Q+1;PVB;ES;01/01/2026;31/03/2026;29.33;
24/11/2025;GYES_Y+1;PVB;ES;01/01/2026;31/12/2026;28.28;
23/11/2025;GDAES_D+1;PVB;ES;24/11/2025;24/11/2025;29.83;
22/11/2025;GDAES_D+1;PVB;ES;23/11/2025;23/11/2025;30.2;
21/11/2025;GDAES_D+1;PVB;ES;22/11/2025;22/11/2025;29.78;
21/11/2025;GMAES;PVB;ES;01/12/2025;31/12/2025;29.58;
21/11/2025;GQES_Q+1;PVB;ES;01/01/2026;31/03/2026;29.68;
21/11/2025;GYES_Y+1;PVB;ES;01/01/2026;31/12/2026;28.53;
20/11/2025;GDAES_D+1;PVB;ES;21/11/2025;21/11/2025;30.43;
20/11/2025;GMAES;PVB;ES;01/12/2025;31/12/2025;30.42;
20/11/2025;GQES_Q+1;PVB;ES;01/01/2026;31/03/2026;30.8;
20/11/2025;GYES_Y+1;PVB;ES;01/01/2026;31/12/2026;29.35;
19/11/2025;GDAES_D+1;PVB;ES;20/11/2025;20/11/2025;30.42;
19/11/2025;GMAES;PVB;ES;01/12/2025;31/12/2025;30.3;
19/11/2025;GQES_Q+1;PVB;ES;01/01/2026;31/03/2026;30.43;
19/11/2025;GYES_Y+1;PVB;ES;01/01/2026;31/12/2026;29.23;
18/11/2025;GDAES_D+1;PVB;ES;19/11/2025;19/11/2025;31.08;
18/11/2025;GMAES;PVB;ES;01/12/2025;31/12/2025;30.93;
18/11/2025;GQES_Q+1;PVB;ES;01/01/2026;31/03/2026;31.03;
18/11/2025;GYES_Y+1;PVB;ES;01/01/2026;31/12/2026;29.75;
17/11/2025;GDAES_D+1;PVB;ES;18/11/2025;18/11/2025;30.94;
17/11/2025;GMAES;PVB;ES;01/12/2025;31/12/2025;30.75;
17/11/2025;GQES_Q+1;PVB;ES;01/01/2026;31/03/2026;30.9;
17/11/2025;GYES_Y+1;PVB;ES;01/01/2026;31/12/2026;29.75;
16/11/2025;GDAES_D+1;PVB;ES;17/11/2025;17/11/2025;30.5;
15/11/2025;GDAES_D+1;PVB;ES;16/11/2025;16/11/2025;30.54;
14/11/2025;GDAES_D+1;PVB;ES;15/11/2025;15/11/2025;30.23;
14/11/2025;GMAES;PVB;ES;01/12/2025;31/12/2025;30.42;
14/11/2025;GQES_Q+1;PVB;ES;01/01/2026;31/03/2026;30.48;
14/11/2025;GYES_Y+1;PVB;ES;01/01/2026;31/12/2026;29.48;
13/11/2025;GDAES_D+1;PVB;ES;14/11/2025;14/11/2025;29.42;
13/11/2025;GMAES;PVB;ES;01/12/2025;31/12/2025;29.83;
13/11/2025;GQES_Q+1;PVB;ES;01/01/2026;31/03/2026;29.98;
13/11/2025;GYES_Y+1;PVB;ES;01/01/2026;31/12/2026;29.13;
12/11/2025;GDAES_D+1;PVB;ES;13/11/2025;13/11/2025;29.81;
12/11/2025;GMAES;PVB;ES;01/12/2025;31/12/2025;30.26;
12/11/2025;GQES_Q+1;PVB;ES;01/01/2026;31/03/2026;30.53;
12/11/2025;GYES_Y+1;PVB;ES;01/01/2026;31/12/2026;29.48;
11/11/2025;GDAES_D+1;PVB;ES;12/11/2025;12/11/2025;30.15;
11/11/2025;GMAES;PVB;ES;01/12/2025;31/12/2025;30.49;
11/11/2025;GQES_Q+1;PVB;ES;01/01/2026;31/03/2026;30.7;
11/11/2025;GYES_Y+1;PVB;ES;01/01/2026;31/12/2026;29.75;
10/11/2025;GDAES_D+1;PVB;ES;11/11/2025;11/11/2025;30.23;
10/11/2025;GMAES;PVB;ES;01/12/2025;31/12/2025;30.58;
10/11/2025;GQES_Q+1;PVB;ES;01/01/2026;31/03/2026;30.72;
10/11/2025;GYES_Y+1;PVB;ES;01/01/2026;31/12/2026;29.87;
09/11/2025;GDAES_D+1;PVB;ES;10/11/2025;10/11/2025;30.72;
08/11/2025;GDAES_D+1;PVB;ES;09/11/2025;09/11/2025;30.31;
07/11/2025;GDAES_D+1;PVB;ES;08/11/2025;08/11/2025;30.31;
07/11/2025;GMAES;PVB;ES;01/12/2025;31/12/2025;30.44;
07/11/2025;GQES_Q+1;PVB;ES;01/01/2026;31/03/2026;30.58;
07/11/2025;GYES_Y+1;PVB;ES;01/01/2026;31/12/2026;29.63;
06/11/2025;GDAES_D+1;PVB;ES;07/11/2025;07/11/2025;30.67;
06/11/2025;GMAES;PVB;ES;01/12/2025;31/12/2025;30.95;
06/11/2025;GQES_Q+1;PVB;ES;01/01/2026;31/03/2026;31.13;
06/11/2025;GYES_Y+1;PVB;ES;01/01/2026;31/12/2026;29.93;
05/11/2025;GDAES_D+1;PVB;ES;06/11/2025;06/11/2025;30.83;
05/11/2025;GMAES;PVB;ES;01/12/2025;31/12/2025;30.98;
05/11/2025;GQES_Q+1;PVB;ES;01/01/2026;31/03/2026;31.34;
05/11/2025;GYES_Y+1;PVB;ES;01/01/2026;31/12/2026;30.1;
04/11/2025;GDAES_D+1;PVB;ES;05/11/2025;05/11/2025;31.41;
04/11/2025;GMAES;PVB;ES;01/12/2025;31/12/2025;31.68;
04/11/2025;GQES_Q+1;PVB;ES;01/01/2026;31/03/2026;31.68;
04/11/2025;GYES_Y+1;PVB;ES;01/01/2026;31/12/2026;30.53;
03/11/2025;GDAES_D+1;PVB;ES;04/11/2025;04/11/2025;30.9;
03/11/2025;GMAES;PVB;ES;01/12/2025;31/12/2025;30.93;
03/11/2025;GQES_Q+1;PVB;ES;01/01/2026;31/03/2026;31.08;
03/11/2025;GYES_Y+1;PVB;ES;01/01/2026;31/12/2026;30.03;
02/11/2025;GDAES_D+1;PVB;ES;03/11/2025;03/11/2025;30.64;
01/11/2025;GDAES_D+1;PVB;ES;02/11/2025;02/11/2025;30.43;
31/10/2025;GDAES_D+1;PVB;ES;01/11/2025;01/11/2025;30.17;
31/10/2025;GMAES;PVB;ES;01/11/2025;30/11/2025;30.28;
31/10/2025;GQES_Q+1;PVB;ES;01/01/2026;31/03/2026;30.37;
31/10/2025;GYES_Y+1;PVB;ES;01/01/2026;31/12/2026;29.5;
30/10/2025;GDAES_D+1;PVB;ES;31/10/2025;31/10/2025;30.59;
30/10/2025;GMAES;PVB;ES;01/11/2025;30/11/2025;30.35;
30/10/2025;GQES_Q+1;PVB;ES;01/01/2026;31/03/2026;30.91;
30/10/2025;GYES_Y+1;PVB;ES;01/01/2026;31/12/2026;29.97;
29/10/2025;GDAES_D+1;PVB;ES;30/10/2025;30/10/2025;31.38;
29/10/2025;GMAES;PVB;ES;01/11/2025;30/11/2025;30.89;
29/10/2025;GQES_Q+1;PVB;ES;01/01/2026;31/03/2026;31.28;
29/10/2025;GYES_Y+1;PVB;ES;01/01/2026;31/12/2026;30.18;
28/10/2025;GDAES_D+1;PVB;ES;29/10/2025;29/10/2025;30.97;
28/10/2025;GMAES;PVB;ES;01/11/2025;30/11/2025;30.53;
28/10/2025;GQES_Q+1;PVB;ES;01/01/2026;31/03/2026;31.03;
28/10/2025;GYES_Y+1;PVB;ES;01/01/2026;31/12/2026;29.88;
27/10/2025;GDAES_D+1;PVB;ES;28/10/2025;28/10/2025;30.7;
27/10/2025;GMAES;PVB;ES;01/11/2025;30/11/2025;30.3;
27/10/2025;GQES_Q+1;PVB;ES;01/01/2026;31/03/2026;30.84;
27/10/2025;GYES_Y+1;PVB;ES;01/01/2026;31/12/2026;29.78;
26/10/2025;GDAES_D+1;PVB;ES;27/10/2025;27/10/2025;31.57;
25/10/2025;GDAES_D+1;PVB;ES;26/10/2025;26/10/2025;32.07;
24/10/2025;GDAES_D+1;PVB;ES;25/10/2025;25/10/2025;31.2;
24/10/2025;GMAES;PVB;ES;01/11/2025;30/11/2025;31.13;
24/10/2025;GQES_Q+1;PVB;ES;01/01/2026;31/03/2026;31.6;
24/10/2025;GYES_Y+1;PVB;ES;01/01/2026;31/12/2026;30.38;
23/10/2025;GDAES_D+1;PVB;ES;24/10/2025;24/10/2025;31.64;
23/10/2025;GMAES;PVB;ES;01/11/2025;30/11/2025;31.55;
23/10/2025;GQES_Q+1;PVB;ES;01/01/2026;31/03/2026;31.83;
23/10/2025;GYES_Y+1;PVB;ES;01/01/2026;31/12/2026;30.68;
22/10/2025;GDAES_D+1;PVB;ES;23/10/2025;23/10/2025;30.94;
22/10/2025;GMAES;PVB;ES;01/11/2025;30/11/2025;30.81;
22/10/2025;GQES_Q+1;PVB;ES;01/01/2026;31/03/2026;31.42;
22/10/2025;GYES_Y+1;PVB;ES;01/01/2026;31/12/2026;30.18;
21/10/2025;GDAES_D+1;PVB;ES;22/10/2025;22/10/2025;31.39;
21/10/2025;GMAES;PVB;ES;01/11/2025;30/11/2025;31.18;
21/10/2025;GQES_Q+1;PVB;ES;01/01/2026;31/03/2026;31.68;
21/10/2025;GYES_Y+1;PVB;ES;01/01/2026;31/12/2026;30.45;
20/10/2025;GDAES_D+1;PVB;ES;21/10/2025;21/10/2025;30.83;
20/10/2025;GMAES;PVB;ES;01/11/2025;30/11/2025;30.58;
20/10/2025;GQES_Q+1;PVB;ES;01/01/2026;31/03/2026;31.04;
20/10/2025;GYES_Y+1;PVB;ES;01/01/2026;31/12/2026;29.93;
19/10/2025;GDAES_D+1;PVB;ES;20/10/2025;20/10/2025;31.22;
18/10/2025;GDAES_D+1;PVB;ES;19/10/2025;19/10/2025;31.1;
17/10/2025;GDAES_D+1;PVB;ES;18/10/2025;18/10/2025;31.39;
17/10/2025;GMAES;PVB;ES;01/11/2025;30/11/2025;31.03;
17/10/2025;GQES_Q+1;PVB;ES;01/01/2026;31/03/2026;31.38;
17/10/2025;GYES_Y+1;PVB;ES;01/01/2026;31/12/2026;29.97;
16/10/2025;GDAES_D+1;PVB;ES;17/10/2025;17/10/2025;31.68;
16/10/2025;GMAES;PVB;ES;01/11/2025;30/11/2025;31.66;
16/10/2025;GQES_Q+1;PVB;ES;01/01/2026;31/03/2026;31.68;
16/10/2025;GYES_Y+1;PVB;ES;01/01/2026;31/12/2026;30.28;
15/10/2025;GDAES_D+1;PVB;ES;16/10/2025;16/10/2025;31.15;
15/10/2025;GMAES;PVB;ES;01/11/2025;30/11/2025;30.94;
15/10/2025;GQES_Q+1;PVB;ES;01/01/2026;31/03/2026;31.38;
15/10/2025;GYES_Y+1;PVB;ES;01/01/2026;31/12/2026;30.2;
14/10/2025;GDAES_D+1;PVB;ES;15/10/2025;15/10/2025;30.92;
14/10/2025;GMAES;PVB;ES;01/11/2025;30/11/2025;30.93;
14/10/2025;GQES_Q+1;PVB;ES;01/01/2026;31/03/2026;31.49;
14/10/2025;GYES_Y+1;PVB;ES;01/01/2026;31/12/2026;30.34;
13/10/2025;GDAES_D+1;PVB;ES;14/10/2025;14/10/2025;30.64;
13/10/2025;GMAES;PVB;ES;01/11/2025;30/11/2025;30.58;
13/10/2025;GQES_Q+1;PVB;ES;01/01/2026;31/03/2026;31.13;
13/10/2025;GYES_Y+1;PVB;ES;01/01/2026;31/12/2026;29.98;
12/10/2025;GDAES_D+1;PVB;ES;13/10/2025;13/10/2025;31.17;
11/10/2025;GDAES_D+1;PVB;ES;12/10/2025;12/10/2025;31.01;
10/10/2025;GDAES_D+1;PVB;ES;11/10/2025;11/10/2025;31.09;
10/10/2025;GMAES;PVB;ES;01/11/2025;30/11/2025;31.09;
10/10/2025;GQES_Q+1;PVB;ES;01/01/2026;31/03/2026;31.6;
10/10/2025;GYES_Y+1;PVB;ES;01/01/2026;31/12/2026;30.54;
09/10/2025;GDAES_D+1;PVB;ES;10/10/2025;10/10/2025;31.4;
09/10/2025;GMAES;PVB;ES;01/11/2025;30/11/2025;31.54;
09/10/2025;GQES_Q+1;PVB;ES;01/01/2026;31/03/2026;31.95;
09/10/2025;GYES_Y+1;PVB;ES;01/01/2026;31/12/2026;30.63;
08/10/2025;GDAES_D+1;PVB;ES;09/10/2025;09/10/2025;31.73;
08/10/2025;GMAES;PVB;ES;01/11/2025;30/11/2025;31.7;
08/10/2025;GQES_Q+1;PVB;ES;01/01/2026;31/03/2026;32.03;
08/10/2025;GYES_Y+1;PVB;ES;01/01/2026;31/12/2026;30.93;
07/10/2025;GDAES_D+1;PVB;ES;08/10/2025;08/10/2025;32.38;
07/10/2025;GMAES;PVB;ES;01/11/2025;30/11/2025;32.23;
07/10/2025;GQES_Q+1;PVB;ES;01/01/2026;31/03/2026;32.73;
07/10/2025;GYES_Y+1;PVB;ES;01/01/2026;31/12/2026;31.38;
06/10/2025;GDAES_D+1;PVB;ES;07/10/2025;07/10/2025;32.31;
06/10/2025;GMAES;PVB;ES;01/11/2025;30/11/2025;32.4;
06/10/2025;GQES_Q+1;PVB;ES;01/01/2026;31/03/2026;32.63;
06/10/2025;GYES_Y+1;PVB;ES;01/01/2026;31/12/2026;31.23;
05/10/2025;GDAES_D+1;PVB;ES;06/10/2025;06/10/2025;31.99;
04/10/2025;GDAES_D+1;PVB;ES;05/10/2025;05/10/2025;31.23;
03/10/2025;GDAES_D+1;PVB;ES;04/10/2025;04/10/2025;30.24;
03/10/2025;GMAES;PVB;ES;01/11/2025;30/11/2025;30.43;
03/10/2025;GQES_Q+1;PVB;ES;01/01/2026;31/03/2026;31.35;
03/10/2025;GYES_Y+1;PVB;ES;01/01/2026;31/12/2026;30.15;
02/10/2025;GDAES_D+1;PVB;ES;03/10/2025;03/10/2025;30.34;
02/10/2025;GMAES;PVB;ES;01/11/2025;30/11/2025;30.4;
02/10/2025;GQES_Q+1;PVB;ES;01/01/2026;31/03/2026;31.08;
02/10/2025;GYES_Y+1;PVB;ES;01/01/2026;31/12/2026;30.1;
01/10/2025;GDAES_D+1;PVB;ES;02/10/2025;02/10/2025;30.82;
01/10/2025;GMAES;PVB;ES;01/11/2025;30/11/2025;30.6;
01/10/2025;GQES_Q+1;PVB;ES;01/01/2026;31/03/2026;31.28;
01/10/2025;GYES_Y+1;PVB;ES;01/01/2026;31/12/2026;30.33;
30/09/2025;GDAES_D+1;PVB;ES;01/10/2025;01/10/2025;30.83;
30/09/2025;GMAES;PVB;ES;01/10/2025;31/10/2025;30.9;
30/09/2025;GYES_Y+1;PVB;ES;01/01/2026;31/12/2026;30.8;
29/09/2025;GDAES_D+1;PVB;ES;30/09/2025;30/09/2025;31.72;
29/09/2025;GMAES;PVB;ES;01/10/2025;31/10/2025;31.41;
29/09/2025;GQES_Q+1;PVB;ES;01/10/2025;31/12/2025;31.78;
29/09/2025;GYES_Y+1;PVB;ES;01/01/2026;31/12/2026;31.0;
28/09/2025;GDAES_D+1;PVB;ES;29/09/2025;29/09/2025;32.1;
27/09/2025;GDAES_D+1;PVB;ES;28/09/2025;28/09/2025;31.98;
26/09/2025;GDAES_D+1;PVB;ES;27/09/2025;27/09/2025;32.14;
26/09/2025;GMAES;PVB;ES;01/10/2025;31/10/2025;31.83;
26/09/2025;GQES_Q+1;PVB;ES;01/10/2025;31/12/2025;32.28;
26/09/2025;GYES_Y+1;PVB;ES;01/01/2026;31/12/2026;31.45;
25/09/2025;GDAES_D+1;PVB;ES;26/09/2025;26/09/2025;31.99;
25/09/2025;GMAES;PVB;ES;01/10/2025;31/10/2025;31.83;
25/09/2025;GQES_Q+1;PVB;ES;01/10/2025;31/12/2025;32.15;
25/09/2025;GYES_Y+1;PVB;ES;01/01/2026;31/12/2026;31.35;
24/09/2025;GDAES_D+1;PVB;ES;25/09/2025;25/09/2025;31.49;
24/09/2025;GMAES;PVB;ES;01/10/2025;31/10/2025;31.25;
24/09/2025;GQES_Q+1;PVB;ES;01/10/2025;31/12/2025;31.73;
24/09/2025;GYES_Y+1;PVB;ES;01/01/2026;31/12/2026;31.29;
23/09/2025;GDAES_D+1;PVB;ES;24/09/2025;24/09/2025;31.87;
23/09/2025;GMAES;PVB;ES;01/10/2025;31/10/2025;31.73;
23/09/2025;GQES_Q+1;PVB;ES;01/10/2025;31/12/2025;31.98;
23/09/2025;GYES_Y+1;PVB;ES;01/01/2026;31/12/2026;31.28;
22/09/2025;GDAES_D+1;PVB;ES;23/09/2025;23/09/2025;31.5;
22/09/2025;GMAES;PVB;ES;01/10/2025;31/10/2025;31.09;
22/09/2025;GQES_Q+1;PVB;ES;01/10/2025;31/12/2025;31.6;
22/09/2025;GYES_Y+1;PVB;ES;01/01/2026;31/12/2026;31.03;
21/09/2025;GDAES_D+1;PVB;ES;22/09/2025;22/09/2025;31.96;
20/09/2025;GDAES_D+1;PVB;ES;21/09/2025;21/09/2025;32.05;
19/09/2025;GDAES_D+1;PVB;ES;20/09/2025;20/09/2025;31.92;
19/09/2025;GMAES;PVB;ES;01/10/2025;31/10/2025;31.43;
19/09/2025;GQES_Q+1;PVB;ES;01/10/2025;31/12/2025;31.98;
19/09/2025;GYES_Y+1;PVB;ES;01/01/2026;31/12/2026;31.33;
18/09/2025;GDAES_D+1;PVB;ES;19/09/2025;19/09/2025;32.47;
18/09/2025;GMAES;PVB;ES;01/10/2025;31/10/2025;32.2;
18/09/2025;GQES_Q+1;PVB;ES;01/10/2025;31/12/2025;32.86;
18/09/2025;GYES_Y+1;PVB;ES;01/01/2026;31/12/2026;31.73;
17/09/2025;GDAES_D+1;PVB;ES;18/09/2025;18/09/2025;31.95;
17/09/2025;GMAES;PVB;ES;01/10/2025;31/10/2025;31.83;
17/09/2025;GQES_Q+1;PVB;ES;01/10/2025;31/12/2025;32.46;
17/09/2025;GYES_Y+1;PVB;ES;01/01/2026;31/12/2026;31.48;
16/09/2025;GDAES_D+1;PVB;ES;17/09/2025;17/09/2025;31.78;
16/09/2025;GMAES;PVB;ES;01/10/2025;31/10/2025;31.61;
16/09/2025;GQES_Q+1;PVB;ES;01/10/2025;31/12/2025;32.3;
16/09/2025;GYES_Y+1;PVB;ES;01/01/2026;31/12/2026;31.38;
15/09/2025;GDAES_D+1;PVB;ES;16/09/2025;16/09/2025;31.53;
15/09/2025;GMAES;PVB;ES;01/10/2025;31/10/2025;31.54;
15/09/2025;GQES_Q+1;PVB;ES;01/10/2025;31/12/2025;32.13;
15/09/2025;GYES_Y+1;PVB;ES;01/01/2026;31/12/2026;31.08;
14/09/2025;GDAES_D+1;PVB;ES;15/09/2025;15/09/2025;32.18;
13/09/2025;GDAES_D+1;PVB;ES;14/09/2025;14/09/2025;32.23;
12/09/2025;GDAES_D+1;PVB;ES;13/09/2025;13/09/2025;32.27;
12/09/2025;GMAES;PVB;ES;01/10/2025;31/10/2025;32.03;
12/09/2025;GQES_Q+1;PVB;ES;01/10/2025;31/12/2025;32.66;
12/09/2025;GYES_Y+1;PVB;ES;01/01/2026;31/12/2026;31.48;
11/09/2025;GDAES_D+1;PVB;ES;12/09/2025;12/09/2025;31.75;
11/09/2025;GMAES;PVB;ES;01/10/2025;31/10/2025;31.59;
11/09/2025;GQES_Q+1;PVB;ES;01/10/2025;31/12/2025;32.69;
11/09/2025;GYES_Y+1;PVB;ES;01/01/2026;31/12/2026;32.03;
10/09/2025;GDAES_D+1;PVB;ES;11/09/2025;11/09/2025;32.7;
10/09/2025;GMAES;PVB;ES;01/10/2025;31/10/2025;32.43;
10/09/2025;GQES_Q+1;PVB;ES;01/10/2025;31/12/2025;32.94;
10/09/2025;GYES_Y+1;PVB;ES;01/01/2026;31/12/2026;31.95;
09/09/2025;GDAES_D+1;PVB;ES;10/09/2025;10/09/2025;32.58;
09/09/2025;GMAES;PVB;ES;01/10/2025;31/10/2025;32.28;
09/09/2025;GQES_Q+1;PVB;ES;01/10/2025;31/12/2025;32.8;
09/09/2025;GYES_Y+1;PVB;ES;01/01/2026;31/12/2026;31.63;
08/09/2025;GDAES_D+1;PVB;ES;09/09/2025;09/09/2025;32.47;
08/09/2025;GMAES;PVB;ES;01/10/2025;31/10/2025;32.28;
08/09/2025;GQES_Q+1;PVB;ES;01/10/2025;31/12/2025;32.78;
08/09/2025;GYES_Y+1;PVB;ES;01/01/2026;31/12/2026;31.53;
07/09/2025;GDAES_D+1;PVB;ES;08/09/2025;08/09/2025;31.19;
06/09/2025;GDAES_D+1;PVB;ES;07/09/2025;07/09/2025;31.4;
05/09/2025;GDAES_D+1;PVB;ES;06/09/2025;06/09/2025;31.36;
05/09/2025;GMAES;PVB;ES;01/10/2025;31/10/2025;31.08;
05/09/2025;GQES_Q+1;PVB;ES;01/10/2025;31/12/2025;31.98;
05/09/2025;GYES_Y+1;PVB;ES;01/01/2026;31/12/2026;31.13;
04/09/2025;GDAES_D+1;PVB;ES;05/09/2025;05/09/2025;31.82;
04/09/2025;GMAES;PVB;ES;01/10/2025;31/10/2025;31.68;
04/09/2025;GQES_Q+1;PVB;ES;01/10/2025;31/12/2025;32.37;
04/09/2025;GYES_Y+1;PVB;ES;01/01/2026;31/12/2026;31.43;
03/09/2025;GDAES_D+1;PVB;ES;04/09/2025;04/09/2025;31.19;
03/09/2025;GMAES;PVB;ES;01/10/2025;31/10/2025;31.28;
03/09/2025;GQES_Q+1;PVB;ES;01/10/2025;31/12/2025;32.02;
03/09/2025;GYES_Y+1;PVB;ES;01/01/2026;31/12/2026;31.03;
02/09/2025;GDAES_D+1;PVB;ES;03/09/2025;03/09/2025;31.22;
02/09/2025;GMAES;PVB;ES;01/10/2025;31/10/2025;31.08;
02/09/2025;GQES_Q+1;PVB;ES;01/10/2025;31/12/2025;31.8;
02/09/2025;GYES_Y+1;PVB;ES;01/01/2026;31/12/2026;30.98;
01/09/2025;GDAES_D+1;PVB;ES;02/09/2025;02/09/2025;31.59;
01/09/2025;GMAES;PVB;ES;01/10/2025;31/10/2025;31.33;
01/09/2025;GQES_Q+1;PVB;ES;01/10/2025;31/12/2025;32.1;
01/09/2025;GYES_Y+1;PVB;ES;01/01/2026;31/12/2026;31.08;
31/08/2025;GDAES_D+1;PVB;ES;01/09/2025;01/09/2025;30.87;
30/08/2025;GDAES_D+1;PVB;ES;31/08/2025;31/08/2025;30.93;
29/08/2025;GDAES_D+1;PVB;ES;30/08/2025;30/08/2025;31.08;
29/08/2025;GMAES;PVB;ES;01/09/2025;30/09/2025;30.88;
29/08/2025;GQES_Q+1;PVB;ES;01/10/2025;31/12/2025;31.48;
29/08/2025;GYES_Y+1;PVB;ES;01/01/2026;31/12/2026;30.54;
28/08/2025;GDAES_D+1;PVB;ES;29/08/2025;29/08/2025;31.09;
28/08/2025;GMAES;PVB;ES;01/09/2025;30/09/2025;30.7;
28/08/2025;GQES_Q+1;PVB;ES;01/10/2025;31/12/2025;31.64;
28/08/2025;GYES_Y+1;PVB;ES;01/01/2026;31/12/2026;30.5;
27/08/2025;GDAES_D+1;PVB;ES;28/08/2025;28/08/2025;31.97;
27/08/2025;GMAES;PVB;ES;01/09/2025;30/09/2025;31.8;
27/08/2025;GQES_Q+1;PVB;ES;01/10/2025;31/12/2025;32.31;
27/08/2025;GYES_Y+1;PVB;ES;01/01/2026;31/12/2026;31.13;
26/08/2025;GDAES_D+1;PVB;ES;27/08/2025;27/08/2025;32.82;
26/08/2025;GMAES;PVB;ES;01/09/2025;30/09/2025;32.73;
26/08/2025;GQES_Q+1;PVB;ES;01/10/2025;31/12/2025;33.38;
26/08/2025;GYES_Y+1;PVB;ES;01/01/2026;31/12/2026;32.28;
25/08/2025;GDAES_D+1;PVB;ES;26/08/2025;26/08/2025;33.38;
25/08/2025;GMAES;PVB;ES;01/09/2025;30/09/2025;33.13;
25/08/2025;GQES_Q+1;PVB;ES;01/10/2025;31/12/2025;33.54;
25/08/2025;GYES_Y+1;PVB;ES;01/01/2026;31/12/2026;32.25;
24/08/2025;GDAES_D+1;PVB;ES;25/08/2025;25/08/2025;33.49;
23/08/2025;GDAES_D+1;PVB;ES;24/08/2025;24/08/2025;33.47;
22/08/2025;GDAES_D+1;PVB;ES;23/08/2025;23/08/2025;32.93;
22/08/2025;GMAES;PVB;ES;01/09/2025;30/09/2025;32.7;
22/08/2025;GQES_Q+1;PVB;ES;01/10/2025;31/12/2025;33.55;
22/08/2025;GYES_Y+1;PVB;ES;01/01/2026;31/12/2026;32.2;
21/08/2025;GDAES_D+1;PVB;ES;22/08/2025;22/08/2025;32.51;
21/08/2025;GMAES;PVB;ES;01/09/2025;30/09/2025;32.5;
21/08/2025;GQES_Q+1;PVB;ES;01/10/2025;31/12/2025;33.0;
21/08/2025;GYES_Y+1;PVB;ES;01/01/2026;31/12/2026;31.68;
20/08/2025;GDAES_D+1;PVB;ES;21/08/2025;21/08/2025;31.74;
20/08/2025;GMAES;PVB;ES;01/09/2025;30/09/2025;31.31;
20/08/2025;GQES_Q+1;PVB;ES;01/10/2025;31/12/2025;32.56;
20/08/2025;GYES_Y+1;PVB;ES;01/01/2026;31/12/2026;31.57;
19/08/2025;GDAES_D+1;PVB;ES;20/08/2025;20/08/2025;30.87;
19/08/2025;GMAES;PVB;ES;01/09/2025;30/09/2025;30.68;
19/08/2025;GQES_Q+1;PVB;ES;01/10/2025;31/12/2025;31.74;
19/08/2025;GYES_Y+1;PVB;ES;01/01/2026;31/12/2026;30.9;
18/08/2025;GDAES_D+1;PVB;ES;19/08/2025;19/08/2025;30.89;
18/08/2025;GMAES;PVB;ES;01/09/2025;30/09/2025;30.53;
18/08/2025;GQES_Q+1;PVB;ES;01/10/2025;31/12/2025;31.48;
18/08/2025;GYES_Y+1;PVB;ES;01/01/2026;31/12/2026;30.45;
17/08/2025;GDAES_D+1;PVB;ES;18/08/2025;18/08/2025;32.28;
16/08/2025;GDAES_D+1;PVB;ES;17/08/2025;17/08/2025;31.54;
15/08/2025;GDAES_D+1;PVB;ES;16/08/2025;16/08/2025;30.7;
15/08/2025;GMAES;PVB;ES;01/09/2025;30/09/2025;30.83;
15/08/2025;GQES_Q+1;PVB;ES;01/10/2025;31/12/2025;31.97;
15/08/2025;GYES_Y+1;PVB;ES;01/01/2026;31/12/2026;30.97;
14/08/2025;GDAES_D+1;PVB;ES;15/08/2025;15/08/2025;31.99;
14/08/2025;GMAES;PVB;ES;01/09/2025;30/09/2025;31.83;
14/08/2025;GQES_Q+1;PVB;ES;01/10/2025;31/12/2025;32.98;
14/08/2025;GYES_Y+1;PVB;ES;01/01/2026;31/12/2026;31.75;
13/08/2025;GDAES_D+1;PVB;ES;14/08/2025;14/08/2025;32.6;
13/08/2025;GMAES;PVB;ES;01/09/2025;30/09/2025;32.29;
13/08/2025;GQES_Q+1;PVB;ES;01/10/2025;31/12/2025;33.4;
13/08/2025;GYES_Y+1;PVB;ES;01/01/2026;31/12/2026;32.06;
12/08/2025;GDAES_D+1;PVB;ES;13/08/2025;13/08/2025;32.2;
12/08/2025;GMAES;PVB;ES;01/09/2025;30/09/2025;31.98;
12/08/2025;GQES_Q+1;PVB;ES;01/10/2025;31/12/2025;32.68;
12/08/2025;GYES_Y+1;PVB;ES;01/01/2026;31/12/2026;31.73;
11/08/2025;GDAES_D+1;PVB;ES;12/08/2025;12/08/2025;32.86;
11/08/2025;GMAES;PVB;ES;01/09/2025;30/09/2025;32.55;
11/08/2025;GQES_Q+1;PVB;ES;01/10/2025;31/12/2025;33.13;
11/08/2025;GYES_Y+1;PVB;ES;01/01/2026;31/12/2026;32.05;
10/08/2025;GDAES_D+1;PVB;ES;11/08/2025;11/08/2025;32.55;
09/08/2025;GDAES_D+1;PVB;ES;10/08/2025;10/08/2025;32.48;
08/08/2025;GDAES_D+1;PVB;ES;09/08/2025;09/08/2025;32.27;
08/08/2025;GMAES;PVB;ES;01/09/2025;30/09/2025;32.22;
08/08/2025;GQES_Q+1;PVB;ES;01/10/2025;31/12/2025;33.18;
08/08/2025;GYES_Y+1;PVB;ES;01/01/2026;31/12/2026;32.15;
07/08/2025;GDAES_D+1;PVB;ES;08/08/2025;08/08/2025;32.98;
07/08/2025;GMAES;PVB;ES;01/09/2025;30/09/2025;32.98;
07/08/2025;GQES_Q+1;PVB;ES;01/10/2025;31/12/2025;33.53;
07/08/2025;GYES_Y+1;PVB;ES;01/01/2026;31/12/2026;32.33;
06/08/2025;GDAES_D+1;PVB;ES;07/08/2025;07/08/2025;33.18;
06/08/2025;GMAES;PVB;ES;01/09/2025;30/09/2025;33.03;
06/08/2025;GQES_Q+1;PVB;ES;01/10/2025;31/12/2025;33.65;
06/08/2025;GYES_Y+1;PVB;ES;01/01/2026;31/12/2026;32.43;
05/08/2025;GDAES_D+1;PVB;ES;06/08/2025;06/08/2025;34.33;
05/08/2025;GMAES;PVB;ES;01/09/2025;30/09/2025;34.05;
05/08/2025;GQES_Q+1;PVB;ES;01/10/2025;31/12/2025;34.78;
05/08/2025;GYES_Y+1;PVB;ES;01/01/2026;31/12/2026;33.23;
04/08/2025;GDAES_D+1;PVB;ES;05/08/2025;05/08/2025;34.22;
04/08/2025;GMAES;PVB;ES;01/09/2025;30/09/2025;33.93;
04/08/2025;GQES_Q+1;PVB;ES;01/10/2025;31/12/2025;34.61;
04/08/2025;GYES_Y+1;PVB;ES;01/01/2026;31/12/2026;33.33;
03/08/2025;GDAES_D+1;PVB;ES;04/08/2025;04/08/2025;33.89;
02/08/2025;GDAES_D+1;PVB;ES;03/08/2025;03/08/2025;33.77;
01/08/2025;GDAES_D+1;PVB;ES;02/08/2025;02/08/2025;34.04;
01/08/2025;GMAES;PVB;ES;01/09/2025;30/09/2025;33.63;
01/08/2025;GQES_Q+1;PVB;ES;01/10/2025;31/12/2025;34.35;
01/08/2025;GYES_Y+1;PVB;ES;01/01/2026;31/12/2026;32.98;
31/07/2025;GDAES_D+1;PVB;ES;01/08/2025;01/08/2025;35.06;
31/07/2025;GMAES;PVB;ES;01/08/2025;31/08/2025;35.14;
31/07/2025;GQES_Q+1;PVB;ES;01/10/2025;31/12/2025;36.0;
31/07/2025;GYES_Y+1;PVB;ES;01/01/2026;31/12/2026;34.4;
30/07/2025;GDAES_D+1;PVB;ES;31/07/2025;31/07/2025;34.85;
30/07/2025;GMAES;PVB;ES;01/08/2025;31/08/2025;34.2;
30/07/2025;GQES_Q+1;PVB;ES;01/10/2025;31/12/2025;35.28;
30/07/2025;GYES_Y+1;PVB;ES;01/01/2026;31/12/2026;33.88;
29/07/2025;GDAES_D+1;PVB;ES;30/07/2025;30/07/2025;34.02;
29/07/2025;GMAES;PVB;ES;01/08/2025;31/08/2025;33.75;
29/07/2025;GQES_Q+1;PVB;ES;01/10/2025;31/12/2025;34.98;
29/07/2025;GYES_Y+1;PVB;ES;01/01/2026;31/12/2026;33.73;
28/07/2025;GDAES_D+1;PVB;ES;29/07/2025;29/07/2025;32.99;
28/07/2025;GMAES;PVB;ES;01/08/2025;31/08/2025;32.68;
28/07/2025;GQES_Q+1;PVB;ES;01/10/2025;31/12/2025;34.1;
28/07/2025;GYES_Y+1;PVB;ES;01/01/2026;31/12/2026;32.98;
27/07/2025;GDAES_D+1;PVB;ES;28/07/2025;28/07/2025;32.8;
26/07/2025;GDAES_D+1;PVB;ES;27/07/2025;27/07/2025;32.92;
25/07/2025;GDAES_D+1;PVB;ES;26/07/2025;26/07/2025;32.39;
25/07/2025;GMAES;PVB;ES;01/08/2025;31/08/2025;32.25;
25/07/2025;GQES_Q+1;PVB;ES;01/10/2025;31/12/2025;33.5;
25/07/2025;GYES_Y+1;PVB;ES;01/01/2026;31/12/2026;32.34;
24/07/2025;GDAES_D+1;PVB;ES;25/07/2025;25/07/2025;32.39;
24/07/2025;GMAES;PVB;ES;01/08/2025;31/08/2025;31.95;
24/07/2025;GQES_Q+1;PVB;ES;01/10/2025;31/12/2025;33.35;
24/07/2025;GYES_Y+1;PVB;ES;01/01/2026;31/12/2026;32.33;
23/07/2025;GDAES_D+1;PVB;ES;24/07/2025;24/07/2025;32.59;
23/07/2025;GMAES;PVB;ES;01/08/2025;31/08/2025;32.48;
23/07/2025;GQES_Q+1;PVB;ES;01/10/2025;31/12/2025;33.63;
23/07/2025;GYES_Y+1;PVB;ES;01/01/2026;31/12/2026;32.43;
22/07/2025;GDAES_D+1;PVB;ES;23/07/2025;23/07/2025;33.03;
22/07/2025;GMAES;PVB;ES;01/08/2025;31/08/2025;33.05;
22/07/2025;GQES_Q+1;PVB;ES;01/10/2025;31/12/2025;33.99;
22/07/2025;GYES_Y+1;PVB;ES;01/01/2026;31/12/2026;32.58;
21/07/2025;GDAES_D+1;PVB;ES;22/07/2025;22/07/2025;33.09;
21/07/2025;GMAES;PVB;ES;01/08/2025;31/08/2025;33.03;
21/07/2025;GQES_Q+1;PVB;ES;01/10/2025;31/12/2025;33.9;
21/07/2025;GYES_Y+1;PVB;ES;01/01/2026;31/12/2026;32.45;
20/07/2025;GDAES_D+1;PVB;ES;21/07/2025;21/07/2025;34.2;
19/07/2025;GDAES_D+1;PVB;ES;20/07/2025;20/07/2025;34.0;
18/07/2025;GDAES_D+1;PVB;ES;19/07/2025;19/07/2025;33.82;
18/07/2025;GMAES;PVB;ES;01/08/2025;31/08/2025;33.23;
18/07/2025;GQES_Q+1;PVB;ES;01/10/2025;31/12/2025;34.2;
18/07/2025;GYES_Y+1;PVB;ES;01/01/2026;31/12/2026;32.83;
17/07/2025;GDAES_D+1;PVB;ES;18/07/2025;18/07/2025;34.43;
17/07/2025;GMAES;PVB;ES;01/08/2025;31/08/2025;34.23;
17/07/2025;GQES_Q+1;PVB;ES;01/10/2025;31/12/2025;35.1;
17/07/2025;GYES_Y+1;PVB;ES;01/01/2026;31/12/2026;33.58;
16/07/2025;GDAES_D+1;PVB;ES;17/07/2025;17/07/2025;34.8;
16/07/2025;GMAES;PVB;ES;01/08/2025;31/08/2025;34.43;
16/07/2025;GQES_Q+1;PVB;ES;01/10/2025;31/12/2025;35.3;
16/07/2025;GYES_Y+1;PVB;ES;01/01/2026;31/12/2026;33.58;
15/07/2025;GDAES_D+1;PVB;ES;16/07/2025;16/07/2025;34.42;
15/07/2025;GMAES;PVB;ES;01/08/2025;31/08/2025;34.13;
15/07/2025;GQES_Q+1;PVB;ES;01/10/2025;31/12/2025;35.54;
15/07/2025;GYES_Y+1;PVB;ES;01/01/2026;31/12/2026;33.94;
14/07/2025;GDAES_D+1;PVB;ES;15/07/2025;15/07/2025;35.17;
14/07/2025;GMAES;PVB;ES;01/08/2025;31/08/2025;34.88;
14/07/2025;GQES_Q+1;PVB;ES;01/10/2025;31/12/2025;35.9;
14/07/2025;GYES_Y+1;PVB;ES;01/01/2026;31/12/2026;33.98;
13/07/2025;GDAES_D+1;PVB;ES;14/07/2025;14/07/2025;36.25;
12/07/2025;GDAES_D+1;PVB;ES;13/07/2025;13/07/2025;37.02;
11/07/2025;GDAES_D+1;PVB;ES;12/07/2025;12/07/2025;35.53;
11/07/2025;GMAES;PVB;ES;01/08/2025;31/08/2025;35.38;
11/07/2025;GQES_Q+1;PVB;ES;01/10/2025;31/12/2025;36.3;
11/07/2025;GYES_Y+1;PVB;ES;01/01/2026;31/12/2026;34.23;
10/07/2025;GDAES_D+1;PVB;ES;11/07/2025;11/07/2025;35.16;
10/07/2025;GMAES;PVB;ES;01/08/2025;31/08/2025;34.83;
10/07/2025;GQES_Q+1;PVB;ES;01/10/2025;31/12/2025;35.9;
10/07/2025;GYES_Y+1;PVB;ES;01/01/2026;31/12/2026;34.03;
09/07/2025;GDAES_D+1;PVB;ES;10/07/2025;10/07/2025;34.58;
09/07/2025;GMAES;PVB;ES;01/08/2025;31/08/2025;34.35;
09/07/2025;GQES_Q+1;PVB;ES;01/10/2025;31/12/2025;35.4;
09/07/2025;GYES_Y+1;PVB;ES;01/01/2026;31/12/2026;33.78;
08/07/2025;GDAES_D+1;PVB;ES;09/07/2025;09/07/2025;34.31;
08/07/2025;GMAES;PVB;ES;01/08/2025;31/08/2025;34.08;
08/07/2025;GQES_Q+1;PVB;ES;01/10/2025;31/12/2025;35.21;
08/07/2025;GYES_Y+1;PVB;ES;01/01/2026;31/12/2026;33.53;
07/07/2025;GDAES_D+1;PVB;ES;08/07/2025;08/07/2025;33.58;
07/07/2025;GMAES;PVB;ES;01/08/2025;31/08/2025;33.38;
07/07/2025;GQES_Q+1;PVB;ES;01/10/2025;31/12/2025;34.75;
07/07/2025;GYES_Y+1;PVB;ES;01/01/2026;31/12/2026;33.23;
06/07/2025;GDAES_D+1;PVB;ES;07/07/2025;07/07/2025;33.39;
05/07/2025;GDAES_D+1;PVB;ES;06/07/2025;06/07/2025;33.5;
04/07/2025;GDAES_D+1;PVB;ES;05/07/2025;05/07/2025;33.33;
04/07/2025;GMAES;PVB;ES;01/08/2025;31/08/2025;33.15;
04/07/2025;GQES_Q+1;PVB;ES;01/10/2025;31/12/2025;34.53;
04/07/2025;GYES_Y+1;PVB;ES;01/01/2026;31/12/2026;32.93;
03/07/2025;GDAES_D+1;PVB;ES;04/07/2025;04/07/2025;33.43;
03/07/2025;GMAES;PVB;ES;01/08/2025;31/08/2025;33.28;
03/07/2025;GQES_Q+1;PVB;ES;01/10/2025;31/12/2025;34.73;
03/07/2025;GYES_Y+1;PVB;ES;01/01/2026;31/12/2026;33.13;
02/07/2025;GDAES_D+1;PVB;ES;03/07/2025;03/07/2025;33.54;
02/07/2025;GMAES;PVB;ES;01/08/2025;31/08/2025;33.3;
02/07/2025;GQES_Q+1;PVB;ES;01/10/2025;31/12/2025;34.55;
02/07/2025;GYES_Y+1;PVB;ES;01/01/2026;31/12/2026;32.93;
01/07/2025;GDAES_D+1;PVB;ES;02/07/2025;02/07/2025;33.55;
01/07/2025;GMAES;PVB;ES;01/08/2025;31/08/2025;33.53;
01/07/2025;GQES_Q+1;PVB;ES;01/10/2025;31/12/2025;34.6;
01/07/2025;GYES_Y+1;PVB;ES;01/01/2026;31/12/2026;32.88;
30/06/2025;GDAES_D+1;PVB;ES;01/07/2025;01/07/2025;33.2;
30/06/2025;GMAES;PVB;ES;01/07/2025;31/07/2025;33.15;
30/06/2025;GYES_Y+1;PVB;ES;01/01/2026;31/12/2026;32.84;
29/06/2025;GDAES_D+1;PVB;ES;30/06/2025;30/06/2025;34.23;
28/06/2025;GDAES_D+1;PVB;ES;29/06/2025;29/06/2025;33.83;
27/06/2025;GDAES_D+1;PVB;ES;28/06/2025;28/06/2025;33.36;
27/06/2025;GMAES;PVB;ES;01/07/2025;31/07/2025;33.08;
27/06/2025;GQES_Q+1;PVB;ES;01/07/2025;30/09/2025;33.28;
27/06/2025;GYES_Y+1;PVB;ES;01/01/2026;31/12/2026;32.93;
26/06/2025;GDAES_D+1;PVB;ES;27/06/2025;27/06/2025;33.94;
26/06/2025;GMAES;PVB;ES;01/07/2025;31/07/2025;33.73;
26/06/2025;GQES_Q+1;PVB;ES;01/07/2025;30/09/2025;34.05;
26/06/2025;GYES_Y+1;PVB;ES;01/01/2026;31/12/2026;33.38;
25/06/2025;GDAES_D+1;PVB;ES;26/06/2025;26/06/2025;35.42;
25/06/2025;GMAES;PVB;ES;01/07/2025;31/07/2025;35.38;
25/06/2025;GQES_Q+1;PVB;ES;01/07/2025;30/09/2025;35.7;
25/06/2025;GYES_Y+1;PVB;ES;01/01/2026;31/12/2026;34.1;
24/06/2025;GDAES_D+1;PVB;ES;25/06/2025;25/06/2025;35.7;
24/06/2025;GMAES;PVB;ES;01/07/2025;31/07/2025;35.43;
24/06/2025;GQES_Q+1;PVB;ES;01/07/2025;30/09/2025;35.7;
24/06/2025;GYES_Y+1;PVB;ES;01/01/2026;31/12/2026;33.93;
23/06/2025;GDAES_D+1;PVB;ES;24/06/2025;24/06/2025;40.39;
23/06/2025;GMAES;PVB;ES;01/07/2025;31/07/2025;39.98;
23/06/2025;GQES_Q+1;PVB;ES;01/07/2025;30/09/2025;40.58;
23/06/2025;GYES_Y+1;PVB;ES;01/01/2026;31/12/2026;36.93;
22/06/2025;GDAES_D+1;PVB;ES;23/06/2025;23/06/2025;44.79;
21/06/2025;GDAES_D+1;PVB;ES;22/06/2025;22/06/2025;41.42;
20/06/2025;GDAES_D+1;PVB;ES;21/06/2025;21/06/2025;40.9;
20/06/2025;GMAES;PVB;ES;01/07/2025;31/07/2025;40.63;
20/06/2025;GQES_Q+1;PVB;ES;01/07/2025;30/09/2025;41.15;
20/06/2025;GYES_Y+1;PVB;ES;01/01/2026;31/12/2026;37.83;
19/06/2025;GDAES_D+1;PVB;ES;20/06/2025;20/06/2025;41.45;
19/06/2025;GMAES;PVB;ES;01/07/2025;31/07/2025;41.15;
19/06/2025;GQES_Q+1;PVB;ES;01/07/2025;30/09/2025;41.6;
19/06/2025;GYES_Y+1;PVB;ES;01/01/2026;31/12/2026;37.68;
18/06/2025;GDAES_D+1;PVB;ES;19/06/2025;19/06/2025;38.53;
18/06/2025;GMAES;PVB;ES;01/07/2025;31/07/2025;38.18;
18/06/2025;GQES_Q+1;PVB;ES;01/07/2025;30/09/2025;38.55;
18/06/2025;GYES_Y+1;PVB;ES;01/01/2026;31/12/2026;35.88;
17/06/2025;GDAES_D+1;PVB;ES;18/06/2025;18/06/2025;38.89;
17/06/2025;GMAES;PVB;ES;01/07/2025;31/07/2025;38.69;
17/06/2025;GQES_Q+1;PVB;ES;01/07/2025;30/09/2025;39.08;
17/06/2025;GYES_Y+1;PVB;ES;01/01/2026;31/12/2026;36.18;
16/06/2025;GDAES_D+1;PVB;ES;17/06/2025;17/06/2025;37.56;
16/06/2025;GMAES;PVB;ES;01/07/2025;31/07/2025;37.62;
16/06/2025;GQES_Q+1;PVB;ES;01/07/2025;30/09/2025;37.7;
16/06/2025;GYES_Y+1;PVB;ES;01/01/2026;31/12/2026;35.38;
15/06/2025;GDAES_D+1;PVB;ES;16/06/2025;16/06/2025;38.41;
14/06/2025;GDAES_D+1;PVB;ES;15/06/2025;15/06/2025;37.33;
13/06/2025;GDAES_D+1;PVB;ES;14/06/2025;14/06/2025;37.43;
13/06/2025;GMAES;PVB;ES;01/07/2025;31/07/2025;37.4;
13/06/2025;GQES_Q+1;PVB;ES;01/07/2025;30/09/2025;37.71;
13/06/2025;GYES_Y+1;PVB;ES;01/01/2026;31/12/2026;35.38;
12/06/2025;GDAES_D+1;PVB;ES;13/06/2025;13/06/2025;35.99;
12/06/2025;GMAES;PVB;ES;01/07/2025;31/07/2025;35.98;
12/06/2025;GQES_Q+1;PVB;ES;01/07/2025;30/09/2025;36.18;
12/06/2025;GYES_Y+1;PVB;ES;01/01/2026;31/12/2026;34.23;
11/06/2025;GDAES_D+1;PVB;ES;12/06/2025;12/06/2025;35.55;
11/06/2025;GMAES;PVB;ES;01/07/2025;31/07/2025;35.38;
11/06/2025;GQES_Q+1;PVB;ES;01/07/2025;30/09/2025;35.76;
11/06/2025;GYES_Y+1;PVB;ES;01/01/2026;31/12/2026;33.93;
10/06/2025;GDAES_D+1;PVB;ES;11/06/2025;11/06/2025;34.3;
10/06/2025;GMAES;PVB;ES;01/07/2025;31/07/2025;34.32;
10/06/2025;GQES_Q+1;PVB;ES;01/07/2025;30/09/2025;34.48;
10/06/2025;GYES_Y+1;PVB;ES;01/01/2026;31/12/2026;32.98;
09/06/2025;GDAES_D+1;PVB;ES;10/06/2025;10/06/2025;35.2;
09/06/2025;GMAES;PVB;ES;01/07/2025;31/07/2025;35.08;
09/06/2025;GQES_Q+1;PVB;ES;01/07/2025;30/09/2025;35.44;
09/06/2025;GYES_Y+1;PVB;ES;01/01/2026;31/12/2026;33.63;
08/06/2025;GDAES_D+1;PVB;ES;09/06/2025;09/06/2025;36.24;
07/06/2025;GDAES_D+1;PVB;ES;08/06/2025;08/06/2025;36.0;
06/06/2025;GDAES_D+1;PVB;ES;07/06/2025;07/06/2025;35.68;
06/06/2025;GMAES;PVB;ES;01/07/2025;31/07/2025;35.63;
06/06/2025;GQES_Q+1;PVB;ES;01/07/2025;30/09/2025;35.85;
06/06/2025;GYES_Y+1;PVB;ES;01/01/2026;31/12/2026;34.03;
05/06/2025;GDAES_D+1;PVB;ES;06/06/2025;06/06/2025;35.79;
05/06/2025;GMAES;PVB;ES;01/07/2025;31/07/2025;35.88;
05/06/2025;GQES_Q+1;PVB;ES;01/07/2025;30/09/2025;36.06;
05/06/2025;GYES_Y+1;PVB;ES;01/01/2026;31/12/2026;33.88;
04/06/2025;GDAES_D+1;PVB;ES;05/06/2025;05/06/2025;34.81;
04/06/2025;GMAES;PVB;ES;01/07/2025;31/07/2025;34.75;
04/06/2025;GQES_Q+1;PVB;ES;01/07/2025;30/09/2025;35.18;
04/06/2025;GYES_Y+1;PVB;ES;01/01/2026;31/12/2026;33.23;
03/06/2025;GDAES_D+1;PVB;ES;04/06/2025;04/06/2025;35.21;
03/06/2025;GMAES;PVB;ES;01/07/2025;31/07/2025;34.98;
03/06/2025;GQES_Q+1;PVB;ES;01/07/2025;30/09/2025;35.21;
03/06/2025;GYES_Y+1;PVB;ES;01/01/2026;31/12/2026;33.63;
02/06/2025;GDAES_D+1;PVB;ES;03/06/2025;03/06/2025;34.47;
02/06/2025;GMAES;PVB;ES;01/07/2025;31/07/2025;34.3;
02/06/2025;GQES_Q+1;PVB;ES;01/07/2025;30/09/2025;34.6;
02/06/2025;GYES_Y+1;PVB;ES;01/01/2026;31/12/2026;32.78;
01/06/2025;GDAES_D+1;PVB;ES;02/06/2025;02/06/2025;33.79;
31/05/2025;GDAES_D+1;PVB;ES;01/06/2025;01/06/2025;33.52;
30/05/2025;GDAES_D+1;PVB;ES;31/05/2025;31/05/2025;33.37;
30/05/2025;GMAES;PVB;ES;01/06/2025;30/06/2025;33.64;
30/05/2025;GQES_Q+1;PVB;ES;01/07/2025;30/09/2025;33.82;
30/05/2025;GYES_Y+1;PVB;ES;01/01/2026;31/12/2026;32.18;
29/05/2025;GDAES_D+1;PVB;ES;30/05/2025;30/05/2025;34.1;
29/05/2025;GMAES;PVB;ES;01/06/2025;30/06/2025;34.33;
29/05/2025;GQES_Q+1;PVB;ES;01/07/2025;30/09/2025;34.7;
29/05/2025;GYES_Y+1;PVB;ES;01/01/2026;31/12/2026;33.18;
28/05/2025;GDAES_D+1;PVB;ES;29/05/2025;29/05/2025;35.45;
28/05/2025;GMAES;PVB;ES;01/06/2025;30/06/2025;35.78;
28/05/2025;GQES_Q+1;PVB;ES;01/07/2025;30/09/2025;36.05;
28/05/2025;GYES_Y+1;PVB;ES;01/01/2026;31/12/2026;34.33;
27/05/2025;GDAES_D+1;PVB;ES;28/05/2025;28/05/2025;35.57;
27/05/2025;GMAES;PVB;ES;01/06/2025;30/06/2025;35.78;
27/05/2025;GQES_Q+1;PVB;ES;01/07/2025;30/09/2025;36.35;
27/05/2025;GYES_Y+1;PVB;ES;01/01/2026;31/12/2026;34.33;
26/05/2025;GDAES_D+1;PVB;ES;27/05/2025;27/05/2025;36.33;
26/05/2025;GMAES;PVB;ES;01/06/2025;30/06/2025;36.28;
26/05/2025;GQES_Q+1;PVB;ES;01/07/2025;30/09/2025;36.65;
26/05/2025;GYES_Y+1;PVB;ES;01/01/2026;31/12/2026;34.83;
25/05/2025;GDAES_D+1;PVB;ES;26/05/2025;26/05/2025;36.26;
24/05/2025;GDAES_D+1;PVB;ES;25/05/2025;25/05/2025;36.45;
23/05/2025;GDAES_D+1;PVB;ES;24/05/2025;24/05/2025;35.44;
23/05/2025;GMAES;PVB;ES;01/06/2025;30/06/2025;35.38;
23/05/2025;GQES_Q+1;PVB;ES;01/07/2025;30/09/2025;35.7;
23/05/2025;GYES_Y+1;PVB;ES;01/01/2026;31/12/2026;34.33;
22/05/2025;GDAES_D+1;PVB;ES;23/05/2025;23/05/2025;34.95;
22/05/2025;GMAES;PVB;ES;01/06/2025;30/06/2025;35.25;
22/05/2025;GQES_Q+1;PVB;ES;01/07/2025;30/09/2025;35.45;
22/05/2025;GYES_Y+1;PVB;ES;01/01/2026;31/12/2026;34.03;
21/05/2025;GDAES_D+1;PVB;ES;22/05/2025;22/05/2025;36.02;
21/05/2025;GMAES;PVB;ES;01/06/2025;30/06/2025;35.68;
21/05/2025;GQES_Q+1;PVB;ES;01/07/2025;30/09/2025;35.88;
21/05/2025;GYES_Y+1;PVB;ES;01/01/2026;31/12/2026;34.33;
20/05/2025;GDAES_D+1;PVB;ES;21/05/2025;21/05/2025;36.06;
20/05/2025;GMAES;PVB;ES;01/06/2025;30/06/2025;36.08;
20/05/2025;GQES_Q+1;PVB;ES;01/07/2025;30/09/2025;36.45;
20/05/2025;GYES_Y+1;PVB;ES;01/01/2026;31/12/2026;34.28;
19/05/2025;GDAES_D+1;PVB;ES;20/05/2025;20/05/2025;34.29;
19/05/2025;GMAES;PVB;ES;01/06/2025;30/06/2025;33.95;
19/05/2025;GQES_Q+1;PVB;ES;01/07/2025;30/09/2025;34.4;
19/05/2025;GYES_Y+1;PVB;ES;01/01/2026;31/12/2026;33.03;
18/05/2025;GDAES_D+1;PVB;ES;19/05/2025;19/05/2025;34.36;
17/05/2025;GDAES_D+1;PVB;ES;18/05/2025;18/05/2025;34.19;
16/05/2025;GDAES_D+1;PVB;ES;17/05/2025;17/05/2025;34.19;
16/05/2025;GMAES;PVB;ES;01/06/2025;30/06/2025;34.03;
16/05/2025;GQES_Q+1;PVB;ES;01/07/2025;30/09/2025;34.95;
16/05/2025;GYES_Y+1;PVB;ES;01/01/2026;31/12/2026;33.73;
15/05/2025;GDAES_D+1;PVB;ES;16/05/2025;16/05/2025;34.13;
15/05/2025;GMAES;PVB;ES;01/06/2025;30/06/2025;34.01;
15/05/2025;GQES_Q+1;PVB;ES;01/07/2025;30/09/2025;34.6;
15/05/2025;GYES_Y+1;PVB;ES;01/01/2026;31/12/2026;33.06;
14/05/2025;GDAES_D+1;PVB;ES;15/05/2025;15/05/2025;33.82;
14/05/2025;GMAES;PVB;ES;01/06/2025;30/06/2025;33.62;
14/05/2025;GQES_Q+1;PVB;ES;01/07/2025;30/09/2025;34.2;
14/05/2025;GYES_Y+1;PVB;ES;01/01/2026;31/12/2026;33.03;
13/05/2025;GDAES_D+1;PVB;ES;14/05/2025;14/05/2025;34.58;
13/05/2025;GMAES;PVB;ES;01/06/2025;30/06/2025;34.28;
13/05/2025;GQES_Q+1;PVB;ES;01/07/2025;30/09/2025;34.85;
13/05/2025;GYES_Y+1;PVB;ES;01/01/2026;31/12/2026;33.58;
12/05/2025;GDAES_D+1;PVB;ES;13/05/2025;13/05/2025;34.16;
12/05/2025;GMAES;PVB;ES;01/06/2025;30/06/2025;33.93;
12/05/2025;GQES_Q+1;PVB;ES;01/07/2025;30/09/2025;34.5;
12/05/2025;GYES_Y+1;PVB;ES;01/01/2026;31/12/2026;33.33;
11/05/2025;GDAES_D+1;PVB;ES;12/05/2025;12/05/2025;33.91;
10/05/2025;GDAES_D+1;PVB;ES;11/05/2025;11/05/2025;33.85;
09/05/2025;GDAES_D+1;PVB;ES;10/05/2025;10/05/2025;33.51;
09/05/2025;GMAES;PVB;ES;01/06/2025;30/06/2025;33.53;
09/05/2025;GQES_Q+1;PVB;ES;01/07/2025;30/09/2025;34.25;
09/05/2025;GYES_Y+1;PVB;ES;01/01/2026;31/12/2026;33.14;
08/05/2025;GDAES_D+1;PVB;ES;09/05/2025;09/05/2025;34.21;
08/05/2025;GMAES;PVB;ES;01/06/2025;30/06/2025;34.28;
08/05/2025;GQES_Q+1;PVB;ES;01/07/2025;30/09/2025;34.9;
08/05/2025;GYES_Y+1;PVB;ES;01/01/2026;31/12/2026;33.33;
07/05/2025;GDAES_D+1;PVB;ES;08/05/2025;08/05/2025;33.05;
07/05/2025;GMAES;PVB;ES;01/06/2025;30/06/2025;32.95;
07/05/2025;GQES_Q+1;PVB;ES;01/07/2025;30/09/2025;33.7;
07/05/2025;GYES_Y+1;PVB;ES;01/01/2026;31/12/2026;32.58;
06/05/2025;GDAES_D+1;PVB;ES;07/05/2025;07/05/2025;33.31;
06/05/2025;GMAES;PVB;ES;01/06/2025;30/06/2025;33.36;
06/05/2025;GQES_Q+1;PVB;ES;01/07/2025;30/09/2025;34.23;
06/05/2025;GYES_Y+1;PVB;ES;01/01/2026;31/12/2026;32.93;
05/05/2025;GDAES_D+1;PVB;ES;06/05/2025;06/05/2025;31.65;
05/05/2025;GMAES;PVB;ES;01/06/2025;30/06/2025;31.65;
05/05/2025;GQES_Q+1;PVB;ES;01/07/2025;30/09/2025;32.51;
05/05/2025;GYES_Y+1;PVB;ES;01/01/2026;31/12/2026;31.63;
04/05/2025;GDAES_D+1;PVB;ES;05/05/2025;05/05/2025;31.63;
03/05/2025;GDAES_D+1;PVB;ES;04/05/2025;04/05/2025;31.57;
02/05/2025;GDAES_D+1;PVB;ES;03/05/2025;03/05/2025;32.55;
02/05/2025;GMAES;PVB;ES;01/06/2025;30/06/2025;32.2;
02/05/2025;GQES_Q+1;PVB;ES;01/07/2025;30/09/2025;32.51;
02/05/2025;GYES_Y+1;PVB;ES;01/01/2026;31/12/2026;31.16;
01/05/2025;GDAES_D+1;PVB;ES;02/05/2025;02/05/2025;30.66;
30/04/2025;GDAES_D+1;PVB;ES;01/05/2025;01/05/2025;30.91;
30/04/2025;GMAES;PVB;ES;01/05/2025;31/05/2025;30.78;
30/04/2025;GQES_Q+1;PVB;ES;01/07/2025;30/09/2025;31.12;
30/04/2025;GYES_Y+1;PVB;ES;01/01/2026;31/12/2026;29.63;
29/04/2025;GDAES_D+1;PVB;ES;30/04/2025;30/04/2025;30.42;
29/04/2025;GMAES;PVB;ES;01/05/2025;31/05/2025;30.28;
29/04/2025;GQES_Q+1;PVB;ES;01/07/2025;30/09/2025;31.48;
29/04/2025;GYES_Y+1;PVB;ES;01/01/2026;31/12/2026;30.02;
28/04/2025;GDAES_D+1;PVB;ES;29/04/2025;29/04/2025;30.47;
28/04/2025;GMAES;PVB;ES;01/05/2025;31/05/2025;30.83;
28/04/2025;GQES_Q+1;PVB;ES;01/07/2025;30/09/2025;31.88;
28/04/2025;GYES_Y+1;PVB;ES;01/01/2026;31/12/2026;30.3;
27/04/2025;GDAES_D+1;PVB;ES;28/04/2025;28/04/2025;30.09;
26/04/2025;GDAES_D+1;PVB;ES;27/04/2025;27/04/2025;30.83;
25/04/2025;GDAES_D+1;PVB;ES;26/04/2025;26/04/2025;30.9;
25/04/2025;GMAES;PVB;ES;01/05/2025;31/05/2025;30.68;
25/04/2025;GQES_Q+1;PVB;ES;01/07/2025;30/09/2025;32.13;
25/04/2025;GYES_Y+1;PVB;ES;01/01/2026;31/12/2026;30.49;
24/04/2025;GDAES_D+1;PVB;ES;25/04/2025;25/04/2025;32.11;
24/04/2025;GMAES;PVB;ES;01/05/2025;31/05/2025;32.0;
24/04/2025;GQES_Q+1;PVB;ES;01/07/2025;30/09/2025;33.09;
24/04/2025;GYES_Y+1;PVB;ES;01/01/2026;31/12/2026;31.43;
23/04/2025;GDAES_D+1;PVB;ES;24/04/2025;24/04/2025;32.44;
23/04/2025;GMAES;PVB;ES;01/05/2025;31/05/2025;32.4;
23/04/2025;GQES_Q+1;PVB;ES;01/07/2025;30/09/2025;33.5;
23/04/2025;GYES_Y+1;PVB;ES;01/01/2026;31/12/2026;31.53;
22/04/2025;GDAES_D+1;PVB;ES;23/04/2025;23/04/2025;32.41;
22/04/2025;GMAES;PVB;ES;01/05/2025;31/05/2025;32.48;
22/04/2025;GQES_Q+1;PVB;ES;01/07/2025;30/09/2025;33.55;
22/04/2025;GYES_Y+1;PVB;ES;01/01/2026;31/12/2026;31.67;
21/04/2025;GDAES_D+1;PVB;ES;22/04/2025;22/04/2025;35.1;
20/04/2025;GDAES_D+1;PVB;ES;21/04/2025;21/04/2025;35.19;
19/04/2025;GDAES_D+1;PVB;ES;20/04/2025;20/04/2025;34.58;
18/04/2025;GDAES_D+1;PVB;ES;19/04/2025;19/04/2025;34.26;
17/04/2025;GDAES_D+1;PVB;ES;18/04/2025;18/04/2025;33.13;
17/04/2025;GMAES;PVB;ES;01/05/2025;31/05/2025;33.45;
17/04/2025;GQES_Q+1;PVB;ES;01/07/2025;30/09/2025;33.9;
17/04/2025;GYES_Y+1;PVB;ES;01/01/2026;31/12/2026;31.38;
16/04/2025;GDAES_D+1;PVB;ES;17/04/2025;17/04/2025;33.41;
16/04/2025;GMAES;PVB;ES;01/05/2025;31/05/2025;33.35;
16/04/2025;GQES_Q+1;PVB;ES;01/07/2025;30/09/2025;33.78;
16/04/2025;GYES_Y+1;PVB;ES;01/01/2026;31/12/2026;31.27;
15/04/2025;GDAES_D+1;PVB;ES;16/04/2025;16/04/2025;32.02;
15/04/2025;GMAES;PVB;ES;01/05/2025;31/05/2025;32.5;
15/04/2025;GQES_Q+1;PVB;ES;01/07/2025;30/09/2025;33.83;
15/04/2025;GYES_Y+1;PVB;ES;01/01/2026;31/12/2026;32.28;
14/04/2025;GDAES_D+1;PVB;ES;15/04/2025;15/04/2025;32.69;
14/04/2025;GMAES;PVB;ES;01/05/2025;31/05/2025;33.08;
14/04/2025;GQES_Q+1;PVB;ES;01/07/2025;30/09/2025;34.03;
14/04/2025;GYES_Y+1;PVB;ES;01/01/2026;31/12/2026;32.2;
13/04/2025;GDAES_D+1;PVB;ES;14/04/2025;14/04/2025;32.01;
12/04/2025;GDAES_D+1;PVB;ES;13/04/2025;13/04/2025;32.01;
11/04/2025;GDAES_D+1;PVB;ES;12/04/2025;12/04/2025;32.57;
11/04/2025;GMAES;PVB;ES;01/05/2025;31/05/2025;32.5;
11/04/2025;GQES_Q+1;PVB;ES;01/07/2025;30/09/2025;33.0;
11/04/2025;GYES_Y+1;PVB;ES;01/01/2026;31/12/2026;31.87;
10/04/2025;GDAES_D+1;PVB;ES;11/04/2025;11/04/2025;31.72;
10/04/2025;GMAES;PVB;ES;01/05/2025;31/05/2025;32.63;
10/04/2025;GQES_Q+1;PVB;ES;01/07/2025;30/09/2025;33.25;
10/04/2025;GYES_Y+1;PVB;ES;01/01/2026;31/12/2026;31.58;
09/04/2025;GDAES_D+1;PVB;ES;10/04/2025;10/04/2025;31.89;
09/04/2025;GMAES;PVB;ES;01/05/2025;31/05/2025;32.57;
09/04/2025;GQES_Q+1;PVB;ES;01/07/2025;30/09/2025;33.7;
09/04/2025;GYES_Y+1;PVB;ES;01/01/2026;31/12/2026;31.88;
08/04/2025;GDAES_D+1;PVB;ES;09/04/2025;09/04/2025;35.04;
08/04/2025;GMAES;PVB;ES;01/05/2025;31/05/2025;35.01;
08/04/2025;GQES_Q+1;PVB;ES;01/07/2025;30/09/2025;36.14;
08/04/2025;GYES_Y+1;PVB;ES;01/01/2026;31/12/2026;32.73;
07/04/2025;GDAES_D+1;PVB;ES;08/04/2025;08/04/2025;34.7;
07/04/2025;GMAES;PVB;ES;01/05/2025;31/05/2025;35.47;
07/04/2025;GQES_Q+1;PVB;ES;01/07/2025;30/09/2025;36.08;
07/04/2025;GYES_Y+1;PVB;ES;01/01/2026;31/12/2026;32.4;
06/04/2025;GDAES_D+1;PVB;ES;07/04/2025;07/04/2025;35.07;
05/04/2025;GDAES_D+1;PVB;ES;06/04/2025;06/04/2025;35.54;
04/04/2025;GDAES_D+1;PVB;ES;05/04/2025;05/04/2025;35.07;
04/04/2025;GMAES;PVB;ES;01/05/2025;31/05/2025;35.13;
04/04/2025;GQES_Q+1;PVB;ES;01/07/2025;30/09/2025;36.28;
04/04/2025;GYES_Y+1;PVB;ES;01/01/2026;31/12/2026;32.58;
03/04/2025;GDAES_D+1;PVB;ES;04/04/2025;04/04/2025;37.61;
03/04/2025;GMAES;PVB;ES;01/05/2025;31/05/2025;37.98;
03/04/2025;GQES_Q+1;PVB;ES;01/07/2025;30/09/2025;39.18;
03/04/2025;GYES_Y+1;PVB;ES;01/01/2026;31/12/2026;34.33;
02/04/2025;GDAES_D+1;PVB;ES;03/04/2025;03/04/2025;39.69;
02/04/2025;GMAES;PVB;ES;01/05/2025;31/05/2025;39.64;
02/04/2025;GQES_Q+1;PVB;ES;01/07/2025;30/09/2025;40.98;
02/04/2025;GYES_Y+1;PVB;ES;01/01/2026;31/12/2026;35.75;
01/04/2025;GDAES_D+1;PVB;ES;02/04/2025;02/04/2025;40.37;
01/04/2025;GMAES;PVB;ES;01/05/2025;31/05/2025;40.83;
01/04/2025;GQES_Q+1;PVB;ES;01/07/2025;30/09/2025;42.18;
01/04/2025;GYES_Y+1;PVB;ES;01/01/2026;31/12/2026;36.13;
31/03/2025;GDAES_D+1;PVB;ES;01/04/2025;01/04/2025;39.37;
31/03/2025;GMAES;PVB;ES;01/04/2025;30/04/2025;39.2;
31/03/2025;GYES_Y+1;PVB;ES;01/01/2026;31/12/2026;35.18;
30/03/2025;GDAES_D+1;PVB;ES;31/03/2025;31/03/2025;39.07;
29/03/2025;GDAES_D+1;PVB;ES;30/03/2025;30/03/2025;38.83;
28/03/2025;GDAES_D+1;PVB;ES;29/03/2025;29/03/2025;39.53;
28/03/2025;GMAES;PVB;ES;01/04/2025;30/04/2025;39.3;
28/03/2025;GQES_Q+1;PVB;ES;01/04/2025;30/06/2025;39.5;
28/03/2025;GYES_Y+1;PVB;ES;01/01/2026;31/12/2026;34.3;
27/03/2025;GDAES_D+1;PVB;ES;28/03/2025;28/03/2025;40.04;
27/03/2025;GMAES;PVB;ES;01/04/2025;30/04/2025;40.08;
27/03/2025;GQES_Q+1;PVB;ES;01/04/2025;30/06/2025;40.28;
27/03/2025;GYES_Y+1;PVB;ES;01/01/2026;31/12/2026;34.73;
26/03/2025;GDAES_D+1;PVB;ES;27/03/2025;27/03/2025;39.72;
26/03/2025;GMAES;PVB;ES;01/04/2025;30/04/2025;39.52;
26/03/2025;GQES_Q+1;PVB;ES;01/04/2025;30/06/2025;39.78;
26/03/2025;GYES_Y+1;PVB;ES;01/01/2026;31/12/2026;34.43;
25/03/2025;GDAES_D+1;PVB;ES;26/03/2025;26/03/2025;40.37;
25/03/2025;GMAES;PVB;ES;01/04/2025;30/04/2025;40.45;
25/03/2025;GQES_Q+1;PVB;ES;01/04/2025;30/06/2025;40.43;
25/03/2025;GYES_Y+1;PVB;ES;01/01/2026;31/12/2026;34.33;
24/03/2025;GDAES_D+1;PVB;ES;25/03/2025;25/03/2025;41.58;
24/03/2025;GMAES;PVB;ES;01/04/2025;30/04/2025;41.33;
24/03/2025;GQES_Q+1;PVB;ES;01/04/2025;30/06/2025;41.63;
24/03/2025;GYES_Y+1;PVB;ES;01/01/2026;31/12/2026;35.38;
23/03/2025;GDAES_D+1;PVB;ES;24/03/2025;24/03/2025;41.7;
22/03/2025;GDAES_D+1;PVB;ES;23/03/2025;23/03/2025;41.54;
21/03/2025;GDAES_D+1;PVB;ES;22/03/2025;22/03/2025;41.82;
21/03/2025;GMAES;PVB;ES;01/04/2025;30/04/2025;41.18;
21/03/2025;GQES_Q+1;PVB;ES;01/04/2025;30/06/2025;41.43;
21/03/2025;GYES_Y+1;PVB;ES;01/01/2026;31/12/2026;34.98;
20/03/2025;GDAES_D+1;PVB;ES;21/03/2025;21/03/2025;41.89;
20/03/2025;GMAES;PVB;ES;01/04/2025;30/04/2025;41.38;
20/03/2025;GQES_Q+1;PVB;ES;01/04/2025;30/06/2025;41.68;
20/03/2025;GYES_Y+1;PVB;ES;01/01/2026;31/12/2026;34.68;
19/03/2025;GDAES_D+1;PVB;ES;20/03/2025;20/03/2025;42.5;
19/03/2025;GMAES;PVB;ES;01/04/2025;30/04/2025;42.15;
19/03/2025;GQES_Q+1;PVB;ES;01/04/2025;30/06/2025;42.38;
19/03/2025;GYES_Y+1;PVB;ES;01/01/2026;31/12/2026;34.73;
18/03/2025;GDAES_D+1;PVB;ES;19/03/2025;19/03/2025;40.22;
18/03/2025;GMAES;PVB;ES;01/04/2025;30/04/2025;39.74;
18/03/2025;GQES_Q+1;PVB;ES;01/04/2025;30/06/2025;39.63;
18/03/2025;GYES_Y+1;PVB;ES;01/01/2026;31/12/2026;32.73;
17/03/2025;GDAES_D+1;PVB;ES;18/03/2025;18/03/2025;41.09;
17/03/2025;GMAES;PVB;ES;01/04/2025;30/04/2025;40.28;
17/03/2025;GQES_Q+1;PVB;ES;01/04/2025;30/06/2025;40.46;
17/03/2025;GYES_Y+1;PVB;ES;01/01/2026;31/12/2026;33.13;
16/03/2025;GDAES_D+1;PVB;ES;17/03/2025;17/03/2025;42.13;
15/03/2025;GDAES_D+1;PVB;ES;16/03/2025;16/03/2025;42.14;
14/03/2025;GDAES_D+1;PVB;ES;15/03/2025;15/03/2025;41.76;
14/03/2025;GMAES;PVB;ES;01/04/2025;30/04/2025;40.88;
14/03/2025;GQES_Q+1;PVB;ES;01/04/2025;30/06/2025;41.35;
14/03/2025;GYES_Y+1;PVB;ES;01/01/2026;31/12/2026;33.5;
13/03/2025;GDAES_D+1;PVB;ES;14/03/2025;14/03/2025;41.14;
13/03/2025;GMAES;PVB;ES;01/04/2025;30/04/2025;40.64;
13/03/2025;GQES_Q+1;PVB;ES;01/04/2025;30/06/2025;41.32;
13/03/2025;GYES_Y+1;PVB;ES;01/01/2026;31/12/2026;33.9;
12/03/2025;GDAES_D+1;PVB;ES;13/03/2025;13/03/2025;41.91;
12/03/2025;GMAES;PVB;ES;01/04/2025;30/04/2025;41.1;
12/03/2025;GQES_Q+1;PVB;ES;01/04/2025;30/06/2025;40.9;
12/03/2025;GYES_Y+1;PVB;ES;01/01/2026;31/12/2026;34.18;
11/03/2025;GDAES_D+1;PVB;ES;12/03/2025;12/03/2025;42.88;
11/03/2025;GMAES;PVB;ES;01/04/2025;30/04/2025;42.18;
11/03/2025;GQES_Q+1;PVB;ES;01/04/2025;30/06/2025;42.32;
11/03/2025;GYES_Y+1;PVB;ES;01/01/2026;31/12/2026;35.13;
10/03/2025;GDAES_D+1;PVB;ES;11/03/2025;11/03/2025;41.11;
10/03/2025;GMAES;PVB;ES;01/04/2025;30/04/2025;40.2;
10/03/2025;GQES_Q+1;PVB;ES;01/04/2025;30/06/2025;40.25;
10/03/2025;GYES_Y+1;PVB;ES;01/01/2026;31/12/2026;34.1;
09/03/2025;GDAES_D+1;PVB;ES;10/03/2025;10/03/2025;39.53;
08/03/2025;GDAES_D+1;PVB;ES;09/03/2025;09/03/2025;39.07;
07/03/2025;GDAES_D+1;PVB;ES;08/03/2025;08/03/2025;39.86;
07/03/2025;GMAES;PVB;ES;01/04/2025;30/04/2025;38.91;
07/03/2025;GQES_Q+1;PVB;ES;01/04/2025;30/06/2025;38.76;
07/03/2025;GYES_Y+1;PVB;ES;01/01/2026;31/12/2026;32.91;
06/03/2025;GDAES_D+1;PVB;ES;07/03/2025;07/03/2025;38.11;
06/03/2025;GMAES;PVB;ES;01/04/2025;30/04/2025;36.84;
06/03/2025;GQES_Q+1;PVB;ES;01/04/2025;30/06/2025;37.05;
06/03/2025;GYES_Y+1;PVB;ES;01/01/2026;31/12/2026;31.58;
05/03/2025;GDAES_D+1;PVB;ES;06/03/2025;06/03/2025;40.86;
05/03/2025;GMAES;PVB;ES;01/04/2025;30/04/2025;40.2;
05/03/2025;GQES_Q+1;PVB;ES;01/04/2025;30/06/2025;40.27;
05/03/2025;GYES_Y+1;PVB;ES;01/01/2026;31/12/2026;33.12;
04/03/2025;GDAES_D+1;PVB;ES;05/03/2025;05/03/2025;43.28;
04/03/2025;GMAES;PVB;ES;01/04/2025;30/04/2025;42.38;
04/03/2025;GQES_Q+1;PVB;ES;01/04/2025;30/06/2025;42.48;
04/03/2025;GYES_Y+1;PVB;ES;01/01/2026;31/12/2026;34.7;
03/03/2025;GDAES_D+1;PVB;ES;04/03/2025;04/03/2025;44.95;
03/03/2025;GMAES;PVB;ES;01/04/2025;30/04/2025;43.98;
03/03/2025;GQES_Q+1;PVB;ES;01/04/2025;30/06/2025;44.01;
03/03/2025;GYES_Y+1;PVB;ES;01/01/2026;31/12/2026;36.48;
02/03/2025;GDAES_D+1;PVB;ES;03/03/2025;03/03/2025;46.04;
01/03/2025;GDAES_D+1;PVB;ES;02/03/2025;02/03/2025;45.07;
28/02/2025;GDAES_D+1;PVB;ES;01/03/2025;01/03/2025;43.88;
28/02/2025;GMAES;PVB;ES;01/03/2025;31/03/2025;43.58;
28/02/2025;GQES_Q+1;PVB;ES;01/04/2025;30/06/2025;43.2;
28/02/2025;GYES_Y+1;PVB;ES;01/01/2026;31/12/2026;35.91;
27/02/2025;GDAES_D+1;PVB;ES;28/02/2025;28/02/2025;44.38;
27/02/2025;GMAES;PVB;ES;01/03/2025;31/03/2025;44.05;
27/02/2025;GQES_Q+1;PVB;ES;01/04/2025;30/06/2025;44.38;
27/02/2025;GYES_Y+1;PVB;ES;01/01/2026;31/12/2026;36.4;
26/02/2025;GDAES_D+1;PVB;ES;27/02/2025;27/02/2025;41.0;
26/02/2025;GMAES;PVB;ES;01/03/2025;31/03/2025;39.88;
26/02/2025;GQES_Q+1;PVB;ES;01/04/2025;30/06/2025;40.03;
26/02/2025;GYES_Y+1;PVB;ES;01/01/2026;31/12/2026;34.15;
25/02/2025;GDAES_D+1;PVB;ES;26/02/2025;26/02/2025;43.66;
25/02/2025;GMAES;PVB;ES;01/03/2025;31/03/2025;42.5;
25/02/2025;GQES_Q+1;PVB;ES;01/04/2025;30/06/2025;42.6;
25/02/2025;GYES_Y+1;PVB;ES;01/01/2026;31/12/2026;35.1;
24/02/2025;GDAES_D+1;PVB;ES;25/02/2025;25/02/2025;46.46;
24/02/2025;GMAES;PVB;ES;01/03/2025;31/03/2025;45.88;
24/02/2025;GQES_Q+1;PVB;ES;01/04/2025;30/06/2025;46.03;
24/02/2025;GYES_Y+1;PVB;ES;01/01/2026;31/12/2026;37.1;
23/02/2025;GDAES_D+1;PVB;ES;24/02/2025;24/02/2025;45.42;
22/02/2025;GDAES_D+1;PVB;ES;23/02/2025;23/02/2025;45.65;
21/02/2025;GDAES_D+1;PVB;ES;22/02/2025;22/02/2025;45.97;
21/02/2025;GMAES;PVB;ES;01/03/2025;31/03/2025;45.18;
21/02/2025;GQES_Q+1;PVB;ES;01/04/2025;30/06/2025;45.63;
21/02/2025;GYES_Y+1;PVB;ES;01/01/2026;31/12/2026;37.08;
20/02/2025;GDAES_D+1;PVB;ES;21/02/2025;21/02/2025;46.86;
20/02/2025;GMAES;PVB;ES;01/03/2025;31/03/2025;46.26;
20/02/2025;GQES_Q+1;PVB;ES;01/04/2025;30/06/2025;46.33;
20/02/2025;GYES_Y+1;PVB;ES;01/01/2026;31/12/2026;37.48;
19/02/2025;GDAES_D+1;PVB;ES;20/02/2025;20/02/2025;47.1;
19/02/2025;GMAES;PVB;ES;01/03/2025;31/03/2025;46.33;
19/02/2025;GQES_Q+1;PVB;ES;01/04/2025;30/06/2025;46.38;
19/02/2025;GYES_Y+1;PVB;ES;01/01/2026;31/12/2026;37.08;
18/02/2025;GDAES_D+1;PVB;ES;19/02/2025;19/02/2025;48.94;
18/02/2025;GMAES;PVB;ES;01/03/2025;31/03/2025;48.03;
18/02/2025;GQES_Q+1;PVB;ES;01/04/2025;30/06/2025;48.43;
18/02/2025;GYES_Y+1;PVB;ES;01/01/2026;31/12/2026;38.3;
17/02/2025;GDAES_D+1;PVB;ES;18/02/2025;18/02/2025;47.7;
17/02/2025;GMAES;PVB;ES;01/03/2025;31/03/2025;46.35;
17/02/2025;GQES_Q+1;PVB;ES;01/04/2025;30/06/2025;46.58;
17/02/2025;GYES_Y+1;PVB;ES;01/01/2026;31/12/2026;36.88;
16/02/2025;GDAES_D+1;PVB;ES;17/02/2025;17/02/2025;51.44;
15/02/2025;GDAES_D+1;PVB;ES;16/02/2025;16/02/2025;50.49;
14/02/2025;GDAES_D+1;PVB;ES;15/02/2025;15/02/2025;50.25;
14/02/2025;GMAES;PVB;ES;01/03/2025;31/03/2025;49.33;
14/02/2025;GQES_Q+1;PVB;ES;01/04/2025;30/06/2025;49.23;
14/02/2025;GYES_Y+1;PVB;ES;01/01/2026;31/12/2026;39.13;
13/02/2025;GDAES_D+1;PVB;ES;14/02/2025;14/02/2025;50.62;
13/02/2025;GMAES;PVB;ES;01/03/2025;31/03/2025;49.72;
13/02/2025;GQES_Q+1;PVB;ES;01/04/2025;30/06/2025;49.53;
13/02/2025;GYES_Y+1;PVB;ES;01/01/2026;31/12/2026;39.83;
12/02/2025;GDAES_D+1;PVB;ES;13/02/2025;13/02/2025;54.72;
12/02/2025;GMAES;PVB;ES;01/03/2025;31/03/2025;54.08;
12/02/2025;GQES_Q+1;PVB;ES;01/04/2025;30/06/2025;53.23;
12/02/2025;GYES_Y+1;PVB;ES;01/01/2026;31/12/2026;43.46;
11/02/2025;GDAES_D+1;PVB;ES;12/02/2025;12/02/2025;56.61;
11/02/2025;GMAES;PVB;ES;01/03/2025;31/03/2025;55.53;
11/02/2025;GQES_Q+1;PVB;ES;01/04/2025;30/06/2025;55.23;
11/02/2025;GYES_Y+1;PVB;ES;01/01/2026;31/12/2026;43.48;
10/02/2025;GDAES_D+1;PVB;ES;11/02/2025;11/02/2025;57.22;
10/02/2025;GMAES;PVB;ES;01/03/2025;31/03/2025;56.78;
10/02/2025;GQES_Q+1;PVB;ES;01/04/2025;30/06/2025;55.93;
10/02/2025;GYES_Y+1;PVB;ES;01/01/2026;31/12/2026;43.93;
09/02/2025;GDAES_D+1;PVB;ES;10/02/2025;10/02/2025;55.43;
08/02/2025;GDAES_D+1;PVB;ES;09/02/2025;09/02/2025;55.38;
07/02/2025;GDAES_D+1;PVB;ES;08/02/2025;08/02/2025;54.85;
07/02/2025;GMAES;PVB;ES;01/03/2025;31/03/2025;54.0;
07/02/2025;GQES_Q+1;PVB;ES;01/04/2025;30/06/2025;53.53;
07/02/2025;GYES_Y+1;PVB;ES;01/01/2026;31/12/2026;42.73;
06/02/2025;GDAES_D+1;PVB;ES;07/02/2025;07/02/2025;53.75;
06/02/2025;GMAES;PVB;ES;01/03/2025;31/03/2025;52.78;
06/02/2025;GQES_Q+1;PVB;ES;01/04/2025;30/06/2025;52.33;
06/02/2025;GYES_Y+1;PVB;ES;01/01/2026;31/12/2026;41.78;
05/02/2025;GDAES_D+1;PVB;ES;06/02/2025;06/02/2025;52.87;
05/02/2025;GMAES;PVB;ES;01/03/2025;31/03/2025;51.78;
05/02/2025;GQES_Q+1;PVB;ES;01/04/2025;30/06/2025;51.23;
05/02/2025;GYES_Y+1;PVB;ES;01/01/2026;31/12/2026;40.98;
04/02/2025;GDAES_D+1;PVB;ES;05/02/2025;05/02/2025;51.54;
04/02/2025;GMAES;PVB;ES;01/03/2025;31/03/2025;50.35;
04/02/2025;GQES_Q+1;PVB;ES;01/04/2025;30/06/2025;50.15;
04/02/2025;GYES_Y+1;PVB;ES;01/01/2026;31/12/2026;39.95;
03/02/2025;GDAES_D+1;PVB;ES;04/02/2025;04/02/2025;52.77;
03/02/2025;GMAES;PVB;ES;01/03/2025;31/03/2025;52.24;
03/02/2025;GQES_Q+1;PVB;ES;01/04/2025;30/06/2025;52.08;
03/02/2025;GYES_Y+1;PVB;ES;01/01/2026;31/12/2026;40.28;
02/02/2025;GDAES_D+1;PVB;ES;03/02/2025;03/02/2025;54.0;
01/02/2025;GDAES_D+1;PVB;ES;02/02/2025;02/02/2025;53.75;
31/01/2025;GDAES_D+1;PVB;ES;01/02/2025;01/02/2025;52.24;
31/01/2025;GMAES;PVB;ES;01/02/2025;28/02/2025;51.33;
31/01/2025;GQES_Q+1;PVB;ES;01/04/2025;30/06/2025;52.08;
31/01/2025;GYES_Y+1;PVB;ES;01/01/2026;31/12/2026;40.1;
30/01/2025;GDAES_D+1;PVB;ES;31/01/2025;31/01/2025;50.91;
30/01/2025;GMAES;PVB;ES;01/02/2025;28/02/2025;50.75;
30/01/2025;GQES_Q+1;PVB;ES;01/04/2025;30/06/2025;50.31;
30/01/2025;GYES_Y+1;PVB;ES;01/01/2026;31/12/2026;38.69;
29/01/2025;GDAES_D+1;PVB;ES;30/01/2025;30/01/2025;50.3;
29/01/2025;GMAES;PVB;ES;01/02/2025;28/02/2025;50.38;
29/01/2025;GQES_Q+1;PVB;ES;01/04/2025;30/06/2025;50.23;
29/01/2025;GYES_Y+1;PVB;ES;01/01/2026;31/12/2026;39.13;
28/01/2025;GDAES_D+1;PVB;ES;29/01/2025;29/01/2025;47.53;
28/01/2025;GMAES;PVB;ES;01/02/2025;28/02/2025;47.4;
28/01/2025;GQES_Q+1;PVB;ES;01/04/2025;30/06/2025;47.43;
28/01/2025;GYES_Y+1;PVB;ES;01/01/2026;31/12/2026;38.08;
27/01/2025;GDAES_D+1;PVB;ES;28/01/2025;28/01/2025;46.78;
27/01/2025;GMAES;PVB;ES;01/02/2025;28/02/2025;46.85;
27/01/2025;GQES_Q+1;PVB;ES;01/04/2025;30/06/2025;47.2;
27/01/2025;GYES_Y+1;PVB;ES;01/01/2026;31/12/2026;37.83;
26/01/2025;GDAES_D+1;PVB;ES;27/01/2025;27/01/2025;48.11;
25/01/2025;GDAES_D+1;PVB;ES;26/01/2025;26/01/2025;47.35;
24/01/2025;GDAES_D+1;PVB;ES;25/01/2025;25/01/2025;48.43;
24/01/2025;GMAES;PVB;ES;01/02/2025;28/02/2025;48.66;
24/01/2025;GQES_Q+1;PVB;ES;01/04/2025;30/06/2025;48.88;
24/01/2025;GYES_Y+1;PVB;ES;01/01/2026;31/12/2026;38.58;
23/01/2025;GDAES_D+1;PVB;ES;24/01/2025;24/01/2025;48.02;
23/01/2025;GMAES;PVB;ES;01/02/2025;28/02/2025;48.22;
23/01/2025;GQES_Q+1;PVB;ES;01/04/2025;30/06/2025;48.33;
23/01/2025;GYES_Y+1;PVB;ES;01/01/2026;31/12/2026;38.38;
22/01/2025;GDAES_D+1;PVB;ES;23/01/2025;23/01/2025;47.65;
22/01/2025;GMAES;PVB;ES;01/02/2025;28/02/2025;48.28;
22/01/2025;GQES_Q+1;PVB;ES;01/04/2025;30/06/2025;48.18;
22/01/2025;GYES_Y+1;PVB;ES;01/01/2026;31/12/2026;38.23;
21/01/2025;GDAES_D+1;PVB;ES;22/01/2025;22/01/2025;50.45;
21/01/2025;GMAES;PVB;ES;01/02/2025;28/02/2025;49.68;
21/01/2025;GQES_Q+1;PVB;ES;01/04/2025;30/06/2025;49.23;
21/01/2025;GYES_Y+1;PVB;ES;01/01/2026;31/12/2026;39.23;
20/01/2025;GDAES_D+1;PVB;ES;21/01/2025;21/01/2025;48.36;
20/01/2025;GMAES;PVB;ES;01/02/2025;28/02/2025;47.58;
20/01/2025;GQES_Q+1;PVB;ES;01/04/2025;30/06/2025;47.43;
20/01/2025;GYES_Y+1;PVB;ES;01/01/2026;31/12/2026;38.88;
19/01/2025;GDAES_D+1;PVB;ES;20/01/2025;20/01/2025;49.04;
18/01/2025;GDAES_D+1;PVB;ES;19/01/2025;19/01/2025;48.29;
17/01/2025;GDAES_D+1;PVB;ES;18/01/2025;18/01/2025;47.09;
17/01/2025;GMAES;PVB;ES;01/02/2025;28/02/2025;46.93;
17/01/2025;GQES_Q+1;PVB;ES;01/04/2025;30/06/2025;46.88;
17/01/2025;GYES_Y+1;PVB;ES;01/01/2026;31/12/2026;39.23;
16/01/2025;GDAES_D+1;PVB;ES;17/01/2025;17/01/2025;46.37;
16/01/2025;GMAES;PVB;ES;01/02/2025;28/02/2025;45.98;
16/01/2025;GQES_Q+1;PVB;ES;01/04/2025;30/06/2025;46.03;
16/01/2025;GYES_Y+1;PVB;ES;01/01/2026;31/12/2026;38.33;
15/01/2025;GDAES_D+1;PVB;ES;16/01/2025;16/01/2025;47.22;
15/01/2025;GMAES;PVB;ES;01/02/2025;28/02/2025;46.85;
15/01/2025;GQES_Q+1;PVB;ES;01/04/2025;30/06/2025;46.73;
15/01/2025;GYES_Y+1;PVB;ES;01/01/2026;31/12/2026;38.63;
14/01/2025;GDAES_D+1;PVB;ES;15/01/2025;15/01/2025;47.43;
14/01/2025;GMAES;PVB;ES;01/02/2025;28/02/2025;46.88;
14/01/2025;GQES_Q+1;PVB;ES;01/04/2025;30/06/2025;46.83;
14/01/2025;GYES_Y+1;PVB;ES;01/01/2026;31/12/2026;38.83;
13/01/2025;GDAES_D+1;PVB;ES;14/01/2025;14/01/2025;48.76;
13/01/2025;GMAES;PVB;ES;01/02/2025;28/02/2025;48.18;
13/01/2025;GQES_Q+1;PVB;ES;01/04/2025;30/06/2025;48.08;
13/01/2025;GYES_Y+1;PVB;ES;01/01/2026;31/12/2026;39.8;
12/01/2025;GDAES_D+1;PVB;ES;13/01/2025;13/01/2025;47.17;
11/01/2025;GDAES_D+1;PVB;ES;12/01/2025;12/01/2025;46.18;
10/01/2025;GDAES_D+1;PVB;ES;11/01/2025;11/01/2025;45.13;
10/01/2025;GMAES;PVB;ES;01/02/2025;28/02/2025;44.98;
10/01/2025;GQES_Q+1;PVB;ES;01/04/2025;30/06/2025;45.23;
10/01/2025;GYES_Y+1;PVB;ES;01/01/2026;31/12/2026;38.25;
09/01/2025;GDAES_D+1;PVB;ES;10/01/2025;10/01/2025;45.1;
09/01/2025;GMAES;PVB;ES;01/02/2025;28/02/2025;44.98;
09/01/2025;GQES_Q+1;PVB;ES;01/04/2025;30/06/2025;44.83;
09/01/2025;GYES_Y+1;PVB;ES;01/01/2026;31/12/2026;37.53;
08/01/2025;GDAES_D+1;PVB;ES;09/01/2025;09/01/2025;45.86;
08/01/2025;GMAES;PVB;ES;01/02/2025;28/02/2025;45.49;
08/01/2025;GQES_Q+1;PVB;ES;01/04/2025;30/06/2025;45.11;
08/01/2025;GYES_Y+1;PVB;ES;01/01/2026;31/12/2026;37.43;
07/01/2025;GDAES_D+1;PVB;ES;08/01/2025;08/01/2025;47.85;
07/01/2025;GMAES;PVB;ES;01/02/2025;28/02/2025;47.68;
07/01/2025;GQES_Q+1;PVB;ES;01/04/2025;30/06/2025;47.18;
07/01/2025;GYES_Y+1;PVB;ES;01/01/2026;31/12/2026;38.63;
06/01/2025;GDAES_D+1;PVB;ES;07/01/2025;07/01/2025;47.59;
06/01/2025;GMAES;PVB;ES;01/02/2025;28/02/2025;47.23;
06/01/2025;GQES_Q+1;PVB;ES;01/04/2025;30/06/2025;46.45;
06/01/2025;GYES_Y+1;PVB;ES;01/01/2026;31/12/2026;38.3;
05/01/2025;GDAES_D+1;PVB;ES;06/01/2025;06/01/2025;50.89;
04/01/2025;GDAES_D+1;PVB;ES;05/01/2025;05/01/2025;51.31;
03/01/2025;GDAES_D+1;PVB;ES;04/01/2025;04/01/2025;50.63;
03/01/2025;GMAES;PVB;ES;01/02/2025;28/02/2025;49.78;
03/01/2025;GQES_Q+1;PVB;ES;01/04/2025;30/06/2025;48.8;
03/01/2025;GYES_Y+1;PVB;ES;01/01/2026;31/12/2026;39.13;
02/01/2025;GDAES_D+1;PVB;ES;03/01/2025;03/01/2025;51.21;
02/01/2025;GMAES;PVB;ES;01/02/2025;28/02/2025;50.26;
02/01/2025;GQES_Q+1;PVB;ES;01/04/2025;30/06/2025;48.93;
02/01/2025;GYES_Y+1;PVB;ES;01/01/2026;31/12/2026;38.78;
01/01/2025;GDAES_D+1;PVB;ES;02/01/2025;02/01/2025;53.49;
31/12/2024;GDAES_D+1;PVB;ES;01/01/2025;01/01/2025;52.18;
31/12/2024;GMAES;PVB;ES;01/01/2025;31/01/2025;48.9;
03/07/2026;GDAES_D+1;PVB;ES;04/07/2026;04/07/2026;45.53;
03/07/2026;GMAES;PVB;ES;01/08/2026;31/08/2026;44.98;
03/07/2026;GQES_Q+1;PVB;ES;01/10/2026;31/12/2026;43.65;
03/07/2026;GYES_Y+1;PVB;ES;01/01/2027;31/12/2027;34.53;
02/07/2026;GDAES_D+1;PVB;ES;03/07/2026;03/07/2026;44.91;
02/07/2026;GMAES;PVB;ES;01/08/2026;31/08/2026;44.33;
02/07/2026;GQES_Q+1;PVB;ES;01/10/2026;31/12/2026;43.15;
02/07/2026;GYES_Y+1;PVB;ES;01/01/2027;31/12/2027;34.2;
01/07/2026;GDAES_D+1;PVB;ES;02/07/2026;02/07/2026;43.21;
01/07/2026;GMAES;PVB;ES;01/08/2026;31/08/2026;42.78;
01/07/2026;GQES_Q+1;PVB;ES;01/10/2026;31/12/2026;42.0;
01/07/2026;GYES_Y+1;PVB;ES;01/01/2027;31/12/2027;33.95;
30/06/2026;GDAES_D+1;PVB;ES;01/07/2026;01/07/2026;43.67;
30/06/2026;GMAES;PVB;ES;01/07/2026;31/07/2026;43.83;
30/06/2026;GYES_Y+1;PVB;ES;01/01/2027;31/12/2027;34.72;
29/06/2026;GDAES_D+1;PVB;ES;30/06/2026;30/06/2026;42.41;
29/06/2026;GMAES;PVB;ES;01/07/2026;31/07/2026;42.48;
29/06/2026;GQES_Q+1;PVB;ES;01/07/2026;30/09/2026;42.56;
29/06/2026;GYES_Y+1;PVB;ES;01/01/2027;31/12/2027;33.5;
28/06/2026;GDAES_D+1;PVB;ES;29/06/2026;29/06/2026;44.03;
27/06/2026;GDAES_D+1;PVB;ES;28/06/2026;28/06/2026;42.37;
26/06/2026;GDAES_D+1;PVB;ES;27/06/2026;27/06/2026;40.7;
26/06/2026;GMAES;PVB;ES;01/07/2026;31/07/2026;40.73;
26/06/2026;GQES_Q+1;PVB;ES;01/07/2026;30/09/2026;40.69;
26/06/2026;GYES_Y+1;PVB;ES;01/01/2027;31/12/2027;33.03;
25/06/2026;GDAES_D+1;PVB;ES;26/06/2026;26/06/2026;41.07;
25/06/2026;GMAES;PVB;ES;01/07/2026;31/07/2026;40.58;
25/06/2026;GQES_Q+1;PVB;ES;01/07/2026;30/09/2026;40.52;
25/06/2026;GYES_Y+1;PVB;ES;01/01/2027;31/12/2027;33.18;
24/06/2026;GDAES_D+1;PVB;ES;25/06/2026;25/06/2026;41.4;
24/06/2026;GMAES;PVB;ES;01/07/2026;31/07/2026;40.8;
24/06/2026;GQES_Q+1;PVB;ES;01/07/2026;30/09/2026;40.78;
24/06/2026;GYES_Y+1;PVB;ES;01/01/2027;31/12/2027;33.38;
23/06/2026;GDAES_D+1;PVB;ES;24/06/2026;24/06/2026;42.53;
23/06/2026;GMAES;PVB;ES;01/07/2026;31/07/2026;41.88;
23/06/2026;GQES_Q+1;PVB;ES;01/07/2026;30/09/2026;41.73;
23/06/2026;GYES_Y+1;PVB;ES;01/01/2027;31/12/2027;34.13;
22/06/2026;GDAES_D+1;PVB;ES;23/06/2026;23/06/2026;42.55;
22/06/2026;GMAES;PVB;ES;01/07/2026;31/07/2026;41.99;
22/06/2026;GQES_Q+1;PVB;ES;01/07/2026;30/09/2026;41.98;
22/06/2026;GYES_Y+1;PVB;ES;01/01/2027;31/12/2027;34.23;
21/06/2026;GDAES_D+1;PVB;ES;22/06/2026;22/06/2026;45.34;
20/06/2026;GDAES_D+1;PVB;ES;21/06/2026;21/06/2026;42.47;
19/06/2026;GDAES_D+1;PVB;ES;20/06/2026;20/06/2026;42.39;
19/06/2026;GMAES;PVB;ES;01/07/2026;31/07/2026;42.2;
19/06/2026;GQES_Q+1;PVB;ES;01/07/2026;30/09/2026;42.32;
19/06/2026;GYES_Y+1;PVB;ES;01/01/2027;31/12/2027;34.18;
18/06/2026;GDAES_D+1;PVB;ES;19/06/2026;19/06/2026;41.2;
18/06/2026;GMAES;PVB;ES;01/07/2026;31/07/2026;40.8;
18/06/2026;GQES_Q+1;PVB;ES;01/07/2026;30/09/2026;40.82;
18/06/2026;GYES_Y+1;PVB;ES;01/01/2027;31/12/2027;33.45;
17/06/2026;GDAES_D+1;PVB;ES;18/06/2026;18/06/2026;41.9;
17/06/2026;GMAES;PVB;ES;01/07/2026;31/07/2026;41.33;
17/06/2026;GQES_Q+1;PVB;ES;01/07/2026;30/09/2026;41.59;
17/06/2026;GYES_Y+1;PVB;ES;01/01/2027;31/12/2027;33.78;
16/06/2026;GDAES_D+1;PVB;ES;17/06/2026;17/06/2026;42.51;
16/06/2026;GMAES;PVB;ES;01/07/2026;31/07/2026;41.9;
16/06/2026;GQES_Q+1;PVB;ES;01/07/2026;30/09/2026;42.03;
16/06/2026;GYES_Y+1;PVB;ES;01/01/2027;31/12/2027;34.08;
15/06/2026;GDAES_D+1;PVB;ES;16/06/2026;16/06/2026;42.71;
15/06/2026;GMAES;PVB;ES;01/07/2026;31/07/2026;42.27;
15/06/2026;GQES_Q+1;PVB;ES;01/07/2026;30/09/2026;42.46;
15/06/2026;GYES_Y+1;PVB;ES;01/01/2027;31/12/2027;34.03;
14/06/2026;GDAES_D+1;PVB;ES;15/06/2026;15/06/2026;46.65;
13/06/2026;GDAES_D+1;PVB;ES;14/06/2026;14/06/2026;45.63;
12/06/2026;GDAES_D+1;PVB;ES;13/06/2026;13/06/2026;46.04;
12/06/2026;GMAES;PVB;ES;01/07/2026;31/07/2026;46.61;
12/06/2026;GQES_Q+1;PVB;ES;01/07/2026;30/09/2026;46.85;
12/06/2026;GYES_Y+1;PVB;ES;01/01/2027;31/12/2027;36.85;
11/06/2026;GDAES_D+1;PVB;ES;12/06/2026;12/06/2026;49.4;
11/06/2026;GMAES;PVB;ES;01/07/2026;31/07/2026;49.71;
11/06/2026;GQES_Q+1;PVB;ES;01/07/2026;30/09/2026;49.84;
11/06/2026;GYES_Y+1;PVB;ES;01/01/2027;31/12/2027;37.48;
10/06/2026;GDAES_D+1;PVB;ES;11/06/2026;11/06/2026;48.8;
10/06/2026;GMAES;PVB;ES;01/07/2026;31/07/2026;49.88;
10/06/2026;GQES_Q+1;PVB;ES;01/07/2026;30/09/2026;49.88;
10/06/2026;GYES_Y+1;PVB;ES;01/01/2027;31/12/2027;37.33;
09/06/2026;GDAES_D+1;PVB;ES;10/06/2026;10/06/2026;47.86;
09/06/2026;GMAES;PVB;ES;01/07/2026;31/07/2026;48.53;
09/06/2026;GQES_Q+1;PVB;ES;01/07/2026;30/09/2026;48.68;
09/06/2026;GYES_Y+1;PVB;ES;01/01/2027;31/12/2027;36.58;
08/06/2026;GDAES_D+1;PVB;ES;09/06/2026;09/06/2026;49.28;
08/06/2026;GMAES;PVB;ES;01/07/2026;31/07/2026;49.79;
08/06/2026;GQES_Q+1;PVB;ES;01/07/2026;30/09/2026;50.03;
08/06/2026;GYES_Y+1;PVB;ES;01/01/2027;31/12/2027;37.18;
07/06/2026;GDAES_D+1;PVB;ES;08/06/2026;08/06/2026;48.97;
06/06/2026;GDAES_D+1;PVB;ES;07/06/2026;07/06/2026;47.76;
05/06/2026;GDAES_D+1;PVB;ES;06/06/2026;06/06/2026;48.11;
05/06/2026;GMAES;PVB;ES;01/07/2026;31/07/2026;48.18;
05/06/2026;GQES_Q+1;PVB;ES;01/07/2026;30/09/2026;48.71;
05/06/2026;GYES_Y+1;PVB;ES;01/01/2027;31/12/2027;37.48;
04/06/2026;GDAES_D+1;PVB;ES;05/06/2026;05/06/2026;48.18;
04/06/2026;GMAES;PVB;ES;01/07/2026;31/07/2026;48.81;
04/06/2026;GQES_Q+1;PVB;ES;01/07/2026;30/09/2026;48.78;
04/06/2026;GYES_Y+1;PVB;ES;01/01/2027;31/12/2027;36.48;
03/06/2026;GDAES_D+1;PVB;ES;04/06/2026;04/06/2026;48.34;
03/06/2026;GMAES;PVB;ES;01/07/2026;31/07/2026;48.84;
03/06/2026;GQES_Q+1;PVB;ES;01/07/2026;30/09/2026;48.97;
03/06/2026;GYES_Y+1;PVB;ES;01/01/2027;31/12/2027;36.63;
02/06/2026;GDAES_D+1;PVB;ES;03/06/2026;03/06/2026;47.79;
02/06/2026;GMAES;PVB;ES;01/07/2026;31/07/2026;47.33;
02/06/2026;GQES_Q+1;PVB;ES;01/07/2026;30/09/2026;47.48;
02/06/2026;GYES_Y+1;PVB;ES;01/01/2027;31/12/2027;36.13;
01/06/2026;GDAES_D+1;PVB;ES;02/06/2026;02/06/2026;48.75;
01/06/2026;GMAES;PVB;ES;01/07/2026;31/07/2026;48.93;
01/06/2026;GQES_Q+1;PVB;ES;01/07/2026;30/09/2026;48.68;
01/06/2026;GYES_Y+1;PVB;ES;01/01/2027;31/12/2027;36.78;
31/05/2026;GDAES_D+1;PVB;ES;01/06/2026;01/06/2026;46.32;
30/05/2026;GDAES_D+1;PVB;ES;31/05/2026;31/05/2026;44.22;
29/05/2026;GDAES_D+1;PVB;ES;30/05/2026;30/05/2026;44.43;
29/05/2026;GMAES;PVB;ES;01/06/2026;30/06/2026;46.35;
29/05/2026;GQES_Q+1;PVB;ES;01/07/2026;30/09/2026;45.75;
29/05/2026;GYES_Y+1;PVB;ES;01/01/2027;31/12/2027;35.79;
28/05/2026;GDAES_D+1;PVB;ES;29/05/2026;29/05/2026;45.56;
28/05/2026;GMAES;PVB;ES;01/06/2026;30/06/2026;46.04;
28/05/2026;GQES_Q+1;PVB;ES;01/07/2026;30/09/2026;46.23;
28/05/2026;GYES_Y+1;PVB;ES;01/01/2027;31/12/2027;35.68;
27/05/2026;GDAES_D+1;PVB;ES;28/05/2026;28/05/2026;45.58;
27/05/2026;GMAES;PVB;ES;01/06/2026;30/06/2026;45.58;
27/05/2026;GQES_Q+1;PVB;ES;01/07/2026;30/09/2026;46.08;
27/05/2026;GYES_Y+1;PVB;ES;01/01/2027;31/12/2027;35.83;
26/05/2026;GDAES_D+1;PVB;ES;27/05/2026;27/05/2026;46.03;
26/05/2026;GMAES;PVB;ES;01/06/2026;30/06/2026;46.43;
26/05/2026;GQES_Q+1;PVB;ES;01/07/2026;30/09/2026;47.17;
26/05/2026;GYES_Y+1;PVB;ES;01/01/2027;31/12/2027;36.08;
25/05/2026;GDAES_D+1;PVB;ES;26/05/2026;26/05/2026;44.35;
25/05/2026;GMAES;PVB;ES;01/06/2026;30/06/2026;44.73;
25/05/2026;GQES_Q+1;PVB;ES;01/07/2026;30/09/2026;45.37;
25/05/2026;GYES_Y+1;PVB;ES;01/01/2027;31/12/2027;35.28;
24/05/2026;GDAES_D+1;PVB;ES;25/05/2026;25/05/2026;45.09;
23/05/2026;GDAES_D+1;PVB;ES;24/05/2026;24/05/2026;46.21;
22/05/2026;GDAES_D+1;PVB;ES;23/05/2026;23/05/2026;46.6;
22/05/2026;GMAES;PVB;ES;01/06/2026;30/06/2026;47.77;
22/05/2026;GQES_Q+1;PVB;ES;01/07/2026;30/09/2026;47.83;
22/05/2026;GYES_Y+1;PVB;ES;01/01/2027;31/12/2027;36.58;
21/05/2026;GDAES_D+1;PVB;ES;22/05/2026;22/05/2026;47.56;
21/05/2026;GMAES;PVB;ES;01/06/2026;30/06/2026;48.82;
21/05/2026;GQES_Q+1;PVB;ES;01/07/2026;30/09/2026;49.28;
21/05/2026;GYES_Y+1;PVB;ES;01/01/2027;31/12/2027;36.83;
20/05/2026;GDAES_D+1;PVB;ES;21/05/2026;21/05/2026;48.31;
20/05/2026;GMAES;PVB;ES;01/06/2026;30/06/2026;48.5;
20/05/2026;GQES_Q+1;PVB;ES;01/07/2026;30/09/2026;48.65;
20/05/2026;GYES_Y+1;PVB;ES;01/01/2027;31/12/2027;37.0;
19/05/2026;GDAES_D+1;PVB;ES;20/05/2026;20/05/2026;50.22;
19/05/2026;GMAES;PVB;ES;01/06/2026;30/06/2026;51.19;
19/05/2026;GQES_Q+1;PVB;ES;01/07/2026;30/09/2026;51.53;
19/05/2026;GYES_Y+1;PVB;ES;01/01/2027;31/12/2027;37.93;
18/05/2026;GDAES_D+1;PVB;ES;19/05/2026;19/05/2026;48.48;
18/05/2026;GMAES;PVB;ES;01/06/2026;30/06/2026;49.43;
18/05/2026;GQES_Q+1;PVB;ES;01/07/2026;30/09/2026;49.55;
18/05/2026;GYES_Y+1;PVB;ES;01/01/2027;31/12/2027;37.15;
17/05/2026;GDAES_D+1;PVB;ES;18/05/2026;18/05/2026;49.85;
16/05/2026;GDAES_D+1;PVB;ES;17/05/2026;17/05/2026;49.82;
15/05/2026;GDAES_D+1;PVB;ES;16/05/2026;16/05/2026;49.41;
15/05/2026;GMAES;PVB;ES;01/06/2026;30/06/2026;49.93;
15/05/2026;GQES_Q+1;PVB;ES;01/07/2026;30/09/2026;49.73;
15/05/2026;GYES_Y+1;PVB;ES;01/01/2027;31/12/2027;37.74;
14/05/2026;GDAES_D+1;PVB;ES;15/05/2026;15/05/2026;47.0;
14/05/2026;GMAES;PVB;ES;01/06/2026;30/06/2026;47.13;
14/05/2026;GQES_Q+1;PVB;ES;01/07/2026;30/09/2026;47.18;
14/05/2026;GYES_Y+1;PVB;ES;01/01/2027;31/12/2027;36.03;
13/05/2026;GDAES_D+1;PVB;ES;14/05/2026;14/05/2026;46.33;
13/05/2026;GMAES;PVB;ES;01/06/2026;30/06/2026;46.56;
13/05/2026;GQES_Q+1;PVB;ES;01/07/2026;30/09/2026;46.85;
13/05/2026;GYES_Y+1;PVB;ES;01/01/2027;31/12/2027;36.68;
12/05/2026;GDAES_D+1;PVB;ES;13/05/2026;13/05/2026;46.28;
12/05/2026;GMAES;PVB;ES;01/06/2026;30/06/2026;46.39;
12/05/2026;GQES_Q+1;PVB;ES;01/07/2026;30/09/2026;46.28;
12/05/2026;GYES_Y+1;PVB;ES;01/01/2027;31/12/2027;36.58;
11/05/2026;GDAES_D+1;PVB;ES;12/05/2026;12/05/2026;45.49;
11/05/2026;GMAES;PVB;ES;01/06/2026;30/06/2026;45.58;
11/05/2026;GQES_Q+1;PVB;ES;01/07/2026;30/09/2026;45.78;
11/05/2026;GYES_Y+1;PVB;ES;01/01/2027;31/12/2027;36.48;
10/05/2026;GDAES_D+1;PVB;ES;11/05/2026;11/05/2026;43.66;
09/05/2026;GDAES_D+1;PVB;ES;10/05/2026;10/05/2026;42.36;
08/05/2026;GDAES_D+1;PVB;ES;09/05/2026;09/05/2026;42.64;
08/05/2026;GMAES;PVB;ES;01/06/2026;30/06/2026;43.26;
08/05/2026;GQES_Q+1;PVB;ES;01/07/2026;30/09/2026;43.63;
08/05/2026;GYES_Y+1;PVB;ES;01/01/2027;31/12/2027;35.28;
07/05/2026;GDAES_D+1;PVB;ES;08/05/2026;08/05/2026;42.05;
07/05/2026;GMAES;PVB;ES;01/06/2026;30/06/2026;43.11;
07/05/2026;GQES_Q+1;PVB;ES;01/07/2026;30/09/2026;43.35;
07/05/2026;GYES_Y+1;PVB;ES;01/01/2027;31/12/2027;35.15;
06/05/2026;GDAES_D+1;PVB;ES;07/05/2026;07/05/2026;43.6;
06/05/2026;GMAES;PVB;ES;01/06/2026;30/06/2026;43.25;
06/05/2026;GQES_Q+1;PVB;ES;01/07/2026;30/09/2026;43.55;
06/05/2026;GYES_Y+1;PVB;ES;01/01/2027;31/12/2027;35.2;
05/05/2026;GDAES_D+1;PVB;ES;06/05/2026;06/05/2026;46.77;
05/05/2026;GMAES;PVB;ES;01/06/2026;30/06/2026;46.61;
05/05/2026;GQES_Q+1;PVB;ES;01/07/2026;30/09/2026;46.68;
05/05/2026;GYES_Y+1;PVB;ES;01/01/2027;31/12/2027;37.03;
04/05/2026;GDAES_D+1;PVB;ES;05/05/2026;05/05/2026;48.54;
04/05/2026;GMAES;PVB;ES;01/06/2026;30/06/2026;47.91;
04/05/2026;GQES_Q+1;PVB;ES;01/07/2026;30/09/2026;47.88;
04/05/2026;GYES_Y+1;PVB;ES;01/01/2027;31/12/2027;37.85;
03/05/2026;GDAES_D+1;PVB;ES;04/05/2026;04/05/2026;46.99;
02/05/2026;GDAES_D+1;PVB;ES;03/05/2026;03/05/2026;46.07;
01/05/2026;GDAES_D+1;PVB;ES;02/05/2026;02/05/2026;45.47;
30/04/2026;GDAES_D+1;PVB;ES;01/05/2026;01/05/2026;45.57;
30/04/2026;GMAES;PVB;ES;01/05/2026;31/05/2026;44.53;
30/04/2026;GQES_Q+1;PVB;ES;01/07/2026;30/09/2026;44.64;
30/04/2026;GYES_Y+1;PVB;ES;01/01/2027;31/12/2027;36.16;
29/04/2026;GDAES_D+1;PVB;ES;30/04/2026;30/04/2026;45.79;
29/04/2026;GMAES;PVB;ES;01/05/2026;31/05/2026;45.73;
29/04/2026;GQES_Q+1;PVB;ES;01/07/2026;30/09/2026;45.62;
29/04/2026;GYES_Y+1;PVB;ES;01/01/2027;31/12/2027;37.14;
28/04/2026;GDAES_D+1;PVB;ES;29/04/2026;29/04/2026;42.35;
28/04/2026;GMAES;PVB;ES;01/05/2026;31/05/2026;42.84;
28/04/2026;GQES_Q+1;PVB;ES;01/07/2026;30/09/2026;43.33;
28/04/2026;GYES_Y+1;PVB;ES;01/01/2027;31/12/2027;35.63;
27/04/2026;GDAES_D+1;PVB;ES;28/04/2026;28/04/2026;43.56;
27/04/2026;GMAES;PVB;ES;01/05/2026;31/05/2026;43.75;
27/04/2026;GQES_Q+1;PVB;ES;01/07/2026;30/09/2026;44.18;
27/04/2026;GYES_Y+1;PVB;ES;01/01/2027;31/12/2027;36.13;
26/04/2026;GDAES_D+1;PVB;ES;27/04/2026;27/04/2026;42.95;
25/04/2026;GDAES_D+1;PVB;ES;26/04/2026;26/04/2026;43.35;
24/04/2026;GDAES_D+1;PVB;ES;25/04/2026;25/04/2026;43.74;
24/04/2026;GMAES;PVB;ES;01/05/2026;31/05/2026;44.05;
24/04/2026;GQES_Q+1;PVB;ES;01/07/2026;30/09/2026;44.58;
24/04/2026;GYES_Y+1;PVB;ES;01/01/2027;31/12/2027;36.86;
23/04/2026;GDAES_D+1;PVB;ES;24/04/2026;24/04/2026;43.71;
23/04/2026;GMAES;PVB;ES;01/05/2026;31/05/2026;43.28;
23/04/2026;GQES_Q+1;PVB;ES;01/07/2026;30/09/2026;43.96;
23/04/2026;GYES_Y+1;PVB;ES;01/01/2027;31/12/2027;35.4;
22/04/2026;GDAES_D+1;PVB;ES;23/04/2026;23/04/2026;42.56;
22/04/2026;GMAES;PVB;ES;01/05/2026;31/05/2026;42.43;
22/04/2026;GQES_Q+1;PVB;ES;01/07/2026;30/09/2026;43.23;
22/04/2026;GYES_Y+1;PVB;ES;01/01/2027;31/12/2027;35.3;
21/04/2026;GDAES_D+1;PVB;ES;22/04/2026;22/04/2026;40.93;
21/04/2026;GMAES;PVB;ES;01/05/2026;31/05/2026;41.2;
21/04/2026;GQES_Q+1;PVB;ES;01/07/2026;30/09/2026;41.88;
21/04/2026;GYES_Y+1;PVB;ES;01/01/2027;31/12/2027;34.25;
20/04/2026;GDAES_D+1;PVB;ES;21/04/2026;21/04/2026;38.79;
20/04/2026;GMAES;PVB;ES;01/05/2026;31/05/2026;38.98;
20/04/2026;GQES_Q+1;PVB;ES;01/07/2026;30/09/2026;39.43;
20/04/2026;GYES_Y+1;PVB;ES;01/01/2027;31/12/2027;32.9;
19/04/2026;GDAES_D+1;PVB;ES;20/04/2026;20/04/2026;41.02;
18/04/2026;GDAES_D+1;PVB;ES;19/04/2026;19/04/2026;39.38;
17/04/2026;GDAES_D+1;PVB;ES;18/04/2026;18/04/2026;38.09;
17/04/2026;GMAES;PVB;ES;01/05/2026;31/05/2026;37.9;
17/04/2026;GQES_Q+1;PVB;ES;01/07/2026;30/09/2026;38.5;
17/04/2026;GYES_Y+1;PVB;ES;01/01/2027;31/12/2027;32.45;
16/04/2026;GDAES_D+1;PVB;ES;17/04/2026;17/04/2026;41.17;
16/04/2026;GMAES;PVB;ES;01/05/2026;31/05/2026;41.68;
16/04/2026;GQES_Q+1;PVB;ES;01/07/2026;30/09/2026;41.73;
16/04/2026;GYES_Y+1;PVB;ES;01/01/2027;31/12/2027;34.4;
15/04/2026;GDAES_D+1;PVB;ES;16/04/2026;16/04/2026;40.04;
15/04/2026;GMAES;PVB;ES;01/05/2026;31/05/2026;40.56;
15/04/2026;GQES_Q+1;PVB;ES;01/07/2026;30/09/2026;40.63;
15/04/2026;GYES_Y+1;PVB;ES;01/01/2027;31/12/2027;33.15;
14/04/2026;GDAES_D+1;PVB;ES;15/04/2026;15/04/2026;41.65;
14/04/2026;GMAES;PVB;ES;01/05/2026;31/05/2026;41.93;
14/04/2026;GQES_Q+1;PVB;ES;01/07/2026;30/09/2026;42.03;
14/04/2026;GYES_Y+1;PVB;ES;01/01/2027;31/12/2027;33.7;
13/04/2026;GDAES_D+1;PVB;ES;14/04/2026;14/04/2026;45.0;
13/04/2026;GMAES;PVB;ES;01/05/2026;31/05/2026;45.5;
13/04/2026;GQES_Q+1;PVB;ES;01/07/2026;30/09/2026;45.25;
13/04/2026;GYES_Y+1;PVB;ES;01/01/2027;31/12/2027;35.7;
12/04/2026;GDAES_D+1;PVB;ES;13/04/2026;13/04/2026;52.11;
11/04/2026;GDAES_D+1;PVB;ES;12/04/2026;12/04/2026;44.74;
10/04/2026;GDAES_D+1;PVB;ES;11/04/2026;11/04/2026;42.33;
10/04/2026;GMAES;PVB;ES;01/05/2026;31/05/2026;43.13;
10/04/2026;GQES_Q+1;PVB;ES;01/07/2026;30/09/2026;43.43;
10/04/2026;GYES_Y+1;PVB;ES;01/01/2027;31/12/2027;34.68;
09/04/2026;GDAES_D+1;PVB;ES;10/04/2026;10/04/2026;44.22;
09/04/2026;GMAES;PVB;ES;01/05/2026;31/05/2026;44.81;
09/04/2026;GQES_Q+1;PVB;ES;01/07/2026;30/09/2026;45.35;
09/04/2026;GYES_Y+1;PVB;ES;01/01/2027;31/12/2027;35.93;
08/04/2026;GDAES_D+1;PVB;ES;09/04/2026;09/04/2026;44.01;
08/04/2026;GMAES;PVB;ES;01/05/2026;31/05/2026;45.0;
08/04/2026;GQES_Q+1;PVB;ES;01/07/2026;30/09/2026;45.1;
08/04/2026;GYES_Y+1;PVB;ES;01/01/2027;31/12/2027;36.65;
07/04/2026;GDAES_D+1;PVB;ES;08/04/2026;08/04/2026;50.81;
07/04/2026;GMAES;PVB;ES;01/05/2026;31/05/2026;52.0;
07/04/2026;GQES_Q+1;PVB;ES;01/07/2026;30/09/2026;51.9;
07/04/2026;GYES_Y+1;PVB;ES;01/01/2027;31/12/2027;40.2;
06/04/2026;GDAES_D+1;PVB;ES;07/04/2026;07/04/2026;49.6;
05/04/2026;GDAES_D+1;PVB;ES;06/04/2026;06/04/2026;49.05;
04/04/2026;GDAES_D+1;PVB;ES;05/04/2026;05/04/2026;48.87;
03/04/2026;GDAES_D+1;PVB;ES;04/04/2026;04/04/2026;49.98;
02/04/2026;GDAES_D+1;PVB;ES;03/04/2026;03/04/2026;48.76;
02/04/2026;GMAES;PVB;ES;01/05/2026;31/05/2026;48.75;
02/04/2026;GQES_Q+1;PVB;ES;01/07/2026;30/09/2026;48.77;
02/04/2026;GYES_Y+1;PVB;ES;01/01/2027;31/12/2027;39.15;
01/04/2026;GDAES_D+1;PVB;ES;02/04/2026;02/04/2026;45.52;
01/04/2026;GMAES;PVB;ES;01/05/2026;31/05/2026;46.65;
01/04/2026;GQES_Q+1;PVB;ES;01/07/2026;30/09/2026;47.13;
01/04/2026;GYES_Y+1;PVB;ES;01/01/2027;31/12/2027;38.38;
31/03/2026;GDAES_D+1;PVB;ES;01/04/2026;01/04/2026;47.87;
31/03/2026;GMAES;PVB;ES;01/04/2026;30/04/2026;48.8;
31/03/2026;GYES_Y+1;PVB;ES;01/01/2027;31/12/2027;40.5;
30/03/2026;GDAES_D+1;PVB;ES;31/03/2026;31/03/2026;52.33;
30/03/2026;GMAES;PVB;ES;01/04/2026;30/04/2026;53.2;
30/03/2026;GQES_Q+1;PVB;ES;01/04/2026;30/06/2026;53.33;
30/03/2026;GYES_Y+1;PVB;ES;01/01/2027;31/12/2027;43.05;
29/03/2026;GDAES_D+1;PVB;ES;30/03/2026;30/03/2026;52.93;
28/03/2026;GDAES_D+1;PVB;ES;29/03/2026;29/03/2026;52.87;
27/03/2026;GDAES_D+1;PVB;ES;28/03/2026;28/03/2026;52.67;
27/03/2026;GMAES;PVB;ES;01/04/2026;30/04/2026;53.39;
27/03/2026;GQES_Q+1;PVB;ES;01/04/2026;30/06/2026;53.64;
27/03/2026;GYES_Y+1;PVB;ES;01/01/2027;31/12/2027;43.42;
26/03/2026;GDAES_D+1;PVB;ES;27/03/2026;27/03/2026;54.24;
26/03/2026;GMAES;PVB;ES;01/04/2026;30/04/2026;54.23;
26/03/2026;GQES_Q+1;PVB;ES;01/04/2026;30/06/2026;54.45;
26/03/2026;GYES_Y+1;PVB;ES;01/01/2027;31/12/2027;43.38;
25/03/2026;GDAES_D+1;PVB;ES;26/03/2026;26/03/2026;51.78;
25/03/2026;GMAES;PVB;ES;01/04/2026;30/04/2026;51.95;
25/03/2026;GQES_Q+1;PVB;ES;01/04/2026;30/06/2026;52.12;
25/03/2026;GYES_Y+1;PVB;ES;01/01/2027;31/12/2027;41.79;
24/03/2026;GDAES_D+1;PVB;ES;25/03/2026;25/03/2026;52.4;
24/03/2026;GMAES;PVB;ES;01/04/2026;30/04/2026;53.38;
24/03/2026;GQES_Q+1;PVB;ES;01/04/2026;30/06/2026;53.51;
24/03/2026;GYES_Y+1;PVB;ES;01/01/2027;31/12/2027;43.01;
23/03/2026;GDAES_D+1;PVB;ES;24/03/2026;24/03/2026;56.75;
23/03/2026;GMAES;PVB;ES;01/04/2026;30/04/2026;55.4;
23/03/2026;GQES_Q+1;PVB;ES;01/04/2026;30/06/2026;55.61;
23/03/2026;GYES_Y+1;PVB;ES;01/01/2027;31/12/2027;44.66;
22/03/2026;GDAES_D+1;PVB;ES;23/03/2026;23/03/2026;59.63;
21/03/2026;GDAES_D+1;PVB;ES;22/03/2026;22/03/2026;58.79;
20/03/2026;GDAES_D+1;PVB;ES;21/03/2026;21/03/2026;57.26;
20/03/2026;GMAES;PVB;ES;01/04/2026;30/04/2026;58.47;
20/03/2026;GQES_Q+1;PVB;ES;01/04/2026;30/06/2026;58.51;
20/03/2026;GYES_Y+1;PVB;ES;01/01/2027;31/12/2027;45.01;
19/03/2026;GDAES_D+1;PVB;ES;20/03/2026;20/03/2026;61.36;
19/03/2026;GMAES;PVB;ES;01/04/2026;30/04/2026;60.2;
19/03/2026;GQES_Q+1;PVB;ES;01/04/2026;30/06/2026;60.07;
19/03/2026;GYES_Y+1;PVB;ES;01/01/2027;31/12/2027;45.43;
18/03/2026;GDAES_D+1;PVB;ES;19/03/2026;19/03/2026;53.75;
18/03/2026;GMAES;PVB;ES;01/04/2026;30/04/2026;54.27;
18/03/2026;GQES_Q+1;PVB;ES;01/04/2026;30/06/2026;53.39;
18/03/2026;GYES_Y+1;PVB;ES;01/01/2027;31/12/2027;38.12;
17/03/2026;GDAES_D+1;PVB;ES;18/03/2026;18/03/2026;50.75;
17/03/2026;GMAES;PVB;ES;01/04/2026;30/04/2026;50.87;
17/03/2026;GQES_Q+1;PVB;ES;01/04/2026;30/06/2026;50.55;
17/03/2026;GYES_Y+1;PVB;ES;01/01/2027;31/12/2027;37.93;
16/03/2026;GDAES_D+1;PVB;ES;17/03/2026;17/03/2026;49.28;
16/03/2026;GMAES;PVB;ES;01/04/2026;30/04/2026;50.17;
16/03/2026;GQES_Q+1;PVB;ES;01/04/2026;30/06/2026;49.83;
16/03/2026;GYES_Y+1;PVB;ES;01/01/2027;31/12/2027;37.16;
15/03/2026;GDAES_D+1;PVB;ES;16/03/2026;16/03/2026;51.01;
14/03/2026;GDAES_D+1;PVB;ES;15/03/2026;15/03/2026;52.07;
13/03/2026;GDAES_D+1;PVB;ES;14/03/2026;14/03/2026;48.74;
13/03/2026;GMAES;PVB;ES;01/04/2026;30/04/2026;49.13;
13/03/2026;GQES_Q+1;PVB;ES;01/04/2026;30/06/2026;48.75;
13/03/2026;GYES_Y+1;PVB;ES;01/01/2027;31/12/2027;36.12;
12/03/2026;GDAES_D+1;PVB;ES;13/03/2026;13/03/2026;48.73;
12/03/2026;GMAES;PVB;ES;01/04/2026;30/04/2026;49.98;
12/03/2026;GQES_Q+1;PVB;ES;01/04/2026;30/06/2026;49.5;
12/03/2026;GYES_Y+1;PVB;ES;01/01/2027;31/12/2027;36.2;
11/03/2026;GDAES_D+1;PVB;ES;12/03/2026;12/03/2026;48.62;
11/03/2026;GMAES;PVB;ES;01/04/2026;30/04/2026;49.0;
11/03/2026;GQES_Q+1;PVB;ES;01/04/2026;30/06/2026;48.36;
11/03/2026;GYES_Y+1;PVB;ES;01/01/2027;31/12/2027;35.11;
10/03/2026;GDAES_D+1;PVB;ES;11/03/2026;11/03/2026;46.47;
10/03/2026;GMAES;PVB;ES;01/04/2026;30/04/2026;47.21;
10/03/2026;GQES_Q+1;PVB;ES;01/04/2026;30/06/2026;46.7;
10/03/2026;GYES_Y+1;PVB;ES;01/01/2027;31/12/2027;34.74;
09/03/2026;GDAES_D+1;PVB;ES;10/03/2026;10/03/2026;56.04;
09/03/2026;GMAES;PVB;ES;01/04/2026;30/04/2026;55.73;
09/03/2026;GQES_Q+1;PVB;ES;01/04/2026;30/06/2026;55.5;
09/03/2026;GYES_Y+1;PVB;ES;01/01/2027;31/12/2027;39.01;
08/03/2026;GDAES_D+1;PVB;ES;09/03/2026;09/03/2026;60.41;
07/03/2026;GDAES_D+1;PVB;ES;08/03/2026;08/03/2026;52.91;
06/03/2026;GDAES_D+1;PVB;ES;07/03/2026;07/03/2026;52.24;
06/03/2026;GMAES;PVB;ES;01/04/2026;30/04/2026;52.5;
06/03/2026;GQES_Q+1;PVB;ES;01/04/2026;30/06/2026;51.01;
06/03/2026;GYES_Y+1;PVB;ES;01/01/2027;31/12/2027;35.0;
05/03/2026;GDAES_D+1;PVB;ES;06/03/2026;06/03/2026;50.58;
05/03/2026;GMAES;PVB;ES;01/04/2026;30/04/2026;49.73;
05/03/2026;GQES_Q+1;PVB;ES;01/04/2026;30/06/2026;48.48;
05/03/2026;GYES_Y+1;PVB;ES;01/01/2027;31/12/2027;31.1;
04/03/2026;GDAES_D+1;PVB;ES;05/03/2026;05/03/2026;49.1;
04/03/2026;GMAES;PVB;ES;01/04/2026;30/04/2026;47.48;
04/03/2026;GQES_Q+1;PVB;ES;01/04/2026;30/06/2026;46.5;
04/03/2026;GYES_Y+1;PVB;ES;01/01/2027;31/12/2027;30.51;
03/03/2026;GDAES_D+1;PVB;ES;04/03/2026;04/03/2026;54.18;
03/03/2026;GMAES;PVB;ES;01/04/2026;30/04/2026;52.06;
03/03/2026;GQES_Q+1;PVB;ES;01/04/2026;30/06/2026;50.56;
03/03/2026;GYES_Y+1;PVB;ES;01/01/2027;31/12/2027;30.56;
02/03/2026;GDAES_D+1;PVB;ES;03/03/2026;03/03/2026;42.92;
02/03/2026;GMAES;PVB;ES;01/04/2026;30/04/2026;43.03;
02/03/2026;GQES_Q+1;PVB;ES;01/04/2026;30/06/2026;41.8;
02/03/2026;GYES_Y+1;PVB;ES;01/01/2027;31/12/2027;28.13;
01/03/2026;GDAES_D+1;PVB;ES;02/03/2026;02/03/2026;39.9;
28/02/2026;GDAES_D+1;PVB;ES;01/03/2026;01/03/2026;33.61;
27/02/2026;GDAES_D+1;PVB;ES;28/02/2026;28/02/2026;30.29;
27/02/2026;GMAES;PVB;ES;01/03/2026;31/03/2026;30.6;
27/02/2026;GQES_Q+1;PVB;ES;01/04/2026;30/06/2026;29.04;
27/02/2026;GYES_Y+1;PVB;ES;01/01/2027;31/12/2027;24.99;
26/02/2026;GDAES_D+1;PVB;ES;27/02/2026;27/02/2026;30.11;
26/02/2026;GMAES;PVB;ES;01/03/2026;31/03/2026;30.29;
26/02/2026;GQES_Q+1;PVB;ES;01/04/2026;30/06/2026;30.19;
26/02/2026;GYES_Y+1;PVB;ES;01/01/2027;31/12/2027;26.6;
25/02/2026;GDAES_D+1;PVB;ES;26/02/2026;26/02/2026;29.31;
25/02/2026;GMAES;PVB;ES;01/03/2026;31/03/2026;28.85;
25/02/2026;GQES_Q+1;PVB;ES;01/04/2026;30/06/2026;29.13;
25/02/2026;GYES_Y+1;PVB;ES;01/01/2027;31/12/2027;26.2;
24/02/2026;GDAES_D+1;PVB;ES;25/02/2026;25/02/2026;29.24;
24/02/2026;GMAES;PVB;ES;01/03/2026;31/03/2026;28.65;
24/02/2026;GQES_Q+1;PVB;ES;01/04/2026;30/06/2026;28.79;
24/02/2026;GYES_Y+1;PVB;ES;01/01/2027;31/12/2027;26.2;
23/02/2026;GDAES_D+1;PVB;ES;24/02/2026;24/02/2026;29.95;
23/02/2026;GMAES;PVB;ES;01/03/2026;31/03/2026;29.43;
23/02/2026;GQES_Q+1;PVB;ES;01/04/2026;30/06/2026;29.71;
23/02/2026;GYES_Y+1;PVB;ES;01/01/2027;31/12/2027;26.7;
22/02/2026;GDAES_D+1;PVB;ES;23/02/2026;23/02/2026;29.35;
21/02/2026;GDAES_D+1;PVB;ES;22/02/2026;22/02/2026;29.59;
20/02/2026;GDAES_D+1;PVB;ES;21/02/2026;21/02/2026;30.15;
20/02/2026;GMAES;PVB;ES;01/03/2026;31/03/2026;29.68;
20/02/2026;GQES_Q+1;PVB;ES;01/04/2026;30/06/2026;29.28;
20/02/2026;GYES_Y+1;PVB;ES;01/01/2027;31/12/2027;26.45;
19/02/2026;GDAES_D+1;PVB;ES;20/02/2026;20/02/2026;31.49;
19/02/2026;GMAES;PVB;ES;01/03/2026;31/03/2026;31.0;
19/02/2026;GQES_Q+1;PVB;ES;01/04/2026;30/06/2026;30.59;
19/02/2026;GYES_Y+1;PVB;ES;01/01/2027;31/12/2027;27.05;
18/02/2026;GDAES_D+1;PVB;ES;19/02/2026;19/02/2026;29.7;
18/02/2026;GMAES;PVB;ES;01/03/2026;31/03/2026;29.1;
18/02/2026;GQES_Q+1;PVB;ES;01/04/2026;30/06/2026;28.78;
18/02/2026;GYES_Y+1;PVB;ES;01/01/2027;31/12/2027;26.0;
17/02/2026;GDAES_D+1;PVB;ES;18/02/2026;18/02/2026;28.23;
17/02/2026;GMAES;PVB;ES;01/03/2026;31/03/2026;27.89;
17/02/2026;GQES_Q+1;PVB;ES;01/04/2026;30/06/2026;27.48;
17/02/2026;GYES_Y+1;PVB;ES;01/01/2027;31/12/2027;25.4;
16/02/2026;GDAES_D+1;PVB;ES;17/02/2026;17/02/2026;29.29;
16/02/2026;GMAES;PVB;ES;01/03/2026;31/03/2026;28.73;
16/02/2026;GQES_Q+1;PVB;ES;01/04/2026;30/06/2026;27.98;
16/02/2026;GYES_Y+1;PVB;ES;01/01/2027;31/12/2027;25.7;
15/02/2026;GDAES_D+1;PVB;ES;16/02/2026;16/02/2026;31.03;
14/02/2026;GDAES_D+1;PVB;ES;15/02/2026;15/02/2026;30.85;
13/02/2026;GDAES_D+1;PVB;ES;14/02/2026;14/02/2026;30.82;
13/02/2026;GMAES;PVB;ES;01/03/2026;31/03/2026;30.13;
13/02/2026;GQES_Q+1;PVB;ES;01/04/2026;30/06/2026;28.68;
13/02/2026;GYES_Y+1;PVB;ES;01/01/2027;31/12/2027;25.95;
12/02/2026;GDAES_D+1;PVB;ES;13/02/2026;13/02/2026;31.19;
12/02/2026;GMAES;PVB;ES;01/03/2026;31/03/2026;30.43;
12/02/2026;GQES_Q+1;PVB;ES;01/04/2026;30/06/2026;28.79;
12/02/2026;GYES_Y+1;PVB;ES;01/01/2027;31/12/2027;26.0;
11/02/2026;GDAES_D+1;PVB;ES;12/02/2026;12/02/2026;30.87;
11/02/2026;GMAES;PVB;ES;01/03/2026;31/03/2026;29.85;
11/02/2026;GQES_Q+1;PVB;ES;01/04/2026;30/06/2026;28.48;
11/02/2026;GYES_Y+1;PVB;ES;01/01/2027;31/12/2027;25.75;
10/02/2026;GDAES_D+1;PVB;ES;11/02/2026;11/02/2026;30.18;
10/02/2026;GMAES;PVB;ES;01/03/2026;31/03/2026;29.68;
10/02/2026;GQES_Q+1;PVB;ES;01/04/2026;30/06/2026;28.36;
10/02/2026;GYES_Y+1;PVB;ES;01/01/2027;31/12/2027;25.55;
09/02/2026;GDAES_D+1;PVB;ES;10/02/2026;10/02/2026;31.95;
09/02/2026;GMAES;PVB;ES;01/03/2026;31/03/2026;31.24;
09/02/2026;GQES_Q+1;PVB;ES;01/04/2026;30/06/2026;29.13;
09/02/2026;GYES_Y+1;PVB;ES;01/01/2027;31/12/2027;26.05;
08/02/2026;GDAES_D+1;PVB;ES;09/02/2026;09/02/2026;33.75;
07/02/2026;GDAES_D+1;PVB;ES;08/02/2026;08/02/2026;33.27;
06/02/2026;GDAES_D+1;PVB;ES;07/02/2026;07/02/2026;34.26;
06/02/2026;GMAES;PVB;ES;01/03/2026;31/03/2026;33.29;
06/02/2026;GQES_Q+1;PVB;ES;01/04/2026;30/06/2026;29.83;
06/02/2026;GYES_Y+1;PVB;ES;01/01/2027;31/12/2027;26.2;
05/02/2026;GDAES_D+1;PVB;ES;06/02/2026;06/02/2026;32.19;
05/02/2026;GMAES;PVB;ES;01/03/2026;31/03/2026;31.65;
05/02/2026;GQES_Q+1;PVB;ES;01/04/2026;30/06/2026;29.28;
05/02/2026;GYES_Y+1;PVB;ES;01/01/2027;31/12/2027;25.8;
04/02/2026;GDAES_D+1;PVB;ES;05/02/2026;05/02/2026;32.4;
04/02/2026;GMAES;PVB;ES;01/03/2026;31/03/2026;31.3;
04/02/2026;GQES_Q+1;PVB;ES;01/04/2026;30/06/2026;29.03;
04/02/2026;GYES_Y+1;PVB;ES;01/01/2027;31/12/2027;25.9;
03/02/2026;GDAES_D+1;PVB;ES;04/02/2026;04/02/2026;31.72;
03/02/2026;GMAES;PVB;ES;01/03/2026;31/03/2026;30.85;
03/02/2026;GQES_Q+1;PVB;ES;01/04/2026;30/06/2026;28.58;
03/02/2026;GYES_Y+1;PVB;ES;01/01/2027;31/12/2027;25.4;
02/02/2026;GDAES_D+1;PVB;ES;03/02/2026;03/02/2026;33.45;
02/02/2026;GMAES;PVB;ES;01/03/2026;31/03/2026;31.52;
02/02/2026;GQES_Q+1;PVB;ES;01/04/2026;30/06/2026;28.43;
02/02/2026;GYES_Y+1;PVB;ES;01/01/2027;31/12/2027;25.55;
01/02/2026;GDAES_D+1;PVB;ES;02/02/2026;02/02/2026;40.19;
31/01/2026;GDAES_D+1;PVB;ES;01/02/2026;01/02/2026;41.06;
30/01/2026;GDAES_D+1;PVB;ES;31/01/2026;31/01/2026;39.39;
30/01/2026;GMAES;PVB;ES;01/02/2026;28/02/2026;38.16;
30/01/2026;GQES_Q+1;PVB;ES;01/04/2026;30/06/2026;31.97;
30/01/2026;GYES_Y+1;PVB;ES;01/01/2027;31/12/2027;26.72;
29/01/2026;GDAES_D+1;PVB;ES;30/01/2026;30/01/2026;39.76;
29/01/2026;GMAES;PVB;ES;01/02/2026;28/02/2026;38.29;
29/01/2026;GQES_Q+1;PVB;ES;01/04/2026;30/06/2026;31.5;
29/01/2026;GYES_Y+1;PVB;ES;01/01/2027;31/12/2027;26.05;
28/01/2026;GDAES_D+1;PVB;ES;29/01/2026;29/01/2026;38.98;
28/01/2026;GMAES;PVB;ES;01/02/2026;28/02/2026;38.03;
28/01/2026;GQES_Q+1;PVB;ES;01/04/2026;30/06/2026;29.6;
28/01/2026;GYES_Y+1;PVB;ES;01/01/2027;31/12/2027;25.45;
27/01/2026;GDAES_D+1;PVB;ES;28/01/2026;28/01/2026;40.29;
27/01/2026;GMAES;PVB;ES;01/02/2026;28/02/2026;38.45;
27/01/2026;GQES_Q+1;PVB;ES;01/04/2026;30/06/2026;29.13;
27/01/2026;GYES_Y+1;PVB;ES;01/01/2027;31/12/2027;25.0;
26/01/2026;GDAES_D+1;PVB;ES;27/01/2026;27/01/2026;41.09;
26/01/2026;GMAES;PVB;ES;01/02/2026;28/02/2026;38.78;
26/01/2026;GQES_Q+1;PVB;ES;01/04/2026;30/06/2026;29.58;
26/01/2026;GYES_Y+1;PVB;ES;01/01/2027;31/12/2027;25.15;
25/01/2026;GDAES_D+1;PVB;ES;26/01/2026;26/01/2026;42.52;
24/01/2026;GDAES_D+1;PVB;ES;25/01/2026;25/01/2026;41.58;
23/01/2026;GDAES_D+1;PVB;ES;24/01/2026;24/01/2026;42.24;
23/01/2026;GMAES;PVB;ES;01/02/2026;28/02/2026;39.57;
23/01/2026;GQES_Q+1;PVB;ES;01/04/2026;30/06/2026;30.08;
23/01/2026;GYES_Y+1;PVB;ES;01/01/2027;31/12/2027;25.7;
22/01/2026;GDAES_D+1;PVB;ES;23/01/2026;23/01/2026;40.46;
22/01/2026;GMAES;PVB;ES;01/02/2026;28/02/2026;37.75;
22/01/2026;GQES_Q+1;PVB;ES;01/04/2026;30/06/2026;30.33;
22/01/2026;GYES_Y+1;PVB;ES;01/01/2027;31/12/2027;26.1;
21/01/2026;GDAES_D+1;PVB;ES;22/01/2026;22/01/2026;41.18;
21/01/2026;GMAES;PVB;ES;01/02/2026;28/02/2026;38.91;
21/01/2026;GQES_Q+1;PVB;ES;01/04/2026;30/06/2026;30.99;
21/01/2026;GYES_Y+1;PVB;ES;01/01/2027;31/12/2027;26.4;
20/01/2026;GDAES_D+1;PVB;ES;21/01/2026;21/01/2026;37.51;
20/01/2026;GMAES;PVB;ES;01/02/2026;28/02/2026;34.4;
20/01/2026;GQES_Q+1;PVB;ES;01/04/2026;30/06/2026;29.2;
20/01/2026;GYES_Y+1;PVB;ES;01/01/2027;31/12/2027;25.25;
19/01/2026;GDAES_D+1;PVB;ES;20/01/2026;20/01/2026;37.23;
19/01/2026;GMAES;PVB;ES;01/02/2026;28/02/2026;34.43;
19/01/2026;GQES_Q+1;PVB;ES;01/04/2026;30/06/2026;28.98;
19/01/2026;GYES_Y+1;PVB;ES;01/01/2027;31/12/2027;24.85;
18/01/2026;GDAES_D+1;PVB;ES;19/01/2026;19/01/2026;39.76;
17/01/2026;GDAES_D+1;PVB;ES;18/01/2026;18/01/2026;40.63;
16/01/2026;GDAES_D+1;PVB;ES;17/01/2026;17/01/2026;39.81;
16/01/2026;GMAES;PVB;ES;01/02/2026;28/02/2026;35.99;
16/01/2026;GQES_Q+1;PVB;ES;01/04/2026;30/06/2026;29.71;
16/01/2026;GYES_Y+1;PVB;ES;01/01/2027;31/12/2027;25.25;
15/01/2026;GDAES_D+1;PVB;ES;16/01/2026;16/01/2026;35.5;
15/01/2026;GMAES;PVB;ES;01/02/2026;28/02/2026;32.6;
15/01/2026;GQES_Q+1;PVB;ES;01/04/2026;30/06/2026;27.58;
15/01/2026;GYES_Y+1;PVB;ES;01/01/2027;31/12/2027;24.2;
14/01/2026;GDAES_D+1;PVB;ES;15/01/2026;15/01/2026;33.64;
14/01/2026;GMAES;PVB;ES;01/02/2026;28/02/2026;31.78;
14/01/2026;GQES_Q+1;PVB;ES;01/04/2026;30/06/2026;26.74;
14/01/2026;GYES_Y+1;PVB;ES;01/01/2027;31/12/2027;24.25;
13/01/2026;GDAES_D+1;PVB;ES;14/01/2026;14/01/2026;33.34;
13/01/2026;GMAES;PVB;ES;01/02/2026;28/02/2026;30.91;
13/01/2026;GQES_Q+1;PVB;ES;01/04/2026;30/06/2026;26.55;
13/01/2026;GYES_Y+1;PVB;ES;01/01/2027;31/12/2027;24.5;
12/01/2026;GDAES_D+1;PVB;ES;13/01/2026;13/01/2026;32.27;
12/01/2026;GMAES;PVB;ES;01/02/2026;28/02/2026;29.88;
12/01/2026;GQES_Q+1;PVB;ES;01/04/2026;30/06/2026;26.55;
12/01/2026;GYES_Y+1;PVB;ES;01/01/2027;31/12/2027;24.4;
11/01/2026;GDAES_D+1;PVB;ES;12/01/2026;12/01/2026;30.83;
10/01/2026;GDAES_D+1;PVB;ES;11/01/2026;11/01/2026;30.73;
09/01/2026;GDAES_D+1;PVB;ES;10/01/2026;10/01/2026;30.46;
09/01/2026;GMAES;PVB;ES;01/02/2026;28/02/2026;28.15;
09/01/2026;GQES_Q+1;PVB;ES;01/04/2026;30/06/2026;25.86;
09/01/2026;GYES_Y+1;PVB;ES;01/01/2027;31/12/2027;24.2;
08/01/2026;GDAES_D+1;PVB;ES;09/01/2026;09/01/2026;29.12;
08/01/2026;GMAES;PVB;ES;01/02/2026;28/02/2026;27.54;
08/01/2026;GQES_Q+1;PVB;ES;01/04/2026;30/06/2026;25.48;
08/01/2026;GYES_Y+1;PVB;ES;01/01/2027;31/12/2027;24.05;
07/01/2026;GDAES_D+1;PVB;ES;08/01/2026;08/01/2026;29.83;
07/01/2026;GMAES;PVB;ES;01/02/2026;28/02/2026;28.6;
07/01/2026;GQES_Q+1;PVB;ES;01/04/2026;30/06/2026;26.28;
07/01/2026;GYES_Y+1;PVB;ES;01/01/2027;31/12/2027;24.45;
06/01/2026;GDAES_D+1;PVB;ES;07/01/2026;07/01/2026;28.99;
06/01/2026;GMAES;PVB;ES;01/02/2026;28/02/2026;27.71;
06/01/2026;GQES_Q+1;PVB;ES;01/04/2026;30/06/2026;25.91;
06/01/2026;GYES_Y+1;PVB;ES;01/01/2027;31/12/2027;24.6;
05/01/2026;GDAES_D+1;PVB;ES;06/01/2026;06/01/2026;29.03;
05/01/2026;GMAES;PVB;ES;01/02/2026;28/02/2026;27.22;
05/01/2026;GQES_Q+1;PVB;ES;01/04/2026;30/06/2026;25.55;
05/01/2026;GYES_Y+1;PVB;ES;01/01/2027;31/12/2027;24.3;
04/01/2026;GDAES_D+1;PVB;ES;05/01/2026;05/01/2026;32.17;
03/01/2026;GDAES_D+1;PVB;ES;04/01/2026;04/01/2026;31.2;
02/01/2026;GDAES_D+1;PVB;ES;03/01/2026;03/01/2026;30.19;
02/01/2026;GMAES;PVB;ES;01/02/2026;28/02/2026;28.7;
02/01/2026;GQES_Q+1;PVB;ES;01/04/2026;30/06/2026;27.17;
02/01/2026;GYES_Y+1;PVB;ES;01/01/2027;31/12/2027;25.62;
01/01/2026;GDAES_D+1;PVB;ES;02/01/2026;02/01/2026;28.86;
31/12/2025;GDAES_D+1;PVB;ES;01/01/2026;01/01/2026;28.96;
31/12/2025;GMAES;PVB;ES;01/01/2026;31/01/2026;28.1;
30/12/2025;GDAES_D+1;PVB;ES;31/12/2025;31/12/2025;27.79;
30/12/2025;GMAES;PVB;ES;01/01/2026;31/01/2026;27.7;
30/12/2025;GQES_Q+1;PVB;ES;01/01/2026;31/03/2026;27.29;
30/12/2025;GYES_Y+1;PVB;ES;01/01/2026;31/12/2026;26.63;
29/12/2025;GDAES_D+1;PVB;ES;30/12/2025;30/12/2025;28.47;
29/12/2025;GMAES;PVB;ES;01/01/2026;31/01/2026;28.35;
29/12/2025;GQES_Q+1;PVB;ES;01/01/2026;31/03/2026;27.89;
29/12/2025;GYES_Y+1;PVB;ES;01/01/2026;31/12/2026;26.87;
28/12/2025;GDAES_D+1;PVB;ES;29/12/2025;29/12/2025;29.81;
27/12/2025;GDAES_D+1;PVB;ES;28/12/2025;28/12/2025;29.82;
26/12/2025;GDAES_D+1;PVB;ES;27/12/2025;27/12/2025;29.69;
25/12/2025;GDAES_D+1;PVB;ES;26/12/2025;26/12/2025;29.39;
24/12/2025;GDAES_D+1;PVB;ES;25/12/2025;25/12/2025;28.42;
24/12/2025;GMAES;PVB;ES;01/01/2026;31/01/2026;27.48;
24/12/2025;GQES_Q+1;PVB;ES;01/01/2026;31/03/2026;27.41;
24/12/2025;GYES_Y+1;PVB;ES;01/01/2026;31/12/2026;26.75;
23/12/2025;GDAES_D+1;PVB;ES;24/12/2025;24/12/2025;27.69;
23/12/2025;GMAES;PVB;ES;01/01/2026;31/01/2026;27.58;
23/12/2025;GQES_Q+1;PVB;ES;01/01/2026;31/03/2026;27.18;
23/12/2025;GYES_Y+1;PVB;ES;01/01/2026;31/12/2026;26.38;
22/12/2025;GDAES_D+1;PVB;ES;23/12/2025;23/12/2025;27.69;
22/12/2025;GMAES;PVB;ES;01/01/2026;31/01/2026;27.23;
22/12/2025;GQES_Q+1;PVB;ES;01/01/2026;31/03/2026;26.98;
22/12/2025;GYES_Y+1;PVB;ES;01/01/2026;31/12/2026;26.18;
21/12/2025;GDAES_D+1;PVB;ES;22/12/2025;22/12/2025;29.08;
20/12/2025;GDAES_D+1;PVB;ES;21/12/2025;21/12/2025;28.95;
19/12/2025;GDAES_D+1;PVB;ES;20/12/2025;20/12/2025;28.01;
19/12/2025;GMAES;PVB;ES;01/01/2026;31/01/2026;27.62;
19/12/2025;GQES_Q+1;PVB;ES;01/01/2026;31/03/2026;27.56;
19/12/2025;GYES_Y+1;PVB;ES;01/01/2026;31/12/2026;26.48;
18/12/2025;GDAES_D+1;PVB;ES;19/12/2025;19/12/2025;27.5;
18/12/2025;GMAES;PVB;ES;01/01/2026;31/01/2026;27.11;
18/12/2025;GQES_Q+1;PVB;ES;01/01/2026;31/03/2026;26.88;
18/12/2025;GYES_Y+1;PVB;ES;01/01/2026;31/12/2026;26.07;
17/12/2025;GDAES_D+1;PVB;ES;18/12/2025;18/12/2025;27.13;
17/12/2025;GMAES;PVB;ES;01/01/2026;31/01/2026;26.83;
17/12/2025;GQES_Q+1;PVB;ES;01/01/2026;31/03/2026;26.68;
17/12/2025;GYES_Y+1;PVB;ES;01/01/2026;31/12/2026;25.68;
16/12/2025;GDAES_D+1;PVB;ES;17/12/2025;17/12/2025;26.62;
16/12/2025;GMAES;PVB;ES;01/01/2026;31/01/2026;26.42;
16/12/2025;GQES_Q+1;PVB;ES;01/01/2026;31/03/2026;26.14;
16/12/2025;GYES_Y+1;PVB;ES;01/01/2026;31/12/2026;25.28;
15/12/2025;GDAES_D+1;PVB;ES;16/12/2025;16/12/2025;27.18;
15/12/2025;GMAES;PVB;ES;01/01/2026;31/01/2026;26.93;
15/12/2025;GQES_Q+1;PVB;ES;01/01/2026;31/03/2026;26.78;
15/12/2025;GYES_Y+1;PVB;ES;01/01/2026;31/12/2026;25.83;
14/12/2025;GDAES_D+1;PVB;ES;15/12/2025;15/12/2025;28.47;
13/12/2025;GDAES_D+1;PVB;ES;14/12/2025;14/12/2025;29.1;
12/12/2025;GDAES_D+1;PVB;ES;13/12/2025;13/12/2025;27.37;
12/12/2025;GMAES;PVB;ES;01/01/2026;31/01/2026;27.18;
12/12/2025;GQES_Q+1;PVB;ES;01/01/2026;31/03/2026;26.93;
12/12/2025;GYES_Y+1;PVB;ES;01/01/2026;31/12/2026;26.13;
11/12/2025;GDAES_D+1;PVB;ES;12/12/2025;12/12/2025;26.59;
11/12/2025;GMAES;PVB;ES;01/01/2026;31/01/2026;26.48;
11/12/2025;GQES_Q+1;PVB;ES;01/01/2026;31/03/2026;26.33;
11/12/2025;GYES_Y+1;PVB;ES;01/01/2026;31/12/2026;25.55;
10/12/2025;GDAES_D+1;PVB;ES;11/12/2025;11/12/2025;26.54;
10/12/2025;GMAES;PVB;ES;01/01/2026;31/01/2026;26.23;
10/12/2025;GQES_Q+1;PVB;ES;01/01/2026;31/03/2026;26.29;
10/12/2025;GYES_Y+1;PVB;ES;01/01/2026;31/12/2026;25.48;
09/12/2025;GDAES_D+1;PVB;ES;10/12/2025;10/12/2025;27.27;
09/12/2025;GMAES;PVB;ES;01/01/2026;31/01/2026;27.13;
09/12/2025;GQES_Q+1;PVB;ES;01/01/2026;31/03/2026;27.0;
09/12/2025;GYES_Y+1;PVB;ES;01/01/2026;31/12/2026;26.33;
08/12/2025;GDAES_D+1;PVB;ES;09/12/2025;09/12/2025;26.71;
08/12/2025;GMAES;PVB;ES;01/01/2026;31/01/2026;26.63;
08/12/2025;GQES_Q+1;PVB;ES;01/01/2026;31/03/2026;26.59;
08/12/2025;GYES_Y+1;PVB;ES;01/01/2026;31/12/2026;26.18;
07/12/2025;GDAES_D+1;PVB;ES;08/12/2025;08/12/2025;27.16;
06/12/2025;GDAES_D+1;PVB;ES;07/12/2025;07/12/2025;27.46;
05/12/2025;GDAES_D+1;PVB;ES;06/12/2025;06/12/2025;27.23;
05/12/2025;GMAES;PVB;ES;01/01/2026;31/01/2026;26.83;
05/12/2025;GQES_Q+1;PVB;ES;01/01/2026;31/03/2026;26.93;
05/12/2025;GYES_Y+1;PVB;ES;01/01/2026;31/12/2026;26.18;
04/12/2025;GDAES_D+1;PVB;ES;05/12/2025;05/12/2025;26.92;
04/12/2025;GMAES;PVB;ES;01/01/2026;31/01/2026;26.68;
04/12/2025;GQES_Q+1;PVB;ES;01/01/2026;31/03/2026;26.73;
04/12/2025;GYES_Y+1;PVB;ES;01/01/2026;31/12/2026;26.13;
03/12/2025;GDAES_D+1;PVB;ES;04/12/2025;04/12/2025;28.04;
03/12/2025;GMAES;PVB;ES;01/01/2026;31/01/2026;27.88;
03/12/2025;GQES_Q+1;PVB;ES;01/01/2026;31/03/2026;27.68;
03/12/2025;GYES_Y+1;PVB;ES;01/01/2026;31/12/2026;27.08;
02/12/2025;GDAES_D+1;PVB;ES;03/12/2025;03/12/2025;27.69;
02/12/2025;GMAES;PVB;ES;01/01/2026;31/01/2026;27.73;
02/12/2025;GQES_Q+1;PVB;ES;01/01/2026;31/03/2026;27.48;
02/12/2025;GYES_Y+1;PVB;ES;01/01/2026;31/12/2026;26.88;
01/12/2025;GDAES_D+1;PVB;ES;02/12/2025;02/12/2025;28.15;
01/12/2025;GMAES;PVB;ES;01/01/2026;31/01/2026;27.87;
01/12/2025;GQES_Q+1;PVB;ES;01/01/2026;31/03/2026;27.73;
01/12/2025;GYES_Y+1;PVB;ES;01/01/2026;31/12/2026;26.93;
30/11/2025;GDAES_D+1;PVB;ES;01/12/2025;01/12/2025;28.91;
29/11/2025;GDAES_D+1;PVB;ES;30/11/2025;30/11/2025;29.04;
28/11/2025;GDAES_D+1;PVB;ES;29/11/2025;29/11/2025;28.95;
28/11/2025;GMAES;PVB;ES;01/12/2025;31/12/2025;28.3;
28/11/2025;GQES_Q+1;PVB;ES;01/01/2026;31/03/2026;28.18;
28/11/2025;GYES_Y+1;PVB;ES;01/01/2026;31/12/2026;27.33;
27/11/2025;GDAES_D+1;PVB;ES;28/11/2025;28/11/2025;28.82;
27/11/2025;GMAES;PVB;ES;01/12/2025;31/12/2025;28.7;
27/11/2025;GQES_Q+1;PVB;ES;01/01/2026;31/03/2026;28.67;
27/11/2025;GYES_Y+1;PVB;ES;01/01/2026;31/12/2026;27.73;
26/11/2025;GDAES_D+1;PVB;ES;27/11/2025;27/11/2025;29.12;
26/11/2025;GMAES;PVB;ES;01/12/2025;31/12/2025;28.88;
26/11/2025;GQES_Q+1;PVB;ES;01/01/2026;31/03/2026;28.73;
26/11/2025;GYES_Y+1;PVB;ES;01/01/2026;31/12/2026;27.78;
25/11/2025;GDAES_D+1;PVB;ES;26/11/2025;26/11/2025;29.23;
25/11/2025;GMAES;PVB;ES;01/12/2025;31/12/2025;28.88;
25/11/2025;GQES_Q+1;PVB;ES;01/01/2026;31/03/2026;29.08;
25/11/2025;GYES_Y+1;PVB;ES;01/01/2026;31/12/2026;27.93;
24/11/2025;GDAES_D+1;PVB;ES;25/11/2025;25/11/2025;29.37;
24/11/2025;GMAES;PVB;ES;01/12/2025;31/12/2025;29.28;
24/11/2025;GQES_Q+1;PVB;ES;01/01/2026;31/03/2026;29.33;
24/11/2025;GYES_Y+1;PVB;ES;01/01/2026;31/12/2026;28.28;
23/11/2025;GDAES_D+1;PVB;ES;24/11/2025;24/11/2025;29.83;
22/11/2025;GDAES_D+1;PVB;ES;23/11/2025;23/11/2025;30.2;
21/11/2025;GDAES_D+1;PVB;ES;22/11/2025;22/11/2025;29.78;
21/11/2025;GMAES;PVB;ES;01/12/2025;31/12/2025;29.58;
21/11/2025;GQES_Q+1;PVB;ES;01/01/2026;31/03/2026;29.68;
21/11/2025;GYES_Y+1;PVB;ES;01/01/2026;31/12/2026;28.53;
20/11/2025;GDAES_D+1;PVB;ES;21/11/2025;21/11/2025;30.43;
20/11/2025;GMAES;PVB;ES;01/12/2025;31/12/2025;30.42;
20/11/2025;GQES_Q+1;PVB;ES;01/01/2026;31/03/2026;30.8;
20/11/2025;GYES_Y+1;PVB;ES;01/01/2026;31/12/2026;29.35;
19/11/2025;GDAES_D+1;PVB;ES;20/11/2025;20/11/2025;30.42;
19/11/2025;GMAES;PVB;ES;01/12/2025;31/12/2025;30.3;
19/11/2025;GQES_Q+1;PVB;ES;01/01/2026;31/03/2026;30.43;
19/11/2025;GYES_Y+1;PVB;ES;01/01/2026;31/12/2026;29.23;
18/11/2025;GDAES_D+1;PVB;ES;19/11/2025;19/11/2025;31.08;
18/11/2025;GMAES;PVB;ES;01/12/2025;31/12/2025;30.93;
18/11/2025;GQES_Q+1;PVB;ES;01/01/2026;31/03/2026;31.03;
18/11/2025;GYES_Y+1;PVB;ES;01/01/2026;31/12/2026;29.75;
17/11/2025;GDAES_D+1;PVB;ES;18/11/2025;18/11/2025;30.94;
17/11/2025;GMAES;PVB;ES;01/12/2025;31/12/2025;30.75;
17/11/2025;GQES_Q+1;PVB;ES;01/01/2026;31/03/2026;30.9;
17/11/2025;GYES_Y+1;PVB;ES;01/01/2026;31/12/2026;29.75;
16/11/2025;GDAES_D+1;PVB;ES;17/11/2025;17/11/2025;30.5;
15/11/2025;GDAES_D+1;PVB;ES;16/11/2025;16/11/2025;30.54;
14/11/2025;GDAES_D+1;PVB;ES;15/11/2025;15/11/2025;30.23;
14/11/2025;GMAES;PVB;ES;01/12/2025;31/12/2025;30.42;
14/11/2025;GQES_Q+1;PVB;ES;01/01/2026;31/03/2026;30.48;
14/11/2025;GYES_Y+1;PVB;ES;01/01/2026;31/12/2026;29.48;
13/11/2025;GDAES_D+1;PVB;ES;14/11/2025;14/11/2025;29.42;
13/11/2025;GMAES;PVB;ES;01/12/2025;31/12/2025;29.83;
13/11/2025;GQES_Q+1;PVB;ES;01/01/2026;31/03/2026;29.98;
13/11/2025;GYES_Y+1;PVB;ES;01/01/2026;31/12/2026;29.13;
12/11/2025;GDAES_D+1;PVB;ES;13/11/2025;13/11/2025;29.81;
12/11/2025;GMAES;PVB;ES;01/12/2025;31/12/2025;30.26;
12/11/2025;GQES_Q+1;PVB;ES;01/01/2026;31/03/2026;30.53;
12/11/2025;GYES_Y+1;PVB;ES;01/01/2026;31/12/2026;29.48;
11/11/2025;GDAES_D+1;PVB;ES;12/11/2025;12/11/2025;30.15;
11/11/2025;GMAES;PVB;ES;01/12/2025;31/12/2025;30.49;
11/11/2025;GQES_Q+1;PVB;ES;01/01/2026;31/03/2026;30.7;
11/11/2025;GYES_Y+1;PVB;ES;01/01/2026;31/12/2026;29.75;
10/11/2025;GDAES_D+1;PVB;ES;11/11/2025;11/11/2025;30.23;
10/11/2025;GMAES;PVB;ES;01/12/2025;31/12/2025;30.58;
10/11/2025;GQES_Q+1;PVB;ES;01/01/2026;31/03/2026;30.72;
10/11/2025;GYES_Y+1;PVB;ES;01/01/2026;31/12/2026;29.87;
09/11/2025;GDAES_D+1;PVB;ES;10/11/2025;10/11/2025;30.72;
08/11/2025;GDAES_D+1;PVB;ES;09/11/2025;09/11/2025;30.31;
07/11/2025;GDAES_D+1;PVB;ES;08/11/2025;08/11/2025;30.31;
07/11/2025;GMAES;PVB;ES;01/12/2025;31/12/2025;30.44;
07/11/2025;GQES_Q+1;PVB;ES;01/01/2026;31/03/2026;30.58;
07/11/2025;GYES_Y+1;PVB;ES;01/01/2026;31/12/2026;29.63;
06/11/2025;GDAES_D+1;PVB;ES;07/11/2025;07/11/2025;30.67;
06/11/2025;GMAES;PVB;ES;01/12/2025;31/12/2025;30.95;
06/11/2025;GQES_Q+1;PVB;ES;01/01/2026;31/03/2026;31.13;
06/11/2025;GYES_Y+1;PVB;ES;01/01/2026;31/12/2026;29.93;
05/11/2025;GDAES_D+1;PVB;ES;06/11/2025;06/11/2025;30.83;
05/11/2025;GMAES;PVB;ES;01/12/2025;31/12/2025;30.98;
05/11/2025;GQES_Q+1;PVB;ES;01/01/2026;31/03/2026;31.34;
05/11/2025;GYES_Y+1;PVB;ES;01/01/2026;31/12/2026;30.1;
04/11/2025;GDAES_D+1;PVB;ES;05/11/2025;05/11/2025;31.41;
04/11/2025;GMAES;PVB;ES;01/12/2025;31/12/2025;31.68;
04/11/2025;GQES_Q+1;PVB;ES;01/01/2026;31/03/2026;31.68;
04/11/2025;GYES_Y+1;PVB;ES;01/01/2026;31/12/2026;30.53;
03/11/2025;GDAES_D+1;PVB;ES;04/11/2025;04/11/2025;30.9;
03/11/2025;GMAES;PVB;ES;01/12/2025;31/12/2025;30.93;
03/11/2025;GQES_Q+1;PVB;ES;01/01/2026;31/03/2026;31.08;
03/11/2025;GYES_Y+1;PVB;ES;01/01/2026;31/12/2026;30.03;
02/11/2025;GDAES_D+1;PVB;ES;03/11/2025;03/11/2025;30.64;
01/11/2025;GDAES_D+1;PVB;ES;02/11/2025;02/11/2025;30.43;
31/10/2025;GDAES_D+1;PVB;ES;01/11/2025;01/11/2025;30.17;
31/10/2025;GMAES;PVB;ES;01/11/2025;30/11/2025;30.28;
31/10/2025;GQES_Q+1;PVB;ES;01/01/2026;31/03/2026;30.37;
31/10/2025;GYES_Y+1;PVB;ES;01/01/2026;31/12/2026;29.5;
30/10/2025;GDAES_D+1;PVB;ES;31/10/2025;31/10/2025;30.59;
30/10/2025;GMAES;PVB;ES;01/11/2025;30/11/2025;30.35;
30/10/2025;GQES_Q+1;PVB;ES;01/01/2026;31/03/2026;30.91;
30/10/2025;GYES_Y+1;PVB;ES;01/01/2026;31/12/2026;29.97;
29/10/2025;GDAES_D+1;PVB;ES;30/10/2025;30/10/2025;31.38;
29/10/2025;GMAES;PVB;ES;01/11/2025;30/11/2025;30.89;
29/10/2025;GQES_Q+1;PVB;ES;01/01/2026;31/03/2026;31.28;
29/10/2025;GYES_Y+1;PVB;ES;01/01/2026;31/12/2026;30.18;
28/10/2025;GDAES_D+1;PVB;ES;29/10/2025;29/10/2025;30.97;
28/10/2025;GMAES;PVB;ES;01/11/2025;30/11/2025;30.53;
28/10/2025;GQES_Q+1;PVB;ES;01/01/2026;31/03/2026;31.03;
28/10/2025;GYES_Y+1;PVB;ES;01/01/2026;31/12/2026;29.88;
27/10/2025;GDAES_D+1;PVB;ES;28/10/2025;28/10/2025;30.7;
27/10/2025;GMAES;PVB;ES;01/11/2025;30/11/2025;30.3;
27/10/2025;GQES_Q+1;PVB;ES;01/01/2026;31/03/2026;30.84;
27/10/2025;GYES_Y+1;PVB;ES;01/01/2026;31/12/2026;29.78;
26/10/2025;GDAES_D+1;PVB;ES;27/10/2025;27/10/2025;31.57;
25/10/2025;GDAES_D+1;PVB;ES;26/10/2025;26/10/2025;32.07;
24/10/2025;GDAES_D+1;PVB;ES;25/10/2025;25/10/2025;31.2;
24/10/2025;GMAES;PVB;ES;01/11/2025;30/11/2025;31.13;
24/10/2025;GQES_Q+1;PVB;ES;01/01/2026;31/03/2026;31.6;
24/10/2025;GYES_Y+1;PVB;ES;01/01/2026;31/12/2026;30.38;
23/10/2025;GDAES_D+1;PVB;ES;24/10/2025;24/10/2025;31.64;
23/10/2025;GMAES;PVB;ES;01/11/2025;30/11/2025;31.55;
23/10/2025;GQES_Q+1;PVB;ES;01/01/2026;31/03/2026;31.83;
23/10/2025;GYES_Y+1;PVB;ES;01/01/2026;31/12/2026;30.68;
22/10/2025;GDAES_D+1;PVB;ES;23/10/2025;23/10/2025;30.94;
22/10/2025;GMAES;PVB;ES;01/11/2025;30/11/2025;30.81;
22/10/2025;GQES_Q+1;PVB;ES;01/01/2026;31/03/2026;31.42;
22/10/2025;GYES_Y+1;PVB;ES;01/01/2026;31/12/2026;30.18;
21/10/2025;GDAES_D+1;PVB;ES;22/10/2025;22/10/2025;31.39;
21/10/2025;GMAES;PVB;ES;01/11/2025;30/11/2025;31.18;
21/10/2025;GQES_Q+1;PVB;ES;01/01/2026;31/03/2026;31.68;
21/10/2025;GYES_Y+1;PVB;ES;01/01/2026;31/12/2026;30.45;
20/10/2025;GDAES_D+1;PVB;ES;21/10/2025;21/10/2025;30.83;
20/10/2025;GMAES;PVB;ES;01/11/2025;30/11/2025;30.58;
20/10/2025;GQES_Q+1;PVB;ES;01/01/2026;31/03/2026;31.04;
20/10/2025;GYES_Y+1;PVB;ES;01/01/2026;31/12/2026;29.93;
19/10/2025;GDAES_D+1;PVB;ES;20/10/2025;20/10/2025;31.22;
18/10/2025;GDAES_D+1;PVB;ES;19/10/2025;19/10/2025;31.1;
17/10/2025;GDAES_D+1;PVB;ES;18/10/2025;18/10/2025;31.39;
17/10/2025;GMAES;PVB;ES;01/11/2025;30/11/2025;31.03;
17/10/2025;GQES_Q+1;PVB;ES;01/01/2026;31/03/2026;31.38;
17/10/2025;GYES_Y+1;PVB;ES;01/01/2026;31/12/2026;29.97;
16/10/2025;GDAES_D+1;PVB;ES;17/10/2025;17/10/2025;31.68;
16/10/2025;GMAES;PVB;ES;01/11/2025;30/11/2025;31.66;
16/10/2025;GQES_Q+1;PVB;ES;01/01/2026;31/03/2026;31.68;
16/10/2025;GYES_Y+1;PVB;ES;01/01/2026;31/12/2026;30.28;
15/10/2025;GDAES_D+1;PVB;ES;16/10/2025;16/10/2025;31.15;
15/10/2025;GMAES;PVB;ES;01/11/2025;30/11/2025;30.94;
15/10/2025;GQES_Q+1;PVB;ES;01/01/2026;31/03/2026;31.38;
15/10/2025;GYES_Y+1;PVB;ES;01/01/2026;31/12/2026;30.2;
14/10/2025;GDAES_D+1;PVB;ES;15/10/2025;15/10/2025;30.92;
14/10/2025;GMAES;PVB;ES;01/11/2025;30/11/2025;30.93;
14/10/2025;GQES_Q+1;PVB;ES;01/01/2026;31/03/2026;31.49;
14/10/2025;GYES_Y+1;PVB;ES;01/01/2026;31/12/2026;30.34;
13/10/2025;GDAES_D+1;PVB;ES;14/10/2025;14/10/2025;30.64;
13/10/2025;GMAES;PVB;ES;01/11/2025;30/11/2025;30.58;
13/10/2025;GQES_Q+1;PVB;ES;01/01/2026;31/03/2026;31.13;
13/10/2025;GYES_Y+1;PVB;ES;01/01/2026;31/12/2026;29.98;
12/10/2025;GDAES_D+1;PVB;ES;13/10/2025;13/10/2025;31.17;
11/10/2025;GDAES_D+1;PVB;ES;12/10/2025;12/10/2025;31.01;
10/10/2025;GDAES_D+1;PVB;ES;11/10/2025;11/10/2025;31.09;
10/10/2025;GMAES;PVB;ES;01/11/2025;30/11/2025;31.09;
10/10/2025;GQES_Q+1;PVB;ES;01/01/2026;31/03/2026;31.6;
10/10/2025;GYES_Y+1;PVB;ES;01/01/2026;31/12/2026;30.54;
09/10/2025;GDAES_D+1;PVB;ES;10/10/2025;10/10/2025;31.4;
09/10/2025;GMAES;PVB;ES;01/11/2025;30/11/2025;31.54;
09/10/2025;GQES_Q+1;PVB;ES;01/01/2026;31/03/2026;31.95;
09/10/2025;GYES_Y+1;PVB;ES;01/01/2026;31/12/2026;30.63;
08/10/2025;GDAES_D+1;PVB;ES;09/10/2025;09/10/2025;31.73;
08/10/2025;GMAES;PVB;ES;01/11/2025;30/11/2025;31.7;
08/10/2025;GQES_Q+1;PVB;ES;01/01/2026;31/03/2026;32.03;
08/10/2025;GYES_Y+1;PVB;ES;01/01/2026;31/12/2026;30.93;
07/10/2025;GDAES_D+1;PVB;ES;08/10/2025;08/10/2025;32.38;
07/10/2025;GMAES;PVB;ES;01/11/2025;30/11/2025;32.23;
07/10/2025;GQES_Q+1;PVB;ES;01/01/2026;31/03/2026;32.73;
07/10/2025;GYES_Y+1;PVB;ES;01/01/2026;31/12/2026;31.38;
06/10/2025;GDAES_D+1;PVB;ES;07/10/2025;07/10/2025;32.31;
06/10/2025;GMAES;PVB;ES;01/11/2025;30/11/2025;32.4;
06/10/2025;GQES_Q+1;PVB;ES;01/01/2026;31/03/2026;32.63;
06/10/2025;GYES_Y+1;PVB;ES;01/01/2026;31/12/2026;31.23;
05/10/2025;GDAES_D+1;PVB;ES;06/10/2025;06/10/2025;31.99;
04/10/2025;GDAES_D+1;PVB;ES;05/10/2025;05/10/2025;31.23;
03/10/2025;GDAES_D+1;PVB;ES;04/10/2025;04/10/2025;30.24;
03/10/2025;GMAES;PVB;ES;01/11/2025;30/11/2025;30.43;
03/10/2025;GQES_Q+1;PVB;ES;01/01/2026;31/03/2026;31.35;
03/10/2025;GYES_Y+1;PVB;ES;01/01/2026;31/12/2026;30.15;
02/10/2025;GDAES_D+1;PVB;ES;03/10/2025;03/10/2025;30.34;
02/10/2025;GMAES;PVB;ES;01/11/2025;30/11/2025;30.4;
02/10/2025;GQES_Q+1;PVB;ES;01/01/2026;31/03/2026;31.08;
02/10/2025;GYES_Y+1;PVB;ES;01/01/2026;31/12/2026;30.1;
01/10/2025;GDAES_D+1;PVB;ES;02/10/2025;02/10/2025;30.82;
01/10/2025;GMAES;PVB;ES;01/11/2025;30/11/2025;30.6;
01/10/2025;GQES_Q+1;PVB;ES;01/01/2026;31/03/2026;31.28;
01/10/2025;GYES_Y+1;PVB;ES;01/01/2026;31/12/2026;30.33;
30/09/2025;GDAES_D+1;PVB;ES;01/10/2025;01/10/2025;30.83;
30/09/2025;GMAES;PVB;ES;01/10/2025;31/10/2025;30.9;
30/09/2025;GYES_Y+1;PVB;ES;01/01/2026;31/12/2026;30.8;
29/09/2025;GDAES_D+1;PVB;ES;30/09/2025;30/09/2025;31.72;
29/09/2025;GMAES;PVB;ES;01/10/2025;31/10/2025;31.41;
29/09/2025;GQES_Q+1;PVB;ES;01/10/2025;31/12/2025;31.78;
29/09/2025;GYES_Y+1;PVB;ES;01/01/2026;31/12/2026;31.0;
28/09/2025;GDAES_D+1;PVB;ES;29/09/2025;29/09/2025;32.1;
27/09/2025;GDAES_D+1;PVB;ES;28/09/2025;28/09/2025;31.98;
26/09/2025;GDAES_D+1;PVB;ES;27/09/2025;27/09/2025;32.14;
26/09/2025;GMAES;PVB;ES;01/10/2025;31/10/2025;31.83;
26/09/2025;GQES_Q+1;PVB;ES;01/10/2025;31/12/2025;32.28;
26/09/2025;GYES_Y+1;PVB;ES;01/01/2026;31/12/2026;31.45;
25/09/2025;GDAES_D+1;PVB;ES;26/09/2025;26/09/2025;31.99;
25/09/2025;GMAES;PVB;ES;01/10/2025;31/10/2025;31.83;
25/09/2025;GQES_Q+1;PVB;ES;01/10/2025;31/12/2025;32.15;
25/09/2025;GYES_Y+1;PVB;ES;01/01/2026;31/12/2026;31.35;
24/09/2025;GDAES_D+1;PVB;ES;25/09/2025;25/09/2025;31.49;
24/09/2025;GMAES;PVB;ES;01/10/2025;31/10/2025;31.25;
24/09/2025;GQES_Q+1;PVB;ES;01/10/2025;31/12/2025;31.73;
24/09/2025;GYES_Y+1;PVB;ES;01/01/2026;31/12/2026;31.29;
23/09/2025;GDAES_D+1;PVB;ES;24/09/2025;24/09/2025;31.87;
23/09/2025;GMAES;PVB;ES;01/10/2025;31/10/2025;31.73;
23/09/2025;GQES_Q+1;PVB;ES;01/10/2025;31/12/2025;31.98;
23/09/2025;GYES_Y+1;PVB;ES;01/01/2026;31/12/2026;31.28;
22/09/2025;GDAES_D+1;PVB;ES;23/09/2025;23/09/2025;31.5;
22/09/2025;GMAES;PVB;ES;01/10/2025;31/10/2025;31.09;
22/09/2025;GQES_Q+1;PVB;ES;01/10/2025;31/12/2025;31.6;
22/09/2025;GYES_Y+1;PVB;ES;01/01/2026;31/12/2026;31.03;
21/09/2025;GDAES_D+1;PVB;ES;22/09/2025;22/09/2025;31.96;
20/09/2025;GDAES_D+1;PVB;ES;21/09/2025;21/09/2025;32.05;
19/09/2025;GDAES_D+1;PVB;ES;20/09/2025;20/09/2025;31.92;
19/09/2025;GMAES;PVB;ES;01/10/2025;31/10/2025;31.43;
19/09/2025;GQES_Q+1;PVB;ES;01/10/2025;31/12/2025;31.98;
19/09/2025;GYES_Y+1;PVB;ES;01/01/2026;31/12/2026;31.33;
18/09/2025;GDAES_D+1;PVB;ES;19/09/2025;19/09/2025;32.47;
18/09/2025;GMAES;PVB;ES;01/10/2025;31/10/2025;32.2;
18/09/2025;GQES_Q+1;PVB;ES;01/10/2025;31/12/2025;32.86;
18/09/2025;GYES_Y+1;PVB;ES;01/01/2026;31/12/2026;31.73;
17/09/2025;GDAES_D+1;PVB;ES;18/09/2025;18/09/2025;31.95;
17/09/2025;GMAES;PVB;ES;01/10/2025;31/10/2025;31.83;
17/09/2025;GQES_Q+1;PVB;ES;01/10/2025;31/12/2025;32.46;
17/09/2025;GYES_Y+1;PVB;ES;01/01/2026;31/12/2026;31.48;
16/09/2025;GDAES_D+1;PVB;ES;17/09/2025;17/09/2025;31.78;
16/09/2025;GMAES;PVB;ES;01/10/2025;31/10/2025;31.61;
16/09/2025;GQES_Q+1;PVB;ES;01/10/2025;31/12/2025;32.3;
16/09/2025;GYES_Y+1;PVB;ES;01/01/2026;31/12/2026;31.38;
15/09/2025;GDAES_D+1;PVB;ES;16/09/2025;16/09/2025;31.53;
15/09/2025;GMAES;PVB;ES;01/10/2025;31/10/2025;31.54;
15/09/2025;GQES_Q+1;PVB;ES;01/10/2025;31/12/2025;32.13;
15/09/2025;GYES_Y+1;PVB;ES;01/01/2026;31/12/2026;31.08;
14/09/2025;GDAES_D+1;PVB;ES;15/09/2025;15/09/2025;32.18;
13/09/2025;GDAES_D+1;PVB;ES;14/09/2025;14/09/2025;32.23;
12/09/2025;GDAES_D+1;PVB;ES;13/09/2025;13/09/2025;32.27;
12/09/2025;GMAES;PVB;ES;01/10/2025;31/10/2025;32.03;
12/09/2025;GQES_Q+1;PVB;ES;01/10/2025;31/12/2025;32.66;
12/09/2025;GYES_Y+1;PVB;ES;01/01/2026;31/12/2026;31.48;
11/09/2025;GDAES_D+1;PVB;ES;12/09/2025;12/09/2025;31.75;
11/09/2025;GMAES;PVB;ES;01/10/2025;31/10/2025;31.59;
11/09/2025;GQES_Q+1;PVB;ES;01/10/2025;31/12/2025;32.69;
11/09/2025;GYES_Y+1;PVB;ES;01/01/2026;31/12/2026;32.03;
10/09/2025;GDAES_D+1;PVB;ES;11/09/2025;11/09/2025;32.7;
10/09/2025;GMAES;PVB;ES;01/10/2025;31/10/2025;32.43;
10/09/2025;GQES_Q+1;PVB;ES;01/10/2025;31/12/2025;32.94;
10/09/2025;GYES_Y+1;PVB;ES;01/01/2026;31/12/2026;31.95;
09/09/2025;GDAES_D+1;PVB;ES;10/09/2025;10/09/2025;32.58;
09/09/2025;GMAES;PVB;ES;01/10/2025;31/10/2025;32.28;
09/09/2025;GQES_Q+1;PVB;ES;01/10/2025;31/12/2025;32.8;
09/09/2025;GYES_Y+1;PVB;ES;01/01/2026;31/12/2026;31.63;
08/09/2025;GDAES_D+1;PVB;ES;09/09/2025;09/09/2025;32.47;
08/09/2025;GMAES;PVB;ES;01/10/2025;31/10/2025;32.28;
08/09/2025;GQES_Q+1;PVB;ES;01/10/2025;31/12/2025;32.78;
08/09/2025;GYES_Y+1;PVB;ES;01/01/2026;31/12/2026;31.53;
07/09/2025;GDAES_D+1;PVB;ES;08/09/2025;08/09/2025;31.19;
06/09/2025;GDAES_D+1;PVB;ES;07/09/2025;07/09/2025;31.4;
05/09/2025;GDAES_D+1;PVB;ES;06/09/2025;06/09/2025;31.36;
05/09/2025;GMAES;PVB;ES;01/10/2025;31/10/2025;31.08;
05/09/2025;GQES_Q+1;PVB;ES;01/10/2025;31/12/2025;31.98;
05/09/2025;GYES_Y+1;PVB;ES;01/01/2026;31/12/2026;31.13;
04/09/2025;GDAES_D+1;PVB;ES;05/09/2025;05/09/2025;31.82;
04/09/2025;GMAES;PVB;ES;01/10/2025;31/10/2025;31.68;
04/09/2025;GQES_Q+1;PVB;ES;01/10/2025;31/12/2025;32.37;
04/09/2025;GYES_Y+1;PVB;ES;01/01/2026;31/12/2026;31.43;
03/09/2025;GDAES_D+1;PVB;ES;04/09/2025;04/09/2025;31.19;
03/09/2025;GMAES;PVB;ES;01/10/2025;31/10/2025;31.28;
03/09/2025;GQES_Q+1;PVB;ES;01/10/2025;31/12/2025;32.02;
03/09/2025;GYES_Y+1;PVB;ES;01/01/2026;31/12/2026;31.03;
02/09/2025;GDAES_D+1;PVB;ES;03/09/2025;03/09/2025;31.22;
02/09/2025;GMAES;PVB;ES;01/10/2025;31/10/2025;31.08;
02/09/2025;GQES_Q+1;PVB;ES;01/10/2025;31/12/2025;31.8;
02/09/2025;GYES_Y+1;PVB;ES;01/01/2026;31/12/2026;30.98;
01/09/2025;GDAES_D+1;PVB;ES;02/09/2025;02/09/2025;31.59;
01/09/2025;GMAES;PVB;ES;01/10/2025;31/10/2025;31.33;
01/09/2025;GQES_Q+1;PVB;ES;01/10/2025;31/12/2025;32.1;
01/09/2025;GYES_Y+1;PVB;ES;01/01/2026;31/12/2026;31.08;
31/08/2025;GDAES_D+1;PVB;ES;01/09/2025;01/09/2025;30.87;
30/08/2025;GDAES_D+1;PVB;ES;31/08/2025;31/08/2025;30.93;
29/08/2025;GDAES_D+1;PVB;ES;30/08/2025;30/08/2025;31.08;
29/08/2025;GMAES;PVB;ES;01/09/2025;30/09/2025;30.88;
29/08/2025;GQES_Q+1;PVB;ES;01/10/2025;31/12/2025;31.48;
29/08/2025;GYES_Y+1;PVB;ES;01/01/2026;31/12/2026;30.54;
28/08/2025;GDAES_D+1;PVB;ES;29/08/2025;29/08/2025;31.09;
28/08/2025;GMAES;PVB;ES;01/09/2025;30/09/2025;30.7;
28/08/2025;GQES_Q+1;PVB;ES;01/10/2025;31/12/2025;31.64;
28/08/2025;GYES_Y+1;PVB;ES;01/01/2026;31/12/2026;30.5;
27/08/2025;GDAES_D+1;PVB;ES;28/08/2025;28/08/2025;31.97;
27/08/2025;GMAES;PVB;ES;01/09/2025;30/09/2025;31.8;
27/08/2025;GQES_Q+1;PVB;ES;01/10/2025;31/12/2025;32.31;
27/08/2025;GYES_Y+1;PVB;ES;01/01/2026;31/12/2026;31.13;
26/08/2025;GDAES_D+1;PVB;ES;27/08/2025;27/08/2025;32.82;
26/08/2025;GMAES;PVB;ES;01/09/2025;30/09/2025;32.73;
26/08/2025;GQES_Q+1;PVB;ES;01/10/2025;31/12/2025;33.38;
26/08/2025;GYES_Y+1;PVB;ES;01/01/2026;31/12/2026;32.28;
25/08/2025;GDAES_D+1;PVB;ES;26/08/2025;26/08/2025;33.38;
25/08/2025;GMAES;PVB;ES;01/09/2025;30/09/2025;33.13;
25/08/2025;GQES_Q+1;PVB;ES;01/10/2025;31/12/2025;33.54;
25/08/2025;GYES_Y+1;PVB;ES;01/01/2026;31/12/2026;32.25;
24/08/2025;GDAES_D+1;PVB;ES;25/08/2025;25/08/2025;33.49;
23/08/2025;GDAES_D+1;PVB;ES;24/08/2025;24/08/2025;33.47;
22/08/2025;GDAES_D+1;PVB;ES;23/08/2025;23/08/2025;32.93;
22/08/2025;GMAES;PVB;ES;01/09/2025;30/09/2025;32.7;
22/08/2025;GQES_Q+1;PVB;ES;01/10/2025;31/12/2025;33.55;
22/08/2025;GYES_Y+1;PVB;ES;01/01/2026;31/12/2026;32.2;
21/08/2025;GDAES_D+1;PVB;ES;22/08/2025;22/08/2025;32.51;
21/08/2025;GMAES;PVB;ES;01/09/2025;30/09/2025;32.5;
21/08/2025;GQES_Q+1;PVB;ES;01/10/2025;31/12/2025;33.0;
21/08/2025;GYES_Y+1;PVB;ES;01/01/2026;31/12/2026;31.68;
20/08/2025;GDAES_D+1;PVB;ES;21/08/2025;21/08/2025;31.74;
20/08/2025;GMAES;PVB;ES;01/09/2025;30/09/2025;31.31;
20/08/2025;GQES_Q+1;PVB;ES;01/10/2025;31/12/2025;32.56;
20/08/2025;GYES_Y+1;PVB;ES;01/01/2026;31/12/2026;31.57;
19/08/2025;GDAES_D+1;PVB;ES;20/08/2025;20/08/2025;30.87;
19/08/2025;GMAES;PVB;ES;01/09/2025;30/09/2025;30.68;
19/08/2025;GQES_Q+1;PVB;ES;01/10/2025;31/12/2025;31.74;
19/08/2025;GYES_Y+1;PVB;ES;01/01/2026;31/12/2026;30.9;
18/08/2025;GDAES_D+1;PVB;ES;19/08/2025;19/08/2025;30.89;
18/08/2025;GMAES;PVB;ES;01/09/2025;30/09/2025;30.53;
18/08/2025;GQES_Q+1;PVB;ES;01/10/2025;31/12/2025;31.48;
18/08/2025;GYES_Y+1;PVB;ES;01/01/2026;31/12/2026;30.45;
17/08/2025;GDAES_D+1;PVB;ES;18/08/2025;18/08/2025;32.28;
16/08/2025;GDAES_D+1;PVB;ES;17/08/2025;17/08/2025;31.54;
15/08/2025;GDAES_D+1;PVB;ES;16/08/2025;16/08/2025;30.7;
15/08/2025;GMAES;PVB;ES;01/09/2025;30/09/2025;30.83;
15/08/2025;GQES_Q+1;PVB;ES;01/10/2025;31/12/2025;31.97;
15/08/2025;GYES_Y+1;PVB;ES;01/01/2026;31/12/2026;30.97;
14/08/2025;GDAES_D+1;PVB;ES;15/08/2025;15/08/2025;31.99;
14/08/2025;GMAES;PVB;ES;01/09/2025;30/09/2025;31.83;
14/08/2025;GQES_Q+1;PVB;ES;01/10/2025;31/12/2025;32.98;
14/08/2025;GYES_Y+1;PVB;ES;01/01/2026;31/12/2026;31.75;
13/08/2025;GDAES_D+1;PVB;ES;14/08/2025;14/08/2025;32.6;
13/08/2025;GMAES;PVB;ES;01/09/2025;30/09/2025;32.29;
13/08/2025;GQES_Q+1;PVB;ES;01/10/2025;31/12/2025;33.4;
13/08/2025;GYES_Y+1;PVB;ES;01/01/2026;31/12/2026;32.06;
12/08/2025;GDAES_D+1;PVB;ES;13/08/2025;13/08/2025;32.2;
12/08/2025;GMAES;PVB;ES;01/09/2025;30/09/2025;31.98;
12/08/2025;GQES_Q+1;PVB;ES;01/10/2025;31/12/2025;32.68;
12/08/2025;GYES_Y+1;PVB;ES;01/01/2026;31/12/2026;31.73;
11/08/2025;GDAES_D+1;PVB;ES;12/08/2025;12/08/2025;32.86;
11/08/2025;GMAES;PVB;ES;01/09/2025;30/09/2025;32.55;
11/08/2025;GQES_Q+1;PVB;ES;01/10/2025;31/12/2025;33.13;
11/08/2025;GYES_Y+1;PVB;ES;01/01/2026;31/12/2026;32.05;
10/08/2025;GDAES_D+1;PVB;ES;11/08/2025;11/08/2025;32.55;
09/08/2025;GDAES_D+1;PVB;ES;10/08/2025;10/08/2025;32.48;
08/08/2025;GDAES_D+1;PVB;ES;09/08/2025;09/08/2025;32.27;
08/08/2025;GMAES;PVB;ES;01/09/2025;30/09/2025;32.22;
08/08/2025;GQES_Q+1;PVB;ES;01/10/2025;31/12/2025;33.18;
08/08/2025;GYES_Y+1;PVB;ES;01/01/2026;31/12/2026;32.15;
07/08/2025;GDAES_D+1;PVB;ES;08/08/2025;08/08/2025;32.98;
07/08/2025;GMAES;PVB;ES;01/09/2025;30/09/2025;32.98;
07/08/2025;GQES_Q+1;PVB;ES;01/10/2025;31/12/2025;33.53;
07/08/2025;GYES_Y+1;PVB;ES;01/01/2026;31/12/2026;32.33;
06/08/2025;GDAES_D+1;PVB;ES;07/08/2025;07/08/2025;33.18;
06/08/2025;GMAES;PVB;ES;01/09/2025;30/09/2025;33.03;
06/08/2025;GQES_Q+1;PVB;ES;01/10/2025;31/12/2025;33.65;
06/08/2025;GYES_Y+1;PVB;ES;01/01/2026;31/12/2026;32.43;
05/08/2025;GDAES_D+1;PVB;ES;06/08/2025;06/08/2025;34.33;
05/08/2025;GMAES;PVB;ES;01/09/2025;30/09/2025;34.05;
05/08/2025;GQES_Q+1;PVB;ES;01/10/2025;31/12/2025;34.78;
05/08/2025;GYES_Y+1;PVB;ES;01/01/2026;31/12/2026;33.23;
04/08/2025;GDAES_D+1;PVB;ES;05/08/2025;05/08/2025;34.22;
04/08/2025;GMAES;PVB;ES;01/09/2025;30/09/2025;33.93;
04/08/2025;GQES_Q+1;PVB;ES;01/10/2025;31/12/2025;34.61;
04/08/2025;GYES_Y+1;PVB;ES;01/01/2026;31/12/2026;33.33;
03/08/2025;GDAES_D+1;PVB;ES;04/08/2025;04/08/2025;33.89;
02/08/2025;GDAES_D+1;PVB;ES;03/08/2025;03/08/2025;33.77;
01/08/2025;GDAES_D+1;PVB;ES;02/08/2025;02/08/2025;34.04;
01/08/2025;GMAES;PVB;ES;01/09/2025;30/09/2025;33.63;
01/08/2025;GQES_Q+1;PVB;ES;01/10/2025;31/12/2025;34.35;
01/08/2025;GYES_Y+1;PVB;ES;01/01/2026;31/12/2026;32.98;
31/07/2025;GDAES_D+1;PVB;ES;01/08/2025;01/08/2025;35.06;
31/07/2025;GMAES;PVB;ES;01/08/2025;31/08/2025;35.14;
31/07/2025;GQES_Q+1;PVB;ES;01/10/2025;31/12/2025;36.0;
31/07/2025;GYES_Y+1;PVB;ES;01/01/2026;31/12/2026;34.4;
30/07/2025;GDAES_D+1;PVB;ES;31/07/2025;31/07/2025;34.85;
30/07/2025;GMAES;PVB;ES;01/08/2025;31/08/2025;34.2;
30/07/2025;GQES_Q+1;PVB;ES;01/10/2025;31/12/2025;35.28;
30/07/2025;GYES_Y+1;PVB;ES;01/01/2026;31/12/2026;33.88;
29/07/2025;GDAES_D+1;PVB;ES;30/07/2025;30/07/2025;34.02;
29/07/2025;GMAES;PVB;ES;01/08/2025;31/08/2025;33.75;
29/07/2025;GQES_Q+1;PVB;ES;01/10/2025;31/12/2025;34.98;
29/07/2025;GYES_Y+1;PVB;ES;01/01/2026;31/12/2026;33.73;
28/07/2025;GDAES_D+1;PVB;ES;29/07/2025;29/07/2025;32.99;
28/07/2025;GMAES;PVB;ES;01/08/2025;31/08/2025;32.68;
28/07/2025;GQES_Q+1;PVB;ES;01/10/2025;31/12/2025;34.1;
28/07/2025;GYES_Y+1;PVB;ES;01/01/2026;31/12/2026;32.98;
27/07/2025;GDAES_D+1;PVB;ES;28/07/2025;28/07/2025;32.8;
26/07/2025;GDAES_D+1;PVB;ES;27/07/2025;27/07/2025;32.92;
25/07/2025;GDAES_D+1;PVB;ES;26/07/2025;26/07/2025;32.39;
25/07/2025;GMAES;PVB;ES;01/08/2025;31/08/2025;32.25;
25/07/2025;GQES_Q+1;PVB;ES;01/10/2025;31/12/2025;33.5;
25/07/2025;GYES_Y+1;PVB;ES;01/01/2026;31/12/2026;32.34;
24/07/2025;GDAES_D+1;PVB;ES;25/07/2025;25/07/2025;32.39;
24/07/2025;GMAES;PVB;ES;01/08/2025;31/08/2025;31.95;
24/07/2025;GQES_Q+1;PVB;ES;01/10/2025;31/12/2025;33.35;
24/07/2025;GYES_Y+1;PVB;ES;01/01/2026;31/12/2026;32.33;
23/07/2025;GDAES_D+1;PVB;ES;24/07/2025;24/07/2025;32.59;
23/07/2025;GMAES;PVB;ES;01/08/2025;31/08/2025;32.48;
23/07/2025;GQES_Q+1;PVB;ES;01/10/2025;31/12/2025;33.63;
23/07/2025;GYES_Y+1;PVB;ES;01/01/2026;31/12/2026;32.43;
22/07/2025;GDAES_D+1;PVB;ES;23/07/2025;23/07/2025;33.03;
22/07/2025;GMAES;PVB;ES;01/08/2025;31/08/2025;33.05;
22/07/2025;GQES_Q+1;PVB;ES;01/10/2025;31/12/2025;33.99;
22/07/2025;GYES_Y+1;PVB;ES;01/01/2026;31/12/2026;32.58;
21/07/2025;GDAES_D+1;PVB;ES;22/07/2025;22/07/2025;33.09;
21/07/2025;GMAES;PVB;ES;01/08/2025;31/08/2025;33.03;
21/07/2025;GQES_Q+1;PVB;ES;01/10/2025;31/12/2025;33.9;
21/07/2025;GYES_Y+1;PVB;ES;01/01/2026;31/12/2026;32.45;
20/07/2025;GDAES_D+1;PVB;ES;21/07/2025;21/07/2025;34.2;
19/07/2025;GDAES_D+1;PVB;ES;20/07/2025;20/07/2025;34.0;
18/07/2025;GDAES_D+1;PVB;ES;19/07/2025;19/07/2025;33.82;
18/07/2025;GMAES;PVB;ES;01/08/2025;31/08/2025;33.23;
18/07/2025;GQES_Q+1;PVB;ES;01/10/2025;31/12/2025;34.2;
18/07/2025;GYES_Y+1;PVB;ES;01/01/2026;31/12/2026;32.83;
17/07/2025;GDAES_D+1;PVB;ES;18/07/2025;18/07/2025;34.43;
17/07/2025;GMAES;PVB;ES;01/08/2025;31/08/2025;34.23;
17/07/2025;GQES_Q+1;PVB;ES;01/10/2025;31/12/2025;35.1;
17/07/2025;GYES_Y+1;PVB;ES;01/01/2026;31/12/2026;33.58;
16/07/2025;GDAES_D+1;PVB;ES;17/07/2025;17/07/2025;34.8;
16/07/2025;GMAES;PVB;ES;01/08/2025;31/08/2025;34.43;
16/07/2025;GQES_Q+1;PVB;ES;01/10/2025;31/12/2025;35.3;
16/07/2025;GYES_Y+1;PVB;ES;01/01/2026;31/12/2026;33.58;
15/07/2025;GDAES_D+1;PVB;ES;16/07/2025;16/07/2025;34.42;
15/07/2025;GMAES;PVB;ES;01/08/2025;31/08/2025;34.13;
15/07/2025;GQES_Q+1;PVB;ES;01/10/2025;31/12/2025;35.54;
15/07/2025;GYES_Y+1;PVB;ES;01/01/2026;31/12/2026;33.94;
14/07/2025;GDAES_D+1;PVB;ES;15/07/2025;15/07/2025;35.17;
14/07/2025;GMAES;PVB;ES;01/08/2025;31/08/2025;34.88;
14/07/2025;GQES_Q+1;PVB;ES;01/10/2025;31/12/2025;35.9;
14/07/2025;GYES_Y+1;PVB;ES;01/01/2026;31/12/2026;33.98;
13/07/2025;GDAES_D+1;PVB;ES;14/07/2025;14/07/2025;36.25;
12/07/2025;GDAES_D+1;PVB;ES;13/07/2025;13/07/2025;37.02;
11/07/2025;GDAES_D+1;PVB;ES;12/07/2025;12/07/2025;35.53;
11/07/2025;GMAES;PVB;ES;01/08/2025;31/08/2025;35.38;
11/07/2025;GQES_Q+1;PVB;ES;01/10/2025;31/12/2025;36.3;
11/07/2025;GYES_Y+1;PVB;ES;01/01/2026;31/12/2026;34.23;
10/07/2025;GDAES_D+1;PVB;ES;11/07/2025;11/07/2025;35.16;
10/07/2025;GMAES;PVB;ES;01/08/2025;31/08/2025;34.83;
10/07/2025;GQES_Q+1;PVB;ES;01/10/2025;31/12/2025;35.9;
10/07/2025;GYES_Y+1;PVB;ES;01/01/2026;31/12/2026;34.03;
09/07/2025;GDAES_D+1;PVB;ES;10/07/2025;10/07/2025;34.58;
09/07/2025;GMAES;PVB;ES;01/08/2025;31/08/2025;34.35;
09/07/2025;GQES_Q+1;PVB;ES;01/10/2025;31/12/2025;35.4;
09/07/2025;GYES_Y+1;PVB;ES;01/01/2026;31/12/2026;33.78;
08/07/2025;GDAES_D+1;PVB;ES;09/07/2025;09/07/2025;34.31;
08/07/2025;GMAES;PVB;ES;01/08/2025;31/08/2025;34.08;
08/07/2025;GQES_Q+1;PVB;ES;01/10/2025;31/12/2025;35.21;
08/07/2025;GYES_Y+1;PVB;ES;01/01/2026;31/12/2026;33.53;
07/07/2025;GDAES_D+1;PVB;ES;08/07/2025;08/07/2025;33.58;
07/07/2025;GMAES;PVB;ES;01/08/2025;31/08/2025;33.38;
07/07/2025;GQES_Q+1;PVB;ES;01/10/2025;31/12/2025;34.75;
07/07/2025;GYES_Y+1;PVB;ES;01/01/2026;31/12/2026;33.23;
06/07/2025;GDAES_D+1;PVB;ES;07/07/2025;07/07/2025;33.39;
05/07/2025;GDAES_D+1;PVB;ES;06/07/2025;06/07/2025;33.5;
04/07/2025;GDAES_D+1;PVB;ES;05/07/2025;05/07/2025;33.33;
04/07/2025;GMAES;PVB;ES;01/08/2025;31/08/2025;33.15;
04/07/2025;GQES_Q+1;PVB;ES;01/10/2025;31/12/2025;34.53;
04/07/2025;GYES_Y+1;PVB;ES;01/01/2026;31/12/2026;32.93;
03/07/2025;GDAES_D+1;PVB;ES;04/07/2025;04/07/2025;33.43;
03/07/2025;GMAES;PVB;ES;01/08/2025;31/08/2025;33.28;
03/07/2025;GQES_Q+1;PVB;ES;01/10/2025;31/12/2025;34.73;
03/07/2025;GYES_Y+1;PVB;ES;01/01/2026;31/12/2026;33.13;
